2026-02-10 22:14:25,167 [INFO] Activator:176 - 


2026-02-10 22:14:25,177 [INFO] Activator:177 - !SESSION log4j initialized
2026-02-10 22:14:35,077 [INFO] LogOutputStream:77 - [STDOUT_REDIRECT] 
2026-02-10 22:14:37,197 [ERROR] LogOutputStream:75 - [STDERR_REDIRECT] 
2026-02-10 22:14:45,810 [INFO] LogOutputStream:77 - [STDOUT_REDIRECT] 
2026-02-10 22:14:49,799 [INFO] ApplicationProperties:184 - Using Application install path: /Applications/STM32CubeIDE.app/Contents/Eclipse/plugins/com.st.stm32cube.common.mx_6.15.0.202507011659
2026-02-10 22:14:49,845 [INFO] DbMcusXml:78 - Set database path to: /Applications/STM32CubeIDE.app/Contents/Eclipse/plugins/com.st.stm32cube.common.mx_6.15.0.202507011659//db//mcu/
2026-02-10 22:14:49,845 [INFO] ApiDb:274 - Set plugin database path to: /Applications/STM32CubeIDE.app/Contents/Eclipse/plugins/com.st.stm32cube.common.mx_6.15.0.202507011659//db//plugins/boardmanager/
2026-02-10 22:14:49,848 [WARN] ApiDb:259 - Overriding images path with different value:  => /Applications/STM32CubeIDE.app/Contents/Eclipse/plugins/com.st.stm32cube.common.mx_6.15.0.202507011659//db//plugins/mcufinder/images/
2026-02-10 22:14:49,869 [INFO] ApiDb:250 - Set database path to: /Users/karthikkurapati/.stmcufinder/plugins/mcufinder//mcu/
2026-02-10 22:14:49,872 [INFO] DbMcusAds:125 - Set database path to: /Users/karthikkurapati/.stmcufinder/plugins/mcufinder//mcu/
2026-02-10 22:14:49,877 [INFO] CrossReferenceDbSqlite:203 - Set database path to: /Users/karthikkurapati/.stmcufinder/plugins/mcufinder//mcu/cs/
2026-02-10 22:14:50,306 [INFO] RulesReader:64 - Compatibility file has been processed (317 Rules)
2026-02-10 22:14:50,571 [INFO] DbMcusXml:78 - Set database path to: /Applications/STM32CubeIDE.app/Contents/Eclipse/plugins/com.st.stm32cube.common.mx_6.15.0.202507011659//db//mcu/
2026-02-10 22:14:50,572 [INFO] ApiDb:274 - Set plugin database path to: /Applications/STM32CubeIDE.app/Contents/Eclipse/plugins/com.st.stm32cube.common.mx_6.15.0.202507011659//db//plugins/boardmanager/
2026-02-10 22:14:50,572 [INFO] ApiDb:261 - Set plugin images path to: /Applications/STM32CubeIDE.app/Contents/Eclipse/plugins/com.st.stm32cube.common.mx_6.15.0.202507011659//db//plugins/mcufinder/images/
2026-02-10 22:14:50,573 [WARN] DbFile:41 - Overriding database path with different value: /Users/karthikkurapati/.stmcufinder/plugins/mcufinder/ => /Users/karthikkurapati/.stmcufinder/plugins/mcufinder
2026-02-10 22:14:50,574 [INFO] ApiDb:250 - Set database path to: /Users/karthikkurapati/.stmcufinder/plugins/mcufinder//mcu/
2026-02-10 22:14:50,574 [WARN] DbFile:41 - Overriding database path with different value: /Users/karthikkurapati/.stmcufinder/plugins/mcufinder/ => /Users/karthikkurapati/.stmcufinder/plugins/mcufinder
2026-02-10 22:14:50,574 [INFO] DbMcusAds:125 - Set database path to: /Users/karthikkurapati/.stmcufinder/plugins/mcufinder//mcu/
2026-02-10 22:14:50,574 [WARN] DbFile:41 - Overriding database path with different value: /Users/karthikkurapati/.stmcufinder/plugins/mcufinder/ => /Users/karthikkurapati/.stmcufinder/plugins/mcufinder
2026-02-10 22:14:50,575 [WARN] DbFile:41 - Overriding database path with different value: /Users/karthikkurapati/.stmcufinder/plugins/mcufinder/ => /Users/karthikkurapati/.stmcufinder/plugins/mcufinder
2026-02-10 22:14:50,576 [INFO] CrossReferenceDbSqlite:203 - Set database path to: /Users/karthikkurapati/.stmcufinder/plugins/mcufinder//mcu/cs/
2026-02-10 22:14:50,872 [INFO] MainPanel:274 - HeapMemory: 282066944
2026-02-10 22:14:52,264 [INFO] DbMcusXml:78 - Set database path to: /Applications/STM32CubeIDE.app/Contents/Eclipse/plugins/com.st.stm32cube.common.mx_6.15.0.202507011659//db//mcu/
2026-02-10 22:14:52,265 [INFO] ApiDb:274 - Set plugin database path to: /Applications/STM32CubeIDE.app/Contents/Eclipse/plugins/com.st.stm32cube.common.mx_6.15.0.202507011659//db//plugins/boardmanager/
2026-02-10 22:14:52,265 [INFO] ApiDb:261 - Set plugin images path to: /Applications/STM32CubeIDE.app/Contents/Eclipse/plugins/com.st.stm32cube.common.mx_6.15.0.202507011659//db//plugins/mcufinder/images/
2026-02-10 22:14:52,266 [WARN] DbFile:41 - Overriding database path with different value: /Users/karthikkurapati/.stmcufinder/plugins/mcufinder/ => /Users/karthikkurapati/.stmcufinder/plugins/mcufinder
2026-02-10 22:14:52,266 [INFO] ApiDb:250 - Set database path to: /Users/karthikkurapati/.stmcufinder/plugins/mcufinder//mcu/
2026-02-10 22:14:52,266 [WARN] DbFile:41 - Overriding database path with different value: /Users/karthikkurapati/.stmcufinder/plugins/mcufinder/ => /Users/karthikkurapati/.stmcufinder/plugins/mcufinder
2026-02-10 22:14:52,266 [INFO] DbMcusAds:125 - Set database path to: /Users/karthikkurapati/.stmcufinder/plugins/mcufinder//mcu/
2026-02-10 22:14:52,266 [WARN] DbFile:41 - Overriding database path with different value: /Users/karthikkurapati/.stmcufinder/plugins/mcufinder/ => /Users/karthikkurapati/.stmcufinder/plugins/mcufinder
2026-02-10 22:14:52,266 [WARN] DbFile:41 - Overriding database path with different value: /Users/karthikkurapati/.stmcufinder/plugins/mcufinder/ => /Users/karthikkurapati/.stmcufinder/plugins/mcufinder
2026-02-10 22:14:52,266 [INFO] CrossReferenceDbSqlite:203 - Set database path to: /Users/karthikkurapati/.stmcufinder/plugins/mcufinder//mcu/cs/
2026-02-10 22:14:52,296 [INFO] ApplicationProperties:184 - Using Application install path: /Applications/STM32CubeIDE.app/Contents/Eclipse/plugins/com.st.stm32cube.common.mx_6.15.0.202507011659
2026-02-10 22:14:52,298 [INFO] PluginManage:196 - Search for loadable plugins [exclusion list=, ]
2026-02-10 22:14:52,300 [INFO] PluginManage:310 - Check plugin analytics
2026-02-10 22:14:52,632 [INFO] AnalyticsPlugin:253 - Accepted Software Licenses: 
2026-02-10 22:14:52,632 [INFO] AnalyticsPlugin:255 - Accepted CMSIS Pack Licenses: 
2026-02-10 22:14:52,633 [INFO] AnalyticsPlugin:257 - Accepted Firmware Licenses: FW.L4.1.18.0
2026-02-10 22:14:52,650 [INFO] PluginManage:359 - Loaded plugin analytics (category:tool,tabindex:-1)
2026-02-10 22:14:52,654 [INFO] PluginManage:310 - Check plugin cadmodel
2026-02-10 22:14:52,696 [INFO] CADModel:105 - Init CAD model plugin
2026-02-10 22:14:52,696 [INFO] PluginManage:359 - Loaded plugin cadmodel (category:power,tabindex:5)
2026-02-10 22:14:52,697 [INFO] PluginManage:310 - Check plugin clock
2026-02-10 22:14:52,725 [INFO] PluginManage:359 - Loaded plugin clock (category:base,tabindex:2)
2026-02-10 22:14:52,725 [INFO] PluginManage:310 - Check plugin ddr
2026-02-10 22:14:52,732 [INFO] PluginManage:359 - Loaded plugin ddr (category:tool,tabindex:6)
2026-02-10 22:14:52,733 [INFO] PluginManage:310 - Check plugin filemanager
2026-02-10 22:14:54,048 [INFO] PluginManage:359 - Loaded plugin filemanager (category:base,tabindex:10)
2026-02-10 22:14:54,050 [INFO] PluginManage:310 - Check plugin ipmanager
2026-02-10 22:14:54,076 [INFO] PluginManage:359 - Loaded plugin ipmanager (category:base,tabindex:5)
2026-02-10 22:14:54,076 [INFO] PluginManage:310 - Check plugin lpbam
2026-02-10 22:14:54,124 [INFO] PluginManage:359 - Loaded plugin lpbam (category:base,tabindex:0)
2026-02-10 22:14:54,125 [INFO] PluginManage:310 - Check plugin memorymap
2026-02-10 22:14:54,163 [INFO] PluginManage:359 - Loaded plugin memorymap (category:base,tabindex:4)
2026-02-10 22:14:54,163 [INFO] PluginManage:310 - Check plugin pinoutandconfiguration
2026-02-10 22:14:54,191 [INFO] PluginManage:359 - Loaded plugin pinoutandconfiguration (category:base,tabindex:1)
2026-02-10 22:14:54,192 [INFO] PluginManage:310 - Check plugin pinoutconfig
2026-02-10 22:14:54,827 [WARN] SupportedApi:132 - Cannot load RTOS API schema: s4s-elt-must-match.1: The content of 'definitions' must match (annotation?, (simpleType | complexType)?, (unique | key | keyref)*)). A problem was found starting at: attribute.
2026-02-10 22:14:56,013 [INFO] PluginManage:359 - Loaded plugin pinoutconfig (category:base,tabindex:0)
2026-02-10 22:14:56,016 [INFO] PluginManage:310 - Check plugin power
2026-02-10 22:14:56,079 [INFO] PluginManage:359 - Loaded plugin power (category:power,tabindex:4)
2026-02-10 22:14:56,081 [INFO] PluginManage:310 - Check plugin projectmanager
2026-02-10 22:14:56,299 [INFO] PluginManage:359 - Loaded plugin projectmanager (category:projectmanager,tabindex:4)
2026-02-10 22:14:56,300 [INFO] PluginManage:310 - Check plugin rif
2026-02-10 22:14:56,338 [INFO] PluginManage:359 - Loaded plugin rif (category:base,tabindex:3)
2026-02-10 22:14:56,341 [INFO] PluginManage:310 - Check plugin thirdparty
2026-02-10 22:14:57,173 [WARN] IntegrityCheckThread:84 - waiting for thirdparty lock release [integrity check]
2026-02-10 22:14:57,175 [INFO] PluginManage:359 - Loaded plugin thirdparty (category:base,tabindex:-1)
2026-02-10 22:14:57,177 [INFO] IntegrityCheckThread:86 - entering critical section [integrity check]
2026-02-10 22:14:57,179 [INFO] PluginManage:310 - Check plugin tools
2026-02-10 22:14:57,179 [INFO] ThirdPartyUpdaterWithRetryManager:70 - Updater plugin not ready yet. [1/15]
2026-02-10 22:14:57,186 [INFO] PluginManage:359 - Loaded plugin tools (category:base,tabindex:7)
2026-02-10 22:14:57,187 [INFO] PluginManage:310 - Check plugin tutovideos
2026-02-10 22:14:58,674 [INFO] PluginManage:359 - Loaded plugin tutovideos (category:base,tabindex:-1)
2026-02-10 22:14:58,675 [INFO] PluginManage:310 - Check plugin updater
2026-02-10 22:14:58,772 [INFO] PluginManage:359 - Loaded plugin updater (category:base,tabindex:12)
2026-02-10 22:14:58,773 [INFO] PluginManage:310 - Check plugin userauth
2026-02-10 22:14:58,780 [INFO] UserAuth:118 - Init User Auth plugin
2026-02-10 22:14:58,786 [INFO] PluginManage:359 - Loaded plugin userauth (category:base,tabindex:14)
2026-02-10 22:14:58,787 [INFO] PluginManage:283 - PluginManage : Loaded plugins [18]
2026-02-10 22:14:59,182 [INFO] PinOutPanel:1589 - setPackage(No Configuration,No Configuration)
2026-02-10 22:14:59,304 [INFO] CADModel:165 - CPN selected for project level
2026-02-10 22:14:59,304 [INFO] CADModel:114 - Register for checkConnection events
2026-02-10 22:14:59,323 [INFO] IPUIPlugin:80 - create IPUIPlugin
2026-02-10 22:14:59,324 [INFO] PluginManager:220 - loadIPPluginJar : add mdma
2026-02-10 22:14:59,334 [INFO] IPUIPlugin:80 - create IPUIPlugin
2026-02-10 22:14:59,334 [INFO] PluginManager:220 - loadIPPluginJar : add freertos
2026-02-10 22:14:59,341 [INFO] IPUIPlugin:80 - create IPUIPlugin
2026-02-10 22:14:59,341 [INFO] PluginManager:220 - loadIPPluginJar : add gic
2026-02-10 22:14:59,353 [INFO] IPUIPlugin:80 - create IPUIPlugin
2026-02-10 22:14:59,353 [INFO] PluginManager:220 - loadIPPluginJar : add adc
2026-02-10 22:14:59,355 [INFO] IPUIPlugin:80 - create IPUIPlugin
2026-02-10 22:14:59,355 [INFO] PluginManager:220 - loadIPPluginJar : add gtzc
2026-02-10 22:14:59,357 [INFO] IPUIPlugin:80 - create IPUIPlugin
2026-02-10 22:14:59,357 [INFO] PluginManager:220 - loadIPPluginJar : add quadspi
2026-02-10 22:14:59,359 [INFO] IPUIPlugin:80 - create IPUIPlugin
2026-02-10 22:14:59,360 [INFO] PluginManager:220 - loadIPPluginJar : add aes
2026-02-10 22:14:59,362 [INFO] IPUIPlugin:80 - create IPUIPlugin
2026-02-10 22:14:59,363 [INFO] PluginManager:220 - loadIPPluginJar : add pdm2pcm
2026-02-10 22:14:59,365 [INFO] IPUIPlugin:80 - create IPUIPlugin
2026-02-10 22:14:59,365 [INFO] PluginManager:220 - loadIPPluginJar : add hash
2026-02-10 22:14:59,367 [INFO] IPUIPlugin:80 - create IPUIPlugin
2026-02-10 22:14:59,367 [INFO] PluginManager:220 - loadIPPluginJar : add tim
2026-02-10 22:14:59,369 [INFO] IPUIPlugin:80 - create IPUIPlugin
2026-02-10 22:14:59,369 [INFO] PluginManager:220 - loadIPPluginJar : add tsc
2026-02-10 22:14:59,372 [INFO] IPUIPlugin:80 - create IPUIPlugin
2026-02-10 22:14:59,372 [INFO] PluginManager:220 - loadIPPluginJar : add extmemmanager
2026-02-10 22:14:59,374 [INFO] IPUIPlugin:80 - create IPUIPlugin
2026-02-10 22:14:59,375 [INFO] PluginManager:220 - loadIPPluginJar : add ts
2026-02-10 22:14:59,377 [INFO] IPUIPlugin:80 - create IPUIPlugin
2026-02-10 22:14:59,377 [INFO] PluginManager:220 - loadIPPluginJar : add radio
2026-02-10 22:14:59,380 [INFO] IPUIPlugin:80 - create IPUIPlugin
2026-02-10 22:14:59,380 [INFO] PluginManager:220 - loadIPPluginJar : add can
2026-02-10 22:14:59,382 [INFO] IPUIPlugin:80 - create IPUIPlugin
2026-02-10 22:14:59,382 [INFO] PluginManager:220 - loadIPPluginJar : add dma3
2026-02-10 22:14:59,384 [INFO] IPUIPlugin:80 - create IPUIPlugin
2026-02-10 22:14:59,384 [INFO] PluginManager:220 - loadIPPluginJar : add dfsdm
2026-02-10 22:14:59,389 [INFO] IPUIPlugin:80 - create IPUIPlugin
2026-02-10 22:14:59,389 [INFO] PluginManager:220 - loadIPPluginJar : add spi
2026-02-10 22:14:59,392 [INFO] IPUIPlugin:80 - create IPUIPlugin
2026-02-10 22:14:59,392 [INFO] PluginManager:220 - loadIPPluginJar : add gfxmmu
2026-02-10 22:14:59,394 [INFO] IPUIPlugin:80 - create IPUIPlugin
2026-02-10 22:14:59,394 [INFO] PluginManager:220 - loadIPPluginJar : add genericplugin
2026-02-10 22:14:59,397 [INFO] IPUIPlugin:80 - create IPUIPlugin
2026-02-10 22:14:59,397 [INFO] PluginManager:220 - loadIPPluginJar : add cryp
2026-02-10 22:14:59,401 [INFO] IPUIPlugin:80 - create IPUIPlugin
2026-02-10 22:14:59,402 [INFO] PluginManager:220 - loadIPPluginJar : add gpio
2026-02-10 22:14:59,406 [INFO] IPUIPlugin:80 - create IPUIPlugin
2026-02-10 22:14:59,406 [INFO] PluginManager:220 - loadIPPluginJar : add ddr_ctrl_phy
2026-02-10 22:14:59,409 [INFO] IPUIPlugin:80 - create IPUIPlugin
2026-02-10 22:14:59,410 [INFO] PluginManager:220 - loadIPPluginJar : add comp
2026-02-10 22:14:59,412 [INFO] IPUIPlugin:80 - create IPUIPlugin
2026-02-10 22:14:59,413 [INFO] PluginManager:220 - loadIPPluginJar : add tracer_emb
2026-02-10 22:14:59,416 [INFO] IPUIPlugin:80 - create IPUIPlugin
2026-02-10 22:14:59,416 [INFO] PluginManager:220 - loadIPPluginJar : add openamp
2026-02-10 22:14:59,422 [INFO] IPUIPlugin:80 - create IPUIPlugin
2026-02-10 22:14:59,422 [INFO] PluginManager:220 - loadIPPluginJar : add stm32_wpan
2026-02-10 22:14:59,428 [INFO] IPUIPlugin:80 - create IPUIPlugin
2026-02-10 22:14:59,431 [INFO] PluginManager:220 - loadIPPluginJar : add plateformsettings
2026-02-10 22:14:59,434 [INFO] IPUIPlugin:80 - create IPUIPlugin
2026-02-10 22:14:59,435 [INFO] PluginManager:220 - loadIPPluginJar : add ipddr
2026-02-10 22:14:59,437 [INFO] IPUIPlugin:80 - create IPUIPlugin
2026-02-10 22:14:59,437 [INFO] PluginManager:220 - loadIPPluginJar : add usart
2026-02-10 22:14:59,438 [INFO] IPUIPlugin:80 - create IPUIPlugin
2026-02-10 22:14:59,438 [INFO] PluginManager:220 - loadIPPluginJar : add ltdc
2026-02-10 22:14:59,442 [INFO] IPUIPlugin:80 - create IPUIPlugin
2026-02-10 22:14:59,442 [INFO] PluginManager:220 - loadIPPluginJar : add nvic
2026-02-10 22:14:59,446 [INFO] IPUIPlugin:80 - create IPUIPlugin
2026-02-10 22:14:59,446 [INFO] PluginManager:220 - loadIPPluginJar : add fatfs
2026-02-10 22:14:59,455 [INFO] IPUIPlugin:80 - create IPUIPlugin
2026-02-10 22:14:59,455 [INFO] PluginManager:220 - loadIPPluginJar : add linkedlist
2026-02-10 22:14:59,461 [INFO] IPUIPlugin:80 - create IPUIPlugin
2026-02-10 22:14:59,461 [INFO] PluginManager:220 - loadIPPluginJar : add dma
2026-02-10 22:14:59,466 [INFO] IPUIPlugin:80 - create IPUIPlugin
2026-02-10 22:14:59,466 [INFO] PluginManager:220 - loadIPPluginJar : add fmc
2026-02-10 22:14:59,468 [INFO] IPUIPlugin:80 - create IPUIPlugin
2026-02-10 22:14:59,468 [INFO] PluginManager:220 - loadIPPluginJar : add i2s
2026-02-10 22:14:59,470 [INFO] IPUIPlugin:80 - create IPUIPlugin
2026-02-10 22:14:59,470 [INFO] PluginManager:220 - loadIPPluginJar : add ucpd
2026-02-10 22:14:59,473 [INFO] IPUIPlugin:80 - create IPUIPlugin
2026-02-10 22:14:59,473 [INFO] PluginManager:220 - loadIPPluginJar : add lorawan
2026-02-10 22:14:59,476 [INFO] IPUIPlugin:80 - create IPUIPlugin
2026-02-10 22:14:59,476 [INFO] PluginManager:220 - loadIPPluginJar : add opamp
2026-02-10 22:14:59,479 [INFO] IPUIPlugin:80 - create IPUIPlugin
2026-02-10 22:14:59,480 [INFO] PluginManager:220 - loadIPPluginJar : add i3c
2026-02-10 22:14:59,483 [INFO] IPUIPlugin:80 - create IPUIPlugin
2026-02-10 22:14:59,483 [INFO] PluginManager:220 - loadIPPluginJar : add touchsensing
2026-02-10 22:14:59,486 [INFO] IPUIPlugin:80 - create IPUIPlugin
2026-02-10 22:14:59,486 [INFO] PluginManager:220 - loadIPPluginJar : add i2c
2026-02-10 22:14:59,491 [INFO] IPUIPlugin:80 - create IPUIPlugin
2026-02-10 22:14:59,491 [INFO] PluginManager:220 - loadIPPluginJar : add resmgrutility
2026-02-10 22:14:59,494 [INFO] IPUIPlugin:80 - create IPUIPlugin
2026-02-10 22:14:59,494 [INFO] PluginManager:220 - loadIPPluginJar : add sai
2026-02-10 22:14:59,497 [INFO] IPUIPlugin:80 - create IPUIPlugin
2026-02-10 22:14:59,497 [INFO] PluginManager:220 - loadIPPluginJar : add usbx
2026-02-10 22:14:59,639 [FATAL] Updater:351 - Updater called before beeing initialized
2026-02-10 22:14:59,710 [INFO] RulesReader:64 - Compatibility file has been processed (317 Rules)
2026-02-10 22:14:59,730 [INFO] RulesReader:64 - Compatibility file has been processed (317 Rules)
2026-02-10 22:14:59,742 [INFO] CADModel:165 - CPN selected for project level
2026-02-10 22:14:59,742 [INFO] CADModel:114 - Register for checkConnection events
2026-02-10 22:14:59,742 [FATAL] Updater:351 - Updater called before beeing initialized
2026-02-10 22:14:59,743 [ERROR] CADModel:125 - Updater not yet initialized, retry later 
2026-02-10 22:15:00,057 [FATAL] Updater:351 - Updater called before beeing initialized
2026-02-10 22:15:00,062 [INFO] CADModel:165 - CPN selected for project level
2026-02-10 22:15:00,062 [INFO] CADModel:114 - Register for checkConnection events
2026-02-10 22:15:00,063 [FATAL] Updater:351 - Updater called before beeing initialized
2026-02-10 22:15:00,063 [ERROR] CADModel:125 - Updater not yet initialized, retry later 
2026-02-10 22:15:00,068 [FATAL] Updater:351 - Updater called before beeing initialized
2026-02-10 22:15:00,185 [INFO] ThirdPartyUpdaterWithRetryManager:70 - Updater plugin not ready yet. [2/15]
2026-02-10 22:15:00,373 [FATAL] Updater:351 - Updater called before beeing initialized
2026-02-10 22:15:00,383 [INFO] DbMcusAds:53 - JSON generation date=Thu Jan 08 09:57:51 CST 2026 (1767887871456)
2026-02-10 22:15:00,384 [FATAL] Updater:351 - Updater called before beeing initialized
2026-02-10 22:15:01,119 [WARN] DetailPanel:346 - Failed to get advertising image, set to default
2026-02-10 22:15:02,478 [FATAL] Updater:351 - Updater called before beeing initialized
2026-02-10 22:15:02,522 [FATAL] Updater:351 - Updater called before beeing initialized
2026-02-10 22:15:02,523 [FATAL] Updater:351 - Updater called before beeing initialized
2026-02-10 22:15:02,524 [WARN] DetailPanel:346 - Failed to get advertising image, set to default
2026-02-10 22:15:02,541 [FATAL] Updater:351 - Updater called before beeing initialized
2026-02-10 22:15:03,189 [FATAL] Updater:351 - Updater called before beeing initialized
2026-02-10 22:15:03,212 [ERROR] IntegrityCheckThread:130 - Cannot retrieve database content from updater: error 21
2026-02-10 22:15:03,215 [INFO] ThirdParty:978 - Integrity check success = false
2026-02-10 22:15:03,216 [INFO] IntegrityCheckThread:100 - exiting critical section [integrity check]
2026-02-10 22:15:03,216 [INFO] IntegrityCheckThread:103 - End integrity checks thread
2026-02-10 22:15:03,414 [ERROR] Updater:1198 - MainUpdater not yet initialized. External WinMGr cannot be set.
2026-02-10 22:15:03,440 [INFO] Updater:1134 - Updater Version found : 6.15.0
2026-02-10 22:15:03,475 [INFO] ApplicationProperties:184 - Using Application install path: /Applications/STM32CubeIDE.app/Contents/Eclipse/plugins/com.st.stm32cube.common.mx_6.15.0.202507011659
2026-02-10 22:15:04,711 [INFO] MainUpdater:2872 - connection check result : 10
2026-02-10 22:15:04,711 [INFO] MainUpdater:3604 - Updater definition file requires update
2026-02-10 22:15:04,713 [INFO] MainUpdater:289 - Updater Check For Update Now.
2026-02-10 22:15:04,714 [INFO] MicroXplorer:498 - Change Database Version : DB.6.0.150
2026-02-10 22:15:04,727 [INFO] McuFinderGlobals:63 - Set McuFinder mode to 2 (CubeIDE integrated)
2026-02-10 22:15:04,731 [INFO] UserAuth:487 - Internet connection configuration mode: 1
2026-02-10 22:15:04,756 [INFO] JxBrowserEngine:152 - Initiate JxBrowser Engine with user profile folder
2026-02-10 22:15:04,841 [INFO] ServerAccessManage:452 - Complete download http(s) 200
2026-02-10 22:15:04,845 [INFO] ServerAccessManage:509 - Download File updaters.zip
2026-02-10 22:15:05,041 [INFO] FileExtend:248 - Unzip File : updaters.zip
2026-02-10 22:15:05,042 [INFO] FileExtend:263 - Standard Zip Deflate
2026-02-10 22:15:05,953 [INFO] ServerAccessManage:452 - Complete download http(s) 200
2026-02-10 22:15:05,963 [INFO] ServerAccessManage:509 - Download File PacksControlFlags.xml
2026-02-10 22:15:06,157 [INFO] ServerAccessManage:452 - Complete download http(s) 200
2026-02-10 22:15:06,157 [INFO] ServerAccessManage:509 - Download File cubemx.pidx
2026-02-10 22:15:06,450 [INFO] LoadServerUpdatesThread:375 - End of LoadServerUpdate Thread
2026-02-10 22:15:06,700 [INFO] CheckServerUpdateThread:120 - End of CheckServer Thread
2026-02-10 22:15:12,443 [INFO] WebApp:169 - Instantiating new browser for Auth
2026-02-10 22:15:14,737 [INFO] WebApp:463 - Apply proxy settings
2026-02-10 22:15:14,765 [INFO] WebApp:508 - Chromium authenticates against Manually configured proxy
2026-02-10 22:15:14,782 [INFO] WebApp:516 - Username used for proxy authentication: 
2026-02-10 22:15:14,847 [INFO] WebApp:900 - Register for checkConnection events
2026-02-10 22:15:14,847 [INFO] WebApp:463 - Apply proxy settings
2026-02-10 22:15:14,856 [INFO] WebApp:508 - Chromium authenticates against Manually configured proxy
2026-02-10 22:15:14,857 [INFO] WebApp:516 - Username used for proxy authentication: 
2026-02-10 22:15:15,121 [INFO] WebApp:225 - Starting web application
2026-02-10 22:15:15,122 [INFO] WebApp:593 - Web application path used /Applications/STM32CubeIDE.app/Contents/Eclipse/plugins/com.st.stm32cube.common.mx_6.15.0.202507011659/db/plugins/mcufinder/reactClient1/index.html
2026-02-10 22:15:15,736 [INFO] WebApp:191 - Connection restablished
2026-02-10 22:15:16,374 [INFO] UserAuth:487 - Internet connection configuration mode: 1
2026-02-10 22:15:33,558 [INFO] McuFinderGlobals:63 - Set McuFinder mode to 2 (CubeIDE integrated)
2026-02-10 22:15:33,571 [INFO] MainUpdater:2872 - connection check result : 10
2026-02-10 22:15:33,573 [INFO] MainUpdater:2872 - connection check result : 10
2026-02-10 22:15:34,774 [INFO] MicroXplorer:468 - Change Database Path : 
2026-02-10 22:15:34,774 [INFO] MicroXplorer:498 - Change Database Version : DB.6.0.150
2026-02-10 22:15:34,786 [WARN] ThirdParty:871 - waiting for thirdparty lock release [close project]
2026-02-10 22:15:34,787 [INFO] ThirdParty:873 - entering critical section [close project]
2026-02-10 22:15:34,799 [INFO] ThirdParty:883 - exiting critical section [close project]
2026-02-10 22:15:34,809 [INFO] PinOutPanel:1589 - setPackage(No Configuration,No Configuration)
2026-02-10 22:15:34,824 [INFO] UtilMem:75 - Begin LoadConfig() Used Memory: 286350680 Bytes (535822336)
2026-02-10 22:15:34,827 [INFO] MicroXplorer:468 - Change Database Path : 
2026-02-10 22:15:34,829 [INFO] MicroXplorer:498 - Change Database Version : DB.6.0.150
2026-02-10 22:15:34,830 [INFO] OpenFileManager:355 - Change cursor
2026-02-10 22:15:34,896 [WARN] IntegrityCheckThread:84 - waiting for thirdparty lock release [integrity check]
2026-02-10 22:15:34,896 [INFO] IntegrityCheckThread:86 - entering critical section [integrity check]
2026-02-10 22:15:35,275 [WARN] PackLoader:240 - Cannot read IP mode file for STMicroelectronics.FP-SNS-MOTENVWB1.1.4.0
2026-02-10 22:15:35,317 [WARN] PackLoader:240 - Cannot read IP mode file for STMicroelectronics.FP-ATR-ASTRA1.2.0.2
2026-02-10 22:15:35,347 [WARN] PackLoader:240 - Cannot read IP mode file for STMicroelectronics.X-CUBE-SMBUS.2.1.0
2026-02-10 22:15:35,362 [WARN] PackLoader:240 - Cannot read IP mode file for STMicroelectronics.X-CUBE-ST60.1.0.0
2026-02-10 22:15:35,461 [WARN] PackLoader:240 - Cannot read IP mode file for STMicroelectronics.X-CUBE-AZRTOS-F7.1.1.0
2026-02-10 22:15:35,519 [WARN] PackLoader:240 - Cannot read IP mode file for STMicroelectronics.FP-SNS-MOTENV1.5.1.0
2026-02-10 22:15:35,577 [WARN] PackLoader:240 - Cannot read IP mode file for WES.I-CUBE-Cesium.1.4.0
2026-02-10 22:15:35,698 [WARN] PackLoader:240 - Cannot read IP mode file for Infineon.AIROC-Wi-Fi-Bluetooth-STM32.1.7.1
2026-02-10 22:15:35,835 [WARN] PackLoader:240 - Cannot read IP mode file for STMicroelectronics.X-CUBE-AZRTOS-H7.3.4.0
2026-02-10 22:15:35,917 [WARN] PackLoader:240 - Cannot read IP mode file for STMicroelectronics.X-CUBE-DISPLAY.3.0.0
2026-02-10 22:15:36,003 [WARN] PackLoader:240 - Cannot read IP mode file for STMicroelectronics.X-CUBE-NFC10.1.0.0
2026-02-10 22:15:36,035 [WARN] PackLoader:240 - Cannot read IP mode file for STMicroelectronics.X-CUBE-ST60.1.1.0
2026-02-10 22:15:36,053 [WARN] PackLoader:240 - Cannot read IP mode file for emotas.I-CUBE-CANOPEN.1.3.0
2026-02-10 22:15:36,078 [WARN] PackLoader:240 - Cannot read IP mode file for STMicroelectronics.X-CUBE-GNSS1.7.1.0
2026-02-10 22:15:36,107 [WARN] PackLoader:240 - Cannot read IP mode file for STMicroelectronics.FP-SNS-STBOX1.2.1.0
2026-02-10 22:15:36,130 [WARN] PackLoader:240 - Cannot read IP mode file for STMicroelectronics.FP-SNS-SMARTAG2.1.2.0
2026-02-10 22:15:36,140 [WARN] PackLoader:240 - Cannot read IP mode file for STMicroelectronics.FP-SNS-FLIGHT1.5.1.0
2026-02-10 22:15:36,160 [INFO] LogOutputStream:77 - [STDOUT_REDIRECT] 1 : Invalid condition id : UX_CORESTACK_Condition cause : null
2026-02-10 22:15:36,164 [INFO] LogOutputStream:77 - [STDOUT_REDIRECT] 1 : Invalid condition id : UX_CORESTACK_Condition cause : null
2026-02-10 22:15:36,164 [INFO] LogOutputStream:77 - [STDOUT_REDIRECT] 1 : Invalid condition id : UX_CORESTACK_Condition cause : null
2026-02-10 22:15:36,165 [INFO] LogOutputStream:77 - [STDOUT_REDIRECT] 1 : Invalid condition id : UX_CORESTACK_Condition cause : null
2026-02-10 22:15:36,165 [INFO] LogOutputStream:77 - [STDOUT_REDIRECT] 1 : Invalid condition id : UX_CORESTACK_Condition cause : null
2026-02-10 22:15:36,179 [WARN] PackLoader:240 - Cannot read IP mode file for STMicroelectronics.X-CUBE-AZRTOS-WL.2.0.0
2026-02-10 22:15:36,193 [WARN] PackLoader:240 - Cannot read IP mode file for STMicroelectronics.FP-SNS-MOTENV1.5.0.0
2026-02-10 22:15:36,259 [WARN] PackLoader:240 - Cannot read IP mode file for STMicroelectronics.X-CUBE-AZRTOS-H7RS.1.2.0
2026-02-10 22:15:36,300 [WARN] PackLoader:240 - Cannot read IP mode file for STMicroelectronics.X-CUBE-BLE2.3.3.0
2026-02-10 22:15:36,380 [WARN] PackLoader:240 - Cannot read IP mode file for STMicroelectronics.X-CUBE-NFC9.1.0.0
2026-02-10 22:15:36,392 [WARN] PackLoader:240 - Cannot read IP mode file for wolfSSL.I-CUBE-wolfSSL.5.8.2
2026-02-10 22:15:36,407 [WARN] PackLoader:240 - Cannot read IP mode file for STMicroelectronics.X-CUBE-BLE1.7.1.0
2026-02-10 22:15:36,414 [WARN] PackLoader:240 - Cannot read IP mode file for wolfSSL.I-CUBE-wolfMQTT.1.19.2
2026-02-10 22:15:36,434 [WARN] PackLoader:240 - Cannot read IP mode file for STMicroelectronics.X-CUBE-FREERTOS.1.4.0
2026-02-10 22:15:36,462 [WARN] PackLoader:240 - Cannot read IP mode file for STMicroelectronics.X-CUBE-EEPRMA1.5.2.0
2026-02-10 22:15:36,488 [WARN] PackLoader:240 - Cannot read IP mode file for STMicroelectronics.X-CUBE-ST67W61.1.1.0
2026-02-10 22:15:36,688 [WARN] PackLoader:240 - Cannot read IP mode file for STMicroelectronics.X-CUBE-MEMS1.12.0.0
2026-02-10 22:15:36,990 [WARN] PackLoader:240 - Cannot read IP mode file for STMicroelectronics.X-CUBE-AZRTOS-G0.1.1.0
2026-02-10 22:15:37,018 [WARN] PackLoader:240 - Cannot read IP mode file for STMicroelectronics.X-CUBE-SAFEA1.1.2.2
2026-02-10 22:15:37,037 [WARN] PackLoader:240 - Cannot read IP mode file for STMicroelectronics.X-CUBE-NFC4.3.0.0
2026-02-10 22:15:37,074 [WARN] PackLoader:240 - Cannot read IP mode file for EmbeddedOffice.I-CUBE-FS-RTOS.1.0.1
2026-02-10 22:15:37,102 [WARN] PackLoader:240 - Cannot read IP mode file for STMicroelectronics.X-CUBE-WB05N.2.0.0
2026-02-10 22:15:37,135 [WARN] PackLoader:240 - Cannot read IP mode file for wolfSSL.I-CUBE-wolfTPM.3.8.0
2026-02-10 22:15:37,160 [WARN] PackLoader:240 - Cannot read IP mode file for STMicroelectronics.X-CUBE-TCPP.4.2.0
2026-02-10 22:15:37,179 [WARN] PackLoader:240 - Cannot read IP mode file for RealThread.X-CUBE-RT-Thread_Nano.4.1.1
2026-02-10 22:15:37,190 [WARN] PackLoader:240 - Cannot read IP mode file for STMicroelectronics.FP-ATR-SIGFOX1.3.2.0
2026-02-10 22:15:37,206 [WARN] PackLoader:240 - Cannot read IP mode file for ITTIA_DB.I-CUBE-ITTIADB.8.9.0
2026-02-10 22:15:37,241 [WARN] PackLoader:240 - Cannot read IP mode file for STMicroelectronics.X-CUBE-NFC6.3.2.0
2026-02-10 22:15:37,281 [WARN] PackLoader:240 - Cannot read IP mode file for STMicroelectronics.X-CUBE-ST67W61.1.0.0
2026-02-10 22:15:37,312 [WARN] PackLoader:240 - Cannot read IP mode file for STMicroelectronics.X-CUBE-AI.10.2.0
2026-02-10 22:15:37,455 [WARN] PackLoader:240 - Cannot read IP mode file for SEGGER.I-CUBE-embOS.1.3.1
2026-02-10 22:15:37,617 [WARN] PackLoader:240 - Cannot read IP mode file for STMicroelectronics.X-CUBE-ALGOBUILD.1.4.0
2026-02-10 22:15:37,858 [WARN] PackLoader:240 - Cannot read IP mode file for STMicroelectronics.X-CUBE-MEMS1.11.3.0
2026-02-10 22:15:38,123 [WARN] PackLoader:240 - Cannot read IP mode file for STMicroelectronics.X-CUBE-PM33A1.1.0.0
2026-02-10 22:15:38,184 [WARN] PackLoader:240 - Cannot read IP mode file for STMicroelectronics.X-CUBE-AZRTOS-F4.1.1.0
2026-02-10 22:15:38,202 [WARN] PackLoader:240 - Cannot read IP mode file for Avnet-IotConnect.X-CUBE-IoTC-DA16k-PMOD.1.0.0
2026-02-10 22:15:38,217 [WARN] PackLoader:240 - Cannot read IP mode file for STMicroelectronics.X-CUBE-ISPU.2.1.0
2026-02-10 22:15:38,251 [WARN] PackLoader:240 - Cannot read IP mode file for STMicroelectronics.X-CUBE-IPS.3.2.0
2026-02-10 22:15:38,285 [WARN] PackLoader:240 - Cannot read IP mode file for STMicroelectronics.X-CUBE-NFC12.1.0.0
2026-02-10 22:15:38,378 [WARN] PackLoader:240 - Cannot read IP mode file for STMicroelectronics.X-CUBE-AZRTOS-L5.2.0.0
2026-02-10 22:15:38,512 [WARN] PackLoader:240 - Cannot read IP mode file for STMicroelectronics.X-CUBE-NFC6.3.1.0
2026-02-10 22:15:39,383 [WARN] PackLoader:240 - Cannot read IP mode file for STMicroelectronics.X-CUBE-FREERTOS.1.3.1
2026-02-10 22:15:39,571 [WARN] PackLoader:240 - Cannot read IP mode file for STMicroelectronics.X-CUBE-TOUCHGFX.4.26.0
2026-02-10 22:15:39,601 [WARN] PackLoader:240 - Cannot read IP mode file for STMicroelectronics.FP-SNS-STAIOTCFT.1.0.0
2026-02-10 22:15:39,619 [WARN] PackLoader:240 - Cannot read IP mode file for STMicroelectronics.X-CUBE-DPower.1.3.0
2026-02-10 22:15:39,680 [WARN] ConditionMgr:438 - getConditionDescription Invalid condition id : LAN8742 Phy interface Condition cause : null
2026-02-10 22:15:39,683 [WARN] PackLoader:240 - Cannot read IP mode file for STMicroelectronics.X-CUBE-AZRTOS-L4.2.0.0
2026-02-10 22:15:39,692 [WARN] ConditionMgr:1044 - genDependencies : Invalid condition id : LAN8742 Phy interface Condition cause : null
2026-02-10 22:15:39,693 [WARN] ConditionMgr:1044 - genDependencies : Invalid condition id : LAN8742 Phy interface Condition cause : null
2026-02-10 22:15:39,696 [WARN] ConditionMgr:1044 - genDependencies : Invalid condition id : LAN8742 Phy interface Condition cause : null
2026-02-10 22:15:39,719 [WARN] PackLoader:240 - Cannot read IP mode file for STMicroelectronics.X-CUBE-SFXS2LP1.4.0.0
2026-02-10 22:15:39,745 [WARN] PackLoader:240 - Cannot read IP mode file for STMicroelectronics.X-CUBE-ST67W61.1.2.0
2026-02-10 22:15:39,796 [WARN] PackLoader:240 - Cannot read IP mode file for STMicroelectronics.X-CUBE-BLEMGR.4.1.0
2026-02-10 22:15:39,839 [WARN] ConditionMgr:438 - getConditionDescription Invalid condition id : UX DEVICE CLASS RTOS Condition cause : null
2026-02-10 22:15:39,840 [WARN] ConditionMgr:438 - getConditionDescription Invalid condition id : UX DEVICE CLASS RTOS Condition cause : null
2026-02-10 22:15:39,850 [WARN] PackLoader:240 - Cannot read IP mode file for STMicroelectronics.X-CUBE-AZRTOS-WB.2.0.0
2026-02-10 22:15:39,852 [WARN] ConditionMgr:1044 - genDependencies : Invalid condition id : UX DEVICE CLASS RTOS Condition cause : null
2026-02-10 22:15:39,852 [WARN] ConditionMgr:1044 - genDependencies : Invalid condition id : UX DEVICE CLASS RTOS Condition cause : null
2026-02-10 22:15:39,854 [WARN] ConditionMgr:1044 - genDependencies : Invalid condition id : UX DEVICE CLASS RTOS Condition cause : null
2026-02-10 22:15:39,855 [WARN] ConditionMgr:1044 - genDependencies : Invalid condition id : UX DEVICE CLASS RTOS Condition cause : null
2026-02-10 22:15:39,856 [WARN] ConditionMgr:1044 - genDependencies : Invalid condition id : UX DEVICE CLASS RTOS Condition cause : null
2026-02-10 22:15:39,872 [WARN] PackLoader:240 - Cannot read IP mode file for STMicroelectronics.X-CUBE-GNSS1.7.0.1
2026-02-10 22:15:39,884 [WARN] PackLoader:240 - Cannot read IP mode file for STMicroelectronics.X-CUBE-TOUCHGFX.4.25.0
2026-02-10 22:15:39,890 [WARN] ConditionMgr:438 - getConditionDescription Invalid condition id : Cortex-A Device cause : null
2026-02-10 22:15:40,009 [WARN] ConditionMgr:1044 - genDependencies : Invalid condition id : Cortex-A Device cause : null
2026-02-10 22:15:40,010 [WARN] ConditionMgr:1044 - genDependencies : Invalid condition id : Cortex-A Device cause : null
2026-02-10 22:15:40,010 [WARN] ConditionMgr:1044 - genDependencies : Invalid condition id : Cortex-A Device cause : null
2026-02-10 22:15:40,104 [WARN] PackLoader:240 - Cannot read IP mode file for STMicroelectronics.X-CUBE-STSE01.2.0.0
2026-02-10 22:15:40,188 [WARN] PackLoader:240 - Cannot read IP mode file for STMicroelectronics.X-CUBE-SUBG2.5.0.0
2026-02-10 22:15:40,277 [WARN] PackLoader:240 - Cannot read IP mode file for STMicroelectronics.X-CUBE-AZRTOS-H7RS.1.1.0
2026-02-10 22:15:40,305 [WARN] PackLoader:240 - Cannot read IP mode file for Cesanta.I-CUBE-Mongoose.7.13.0
2026-02-10 22:15:40,408 [WARN] PackLoader:240 - Cannot read IP mode file for STMicroelectronics.X-CUBE-AZRTOS-G4.2.0.0
2026-02-10 22:15:40,436 [WARN] PackLoader:240 - Cannot read IP mode file for wolfSSL.I-CUBE-wolfSSH.1.4.20
2026-02-10 22:15:40,455 [WARN] PackLoader:240 - Cannot read IP mode file for STMicroelectronics.X-CUBE-NFC7.2.0.0
2026-02-10 22:15:40,486 [WARN] PackLoader:240 - Cannot read IP mode file for STMicroelectronics.X-CUBE-IPS.3.1.0
2026-02-10 22:15:40,524 [WARN] PackLoader:240 - Cannot read IP mode file for STMicroelectronics.X-CUBE-ALS.1.0.2
2026-02-10 22:15:40,544 [WARN] PackLoader:240 - Cannot read IP mode file for STMicroelectronics.X-CUBE-STSE01.1.0.0
2026-02-10 22:15:40,594 [WARN] PackLoader:240 - Cannot read IP mode file for STMicroelectronics.X-CUBE-TOF1.3.4.3
2026-02-10 22:15:40,621 [INFO] ThirdParty:978 - Integrity check success = true
2026-02-10 22:15:40,621 [INFO] IntegrityCheckThread:100 - exiting critical section [integrity check]
2026-02-10 22:15:40,622 [INFO] IntegrityCheckThread:103 - End integrity checks thread
2026-02-10 22:15:40,919 [INFO] Mcu:2029 - Initializing MCU STM32L431C(B-C)Tx STM32L431CBTx STM32L431CBT6
2026-02-10 22:15:45,445 [INFO] Context:786 - Trying to add GPIOservice into a context  which must be forbidden
2026-02-10 22:15:46,679 [INFO] ImportTextPane:234 - (OptionalMessage_ERROR) Pin5 (VP_RIF_VS_RIF1) cannot be retrieved for this MCU
2026-02-10 22:15:47,335 [INFO] RtosManager:558 - Registered RTOS mode: class=CMSIS, group=RTOS, mode=CMSIS_V1, owner=FREERTOS
2026-02-10 22:15:47,336 [INFO] RtosManager:558 - Registered RTOS mode: class=CMSIS, group=RTOS2, mode=CMSIS_V2, owner=FREERTOS
2026-02-10 22:15:47,336 [INFO] RtosManager:558 - Registered RTOS mode: class=RTOS, group=Core, mode=CMSIS_V1, owner=FREERTOS
2026-02-10 22:15:47,336 [INFO] RtosManager:558 - Registered RTOS mode: class=RTOS, group=Core, mode=CMSIS_V2, owner=FREERTOS
2026-02-10 22:15:47,337 [WARN] ModelIntegratedComponent:184 - Missing modes for component STMicroelectronics:FreeRTOS:0.0.1:STMicroelectronics:RTOS:FreeRTOS:Core:::10.2.0:
2026-02-10 22:15:47,408 [WARN] ModelIntegratedComponent:63 - No mode defined for component null
2026-02-10 22:15:47,408 [WARN] ModelIntegratedComponent:63 - No mode defined for component null
2026-02-10 22:15:47,408 [WARN] ModelIntegratedComponent:63 - No mode defined for component null
2026-02-10 22:15:47,408 [WARN] ModelIntegratedComponent:63 - No mode defined for component null
2026-02-10 22:15:47,408 [WARN] ModelIntegratedComponent:63 - No mode defined for component null
2026-02-10 22:15:47,408 [WARN] ModelIntegratedComponent:63 - No mode defined for component null
2026-02-10 22:15:47,408 [WARN] ModelIntegratedComponent:63 - No mode defined for component null
2026-02-10 22:15:47,408 [WARN] ModelIntegratedComponent:63 - No mode defined for component null
2026-02-10 22:15:47,408 [WARN] ModelIntegratedComponent:63 - No mode defined for component null
2026-02-10 22:15:47,408 [WARN] ModelIntegratedComponent:63 - No mode defined for component null
2026-02-10 22:15:47,408 [WARN] ModelIntegratedComponent:63 - No mode defined for component null
2026-02-10 22:15:47,408 [WARN] ModelIntegratedComponent:63 - No mode defined for component null
2026-02-10 22:15:47,409 [WARN] ModelIntegratedComponent:63 - No mode defined for component null
2026-02-10 22:15:47,409 [WARN] ModelIntegratedComponent:63 - No mode defined for component null
2026-02-10 22:15:47,409 [WARN] ModelIntegratedComponent:63 - No mode defined for component null
2026-02-10 22:15:47,409 [WARN] ModelIntegratedComponent:63 - No mode defined for component null
2026-02-10 22:15:47,409 [WARN] ModelIntegratedComponent:63 - No mode defined for component null
2026-02-10 22:15:47,409 [WARN] ModelIntegratedComponent:63 - No mode defined for component null
2026-02-10 22:15:47,409 [WARN] ModelIntegratedComponent:63 - No mode defined for component null
2026-02-10 22:15:47,409 [WARN] ModelIntegratedComponent:63 - No mode defined for component null
2026-02-10 22:15:47,409 [WARN] ModelIntegratedComponent:63 - No mode defined for component null
2026-02-10 22:15:47,409 [WARN] ModelIntegratedComponent:63 - No mode defined for component null
2026-02-10 22:15:47,409 [WARN] ModelIntegratedComponent:63 - No mode defined for component null
2026-02-10 22:15:47,409 [WARN] ModelIntegratedComponent:63 - No mode defined for component null
2026-02-10 22:15:47,409 [WARN] ModelIntegratedComponent:63 - No mode defined for component null
2026-02-10 22:15:47,409 [WARN] ModelIntegratedComponent:63 - No mode defined for component null
2026-02-10 22:15:47,410 [WARN] ModelIntegratedComponent:63 - No mode defined for component null
2026-02-10 22:15:47,410 [WARN] ModelIntegratedComponent:63 - No mode defined for component null
2026-02-10 22:15:47,411 [WARN] ModelIntegratedComponent:63 - No mode defined for component null
2026-02-10 22:15:47,411 [WARN] ModelIntegratedComponent:63 - No mode defined for component null
2026-02-10 22:15:47,411 [WARN] ModelIntegratedComponent:63 - No mode defined for component null
2026-02-10 22:15:47,411 [WARN] ModelIntegratedComponent:63 - No mode defined for component null
2026-02-10 22:15:47,411 [WARN] ModelIntegratedComponent:63 - No mode defined for component null
2026-02-10 22:15:47,411 [WARN] ModelIntegratedComponent:63 - No mode defined for component null
2026-02-10 22:15:47,411 [WARN] ModelIntegratedComponent:63 - No mode defined for component null
2026-02-10 22:15:47,412 [WARN] ModelPack:524 - Component already loaded: STMicroelectronics:HAL Drivers:0.0.0:STMicroelectronics:Device:STMicro_Driver:XSPI:HAL::0.0.1:HAL_XSPI
2026-02-10 22:15:48,228 [INFO] ThirdPartyModel:298 - Start build external matchings
2026-02-10 22:15:49,064 [INFO] ThirdPartyModel:316 - End build external matchings
2026-02-10 22:15:50,841 [INFO] ApiDb:581 - Connected to CubeFinder SQLite database (/Users/karthikkurapati/.stmcufinder/plugins/mcufinder/mcu/cube-finder-db.db)
2026-02-10 22:15:50,978 [INFO] ApiDb:668 - CubeFinder database Data Model version=2.1
2026-02-10 22:15:50,978 [INFO] ApiDb:669 - CubeFinder database Configuration version=3.0.39
2026-02-10 22:15:50,980 [INFO] ApiDb:670 - CubeFinder database generation date=2025-12-22 (1766407740)
2026-02-10 22:15:50,980 [INFO] ApiDb:671 - CubeFinder database FW Pack versions=[FP-ATR-ASTRA1_V2.0.0, FP-SNS-FLIGHT1_V5.1.0, FP-SNS-MOTENV1_V5.1.0, FP-SNS-MOTENVWB1_V1.4.0, FP-SNS-SMARTAG2_V1.2.0, FP-SNS-STBOX1_V2.1.0, STM32Cube_FW_C0_V1.4.0, STM32Cube_FW_F4_V1.28.3, STM32Cube_FW_F7_V1.17.4, STM32Cube_FW_G0_V1.6.2, STM32Cube_FW_G4_V1.6.1, STM32Cube_FW_H5_V1.5.1, STM32Cube_FW_H7RS_V1.3.0, STM32Cube_FW_H7_V1.12.1, STM32Cube_FW_L0_V1.12.2, STM32Cube_FW_L4_V1.18.1, STM32Cube_FW_L5_V1.6.0, STM32Cube_FW_N6_V1.3.0, STM32Cube_FW_U0_V1.3.0, STM32Cube_FW_U3_V1.2.1, STM32Cube_FW_U5_V1.8.0, STM32Cube_FW_WB0_V1.4.0, STM32Cube_FW_WBA_V1.8.0, STM32Cube_FW_WB_V1.24.0, STM32Cube_FW_WL3_V1.3.0, STM32Cube_FW_WL_V1.4.0, X-CUBE-ALGOBUILD_V1.4.0, X-CUBE-ALS_V1.0.2, X-CUBE-AZRTOS-F4_V1.1.0, X-CUBE-AZRTOS-F7_V1.1.0, X-CUBE-AZRTOS-G0_V1.1.0, X-CUBE-AZRTOS-G4_V2.0.0, X-CUBE-AZRTOS-H7RS_V1.1.0, X-CUBE-AZRTOS-H7_V3.4.0, X-CUBE-AZRTOS-L4_V2.0.0, X-CUBE-AZRTOS-L5_V2.0.0, X-CUBE-AZRTOS-WB_V2.0.0, X-CUBE-AZRTOS-WL_V2.0.0, X-CUBE-BLE1_V7.1.0, X-CUBE-BLE2_V3.3.0, X-CUBE-BLEMGR_V4.1.0, X-CUBE-EEPRMA1_V5.2.0, X-CUBE-FREERTOS_V1.3.1, X-CUBE-GNSS1_V6.0.0, X-CUBE-MEMS1_V12.0.0, X-CUBE-NFC4_V3.0.0, X-CUBE-NFC7_V2.0.0, X-CUBE-SFXS2LP1_V4.0.0, X-CUBE-ST67W61_V1.1.0, X-CUBE-SUBG2_V5.0.0, X-CUBE-TOF1_V3.4.3]
2026-02-10 22:15:51,156 [INFO] DbBoardsSqlite:226 - include board P-NUCLEO-WB55-NUCLEO as a kit item of type 'Nucleo-64'
2026-02-10 22:15:51,157 [INFO] DbBoardsSqlite:226 - include board P-NUCLEO-WB55-USBDONGLE as a kit item of type 'Nucleo USB Dongle'
2026-02-10 22:15:51,159 [INFO] DbBoardsSqlite:226 - include board STEVAL-IDP005V1 as a kit item of type 'Evaluation Board'
2026-02-10 22:15:51,159 [INFO] DbBoardsSqlite:226 - include board STEVAL-IDP005V2 as a kit item of type 'Evaluation Board'
2026-02-10 22:15:51,333 [INFO] ApiDb:240 - Found 880 in-development CPN: [B-G473E-ZEST1S, B-WB1M-WPAN1, B-WBA5M-WPAN, B-WL5M-SUBG1, NUCLEO-C031C6, NUCLEO-C051C8, NUCLEO-C071RB, NUCLEO-C092RC, NUCLEO-H503RB, NUCLEO-H533RE, NUCLEO-H563ZI, NUCLEO-H7S3L8, NUCLEO-N657X0-Q, NUCLEO-U031R8, NUCLEO-U083RC, NUCLEO-U385RG-Q, NUCLEO-U545RE-Q, NUCLEO-U5A5ZJ-Q, NUCLEO-WB05KZ, NUCLEO-WB07CC, NUCLEO-WB09KE, NUCLEO-WBA52CG, NUCLEO-WBA55CG, NUCLEO-WL33CC1, NUCLEO-WL33CC2, STEVAL-PROTEUS1, STEVAL-SMARTAG2, STEVAL-STWINBX1, STM320518-EVAL, STM32C0116-DK, STM32C011D6Y3TR, STM32C011D6Y6TR, STM32C011F4P3, STM32C011F4P6, STM32C011F4U3, STM32C011F4U6TR, STM32C011F6P3, STM32C011F6P6, STM32C011F6U3, STM32C011F6U6TR, STM32C011J4M3, STM32C011J4M6, STM32C011J6M3, STM32C011J6M6, STM32C0316-DK, STM32C031C4T3, STM32C031C4T6, STM32C031C4U3, STM32C031C4U6, STM32C031C6T3, STM32C031C6T6, STM32C031C6U3, STM32C031C6U6, STM32C031F4P3, STM32C031F4P6, STM32C031F6P3, STM32C031F6P6, STM32C031G4U3, STM32C031G4U6, STM32C031G6U3, STM32C031G6U6, STM32C031K4T3, STM32C031K4T6, STM32C031K4U3, STM32C031K4U6, STM32C031K6T3, STM32C031K6T6, STM32C031K6U3, STM32C031K6U6, STM32C051C6T6, STM32C051C6U6, STM32C051C8T6, STM32C051C8U6, STM32C051D8Y6TR, STM32C051F6P6, STM32C051F8P6, STM32C051G6U6, STM32C051G8U6, STM32C051K6T6, STM32C051K6U6, STM32C051K8T6, STM32C071C8T6, STM32C071C8T6N, STM32C071C8U6, STM32C071C8U6N, STM32C071CBT6, STM32C071CBT6N, STM32C071CBU6, STM32C071CBU6N, STM32C071F8P6, STM32C071F8P6N, STM32C071FBP6, STM32C071FBP6N, STM32C071FBY6TR, STM32C071G8U6, STM32C071G8U6N, STM32C071GBU6, STM32C071GBU6N, STM32C071K8T6, STM32C071K8T6N, STM32C071K8U6, STM32C071K8U6N, STM32C071KBT6, STM32C071KBT6N, STM32C071KBU6, STM32C071KBU6N, STM32C071R8T6, STM32C071R8T6N, STM32C071RBI6N, STM32C071RBT6, STM32C071RBT6N, STM32C091CBT6, STM32C091CBU6, STM32C091CCT6, STM32C091CCU6, STM32C091ECY6TR, STM32C091FBP6, STM32C091FCP6, STM32C091GBU6, STM32C091GCU6, STM32C091KBT6, STM32C091KBU6, STM32C091KCT6, STM32C091KCU6, STM32C091RBT6, STM32C091RCI6, STM32C091RCT6, STM32C092CBT6, STM32C092CBU6, STM32C092CCT6, STM32C092CCU6, STM32C092ECY6TR, STM32C092FBP6, STM32C092FCP6, STM32C092GBU6, STM32C092GCU6, STM32C092KBT6, STM32C092KBU6, STM32C092KCT6, STM32C092KCU6, STM32C092RBT6, STM32C092RCI6, STM32C092RCT6, STM32G071K8TXN, STM32G071K8UXN, STM32G081GBU6N, STM32G081KBT6N, STM32G081KBUXN, STM32G0B1CCT6N, STM32G0B1KCT6, STM32G0B1NEY6TR, STM32G0B1RCT6N, STM32G0C1CCT6, STM32G0C1CCT6N, STM32G0C1CCU6N, STM32G0C1CET6N, STM32G0C1CEU6N, STM32G0C1KCT6, STM32G0C1NEY6TR, STM32G0C1RCI6N, STM32G0C1RCT6N, STM32G0C1REI6N, STM32G0C1RET6N, STM32G0C1VCI6, STM32G0C1VEI6, STM32G411C6T3, STM32G411C6T6, STM32G411C6U3, STM32G411C6U6, STM32G411C8T3, STM32G411C8T6, STM32G411C8U3, STM32G411C8U6, STM32G411CBT3, STM32G411CBT6, STM32G411CBU3, STM32G411CBU6, STM32G411K6T3, STM32G411K6T6, STM32G411K6U3, STM32G411K6U6, STM32G411K8T3, STM32G411K8T6, STM32G411K8U3, STM32G411K8U6, STM32G411KBT3, STM32G411KBT6, STM32G411KBU3, STM32G411KBU6, STM32G411M6T3, STM32G411M6T6, STM32G411M8T3, STM32G411M8T6, STM32G411MBT3, STM32G411MBT6, STM32G411R6T3, STM32G411R6T6, STM32G411R8T3, STM32G411R8T6, STM32G411RBT3, STM32G411RBT6, STM32G414CBT3, STM32G414CBT6, STM32G414CBU3, STM32G414CBU6, STM32G414CCT3, STM32G414CCT6, STM32G414CCU3, STM32G414CCU6, STM32G414MBT3, STM32G414MBT6, STM32G414MCT3, STM32G414MCT6, STM32G414RBT3, STM32G414RBT6, STM32G414RCT3, STM32G414RCT6, STM32G414VBT3, STM32G414VBT6, STM32G414VCT3, STM32G414VCT6, STM32G431CBT3Z, STM32G431RBT3Z, STM32G471CCT6, STM32G471CCU6, STM32G471CET3, STM32G471CET6, STM32G471CEU3, STM32G471CEU6, STM32G471MCT6, STM32G471MET3, STM32G471MET6, STM32G471MEY6TR, STM32G471QCT6, STM32G471QET3, STM32G471RCT6, STM32G471RET3, STM32G471RET6, STM32G471VCH6, STM32G471VCI6, STM32G471VCT6, STM32G471VEH3, STM32G471VEH6, STM32G471VEI3, STM32G471VEI6, STM32G471VET3, STM32G471VET6, STM32G473QET3Z, STM32G473RET3Z, STM32G474CCT6, STM32G491RET3Z, STM32H503CBT6, STM32H503CBU6, STM32H503EBY6TR, STM32H503KBU6, STM32H503RBT6, STM32H523CCT6, STM32H523CCU6, STM32H523CET6, STM32H523CEU6, STM32H523HEY6TR, STM32H523RCT6, STM32H523RET6, STM32H523VCI6, STM32H523VCT6, STM32H523VEI6, STM32H523VET6, STM32H523ZCJ6, STM32H523ZCT6, STM32H523ZEJ6, STM32H523ZET6, STM32H533CET6, STM32H533CEU6, STM32H533HEY6TR, STM32H533RET6, STM32H533VEI6, STM32H533VET6, STM32H533ZEJ6, STM32H533ZET6, STM32H562AGI6, STM32H562AII6, STM32H562IGK6, STM32H562IGT6, STM32H562IIK6, STM32H562IIT6, STM32H562RGT6, STM32H562RGV6, STM32H562RIT6, STM32H562RIV6, STM32H562VGT6, STM32H562VIT6, STM32H562ZGT6, STM32H562ZIT6, STM32H563AGI6, STM32H563AII3Q, STM32H563AII6, STM32H563IGK6, STM32H563IGT6, STM32H563IIK3Q, STM32H563IIK6, STM32H563IIT3Q, STM32H563IIT6, STM32H563MIY3QTR, STM32H563RGT6, STM32H563RGV6, STM32H563RIT6, STM32H563RIV6, STM32H563VGT6, STM32H563VIT3Q, STM32H563VIT6, STM32H563ZGT6, STM32H563ZIT3Q, STM32H563ZIT6, STM32H573AII3Q, STM32H573AII6, STM32H573I-DK, STM32H573IIK3Q, STM32H573IIK6, STM32H573IIT3Q, STM32H573IIT6, STM32H573MIY3QTR, STM32H573RIT6, STM32H573RIV6, STM32H573VIT3Q, STM32H573VIT6, STM32H573ZIT3Q, STM32H573ZIT6, STM32H7R3A8I6, STM32H7R3I8K6, STM32H7R3I8T6, STM32H7R3L8H6, STM32H7R3L8H6H, STM32H7R3R8V6, STM32H7R3V8H6, STM32H7R3V8T6, STM32H7R3V8Y6TR, STM32H7R3Z8J6, STM32H7R3Z8T6, STM32H7R7A8I6, STM32H7R7I8K6, STM32H7R7I8T6, STM32H7R7L8H6, STM32H7R7L8H6H, STM32H7R7Z8J6, STM32H7S3A8I6, STM32H7S3I8K6, STM32H7S3I8T6, STM32H7S3L8H6, STM32H7S3L8H6H, STM32H7S3R8V6, STM32H7S3V8H6, STM32H7S3V8T6, STM32H7S3V8Y6TR, STM32H7S3Z8J6, STM32H7S3Z8T6, STM32H7S78-DK, STM32H7S7A8I6, STM32H7S7I8K6, STM32H7S7I8T6, STM32H7S7L8H6, STM32H7S7L8H6H, STM32H7S7Z8J6, STM32L4R5QGI6STR, STM32MP131AAE3, STM32MP131AAF3, STM32MP131AAG3, STM32MP131CAE3, STM32MP131CAF3, STM32MP131CAG3, STM32MP131DAE7, STM32MP131DAF7, STM32MP131DAG7, STM32MP131FAE7, STM32MP131FAF7, STM32MP131FAG7, STM32MP133AAE3, STM32MP133AAF3, STM32MP133AAG3, STM32MP133CAE3, STM32MP133CAF3, STM32MP133CAG3, STM32MP133DAE7, STM32MP133DAF7, STM32MP133DAG7, STM32MP133FAE7, STM32MP133FAF7, STM32MP133FAG7, STM32MP135AAE3, STM32MP135AAF3, STM32MP135AAG3, STM32MP135CAE3, STM32MP135CAF3, STM32MP135CAG3, STM32MP135DAE7, STM32MP135DAF7, STM32MP135DAG7, STM32MP135F-DK, STM32MP135FAE7, STM32MP135FAF7, STM32MP135FAF7T, STM32MP135FAF7U, STM32MP135FAG7, STM32MP211AAL3, STM32MP211AAM3, STM32MP211AAN3, STM32MP211AAO3, STM32MP211CAL3, STM32MP211CAM3, STM32MP211CAN3, STM32MP211CAO3, STM32MP211DAL3, STM32MP211DAM3, STM32MP211DAN3, STM32MP211DAO3, STM32MP211FAL3, STM32MP211FAM3, STM32MP211FAN3, STM32MP211FAO3, STM32MP213AAL3, STM32MP213AAM3, STM32MP213AAN3, STM32MP213AAO3, STM32MP213CAL3, STM32MP213CAM3, STM32MP213CAN3, STM32MP213CAO3, STM32MP213DAL3, STM32MP213DAM3, STM32MP213DAN3, STM32MP213DAO3, STM32MP213FAL3, STM32MP213FAM3, STM32MP213FAN3, STM32MP213FAO3, STM32MP215AAL3, STM32MP215AAM3, STM32MP215AAN3, STM32MP215AAO3, STM32MP215CAL3, STM32MP215CAM3, STM32MP215CAN3, STM32MP215CAO3, STM32MP215DAL3, STM32MP215DAM3, STM32MP215DAN3, STM32MP215DAO3, STM32MP215F-DK, STM32MP215FAL3, STM32MP215FAM3, STM32MP215FAN3, STM32MP215FAO3, STM32MP231AAJ3, STM32MP231AAK3, STM32MP231AAL3, STM32MP231CAJ3, STM32MP231CAK3, STM32MP231CAL3, STM32MP231DAJ3, STM32MP231DAK3, STM32MP231DAL3, STM32MP231FAJ3, STM32MP231FAK3, STM32MP231FAL3, STM32MP233AAJ3, STM32MP233AAK3, STM32MP233AAL3, STM32MP233CAJ3, STM32MP233CAK3, STM32MP233CAL3, STM32MP233DAJ3, STM32MP233DAK3, STM32MP233DAL3, STM32MP233FAJ3, STM32MP233FAK3, STM32MP233FAL3, STM32MP235AAJ3, STM32MP235AAK3, STM32MP235AAL3, STM32MP235CAJ3, STM32MP235CAK3, STM32MP235CAL3, STM32MP235DAJ3, STM32MP235DAK3, STM32MP235DAL3, STM32MP235FAJ3, STM32MP235FAK3, STM32MP235FAL3, STM32MP251AAI3, STM32MP251AAK3, STM32MP251AAL3, STM32MP251CAI3, STM32MP251CAK3, STM32MP251CAL3, STM32MP251DAI3, STM32MP251DAK3, STM32MP251DAL3, STM32MP251FAI3, STM32MP251FAK3, STM32MP251FAL3, STM32MP253AAI3, STM32MP253AAK3, STM32MP253AAL3, STM32MP253CAI3, STM32MP253CAK3, STM32MP253CAL3, STM32MP253DAI3, STM32MP253DAK3, STM32MP253DAL3, STM32MP253FAI3, STM32MP253FAK3, STM32MP253FAL3, STM32MP255AAI3, STM32MP255AAK3, STM32MP255AAL3, STM32MP255CAI3, STM32MP255CAK3, STM32MP255CAL3, STM32MP255DAI3, STM32MP255DAK3, STM32MP255DAL3, STM32MP255FAI3, STM32MP255FAK3, STM32MP255FAL3, STM32MP257AAI3, STM32MP257AAK3, STM32MP257AAL3, STM32MP257CAI3, STM32MP257CAK3, STM32MP257CAL3, STM32MP257DAI3, STM32MP257DAK3, STM32MP257DAL3, STM32MP257F-DK, STM32MP257F-EV1, STM32MP257FAI3, STM32MP257FAK3, STM32MP257FAL3, STM32N645A0H3Q, STM32N645B0H3Q, STM32N645I0H3Q, STM32N645L0H3Q, STM32N645X0H3Q, STM32N645Z0H3Q, STM32N647A0H3Q, STM32N647B0H3Q, STM32N647I0H3Q, STM32N647L0H3Q, STM32N647X0H3Q, STM32N647Z0H3Q, STM32N655A0H3Q, STM32N655B0H3Q, STM32N655I0H3Q, STM32N655L0H3Q, STM32N655X0H3Q, STM32N655Z0H3Q, STM32N6570-DK, STM32N657A0H3Q, STM32N657B0H3Q, STM32N657I0H3Q, STM32N657L0H3Q, STM32N657X0H3Q, STM32N657Z0H3Q, STM32U031C6T6, STM32U031C6U6, STM32U031C8T6, STM32U031C8U6, STM32U031F4P6, STM32U031F6P6, STM32U031F8P6, STM32U031G6Y6TR, STM32U031G8Y6TR, STM32U031K4U6, STM32U031K6U6, STM32U031K8U6, STM32U031R6I6, STM32U031R6T6, STM32U031R8I6, STM32U031R8T6, STM32U073C8T6, STM32U073C8U6, STM32U073CBT6, STM32U073CBU6, STM32U073CCT6, STM32U073CCU6, STM32U073H8Y6TR, STM32U073HBY6TR, STM32U073HCY6TR, STM32U073K8U6, STM32U073KBU6, STM32U073KCU6, STM32U073M8I6, STM32U073M8T6, STM32U073MBI6, STM32U073MBT6, STM32U073MCI6, STM32U073MCT6, STM32U073R8I6, STM32U073R8T6, STM32U073RBI6, STM32U073RBT6, STM32U073RCI6, STM32U073RCT6, STM32U083C-DK, STM32U083CCT6, STM32U083CCU6, STM32U083HCY6TR, STM32U083KCU6, STM32U083MCI6, STM32U083MCT6, STM32U083RCI6, STM32U083RCT6, STM32U375CET6, STM32U375CET6Q, STM32U375CEU6, STM32U375CEU6Q, STM32U375CEY6QTR, STM32U375CGT6, STM32U375CGT6Q, STM32U375CGU6, STM32U375CGU6Q, STM32U375CGY6QTR, STM32U375KEU6, STM32U375KGU6, STM32U375REI6, STM32U375REI6Q, STM32U375RET6, STM32U375RET6Q, STM32U375REY6GTR, STM32U375REY6QTR, STM32U375RGI6, STM32U375RGI6Q, STM32U375RGT6, STM32U375RGT6Q, STM32U375RGY6GTR, STM32U375RGY6QTR, STM32U375VEI6, STM32U375VEI6Q, STM32U375VET6, STM32U375VET6Q, STM32U375VGI6, STM32U375VGI6Q, STM32U375VGT6, STM32U375VGT6Q, STM32U385CGT6, STM32U385CGT6Q, STM32U385CGU6, STM32U385CGU6Q, STM32U385CGY6QTR, STM32U385KGU6, STM32U385RGI6, STM32U385RGI6Q, STM32U385RGT6, STM32U385RGT6Q, STM32U385RGY6GTR, STM32U385RGY6QTR, STM32U385VGI6, STM32U385VGI6Q, STM32U385VGT6, STM32U385VGT6Q, STM32U535CBT6, STM32U535CBT6Q, STM32U535CBU6, STM32U535CBU6Q, STM32U535CCT6, STM32U535CCT6Q, STM32U535CCU6, STM32U535CCU6Q, STM32U535CET6, STM32U535CET6Q, STM32U535CEU6, STM32U535CEU6Q, STM32U535JEY6QTR, STM32U535NCY6QTR, STM32U535NEY6QTR, STM32U535RBI6, STM32U535RBI6Q, STM32U535RBT6, STM32U535RBT6Q, STM32U535RCI6, STM32U535RCI6Q, STM32U535RCT6, STM32U535RCT6Q, STM32U535REI6, STM32U535REI6Q, STM32U535RET6, STM32U535RET6Q, STM32U535VCI6, STM32U535VCI6Q, STM32U535VCT6, STM32U535VCT6Q, STM32U535VEI6, STM32U535VEI6Q, STM32U535VET6, STM32U535VET6Q, STM32U545CET6, STM32U545CET6Q, STM32U545CEU6, STM32U545CEU6Q, STM32U545JEY6QTR, STM32U545NEY6QTR, STM32U545REI6, STM32U545REI6Q, STM32U545RET6, STM32U545RET6Q, STM32U545VEI6, STM32U545VEI6Q, STM32U545VET6, STM32U545VET6Q, STM32U595AIH6, STM32U595AIH6Q, STM32U595AJH6, STM32U595AJH6Q, STM32U595QII6, STM32U595QII6Q, STM32U595QJI6, STM32U595QJI6Q, STM32U595RIT6, STM32U595RIT6Q, STM32U595RJT6, STM32U595RJT6Q, STM32U595VIT6, STM32U595VIT6Q, STM32U595VJT6, STM32U595VJT6Q, STM32U595ZIT6, STM32U595ZIT6Q, STM32U595ZIY6QTR, STM32U595ZJT6, STM32U595ZJT6Q, STM32U595ZJY6QTR, STM32U599BJY6QTR, STM32U599NIH6Q, STM32U599NJH6Q, STM32U599VIT6Q, STM32U599VJT6, STM32U599VJT6Q, STM32U599ZIT6Q, STM32U599ZIY6QTR, STM32U599ZJT6Q, STM32U599ZJY6QTR, STM32U5A5AJH6, STM32U5A5AJH6Q, STM32U5A5QII3Q , STM32U5A5QJI6, STM32U5A5QJI6Q, STM32U5A5RJT6, STM32U5A5RJT6Q, STM32U5A5VJT6, STM32U5A5VJT6Q, STM32U5A5ZJT6, STM32U5A5ZJT6Q, STM32U5A5ZJY6QTR, STM32U5A9BJY6QTR, STM32U5A9J-DK, STM32U5A9NJH6Q, STM32U5A9VJT6Q, STM32U5A9ZJT6Q, STM32U5A9ZJY6QTR, STM32U5F7VIT6, STM32U5F7VIT6Q, STM32U5F7VJT6, STM32U5F7VJT6Q, STM32U5F9BJY6QTR, STM32U5F9NJH6Q, STM32U5F9VIT6Q, STM32U5F9VJT6Q, STM32U5F9ZIJ6QTR, STM32U5F9ZIT6Q, STM32U5F9ZJJ6QTR, STM32U5F9ZJT6Q, STM32U5G7VJT6, STM32U5G7VJT6Q, STM32U5G9BJY6QTR, STM32U5G9J-DK1, STM32U5G9J-DK2, STM32U5G9NJH6Q, STM32U5G9VJT6Q, STM32U5G9ZJJ6QTR, STM32U5G9ZJT6Q, STM32WB05KZV6TR, STM32WB05KZV7TR, STM32WB05TZF6TR, STM32WB05TZF7TR, STM32WB06CCF6TR, STM32WB06CCF7TR, STM32WB06CCV6TR, STM32WB06CCV7TR, STM32WB06KCV6TR, STM32WB06KCV7TR, STM32WB07CCF6TR, STM32WB07CCF7TR, STM32WB07CCV6TR, STM32WB07CCV7TR, STM32WB07KCV6TR, STM32WB07KCV7TR, STM32WB09KEV6TR, STM32WB09KEV7TR, STM32WB09TEF6TR, STM32WB09TEF7TR, STM32WB1MMCH6, STM32WBA50KGU6, STM32WBA50KGU6TR, STM32WBA52CEU6, STM32WBA52CEU6TR, STM32WBA52CEU7, STM32WBA52CEU7TR, STM32WBA52CGU6, STM32WBA52CGU6TR, STM32WBA52CGU6U, STM32WBA52CGU7, STM32WBA52CGU7TR, STM32WBA52KEU6, STM32WBA52KEU6TR, STM32WBA52KGU6, STM32WBA52KGU6TR, STM32WBA54CEU6, STM32WBA54CEU6TR, STM32WBA54CEU7, STM32WBA54CEU7TR, STM32WBA54CGU6, STM32WBA54CGU6TR, STM32WBA54CGU7, STM32WBA54CGU7TR, STM32WBA54KEU6, STM32WBA54KEU6TR, STM32WBA54KEU7, STM32WBA54KEU7TR, STM32WBA54KGU6, STM32WBA54KGU6TR, STM32WBA54KGU7, STM32WBA54KGU7TR, STM32WBA55CEU6, STM32WBA55CEU6TR, STM32WBA55CEU7, STM32WBA55CEU7TR, STM32WBA55CGU6, STM32WBA55CGU6TR, STM32WBA55CGU6U, STM32WBA55CGU7, STM32WBA55CGU7TR, STM32WBA55G-DK1, STM32WBA55HEF6, STM32WBA55HEF7, STM32WBA55HGF6, STM32WBA55HGF7, STM32WBA55UEI6, STM32WBA55UEI6TR, STM32WBA55UEI7, STM32WBA55UEI7TR, STM32WBA55UGI6, STM32WBA55UGI6TR, STM32WBA55UGI7, STM32WBA55UGI7TR, STM32WBA5MMGH6TR, STM32WBA62MGF6, STM32WBA62MIF6, STM32WBA65MGF7, STM32WBA65MIF6, STM32WBA65MIF7, STM32WL30K8V6, STM32WL30KBV6, STM32WL31C8V6, STM32WL31CBV6, STM32WL31K8V6, STM32WL31KBV6, STM32WL33C8V6, STM32WL33C8V6X, STM32WL33CBV6, STM32WL33CBV6X, STM32WL33CCV6, STM32WL33CCV6A, STM32WL33CCV6X, STM32WL33K8V7, STM32WL33K8V7X, STM32WL33KBV7 , STM32WL33KBV7X, STM32WL33KCV7, STM32WL33KCV7X, STM32WL5MOCH6, STM32WL5MOCH6TR]
2026-02-10 22:15:51,340 [INFO] ApiDb:668 - CubeFinder database Data Model version=2.1
2026-02-10 22:15:51,341 [INFO] ApiDb:669 - CubeFinder database Configuration version=3.0.39
2026-02-10 22:15:51,341 [INFO] ApiDb:670 - CubeFinder database generation date=2025-12-22 (1766407740)
2026-02-10 22:15:51,342 [INFO] ApiDb:671 - CubeFinder database FW Pack versions=[FP-ATR-ASTRA1_V2.0.0, FP-SNS-FLIGHT1_V5.1.0, FP-SNS-MOTENV1_V5.1.0, FP-SNS-MOTENVWB1_V1.4.0, FP-SNS-SMARTAG2_V1.2.0, FP-SNS-STBOX1_V2.1.0, STM32Cube_FW_C0_V1.4.0, STM32Cube_FW_F4_V1.28.3, STM32Cube_FW_F7_V1.17.4, STM32Cube_FW_G0_V1.6.2, STM32Cube_FW_G4_V1.6.1, STM32Cube_FW_H5_V1.5.1, STM32Cube_FW_H7RS_V1.3.0, STM32Cube_FW_H7_V1.12.1, STM32Cube_FW_L0_V1.12.2, STM32Cube_FW_L4_V1.18.1, STM32Cube_FW_L5_V1.6.0, STM32Cube_FW_N6_V1.3.0, STM32Cube_FW_U0_V1.3.0, STM32Cube_FW_U3_V1.2.1, STM32Cube_FW_U5_V1.8.0, STM32Cube_FW_WB0_V1.4.0, STM32Cube_FW_WBA_V1.8.0, STM32Cube_FW_WB_V1.24.0, STM32Cube_FW_WL3_V1.3.0, STM32Cube_FW_WL_V1.4.0, X-CUBE-ALGOBUILD_V1.4.0, X-CUBE-ALS_V1.0.2, X-CUBE-AZRTOS-F4_V1.1.0, X-CUBE-AZRTOS-F7_V1.1.0, X-CUBE-AZRTOS-G0_V1.1.0, X-CUBE-AZRTOS-G4_V2.0.0, X-CUBE-AZRTOS-H7RS_V1.1.0, X-CUBE-AZRTOS-H7_V3.4.0, X-CUBE-AZRTOS-L4_V2.0.0, X-CUBE-AZRTOS-L5_V2.0.0, X-CUBE-AZRTOS-WB_V2.0.0, X-CUBE-AZRTOS-WL_V2.0.0, X-CUBE-BLE1_V7.1.0, X-CUBE-BLE2_V3.3.0, X-CUBE-BLEMGR_V4.1.0, X-CUBE-EEPRMA1_V5.2.0, X-CUBE-FREERTOS_V1.3.1, X-CUBE-GNSS1_V6.0.0, X-CUBE-MEMS1_V12.0.0, X-CUBE-NFC4_V3.0.0, X-CUBE-NFC7_V2.0.0, X-CUBE-SFXS2LP1_V4.0.0, X-CUBE-ST67W61_V1.1.0, X-CUBE-SUBG2_V5.0.0, X-CUBE-TOF1_V3.4.3]
2026-02-10 22:15:54,113 [INFO] ApiDb:240 - Found 880 in-development CPN: [B-G473E-ZEST1S, B-WB1M-WPAN1, B-WBA5M-WPAN, B-WL5M-SUBG1, NUCLEO-C031C6, NUCLEO-C051C8, NUCLEO-C071RB, NUCLEO-C092RC, NUCLEO-H503RB, NUCLEO-H533RE, NUCLEO-H563ZI, NUCLEO-H7S3L8, NUCLEO-N657X0-Q, NUCLEO-U031R8, NUCLEO-U083RC, NUCLEO-U385RG-Q, NUCLEO-U545RE-Q, NUCLEO-U5A5ZJ-Q, NUCLEO-WB05KZ, NUCLEO-WB07CC, NUCLEO-WB09KE, NUCLEO-WBA52CG, NUCLEO-WBA55CG, NUCLEO-WL33CC1, NUCLEO-WL33CC2, STEVAL-PROTEUS1, STEVAL-SMARTAG2, STEVAL-STWINBX1, STM320518-EVAL, STM32C0116-DK, STM32C011D6Y3TR, STM32C011D6Y6TR, STM32C011F4P3, STM32C011F4P6, STM32C011F4U3, STM32C011F4U6TR, STM32C011F6P3, STM32C011F6P6, STM32C011F6U3, STM32C011F6U6TR, STM32C011J4M3, STM32C011J4M6, STM32C011J6M3, STM32C011J6M6, STM32C0316-DK, STM32C031C4T3, STM32C031C4T6, STM32C031C4U3, STM32C031C4U6, STM32C031C6T3, STM32C031C6T6, STM32C031C6U3, STM32C031C6U6, STM32C031F4P3, STM32C031F4P6, STM32C031F6P3, STM32C031F6P6, STM32C031G4U3, STM32C031G4U6, STM32C031G6U3, STM32C031G6U6, STM32C031K4T3, STM32C031K4T6, STM32C031K4U3, STM32C031K4U6, STM32C031K6T3, STM32C031K6T6, STM32C031K6U3, STM32C031K6U6, STM32C051C6T6, STM32C051C6U6, STM32C051C8T6, STM32C051C8U6, STM32C051D8Y6TR, STM32C051F6P6, STM32C051F8P6, STM32C051G6U6, STM32C051G8U6, STM32C051K6T6, STM32C051K6U6, STM32C051K8T6, STM32C071C8T6, STM32C071C8T6N, STM32C071C8U6, STM32C071C8U6N, STM32C071CBT6, STM32C071CBT6N, STM32C071CBU6, STM32C071CBU6N, STM32C071F8P6, STM32C071F8P6N, STM32C071FBP6, STM32C071FBP6N, STM32C071FBY6TR, STM32C071G8U6, STM32C071G8U6N, STM32C071GBU6, STM32C071GBU6N, STM32C071K8T6, STM32C071K8T6N, STM32C071K8U6, STM32C071K8U6N, STM32C071KBT6, STM32C071KBT6N, STM32C071KBU6, STM32C071KBU6N, STM32C071R8T6, STM32C071R8T6N, STM32C071RBI6N, STM32C071RBT6, STM32C071RBT6N, STM32C091CBT6, STM32C091CBU6, STM32C091CCT6, STM32C091CCU6, STM32C091ECY6TR, STM32C091FBP6, STM32C091FCP6, STM32C091GBU6, STM32C091GCU6, STM32C091KBT6, STM32C091KBU6, STM32C091KCT6, STM32C091KCU6, STM32C091RBT6, STM32C091RCI6, STM32C091RCT6, STM32C092CBT6, STM32C092CBU6, STM32C092CCT6, STM32C092CCU6, STM32C092ECY6TR, STM32C092FBP6, STM32C092FCP6, STM32C092GBU6, STM32C092GCU6, STM32C092KBT6, STM32C092KBU6, STM32C092KCT6, STM32C092KCU6, STM32C092RBT6, STM32C092RCI6, STM32C092RCT6, STM32G071K8TXN, STM32G071K8UXN, STM32G081GBU6N, STM32G081KBT6N, STM32G081KBUXN, STM32G0B1CCT6N, STM32G0B1KCT6, STM32G0B1NEY6TR, STM32G0B1RCT6N, STM32G0C1CCT6, STM32G0C1CCT6N, STM32G0C1CCU6N, STM32G0C1CET6N, STM32G0C1CEU6N, STM32G0C1KCT6, STM32G0C1NEY6TR, STM32G0C1RCI6N, STM32G0C1RCT6N, STM32G0C1REI6N, STM32G0C1RET6N, STM32G0C1VCI6, STM32G0C1VEI6, STM32G411C6T3, STM32G411C6T6, STM32G411C6U3, STM32G411C6U6, STM32G411C8T3, STM32G411C8T6, STM32G411C8U3, STM32G411C8U6, STM32G411CBT3, STM32G411CBT6, STM32G411CBU3, STM32G411CBU6, STM32G411K6T3, STM32G411K6T6, STM32G411K6U3, STM32G411K6U6, STM32G411K8T3, STM32G411K8T6, STM32G411K8U3, STM32G411K8U6, STM32G411KBT3, STM32G411KBT6, STM32G411KBU3, STM32G411KBU6, STM32G411M6T3, STM32G411M6T6, STM32G411M8T3, STM32G411M8T6, STM32G411MBT3, STM32G411MBT6, STM32G411R6T3, STM32G411R6T6, STM32G411R8T3, STM32G411R8T6, STM32G411RBT3, STM32G411RBT6, STM32G414CBT3, STM32G414CBT6, STM32G414CBU3, STM32G414CBU6, STM32G414CCT3, STM32G414CCT6, STM32G414CCU3, STM32G414CCU6, STM32G414MBT3, STM32G414MBT6, STM32G414MCT3, STM32G414MCT6, STM32G414RBT3, STM32G414RBT6, STM32G414RCT3, STM32G414RCT6, STM32G414VBT3, STM32G414VBT6, STM32G414VCT3, STM32G414VCT6, STM32G431CBT3Z, STM32G431RBT3Z, STM32G471CCT6, STM32G471CCU6, STM32G471CET3, STM32G471CET6, STM32G471CEU3, STM32G471CEU6, STM32G471MCT6, STM32G471MET3, STM32G471MET6, STM32G471MEY6TR, STM32G471QCT6, STM32G471QET3, STM32G471RCT6, STM32G471RET3, STM32G471RET6, STM32G471VCH6, STM32G471VCI6, STM32G471VCT6, STM32G471VEH3, STM32G471VEH6, STM32G471VEI3, STM32G471VEI6, STM32G471VET3, STM32G471VET6, STM32G473QET3Z, STM32G473RET3Z, STM32G474CCT6, STM32G491RET3Z, STM32H503CBT6, STM32H503CBU6, STM32H503EBY6TR, STM32H503KBU6, STM32H503RBT6, STM32H523CCT6, STM32H523CCU6, STM32H523CET6, STM32H523CEU6, STM32H523HEY6TR, STM32H523RCT6, STM32H523RET6, STM32H523VCI6, STM32H523VCT6, STM32H523VEI6, STM32H523VET6, STM32H523ZCJ6, STM32H523ZCT6, STM32H523ZEJ6, STM32H523ZET6, STM32H533CET6, STM32H533CEU6, STM32H533HEY6TR, STM32H533RET6, STM32H533VEI6, STM32H533VET6, STM32H533ZEJ6, STM32H533ZET6, STM32H562AGI6, STM32H562AII6, STM32H562IGK6, STM32H562IGT6, STM32H562IIK6, STM32H562IIT6, STM32H562RGT6, STM32H562RGV6, STM32H562RIT6, STM32H562RIV6, STM32H562VGT6, STM32H562VIT6, STM32H562ZGT6, STM32H562ZIT6, STM32H563AGI6, STM32H563AII3Q, STM32H563AII6, STM32H563IGK6, STM32H563IGT6, STM32H563IIK3Q, STM32H563IIK6, STM32H563IIT3Q, STM32H563IIT6, STM32H563MIY3QTR, STM32H563RGT6, STM32H563RGV6, STM32H563RIT6, STM32H563RIV6, STM32H563VGT6, STM32H563VIT3Q, STM32H563VIT6, STM32H563ZGT6, STM32H563ZIT3Q, STM32H563ZIT6, STM32H573AII3Q, STM32H573AII6, STM32H573I-DK, STM32H573IIK3Q, STM32H573IIK6, STM32H573IIT3Q, STM32H573IIT6, STM32H573MIY3QTR, STM32H573RIT6, STM32H573RIV6, STM32H573VIT3Q, STM32H573VIT6, STM32H573ZIT3Q, STM32H573ZIT6, STM32H7R3A8I6, STM32H7R3I8K6, STM32H7R3I8T6, STM32H7R3L8H6, STM32H7R3L8H6H, STM32H7R3R8V6, STM32H7R3V8H6, STM32H7R3V8T6, STM32H7R3V8Y6TR, STM32H7R3Z8J6, STM32H7R3Z8T6, STM32H7R7A8I6, STM32H7R7I8K6, STM32H7R7I8T6, STM32H7R7L8H6, STM32H7R7L8H6H, STM32H7R7Z8J6, STM32H7S3A8I6, STM32H7S3I8K6, STM32H7S3I8T6, STM32H7S3L8H6, STM32H7S3L8H6H, STM32H7S3R8V6, STM32H7S3V8H6, STM32H7S3V8T6, STM32H7S3V8Y6TR, STM32H7S3Z8J6, STM32H7S3Z8T6, STM32H7S78-DK, STM32H7S7A8I6, STM32H7S7I8K6, STM32H7S7I8T6, STM32H7S7L8H6, STM32H7S7L8H6H, STM32H7S7Z8J6, STM32L4R5QGI6STR, STM32MP131AAE3, STM32MP131AAF3, STM32MP131AAG3, STM32MP131CAE3, STM32MP131CAF3, STM32MP131CAG3, STM32MP131DAE7, STM32MP131DAF7, STM32MP131DAG7, STM32MP131FAE7, STM32MP131FAF7, STM32MP131FAG7, STM32MP133AAE3, STM32MP133AAF3, STM32MP133AAG3, STM32MP133CAE3, STM32MP133CAF3, STM32MP133CAG3, STM32MP133DAE7, STM32MP133DAF7, STM32MP133DAG7, STM32MP133FAE7, STM32MP133FAF7, STM32MP133FAG7, STM32MP135AAE3, STM32MP135AAF3, STM32MP135AAG3, STM32MP135CAE3, STM32MP135CAF3, STM32MP135CAG3, STM32MP135DAE7, STM32MP135DAF7, STM32MP135DAG7, STM32MP135F-DK, STM32MP135FAE7, STM32MP135FAF7, STM32MP135FAF7T, STM32MP135FAF7U, STM32MP135FAG7, STM32MP211AAL3, STM32MP211AAM3, STM32MP211AAN3, STM32MP211AAO3, STM32MP211CAL3, STM32MP211CAM3, STM32MP211CAN3, STM32MP211CAO3, STM32MP211DAL3, STM32MP211DAM3, STM32MP211DAN3, STM32MP211DAO3, STM32MP211FAL3, STM32MP211FAM3, STM32MP211FAN3, STM32MP211FAO3, STM32MP213AAL3, STM32MP213AAM3, STM32MP213AAN3, STM32MP213AAO3, STM32MP213CAL3, STM32MP213CAM3, STM32MP213CAN3, STM32MP213CAO3, STM32MP213DAL3, STM32MP213DAM3, STM32MP213DAN3, STM32MP213DAO3, STM32MP213FAL3, STM32MP213FAM3, STM32MP213FAN3, STM32MP213FAO3, STM32MP215AAL3, STM32MP215AAM3, STM32MP215AAN3, STM32MP215AAO3, STM32MP215CAL3, STM32MP215CAM3, STM32MP215CAN3, STM32MP215CAO3, STM32MP215DAL3, STM32MP215DAM3, STM32MP215DAN3, STM32MP215DAO3, STM32MP215F-DK, STM32MP215FAL3, STM32MP215FAM3, STM32MP215FAN3, STM32MP215FAO3, STM32MP231AAJ3, STM32MP231AAK3, STM32MP231AAL3, STM32MP231CAJ3, STM32MP231CAK3, STM32MP231CAL3, STM32MP231DAJ3, STM32MP231DAK3, STM32MP231DAL3, STM32MP231FAJ3, STM32MP231FAK3, STM32MP231FAL3, STM32MP233AAJ3, STM32MP233AAK3, STM32MP233AAL3, STM32MP233CAJ3, STM32MP233CAK3, STM32MP233CAL3, STM32MP233DAJ3, STM32MP233DAK3, STM32MP233DAL3, STM32MP233FAJ3, STM32MP233FAK3, STM32MP233FAL3, STM32MP235AAJ3, STM32MP235AAK3, STM32MP235AAL3, STM32MP235CAJ3, STM32MP235CAK3, STM32MP235CAL3, STM32MP235DAJ3, STM32MP235DAK3, STM32MP235DAL3, STM32MP235FAJ3, STM32MP235FAK3, STM32MP235FAL3, STM32MP251AAI3, STM32MP251AAK3, STM32MP251AAL3, STM32MP251CAI3, STM32MP251CAK3, STM32MP251CAL3, STM32MP251DAI3, STM32MP251DAK3, STM32MP251DAL3, STM32MP251FAI3, STM32MP251FAK3, STM32MP251FAL3, STM32MP253AAI3, STM32MP253AAK3, STM32MP253AAL3, STM32MP253CAI3, STM32MP253CAK3, STM32MP253CAL3, STM32MP253DAI3, STM32MP253DAK3, STM32MP253DAL3, STM32MP253FAI3, STM32MP253FAK3, STM32MP253FAL3, STM32MP255AAI3, STM32MP255AAK3, STM32MP255AAL3, STM32MP255CAI3, STM32MP255CAK3, STM32MP255CAL3, STM32MP255DAI3, STM32MP255DAK3, STM32MP255DAL3, STM32MP255FAI3, STM32MP255FAK3, STM32MP255FAL3, STM32MP257AAI3, STM32MP257AAK3, STM32MP257AAL3, STM32MP257CAI3, STM32MP257CAK3, STM32MP257CAL3, STM32MP257DAI3, STM32MP257DAK3, STM32MP257DAL3, STM32MP257F-DK, STM32MP257F-EV1, STM32MP257FAI3, STM32MP257FAK3, STM32MP257FAL3, STM32N645A0H3Q, STM32N645B0H3Q, STM32N645I0H3Q, STM32N645L0H3Q, STM32N645X0H3Q, STM32N645Z0H3Q, STM32N647A0H3Q, STM32N647B0H3Q, STM32N647I0H3Q, STM32N647L0H3Q, STM32N647X0H3Q, STM32N647Z0H3Q, STM32N655A0H3Q, STM32N655B0H3Q, STM32N655I0H3Q, STM32N655L0H3Q, STM32N655X0H3Q, STM32N655Z0H3Q, STM32N6570-DK, STM32N657A0H3Q, STM32N657B0H3Q, STM32N657I0H3Q, STM32N657L0H3Q, STM32N657X0H3Q, STM32N657Z0H3Q, STM32U031C6T6, STM32U031C6U6, STM32U031C8T6, STM32U031C8U6, STM32U031F4P6, STM32U031F6P6, STM32U031F8P6, STM32U031G6Y6TR, STM32U031G8Y6TR, STM32U031K4U6, STM32U031K6U6, STM32U031K8U6, STM32U031R6I6, STM32U031R6T6, STM32U031R8I6, STM32U031R8T6, STM32U073C8T6, STM32U073C8U6, STM32U073CBT6, STM32U073CBU6, STM32U073CCT6, STM32U073CCU6, STM32U073H8Y6TR, STM32U073HBY6TR, STM32U073HCY6TR, STM32U073K8U6, STM32U073KBU6, STM32U073KCU6, STM32U073M8I6, STM32U073M8T6, STM32U073MBI6, STM32U073MBT6, STM32U073MCI6, STM32U073MCT6, STM32U073R8I6, STM32U073R8T6, STM32U073RBI6, STM32U073RBT6, STM32U073RCI6, STM32U073RCT6, STM32U083C-DK, STM32U083CCT6, STM32U083CCU6, STM32U083HCY6TR, STM32U083KCU6, STM32U083MCI6, STM32U083MCT6, STM32U083RCI6, STM32U083RCT6, STM32U375CET6, STM32U375CET6Q, STM32U375CEU6, STM32U375CEU6Q, STM32U375CEY6QTR, STM32U375CGT6, STM32U375CGT6Q, STM32U375CGU6, STM32U375CGU6Q, STM32U375CGY6QTR, STM32U375KEU6, STM32U375KGU6, STM32U375REI6, STM32U375REI6Q, STM32U375RET6, STM32U375RET6Q, STM32U375REY6GTR, STM32U375REY6QTR, STM32U375RGI6, STM32U375RGI6Q, STM32U375RGT6, STM32U375RGT6Q, STM32U375RGY6GTR, STM32U375RGY6QTR, STM32U375VEI6, STM32U375VEI6Q, STM32U375VET6, STM32U375VET6Q, STM32U375VGI6, STM32U375VGI6Q, STM32U375VGT6, STM32U375VGT6Q, STM32U385CGT6, STM32U385CGT6Q, STM32U385CGU6, STM32U385CGU6Q, STM32U385CGY6QTR, STM32U385KGU6, STM32U385RGI6, STM32U385RGI6Q, STM32U385RGT6, STM32U385RGT6Q, STM32U385RGY6GTR, STM32U385RGY6QTR, STM32U385VGI6, STM32U385VGI6Q, STM32U385VGT6, STM32U385VGT6Q, STM32U535CBT6, STM32U535CBT6Q, STM32U535CBU6, STM32U535CBU6Q, STM32U535CCT6, STM32U535CCT6Q, STM32U535CCU6, STM32U535CCU6Q, STM32U535CET6, STM32U535CET6Q, STM32U535CEU6, STM32U535CEU6Q, STM32U535JEY6QTR, STM32U535NCY6QTR, STM32U535NEY6QTR, STM32U535RBI6, STM32U535RBI6Q, STM32U535RBT6, STM32U535RBT6Q, STM32U535RCI6, STM32U535RCI6Q, STM32U535RCT6, STM32U535RCT6Q, STM32U535REI6, STM32U535REI6Q, STM32U535RET6, STM32U535RET6Q, STM32U535VCI6, STM32U535VCI6Q, STM32U535VCT6, STM32U535VCT6Q, STM32U535VEI6, STM32U535VEI6Q, STM32U535VET6, STM32U535VET6Q, STM32U545CET6, STM32U545CET6Q, STM32U545CEU6, STM32U545CEU6Q, STM32U545JEY6QTR, STM32U545NEY6QTR, STM32U545REI6, STM32U545REI6Q, STM32U545RET6, STM32U545RET6Q, STM32U545VEI6, STM32U545VEI6Q, STM32U545VET6, STM32U545VET6Q, STM32U595AIH6, STM32U595AIH6Q, STM32U595AJH6, STM32U595AJH6Q, STM32U595QII6, STM32U595QII6Q, STM32U595QJI6, STM32U595QJI6Q, STM32U595RIT6, STM32U595RIT6Q, STM32U595RJT6, STM32U595RJT6Q, STM32U595VIT6, STM32U595VIT6Q, STM32U595VJT6, STM32U595VJT6Q, STM32U595ZIT6, STM32U595ZIT6Q, STM32U595ZIY6QTR, STM32U595ZJT6, STM32U595ZJT6Q, STM32U595ZJY6QTR, STM32U599BJY6QTR, STM32U599NIH6Q, STM32U599NJH6Q, STM32U599VIT6Q, STM32U599VJT6, STM32U599VJT6Q, STM32U599ZIT6Q, STM32U599ZIY6QTR, STM32U599ZJT6Q, STM32U599ZJY6QTR, STM32U5A5AJH6, STM32U5A5AJH6Q, STM32U5A5QII3Q , STM32U5A5QJI6, STM32U5A5QJI6Q, STM32U5A5RJT6, STM32U5A5RJT6Q, STM32U5A5VJT6, STM32U5A5VJT6Q, STM32U5A5ZJT6, STM32U5A5ZJT6Q, STM32U5A5ZJY6QTR, STM32U5A9BJY6QTR, STM32U5A9J-DK, STM32U5A9NJH6Q, STM32U5A9VJT6Q, STM32U5A9ZJT6Q, STM32U5A9ZJY6QTR, STM32U5F7VIT6, STM32U5F7VIT6Q, STM32U5F7VJT6, STM32U5F7VJT6Q, STM32U5F9BJY6QTR, STM32U5F9NJH6Q, STM32U5F9VIT6Q, STM32U5F9VJT6Q, STM32U5F9ZIJ6QTR, STM32U5F9ZIT6Q, STM32U5F9ZJJ6QTR, STM32U5F9ZJT6Q, STM32U5G7VJT6, STM32U5G7VJT6Q, STM32U5G9BJY6QTR, STM32U5G9J-DK1, STM32U5G9J-DK2, STM32U5G9NJH6Q, STM32U5G9VJT6Q, STM32U5G9ZJJ6QTR, STM32U5G9ZJT6Q, STM32WB05KZV6TR, STM32WB05KZV7TR, STM32WB05TZF6TR, STM32WB05TZF7TR, STM32WB06CCF6TR, STM32WB06CCF7TR, STM32WB06CCV6TR, STM32WB06CCV7TR, STM32WB06KCV6TR, STM32WB06KCV7TR, STM32WB07CCF6TR, STM32WB07CCF7TR, STM32WB07CCV6TR, STM32WB07CCV7TR, STM32WB07KCV6TR, STM32WB07KCV7TR, STM32WB09KEV6TR, STM32WB09KEV7TR, STM32WB09TEF6TR, STM32WB09TEF7TR, STM32WB1MMCH6, STM32WBA50KGU6, STM32WBA50KGU6TR, STM32WBA52CEU6, STM32WBA52CEU6TR, STM32WBA52CEU7, STM32WBA52CEU7TR, STM32WBA52CGU6, STM32WBA52CGU6TR, STM32WBA52CGU6U, STM32WBA52CGU7, STM32WBA52CGU7TR, STM32WBA52KEU6, STM32WBA52KEU6TR, STM32WBA52KGU6, STM32WBA52KGU6TR, STM32WBA54CEU6, STM32WBA54CEU6TR, STM32WBA54CEU7, STM32WBA54CEU7TR, STM32WBA54CGU6, STM32WBA54CGU6TR, STM32WBA54CGU7, STM32WBA54CGU7TR, STM32WBA54KEU6, STM32WBA54KEU6TR, STM32WBA54KEU7, STM32WBA54KEU7TR, STM32WBA54KGU6, STM32WBA54KGU6TR, STM32WBA54KGU7, STM32WBA54KGU7TR, STM32WBA55CEU6, STM32WBA55CEU6TR, STM32WBA55CEU7, STM32WBA55CEU7TR, STM32WBA55CGU6, STM32WBA55CGU6TR, STM32WBA55CGU6U, STM32WBA55CGU7, STM32WBA55CGU7TR, STM32WBA55G-DK1, STM32WBA55HEF6, STM32WBA55HEF7, STM32WBA55HGF6, STM32WBA55HGF7, STM32WBA55UEI6, STM32WBA55UEI6TR, STM32WBA55UEI7, STM32WBA55UEI7TR, STM32WBA55UGI6, STM32WBA55UGI6TR, STM32WBA55UGI7, STM32WBA55UGI7TR, STM32WBA5MMGH6TR, STM32WBA62MGF6, STM32WBA62MIF6, STM32WBA65MGF7, STM32WBA65MIF6, STM32WBA65MIF7, STM32WL30K8V6, STM32WL30KBV6, STM32WL31C8V6, STM32WL31CBV6, STM32WL31K8V6, STM32WL31KBV6, STM32WL33C8V6, STM32WL33C8V6X, STM32WL33CBV6, STM32WL33CBV6X, STM32WL33CCV6, STM32WL33CCV6A, STM32WL33CCV6X, STM32WL33K8V7, STM32WL33K8V7X, STM32WL33KBV7 , STM32WL33KBV7X, STM32WL33KCV7, STM32WL33KCV7X, STM32WL5MOCH6, STM32WL5MOCH6TR]
2026-02-10 22:15:54,165 [INFO] DbMcus:218 - Found 4876 MCUs, 4876 are supported
2026-02-10 22:15:54,177 [INFO] ApiDb:423 - Load user favorites file /Users/karthikkurapati/.stm32cubeide/favorites.mcus.txt: 0 item(s)
2026-02-10 22:15:54,178 [INFO] ApiDb:427 - User favorites MCUs=[]
2026-02-10 22:15:54,178 [INFO] DbMcus:224 - Set 0 / 0 favorites MCUs
2026-02-10 22:15:54,966 [INFO] BoardInfo:889 - No configuration file found for board P-NUCLEO-WB55
2026-02-10 22:15:54,967 [INFO] DbBoards:161 - Kit is not supported: P-NUCLEO-WB55
2026-02-10 22:15:54,977 [INFO] BoardInfo:889 - No configuration file found for board STEVAL-BFA001V1B
2026-02-10 22:15:54,978 [INFO] DbBoards:161 - Kit is not supported: STEVAL-BFA001V1B
2026-02-10 22:15:54,980 [INFO] BoardInfo:889 - No configuration file found for board STEVAL-BFA001V2B
2026-02-10 22:15:54,980 [INFO] DbBoards:161 - Kit is not supported: STEVAL-BFA001V2B
2026-02-10 22:15:55,330 [INFO] DbBoards:168 - Found 212 boards, 209 are supported
2026-02-10 22:15:55,330 [INFO] DbBoards:169 - Found 212 boards, 43 of them is supported for  Bsp
2026-02-10 22:15:55,338 [INFO] ApiDb:423 - Load user favorites file /Users/karthikkurapati/.stm32cubeide/favorites.boards.txt: 0 item(s)
2026-02-10 22:15:55,338 [INFO] ApiDb:427 - User favorites Boards=[]
2026-02-10 22:15:55,338 [INFO] DbBoards:198 - Set 0 / 0 favorites Boards
2026-02-10 22:15:55,569 [INFO] UtilMem:75 - End LoadConfig() Used Memory: 439355392 Bytes (666894336)
2026-02-10 22:15:55,878 [WARN] ThirdParty:833 - waiting for thirdparty lock release [change project]
2026-02-10 22:15:55,890 [INFO] ThirdParty:835 - entering critical section [change project]
2026-02-10 22:15:55,891 [INFO] ThirdParty:1030 - CMSIS Pack Vendor :STMicroelectronics X-CUBE-PM33A1 1.0.0
2026-02-10 22:15:55,892 [INFO] ThirdParty:1030 - CMSIS Pack Vendor :STMicroelectronics USBPD 4.1
2026-02-10 22:15:55,892 [INFO] ThirdParty:1030 - CMSIS Pack Vendor :STMicroelectronics X-CUBE-NFC9 1.0.0
2026-02-10 22:15:55,892 [INFO] ThirdParty:1030 - CMSIS Pack Vendor :STMicroelectronics USB_HOST 2.0.0
2026-02-10 22:15:55,892 [INFO] ThirdParty:1030 - CMSIS Pack Vendor :STMicroelectronics FP-SNS-MOTENVWB1 1.4.0
2026-02-10 22:15:55,892 [INFO] ThirdParty:1030 - CMSIS Pack Vendor :STMicroelectronics X-CUBE-AZRTOS-F4 1.1.0
2026-02-10 22:15:55,892 [INFO] ThirdParty:1030 - CMSIS Pack Vendor :STMicroelectronics LIBJPEG 8.0.0
2026-02-10 22:15:55,892 [INFO] ThirdParty:1030 - CMSIS Pack Vendor :STMicroelectronics FP-ATR-ASTRA1 2.0.2
2026-02-10 22:15:55,892 [INFO] ThirdParty:1030 - CMSIS Pack Vendor :wolfSSL I-CUBE-wolfSSL 5.8.2
2026-02-10 22:15:55,892 [INFO] ThirdParty:1030 - CMSIS Pack Vendor :STMicroelectronics X-CUBE-BLE1 7.1.0
2026-02-10 22:15:55,892 [INFO] ThirdParty:1030 - CMSIS Pack Vendor :Avnet-IotConnect X-CUBE-IoTC-DA16k-PMOD 1.0.0
2026-02-10 22:15:55,892 [INFO] ThirdParty:1030 - CMSIS Pack Vendor :STMicroelectronics X-CUBE-SMBUS 2.1.0
2026-02-10 22:15:55,892 [INFO] ThirdParty:1030 - CMSIS Pack Vendor :wolfSSL I-CUBE-wolfMQTT 1.19.2
2026-02-10 22:15:55,892 [INFO] ThirdParty:1030 - CMSIS Pack Vendor :STMicroelectronics USB_DEVICE 3.0.0
2026-02-10 22:15:55,892 [INFO] ThirdParty:1030 - CMSIS Pack Vendor :STMicroelectronics X-CUBE-ISPU 2.1.0
2026-02-10 22:15:55,892 [INFO] ThirdParty:1030 - CMSIS Pack Vendor :STMicroelectronics X-CUBE-FREERTOS 1.4.0
2026-02-10 22:15:55,892 [INFO] ThirdParty:1030 - CMSIS Pack Vendor :STMicroelectronics X-CUBE-EEPRMA1 5.2.0
2026-02-10 22:15:55,892 [INFO] ThirdParty:1030 - CMSIS Pack Vendor :STMicroelectronics X-CUBE-IPS 3.2.0
2026-02-10 22:15:55,892 [INFO] ThirdParty:1030 - CMSIS Pack Vendor :STMicroelectronics X-CUBE-BLEMGR 4.1.0
2026-02-10 22:15:55,892 [INFO] ThirdParty:1030 - CMSIS Pack Vendor :STMicroelectronics X-CUBE-AZRTOS-WB 2.0.0
2026-02-10 22:15:55,892 [INFO] ThirdParty:1030 - CMSIS Pack Vendor :STMicroelectronics X-CUBE-ST60 1.0.0
2026-02-10 22:15:55,892 [INFO] ThirdParty:1030 - CMSIS Pack Vendor :STMicroelectronics X-CUBE-GNSS1 7.0.1
2026-02-10 22:15:55,892 [INFO] ThirdParty:1030 - CMSIS Pack Vendor :STMicroelectronics X-CUBE-NFC12 1.0.0
2026-02-10 22:15:55,892 [INFO] ThirdParty:1030 - CMSIS Pack Vendor :STMicroelectronics X-CUBE-AZRTOS-F7 1.1.0
2026-02-10 22:15:55,893 [INFO] ThirdParty:1030 - CMSIS Pack Vendor :STMicroelectronics X-CUBE-AZRTOS-L5 2.0.0
2026-02-10 22:15:55,893 [INFO] ThirdParty:1030 - CMSIS Pack Vendor :STMicroelectronics X-CUBE-TOUCHGFX 4.25.0
2026-02-10 22:15:55,893 [INFO] ThirdParty:1030 - CMSIS Pack Vendor :STMicroelectronics USB_DEVICE 2.0.0
2026-02-10 22:15:55,893 [INFO] ThirdParty:1030 - CMSIS Pack Vendor :STMicroelectronics X-CUBE-NFC6 3.1.0
2026-02-10 22:15:55,893 [INFO] ThirdParty:1030 - CMSIS Pack Vendor :STMicroelectronics X-CUBE-ST67W61 1.1.0
2026-02-10 22:15:55,893 [INFO] ThirdParty:1030 - CMSIS Pack Vendor :quantropi X-CUBE-qispace-sdk-base 2.1.0
2026-02-10 22:15:55,893 [INFO] ThirdParty:1030 - CMSIS Pack Vendor :STMicroelectronics X-CUBE-MEMS1 12.0.0
2026-02-10 22:15:55,893 [INFO] ThirdParty:1030 - CMSIS Pack Vendor :STMicroelectronics X-CUBE-STSE01 2.0.0
2026-02-10 22:15:55,893 [INFO] ThirdParty:1030 - CMSIS Pack Vendor :STMicroelectronics FP-SNS-MOTENV1 5.1.0
2026-02-10 22:15:55,893 [INFO] ThirdParty:1030 - CMSIS Pack Vendor :STMicroelectronics FreeRTOS 0.0.1
2026-02-10 22:15:55,893 [INFO] ThirdParty:1030 - CMSIS Pack Vendor :STMicroelectronics X-CUBE-AZRTOS-G0 1.1.0
2026-02-10 22:15:55,893 [INFO] ThirdParty:1030 - CMSIS Pack Vendor :STMicroelectronics X-CUBE-SAFEA1 1.2.2
2026-02-10 22:15:55,893 [INFO] ThirdParty:1030 - CMSIS Pack Vendor :STMicroelectronics X-CUBE-NFC4 3.0.0
2026-02-10 22:15:55,893 [INFO] ThirdParty:1030 - CMSIS Pack Vendor :STMicroelectronics X-CUBE-SUBG2 5.0.0
2026-02-10 22:15:55,893 [INFO] ThirdParty:1030 - CMSIS Pack Vendor :STMicroelectronics X-CUBE-AZRTOS-H7RS 1.1.0
2026-02-10 22:15:55,893 [INFO] ThirdParty:1030 - CMSIS Pack Vendor :STMicroelectronics STM32_WPAN 1.0.0
2026-02-10 22:15:55,893 [INFO] ThirdParty:1030 - CMSIS Pack Vendor :EmbeddedOffice I-CUBE-FS-RTOS 1.0.1
2026-02-10 22:15:55,893 [INFO] ThirdParty:1030 - CMSIS Pack Vendor :STMicroelectronics lwIP 2.0.3
2026-02-10 22:15:55,893 [INFO] ThirdParty:1030 - CMSIS Pack Vendor :WES I-CUBE-Cesium 1.4.0
2026-02-10 22:15:55,893 [INFO] ThirdParty:1030 - CMSIS Pack Vendor :Cesanta I-CUBE-Mongoose 7.13.0
2026-02-10 22:15:55,893 [INFO] ThirdParty:1030 - CMSIS Pack Vendor :STMicroelectronics USB_HOST 1.0.0
2026-02-10 22:15:55,893 [INFO] ThirdParty:1030 - CMSIS Pack Vendor :Infineon AIROC-Wi-Fi-Bluetooth-STM32 1.7.1
2026-02-10 22:15:55,893 [INFO] ThirdParty:1030 - CMSIS Pack Vendor :STMicroelectronics X-CUBE-AZRTOS-G4 2.0.0
2026-02-10 22:15:55,893 [INFO] ThirdParty:1030 - CMSIS Pack Vendor :STMicroelectronics X-CUBE-WB05N 2.0.0
2026-02-10 22:15:55,893 [INFO] ThirdParty:1030 - CMSIS Pack Vendor :STMicroelectronics PDM2PCM 3.1.0
2026-02-10 22:15:55,894 [INFO] ThirdParty:1030 - CMSIS Pack Vendor :STMicroelectronics PDM2PCM 3.3.0
2026-02-10 22:15:55,894 [INFO] ThirdParty:1030 - CMSIS Pack Vendor :wolfSSL I-CUBE-wolfTPM 3.8.0
2026-02-10 22:15:55,894 [INFO] ThirdParty:1030 - CMSIS Pack Vendor :STMicroelectronics X-CUBE-AZRTOS-H7 3.4.0
2026-02-10 22:15:55,894 [INFO] ThirdParty:1030 - CMSIS Pack Vendor :STMicroelectronics X-CUBE-DISPLAY 3.0.0
2026-02-10 22:15:55,894 [INFO] ThirdParty:1030 - CMSIS Pack Vendor :wolfSSL I-CUBE-wolfSSH 1.4.20
2026-02-10 22:15:55,894 [INFO] ThirdParty:1030 - CMSIS Pack Vendor :STMicroelectronics X-CUBE-NFC7 2.0.0
2026-02-10 22:15:55,894 [INFO] ThirdParty:1030 - CMSIS Pack Vendor :STMicroelectronics X-CUBE-TCPP 4.2.0
2026-02-10 22:15:55,894 [INFO] ThirdParty:1030 - CMSIS Pack Vendor :RealThread X-CUBE-RT-Thread_Nano 4.1.1
2026-02-10 22:15:55,894 [INFO] ThirdParty:1030 - CMSIS Pack Vendor :STMicroelectronics FP-ATR-SIGFOX1 3.2.0
2026-02-10 22:15:55,894 [INFO] ThirdParty:1030 - CMSIS Pack Vendor :STMicroelectronics X-CUBE-NFC10 1.0.0
2026-02-10 22:15:55,894 [INFO] ThirdParty:1030 - CMSIS Pack Vendor :STMicroelectronics X-CUBE-FREERTOS 1.3.1
2026-02-10 22:15:55,894 [INFO] ThirdParty:1030 - CMSIS Pack Vendor :STMicroelectronics HAL Drivers 0.0.0
2026-02-10 22:15:55,894 [INFO] ThirdParty:1030 - CMSIS Pack Vendor :STMicroelectronics MBEDTLS 2.16.2
2026-02-10 22:15:55,894 [INFO] ThirdParty:1030 - CMSIS Pack Vendor :STMicroelectronics X-CUBE-ST60 1.1.0
2026-02-10 22:15:55,894 [INFO] ThirdParty:1030 - CMSIS Pack Vendor :STMicroelectronics X-CUBE-IPS 3.1.0
2026-02-10 22:15:55,894 [INFO] ThirdParty:1030 - CMSIS Pack Vendor :STMicroelectronics X-CUBE-ALS 1.0.2
2026-02-10 22:15:55,894 [INFO] ThirdParty:1030 - CMSIS Pack Vendor :emotas I-CUBE-CANOPEN 1.3.0
2026-02-10 22:15:55,894 [INFO] ThirdParty:1030 - CMSIS Pack Vendor :STMicroelectronics MBEDTLS 2.14.1
2026-02-10 22:15:55,894 [INFO] ThirdParty:1030 - CMSIS Pack Vendor :STMicroelectronics X-CUBE-GNSS1 7.1.0
2026-02-10 22:15:55,894 [INFO] ThirdParty:1030 - CMSIS Pack Vendor :ITTIA_DB I-CUBE-ITTIADB 8.9.0
2026-02-10 22:15:55,894 [INFO] ThirdParty:1030 - CMSIS Pack Vendor :STMicroelectronics X-CUBE-TOUCHGFX 4.26.0
2026-02-10 22:15:55,894 [INFO] ThirdParty:1030 - CMSIS Pack Vendor :STMicroelectronics X-CUBE-STSE01 1.0.0
2026-02-10 22:15:55,894 [INFO] ThirdParty:1030 - CMSIS Pack Vendor :STMicroelectronics X-CUBE-NFC6 3.2.0
2026-02-10 22:15:55,895 [INFO] ThirdParty:1030 - CMSIS Pack Vendor :STMicroelectronics X-CUBE-ST67W61 1.0.0
2026-02-10 22:15:55,895 [INFO] ThirdParty:1030 - CMSIS Pack Vendor :STMicroelectronics FP-SNS-STBOX1 2.1.0
2026-02-10 22:15:55,897 [INFO] ThirdParty:1030 - CMSIS Pack Vendor :STMicroelectronics X-CUBE-AI 10.2.0
2026-02-10 22:15:55,897 [INFO] ThirdParty:1030 - CMSIS Pack Vendor :STMicroelectronics FP-SNS-STAIOTCFT 1.0.0
2026-02-10 22:15:55,897 [INFO] ThirdParty:1030 - CMSIS Pack Vendor :STMicroelectronics ThreadX 1.0.0
2026-02-10 22:15:55,897 [INFO] ThirdParty:1030 - CMSIS Pack Vendor :STMicroelectronics FP-SNS-SMARTAG2 1.2.0
2026-02-10 22:15:55,897 [INFO] ThirdParty:1030 - CMSIS Pack Vendor :STMicroelectronics FP-SNS-FLIGHT1 5.1.0
2026-02-10 22:15:55,897 [INFO] ThirdParty:1030 - CMSIS Pack Vendor :STMicroelectronics X-CUBE-AZRTOS-WL 2.0.0
2026-02-10 22:15:55,897 [INFO] ThirdParty:1030 - CMSIS Pack Vendor :SEGGER I-CUBE-embOS 1.3.1
2026-02-10 22:15:55,897 [INFO] ThirdParty:1030 - CMSIS Pack Vendor :STMicroelectronics X-CUBE-ALGOBUILD 1.4.0
2026-02-10 22:15:55,897 [INFO] ThirdParty:1030 - CMSIS Pack Vendor :STMicroelectronics X-CUBE-DPower 1.3.0
2026-02-10 22:15:55,897 [INFO] ThirdParty:1030 - CMSIS Pack Vendor :STMicroelectronics X-CUBE-MEMS1 11.3.0
2026-02-10 22:15:55,898 [INFO] ThirdParty:1030 - CMSIS Pack Vendor :STMicroelectronics FP-SNS-MOTENV1 5.0.0
2026-02-10 22:15:55,898 [INFO] ThirdParty:1030 - CMSIS Pack Vendor :STMicroelectronics USB_DEVICE 1.0.0
2026-02-10 22:15:55,898 [INFO] ThirdParty:1030 - CMSIS Pack Vendor :STMicroelectronics X-CUBE-AZRTOS-H7RS 1.2.0
2026-02-10 22:15:55,898 [INFO] ThirdParty:1030 - CMSIS Pack Vendor :STMicroelectronics X-CUBE-AZRTOS-L4 2.0.0
2026-02-10 22:15:55,898 [INFO] ThirdParty:1030 - CMSIS Pack Vendor :STMicroelectronics ThreadX 0.0.2
2026-02-10 22:15:55,898 [INFO] ThirdParty:1030 - CMSIS Pack Vendor :STMicroelectronics lwIP 2.1.2
2026-02-10 22:15:55,898 [INFO] ThirdParty:1030 - CMSIS Pack Vendor :STMicroelectronics X-CUBE-SFXS2LP1 4.0.0
2026-02-10 22:15:55,898 [INFO] ThirdParty:1030 - CMSIS Pack Vendor :STMicroelectronics X-CUBE-BLE2 3.3.0
2026-02-10 22:15:55,898 [INFO] ThirdParty:1030 - CMSIS Pack Vendor :Avnet-IOTCONNECT X-CUBE-iotc-st67-sdk 1.0.0
2026-02-10 22:15:55,899 [INFO] ThirdParty:1030 - CMSIS Pack Vendor :STMicroelectronics X-CUBE-TOF1 3.4.3
2026-02-10 22:15:55,899 [INFO] ThirdParty:1030 - CMSIS Pack Vendor :STMicroelectronics PDM2PCM 3.2.0
2026-02-10 22:15:55,899 [INFO] ThirdParty:1030 - CMSIS Pack Vendor :STMicroelectronics X-CUBE-ST67W61 1.2.0
2026-02-10 22:15:55,906 [INFO] ThirdParty:841 - exiting critical section [change project]
2026-02-10 22:15:58,638 [INFO] PinOutPanel:1589 - setPackage(No Configuration,No Configuration)
2026-02-10 22:15:58,674 [INFO] PinOutPanel:1589 - setPackage(STM32L431CBTx,LQFP48)
2026-02-10 22:16:00,312 [INFO] UtilMem:75 - Before build in PCC Used Memory: 473855480 Bytes (725614592)
2026-02-10 22:16:04,560 [INFO] UtilMem:75 - After build in PCC Used Memory: 403569384 Bytes (796917760)
2026-02-10 22:16:04,747 [INFO] IPUIPlugin:80 - create IPUIPlugin
2026-02-10 22:16:04,750 [INFO] IPUIPlugin:80 - create IPUIPlugin
2026-02-10 22:16:04,751 [INFO] IPUIPlugin:80 - create IPUIPlugin
2026-02-10 22:16:04,751 [INFO] IPUIPlugin:80 - create IPUIPlugin
2026-02-10 22:16:04,752 [INFO] IPUIPlugin:80 - create IPUIPlugin
2026-02-10 22:16:04,752 [INFO] IPUIPlugin:80 - create IPUIPlugin
2026-02-10 22:16:04,752 [INFO] IPUIPlugin:80 - create IPUIPlugin
2026-02-10 22:16:04,752 [INFO] IPUIPlugin:80 - create IPUIPlugin
2026-02-10 22:16:04,752 [INFO] IPUIPlugin:80 - create IPUIPlugin
2026-02-10 22:16:04,753 [INFO] IPUIPlugin:80 - create IPUIPlugin
2026-02-10 22:16:04,753 [INFO] IPUIPlugin:80 - create IPUIPlugin
2026-02-10 22:16:04,753 [INFO] IPUIPlugin:80 - create IPUIPlugin
2026-02-10 22:16:04,753 [INFO] IPUIPlugin:80 - create IPUIPlugin
2026-02-10 22:16:04,754 [INFO] IPUIPlugin:80 - create IPUIPlugin
2026-02-10 22:16:04,754 [INFO] IPUIPlugin:80 - create IPUIPlugin
2026-02-10 22:16:04,754 [INFO] IPUIPlugin:80 - create IPUIPlugin
2026-02-10 22:16:04,758 [INFO] IPUIPlugin:80 - create IPUIPlugin
2026-02-10 22:16:04,758 [INFO] IPUIPlugin:80 - create IPUIPlugin
2026-02-10 22:16:04,758 [INFO] IPUIPlugin:80 - create IPUIPlugin
2026-02-10 22:16:04,758 [INFO] IPUIPlugin:80 - create IPUIPlugin
2026-02-10 22:16:04,759 [INFO] IPUIPlugin:80 - create IPUIPlugin
2026-02-10 22:16:04,759 [INFO] IPUIPlugin:80 - create IPUIPlugin
2026-02-10 22:16:04,759 [INFO] IPUIPlugin:80 - create IPUIPlugin
2026-02-10 22:16:04,759 [INFO] IPUIPlugin:80 - create IPUIPlugin
2026-02-10 22:16:04,759 [INFO] IPUIPlugin:80 - create IPUIPlugin
2026-02-10 22:16:04,759 [INFO] IPUIPlugin:80 - create IPUIPlugin
2026-02-10 22:16:04,760 [INFO] IPUIPlugin:80 - create IPUIPlugin
2026-02-10 22:16:04,760 [INFO] IPUIPlugin:80 - create IPUIPlugin
2026-02-10 22:16:04,760 [INFO] IPUIPlugin:80 - create IPUIPlugin
2026-02-10 22:16:04,761 [INFO] IPUIPlugin:80 - create IPUIPlugin
2026-02-10 22:16:04,761 [INFO] IPUIPlugin:80 - create IPUIPlugin
2026-02-10 22:16:04,761 [INFO] IPUIPlugin:80 - create IPUIPlugin
2026-02-10 22:16:04,761 [INFO] IPUIPlugin:80 - create IPUIPlugin
2026-02-10 22:16:04,761 [INFO] IPUIPlugin:80 - create IPUIPlugin
2026-02-10 22:16:04,761 [INFO] IPUIPlugin:80 - create IPUIPlugin
2026-02-10 22:16:04,761 [INFO] IPUIPlugin:80 - create IPUIPlugin
2026-02-10 22:16:04,761 [INFO] IPUIPlugin:80 - create IPUIPlugin
2026-02-10 22:16:04,762 [INFO] IPUIPlugin:80 - create IPUIPlugin
2026-02-10 22:16:04,762 [INFO] IPUIPlugin:80 - create IPUIPlugin
2026-02-10 22:16:04,762 [INFO] IPUIPlugin:80 - create IPUIPlugin
2026-02-10 22:16:04,762 [INFO] IPUIPlugin:80 - create IPUIPlugin
2026-02-10 22:16:04,762 [INFO] IPUIPlugin:80 - create IPUIPlugin
2026-02-10 22:16:05,144 [INFO] CADModel:165 - CPN selected for project levelSTM32L431CBT6
2026-02-10 22:16:05,144 [INFO] CADModel:114 - Register for checkConnection events
2026-02-10 22:16:05,193 [INFO] OpenFileManager:386 - Restore cursor
2026-02-10 22:17:06,601 [INFO] I2cTimingTraitement:330 - 0x00100D14
2026-02-10 22:17:29,451 [INFO] ParamManager:905 - [Generic UI] PropertyChangeEvent: TAB_STATUS_CHANGED , "dont care", "never mind"
2026-02-10 22:17:29,522 [INFO] ParamManager:905 - [Generic UI] PropertyChangeEvent: TAB_STATUS_CHANGED , "dont care", "never mind"
2026-02-10 22:17:29,554 [INFO] ADCParametersView:116 -                Rank 1 : false
2026-02-10 22:17:29,753 [INFO] ADCParametersView:116 -                Rank 1 : false
2026-02-10 22:17:29,753 [INFO] ADCParametersView:116 -                Rank 1 : false
2026-02-10 22:17:29,754 [INFO] ADCParametersView:116 -                Rank 1 : false
2026-02-10 22:17:29,754 [INFO] ADCParametersView:116 -                Rank 1 : false
2026-02-10 22:17:29,754 [INFO] ADCParametersView:116 -                Rank 1 : false
2026-02-10 22:17:29,755 [INFO] ADCParametersView:116 -                Rank 1 : false
2026-02-10 22:17:29,755 [INFO] ADCParametersView:116 -                Rank 1 : false
2026-02-10 22:17:29,755 [INFO] ADCParametersView:116 -                Rank 1 : false
2026-02-10 22:17:29,755 [INFO] ADCParametersView:116 -                Rank 1 : false
2026-02-10 22:17:29,756 [INFO] ADCParametersView:116 -                Rank 1 : false
2026-02-10 22:17:29,756 [INFO] ADCParametersView:116 -                Rank 1 : false
2026-02-10 22:17:29,757 [INFO] ADCParametersView:116 -                Rank 1 : false
2026-02-10 22:17:29,757 [INFO] ADCParametersView:116 -                Rank 1 : false
2026-02-10 22:17:29,757 [INFO] ADCParametersView:116 -                Rank 1 : false
2026-02-10 22:17:29,757 [INFO] ADCParametersView:116 -                Rank 1 : false
2026-02-10 22:17:29,759 [INFO] ADCParametersView:116 -                Rank 1 : false
2026-02-10 22:17:29,759 [INFO] ADCParametersView:116 -                Rank 1 : false
2026-02-10 22:17:29,759 [INFO] ADCParametersView:116 -                Rank 1 : false
2026-02-10 22:17:29,759 [INFO] ADCParametersView:116 -                Rank 1 : false
2026-02-10 22:17:29,779 [INFO] ADCParametersView:116 -                Rank 1 : false
2026-02-10 22:17:29,972 [INFO] NvicIntPanel:101 - NVIC parent = com.st.microxplorer.plugins.ip.nvic.MultiNvicIntPanel[,0,0,0x0,invalid,layout=javax.swing.BoxLayout,alignmentX=0.0,alignmentY=0.0,border=,flags=9,maximumSize=,minimumSize=,preferredSize=]
2026-02-10 22:17:30,096 [INFO] NvicIntPanel:101 - NVIC parent = com.st.microxplorer.plugins.ip.nvic.MultiNvicIntPanel[,0,0,0x0,invalid,layout=javax.swing.BoxLayout,alignmentX=0.0,alignmentY=0.0,border=,flags=9,maximumSize=,minimumSize=,preferredSize=]
2026-02-10 22:17:30,236 [INFO] NvicIntPanel:101 - NVIC parent = com.st.microxplorer.plugins.ip.nvic.MultiNvicIntPanel[,0,0,0x0,invalid,layout=javax.swing.BoxLayout,alignmentX=0.0,alignmentY=0.0,border=,flags=9,maximumSize=,minimumSize=,preferredSize=]
2026-02-10 22:17:30,324 [INFO] ADCParametersView:116 -                Rank 1 : false
2026-02-10 22:17:30,325 [INFO] ADCParametersView:116 -                Rank 1 : false
2026-02-10 22:17:30,325 [INFO] ADCParametersView:116 -                Rank 1 : false
2026-02-10 22:17:30,326 [INFO] ADCParametersView:116 -                Rank 1 : false
2026-02-10 22:17:30,326 [INFO] ADCParametersView:116 -                Rank 1 : false
2026-02-10 22:17:30,326 [INFO] ADCParametersView:116 -                Rank 1 : false
2026-02-10 22:17:30,327 [INFO] ADCParametersView:116 -                Rank 1 : false
2026-02-10 22:17:30,327 [INFO] ADCParametersView:116 -                Rank 1 : false
2026-02-10 22:17:30,328 [INFO] ADCParametersView:116 -                Rank 1 : false
2026-02-10 22:17:30,328 [INFO] ADCParametersView:116 -                Rank 1 : false
2026-02-10 22:17:30,329 [INFO] ADCParametersView:116 -                Rank 1 : false
2026-02-10 22:17:30,329 [INFO] ADCParametersView:116 -                Rank 1 : false
2026-02-10 22:17:30,329 [INFO] ADCParametersView:116 -                Rank 1 : false
2026-02-10 22:17:30,329 [INFO] ADCParametersView:116 -                Rank 1 : false
2026-02-10 22:17:30,330 [INFO] ADCParametersView:116 -                Rank 1 : false
2026-02-10 22:17:30,330 [INFO] ADCParametersView:116 -                Rank 1 : false
2026-02-10 22:17:30,330 [INFO] ADCParametersView:116 -                Rank 1 : false
2026-02-10 22:17:30,330 [INFO] ADCParametersView:116 -                Rank 1 : false
2026-02-10 22:17:30,330 [INFO] ADCParametersView:116 -                Rank 1 : false
2026-02-10 22:17:30,369 [INFO] ADCParametersView:116 -                Rank 1 : false
2026-02-10 22:17:30,417 [INFO] ADCParametersView:116 -                Rank 1 : false
2026-02-10 22:17:30,418 [INFO] ADCParametersView:116 -                Rank 1 : false
2026-02-10 22:17:30,418 [INFO] ADCParametersView:116 -                Rank 1 : false
2026-02-10 22:17:30,419 [INFO] ADCParametersView:116 -                Rank 1 : false
2026-02-10 22:17:30,419 [INFO] ADCParametersView:116 -                Rank 1 : false
2026-02-10 22:17:30,419 [INFO] ADCParametersView:116 -                Rank 1 : false
2026-02-10 22:17:30,419 [INFO] ADCParametersView:116 -                Rank 1 : false
2026-02-10 22:17:30,420 [INFO] ADCParametersView:116 -                Rank 1 : false
2026-02-10 22:17:30,420 [INFO] ADCParametersView:116 -                Rank 1 : false
2026-02-10 22:17:30,420 [INFO] ADCParametersView:116 -                Rank 1 : false
2026-02-10 22:17:30,420 [INFO] ADCParametersView:116 -                Rank 1 : false
2026-02-10 22:17:30,421 [INFO] ADCParametersView:116 -                Rank 1 : false
2026-02-10 22:17:30,421 [INFO] ADCParametersView:116 -                Rank 1 : false
2026-02-10 22:17:30,421 [INFO] ADCParametersView:116 -                Rank 1 : false
2026-02-10 22:17:30,421 [INFO] ADCParametersView:116 -                Rank 1 : false
2026-02-10 22:17:30,421 [INFO] ADCParametersView:116 -                Rank 1 : false
2026-02-10 22:17:30,421 [INFO] ADCParametersView:116 -                Rank 1 : false
2026-02-10 22:17:30,422 [INFO] ADCParametersView:116 -                Rank 1 : false
2026-02-10 22:17:30,422 [INFO] ADCParametersView:116 -                Rank 1 : false
2026-02-10 22:17:30,956 [INFO] ADCParametersView:116 -                Rank 1 : false
2026-02-10 22:17:40,841 [INFO] UtilMem:75 - End SaveConfig() Used Memory: 816900904 Bytes (1073741824)
2026-02-10 22:17:41,525 [INFO] UtilMem:75 - End SaveConfig() Used Memory: 841544488 Bytes (1073741824)
2026-02-10 22:17:42,115 [INFO] ProjectBuilder:2380 - IP not ready for code generation: Clock
2026-02-10 22:18:02,769 [ERROR] LogOutputStream:75 - [STDERR_REDIRECT] Exception in thread "AWT-EventQueue-0" java.lang.ClassCastException: class sun.lwawt.macosx.CViewEmbeddedFrame cannot be cast to class javax.swing.JFrame (sun.lwawt.macosx.CViewEmbeddedFrame and javax.swing.JFrame are in module java.desktop of loader 'bootstrap')
2026-02-10 22:18:02,775 [ERROR] LogOutputStream:75 - [STDERR_REDIRECT] 	at com.st.microxplorer.plugins.clock.ClockConfigurationView.activatePlugin(ClockConfigurationView.java:424)
2026-02-10 22:18:02,776 [ERROR] LogOutputStream:75 - [STDERR_REDIRECT] 	at com.st.microxplorer.maingui.MainPanel$1.stateChanged(MainPanel.java:385)
2026-02-10 22:18:02,776 [ERROR] LogOutputStream:75 - [STDERR_REDIRECT] 	at java.desktop/javax.swing.JTabbedPane.fireStateChanged(JTabbedPane.java:446)
2026-02-10 22:18:02,776 [ERROR] LogOutputStream:75 - [STDERR_REDIRECT] 	at java.desktop/javax.swing.JTabbedPane$ModelListener.stateChanged(JTabbedPane.java:297)
2026-02-10 22:18:02,776 [ERROR] LogOutputStream:75 - [STDERR_REDIRECT] 	at java.desktop/javax.swing.DefaultSingleSelectionModel.fireStateChanged(DefaultSingleSelectionModel.java:148)
2026-02-10 22:18:02,776 [ERROR] LogOutputStream:75 - [STDERR_REDIRECT] 	at java.desktop/javax.swing.DefaultSingleSelectionModel.setSelectedIndex(DefaultSingleSelectionModel.java:79)
2026-02-10 22:18:02,777 [ERROR] LogOutputStream:75 - [STDERR_REDIRECT] 	at java.desktop/javax.swing.JTabbedPane.setSelectedIndexImpl(JTabbedPane.java:650)
2026-02-10 22:18:02,777 [ERROR] LogOutputStream:75 - [STDERR_REDIRECT] 	at java.desktop/javax.swing.JTabbedPane.setSelectedIndex(JTabbedPane.java:625)
2026-02-10 22:18:02,777 [ERROR] LogOutputStream:75 - [STDERR_REDIRECT] 	at java.desktop/javax.swing.plaf.basic.BasicTabbedPaneUI$Handler.mousePressed(BasicTabbedPaneUI.java:4140)
2026-02-10 22:18:02,777 [ERROR] LogOutputStream:75 - [STDERR_REDIRECT] 	at java.desktop/java.awt.Component.processMouseEvent(Component.java:6618)
2026-02-10 22:18:02,777 [ERROR] LogOutputStream:75 - [STDERR_REDIRECT] 	at java.desktop/javax.swing.JComponent.processMouseEvent(JComponent.java:3398)
2026-02-10 22:18:02,777 [ERROR] LogOutputStream:75 - [STDERR_REDIRECT] 	at java.desktop/java.awt.Component.processEvent(Component.java:6386)
2026-02-10 22:18:02,778 [ERROR] LogOutputStream:75 - [STDERR_REDIRECT] 	at java.desktop/java.awt.Container.processEvent(Container.java:2266)
2026-02-10 22:18:02,778 [ERROR] LogOutputStream:75 - [STDERR_REDIRECT] 	at java.desktop/java.awt.Component.dispatchEventImpl(Component.java:4996)
2026-02-10 22:18:02,778 [ERROR] LogOutputStream:75 - [STDERR_REDIRECT] 	at java.desktop/java.awt.Container.dispatchEventImpl(Container.java:2324)
2026-02-10 22:18:02,778 [ERROR] LogOutputStream:75 - [STDERR_REDIRECT] 	at java.desktop/java.awt.Component.dispatchEvent(Component.java:4828)
2026-02-10 22:18:02,778 [ERROR] LogOutputStream:75 - [STDERR_REDIRECT] 	at java.desktop/java.awt.LightweightDispatcher.retargetMouseEvent(Container.java:4948)
2026-02-10 22:18:02,778 [ERROR] LogOutputStream:75 - [STDERR_REDIRECT] 	at java.desktop/java.awt.LightweightDispatcher.processMouseEvent(Container.java:4572)
2026-02-10 22:18:02,778 [ERROR] LogOutputStream:75 - [STDERR_REDIRECT] 	at java.desktop/java.awt.LightweightDispatcher.dispatchEvent(Container.java:4516)
2026-02-10 22:18:02,779 [ERROR] LogOutputStream:75 - [STDERR_REDIRECT] 	at java.desktop/java.awt.Container.dispatchEventImpl(Container.java:2310)
2026-02-10 22:18:02,779 [ERROR] LogOutputStream:75 - [STDERR_REDIRECT] 	at java.desktop/java.awt.Component.dispatchEvent(Component.java:4828)
2026-02-10 22:18:02,779 [ERROR] LogOutputStream:75 - [STDERR_REDIRECT] 	at java.desktop/java.awt.EventQueue.dispatchEventImpl(EventQueue.java:775)
2026-02-10 22:18:02,779 [ERROR] LogOutputStream:75 - [STDERR_REDIRECT] 	at java.desktop/java.awt.EventQueue$4.run(EventQueue.java:720)
2026-02-10 22:18:02,779 [ERROR] LogOutputStream:75 - [STDERR_REDIRECT] 	at java.desktop/java.awt.EventQueue$4.run(EventQueue.java:714)
2026-02-10 22:18:02,780 [ERROR] LogOutputStream:75 - [STDERR_REDIRECT] 	at java.base/java.security.AccessController.doPrivileged(AccessController.java:400)
2026-02-10 22:18:02,781 [ERROR] LogOutputStream:75 - [STDERR_REDIRECT] 	at java.base/java.security.ProtectionDomain$JavaSecurityAccessImpl.doIntersectionPrivilege(ProtectionDomain.java:87)
2026-02-10 22:18:02,781 [ERROR] LogOutputStream:75 - [STDERR_REDIRECT] 	at java.base/java.security.ProtectionDomain$JavaSecurityAccessImpl.doIntersectionPrivilege(ProtectionDomain.java:98)
2026-02-10 22:18:02,781 [ERROR] LogOutputStream:75 - [STDERR_REDIRECT] 	at java.desktop/java.awt.EventQueue$5.run(EventQueue.java:747)
2026-02-10 22:18:02,782 [ERROR] LogOutputStream:75 - [STDERR_REDIRECT] 	at java.desktop/java.awt.EventQueue$5.run(EventQueue.java:745)
2026-02-10 22:18:02,782 [ERROR] LogOutputStream:75 - [STDERR_REDIRECT] 	at java.base/java.security.AccessController.doPrivileged(AccessController.java:400)
2026-02-10 22:18:02,782 [ERROR] LogOutputStream:75 - [STDERR_REDIRECT] 	at java.base/java.security.ProtectionDomain$JavaSecurityAccessImpl.doIntersectionPrivilege(ProtectionDomain.java:87)
2026-02-10 22:18:02,782 [ERROR] LogOutputStream:75 - [STDERR_REDIRECT] 	at java.desktop/java.awt.EventQueue.dispatchEvent(EventQueue.java:744)
2026-02-10 22:18:02,782 [ERROR] LogOutputStream:75 - [STDERR_REDIRECT] 	at java.desktop/java.awt.EventDispatchThread.pumpOneEventForFilters(EventDispatchThread.java:203)
2026-02-10 22:18:02,783 [ERROR] LogOutputStream:75 - [STDERR_REDIRECT] 	at java.desktop/java.awt.EventDispatchThread.pumpEventsForFilter(EventDispatchThread.java:124)
2026-02-10 22:18:02,783 [ERROR] LogOutputStream:75 - [STDERR_REDIRECT] 	at java.desktop/java.awt.EventDispatchThread.pumpEventsForHierarchy(EventDispatchThread.java:113)
2026-02-10 22:18:02,783 [ERROR] LogOutputStream:75 - [STDERR_REDIRECT] 	at java.desktop/java.awt.EventDispatchThread.pumpEvents(EventDispatchThread.java:109)
2026-02-10 22:18:02,783 [ERROR] LogOutputStream:75 - [STDERR_REDIRECT] 	at java.desktop/java.awt.EventDispatchThread.pumpEvents(EventDispatchThread.java:101)
2026-02-10 22:18:02,783 [ERROR] LogOutputStream:75 - [STDERR_REDIRECT] 	at java.desktop/java.awt.EventDispatchThread.run(EventDispatchThread.java:90)
2026-02-10 22:18:05,017 [INFO] I2cTimingTraitement:330 - 0x00100D14
2026-02-10 22:18:09,318 [ERROR] LogOutputStream:75 - [STDERR_REDIRECT] Exception in thread "AWT-EventQueue-0" java.lang.ClassCastException: class sun.lwawt.macosx.CViewEmbeddedFrame cannot be cast to class javax.swing.JFrame (sun.lwawt.macosx.CViewEmbeddedFrame and javax.swing.JFrame are in module java.desktop of loader 'bootstrap')
2026-02-10 22:18:09,318 [ERROR] LogOutputStream:75 - [STDERR_REDIRECT] 	at com.st.microxplorer.plugins.clock.ClockConfigurationView.activatePlugin(ClockConfigurationView.java:424)
2026-02-10 22:18:09,319 [ERROR] LogOutputStream:75 - [STDERR_REDIRECT] 	at com.st.microxplorer.maingui.MainPanel$1.stateChanged(MainPanel.java:385)
2026-02-10 22:18:09,319 [ERROR] LogOutputStream:75 - [STDERR_REDIRECT] 	at java.desktop/javax.swing.JTabbedPane.fireStateChanged(JTabbedPane.java:446)
2026-02-10 22:18:09,319 [ERROR] LogOutputStream:75 - [STDERR_REDIRECT] 	at java.desktop/javax.swing.JTabbedPane$ModelListener.stateChanged(JTabbedPane.java:297)
2026-02-10 22:18:09,319 [ERROR] LogOutputStream:75 - [STDERR_REDIRECT] 	at java.desktop/javax.swing.DefaultSingleSelectionModel.fireStateChanged(DefaultSingleSelectionModel.java:148)
2026-02-10 22:18:09,319 [ERROR] LogOutputStream:75 - [STDERR_REDIRECT] 	at java.desktop/javax.swing.DefaultSingleSelectionModel.setSelectedIndex(DefaultSingleSelectionModel.java:79)
2026-02-10 22:18:09,320 [ERROR] LogOutputStream:75 - [STDERR_REDIRECT] 	at java.desktop/javax.swing.JTabbedPane.setSelectedIndexImpl(JTabbedPane.java:650)
2026-02-10 22:18:09,320 [ERROR] LogOutputStream:75 - [STDERR_REDIRECT] 	at java.desktop/javax.swing.JTabbedPane.setSelectedIndex(JTabbedPane.java:625)
2026-02-10 22:18:09,320 [ERROR] LogOutputStream:75 - [STDERR_REDIRECT] 	at java.desktop/javax.swing.plaf.basic.BasicTabbedPaneUI$Handler.mousePressed(BasicTabbedPaneUI.java:4140)
2026-02-10 22:18:09,320 [ERROR] LogOutputStream:75 - [STDERR_REDIRECT] 	at java.desktop/java.awt.Component.processMouseEvent(Component.java:6618)
2026-02-10 22:18:09,320 [ERROR] LogOutputStream:75 - [STDERR_REDIRECT] 	at java.desktop/javax.swing.JComponent.processMouseEvent(JComponent.java:3398)
2026-02-10 22:18:09,321 [ERROR] LogOutputStream:75 - [STDERR_REDIRECT] 	at java.desktop/java.awt.Component.processEvent(Component.java:6386)
2026-02-10 22:18:09,321 [ERROR] LogOutputStream:75 - [STDERR_REDIRECT] 	at java.desktop/java.awt.Container.processEvent(Container.java:2266)
2026-02-10 22:18:09,321 [ERROR] LogOutputStream:75 - [STDERR_REDIRECT] 	at java.desktop/java.awt.Component.dispatchEventImpl(Component.java:4996)
2026-02-10 22:18:09,321 [ERROR] LogOutputStream:75 - [STDERR_REDIRECT] 	at java.desktop/java.awt.Container.dispatchEventImpl(Container.java:2324)
2026-02-10 22:18:09,322 [ERROR] LogOutputStream:75 - [STDERR_REDIRECT] 	at java.desktop/java.awt.Component.dispatchEvent(Component.java:4828)
2026-02-10 22:18:09,326 [ERROR] LogOutputStream:75 - [STDERR_REDIRECT] 	at java.desktop/java.awt.LightweightDispatcher.retargetMouseEvent(Container.java:4948)
2026-02-10 22:18:09,327 [ERROR] LogOutputStream:75 - [STDERR_REDIRECT] 	at java.desktop/java.awt.LightweightDispatcher.processMouseEvent(Container.java:4572)
2026-02-10 22:18:09,329 [ERROR] LogOutputStream:75 - [STDERR_REDIRECT] 	at java.desktop/java.awt.LightweightDispatcher.dispatchEvent(Container.java:4516)
2026-02-10 22:18:09,330 [ERROR] LogOutputStream:75 - [STDERR_REDIRECT] 	at java.desktop/java.awt.Container.dispatchEventImpl(Container.java:2310)
2026-02-10 22:18:09,330 [ERROR] LogOutputStream:75 - [STDERR_REDIRECT] 	at java.desktop/java.awt.Component.dispatchEvent(Component.java:4828)
2026-02-10 22:18:09,330 [ERROR] LogOutputStream:75 - [STDERR_REDIRECT] 	at java.desktop/java.awt.EventQueue.dispatchEventImpl(EventQueue.java:775)
2026-02-10 22:18:09,330 [ERROR] LogOutputStream:75 - [STDERR_REDIRECT] 	at java.desktop/java.awt.EventQueue$4.run(EventQueue.java:720)
2026-02-10 22:18:09,335 [ERROR] LogOutputStream:75 - [STDERR_REDIRECT] 	at java.desktop/java.awt.EventQueue$4.run(EventQueue.java:714)
2026-02-10 22:18:09,336 [ERROR] LogOutputStream:75 - [STDERR_REDIRECT] 	at java.base/java.security.AccessController.doPrivileged(AccessController.java:400)
2026-02-10 22:18:09,336 [ERROR] LogOutputStream:75 - [STDERR_REDIRECT] 	at java.base/java.security.ProtectionDomain$JavaSecurityAccessImpl.doIntersectionPrivilege(ProtectionDomain.java:87)
2026-02-10 22:18:09,336 [ERROR] LogOutputStream:75 - [STDERR_REDIRECT] 	at java.base/java.security.ProtectionDomain$JavaSecurityAccessImpl.doIntersectionPrivilege(ProtectionDomain.java:98)
2026-02-10 22:18:09,336 [ERROR] LogOutputStream:75 - [STDERR_REDIRECT] 	at java.desktop/java.awt.EventQueue$5.run(EventQueue.java:747)
2026-02-10 22:18:09,337 [ERROR] LogOutputStream:75 - [STDERR_REDIRECT] 	at java.desktop/java.awt.EventQueue$5.run(EventQueue.java:745)
2026-02-10 22:18:09,337 [ERROR] LogOutputStream:75 - [STDERR_REDIRECT] 	at java.base/java.security.AccessController.doPrivileged(AccessController.java:400)
2026-02-10 22:18:09,337 [ERROR] LogOutputStream:75 - [STDERR_REDIRECT] 	at java.base/java.security.ProtectionDomain$JavaSecurityAccessImpl.doIntersectionPrivilege(ProtectionDomain.java:87)
2026-02-10 22:18:09,338 [ERROR] LogOutputStream:75 - [STDERR_REDIRECT] 	at java.desktop/java.awt.EventQueue.dispatchEvent(EventQueue.java:744)
2026-02-10 22:18:09,339 [ERROR] LogOutputStream:75 - [STDERR_REDIRECT] 	at java.desktop/java.awt.EventDispatchThread.pumpOneEventForFilters(EventDispatchThread.java:203)
2026-02-10 22:18:09,339 [ERROR] LogOutputStream:75 - [STDERR_REDIRECT] 	at java.desktop/java.awt.EventDispatchThread.pumpEventsForFilter(EventDispatchThread.java:124)
2026-02-10 22:18:09,339 [ERROR] LogOutputStream:75 - [STDERR_REDIRECT] 	at java.desktop/java.awt.EventDispatchThread.pumpEventsForHierarchy(EventDispatchThread.java:113)
2026-02-10 22:18:09,340 [ERROR] LogOutputStream:75 - [STDERR_REDIRECT] 	at java.desktop/java.awt.EventDispatchThread.pumpEvents(EventDispatchThread.java:109)
2026-02-10 22:18:09,340 [ERROR] LogOutputStream:75 - [STDERR_REDIRECT] 	at java.desktop/java.awt.EventDispatchThread.pumpEvents(EventDispatchThread.java:101)
2026-02-10 22:18:09,340 [ERROR] LogOutputStream:75 - [STDERR_REDIRECT] 	at java.desktop/java.awt.EventDispatchThread.run(EventDispatchThread.java:90)
2026-02-10 22:18:10,438 [INFO] I2cTimingTraitement:330 - 0x00100D14
2026-02-10 22:18:10,545 [INFO] ADCParametersView:116 -                Rank 1 : false
2026-02-10 22:18:10,546 [INFO] ADCParametersView:116 -                Rank 1 : false
2026-02-10 22:18:10,546 [INFO] ADCParametersView:116 -                Rank 1 : false
2026-02-10 22:18:10,546 [INFO] ADCParametersView:116 -                Rank 1 : false
2026-02-10 22:18:10,547 [INFO] ADCParametersView:116 -                Rank 1 : false
2026-02-10 22:18:10,548 [INFO] ADCParametersView:116 -                Rank 1 : false
2026-02-10 22:18:10,550 [INFO] ADCParametersView:116 -                Rank 1 : false
2026-02-10 22:18:10,553 [INFO] ADCParametersView:116 -                Rank 1 : false
2026-02-10 22:18:10,553 [INFO] ADCParametersView:116 -                Rank 1 : false
2026-02-10 22:18:10,553 [INFO] ADCParametersView:116 -                Rank 1 : false
2026-02-10 22:18:10,554 [INFO] ADCParametersView:116 -                Rank 1 : false
2026-02-10 22:18:10,554 [INFO] ADCParametersView:116 -                Rank 1 : false
2026-02-10 22:18:10,554 [INFO] ADCParametersView:116 -                Rank 1 : false
2026-02-10 22:18:10,554 [INFO] ADCParametersView:116 -                Rank 1 : false
2026-02-10 22:18:10,555 [INFO] ADCParametersView:116 -                Rank 1 : false
2026-02-10 22:18:10,555 [INFO] ADCParametersView:116 -                Rank 1 : false
2026-02-10 22:18:10,555 [INFO] ADCParametersView:116 -                Rank 1 : false
2026-02-10 22:18:10,556 [INFO] ADCParametersView:116 -                Rank 1 : false
2026-02-10 22:18:10,556 [INFO] ADCParametersView:116 -                Rank 1 : false
2026-02-10 22:18:10,584 [INFO] ADCParametersView:116 -                Rank 1 : false
2026-02-10 22:18:10,632 [INFO] ADCParametersView:116 -                Rank 1 : false
2026-02-10 22:18:10,633 [INFO] ADCParametersView:116 -                Rank 1 : false
2026-02-10 22:18:10,633 [INFO] ADCParametersView:116 -                Rank 1 : false
2026-02-10 22:18:10,634 [INFO] ADCParametersView:116 -                Rank 1 : false
2026-02-10 22:18:10,634 [INFO] ADCParametersView:116 -                Rank 1 : false
2026-02-10 22:18:10,635 [INFO] ADCParametersView:116 -                Rank 1 : false
2026-02-10 22:18:10,635 [INFO] ADCParametersView:116 -                Rank 1 : false
2026-02-10 22:18:10,636 [INFO] ADCParametersView:116 -                Rank 1 : false
2026-02-10 22:18:10,636 [INFO] ADCParametersView:116 -                Rank 1 : false
2026-02-10 22:18:10,636 [INFO] ADCParametersView:116 -                Rank 1 : false
2026-02-10 22:18:10,637 [INFO] ADCParametersView:116 -                Rank 1 : false
2026-02-10 22:18:10,637 [INFO] ADCParametersView:116 -                Rank 1 : false
2026-02-10 22:18:10,637 [INFO] ADCParametersView:116 -                Rank 1 : false
2026-02-10 22:18:10,637 [INFO] ADCParametersView:116 -                Rank 1 : false
2026-02-10 22:18:10,637 [INFO] ADCParametersView:116 -                Rank 1 : false
2026-02-10 22:18:10,637 [INFO] ADCParametersView:116 -                Rank 1 : false
2026-02-10 22:18:10,638 [INFO] ADCParametersView:116 -                Rank 1 : false
2026-02-10 22:18:10,638 [INFO] ADCParametersView:116 -                Rank 1 : false
2026-02-10 22:18:10,638 [INFO] ADCParametersView:116 -                Rank 1 : false
2026-02-10 22:18:10,659 [INFO] ADCParametersView:116 -                Rank 1 : false
2026-02-10 22:18:12,580 [INFO] I2cTimingTraitement:330 - 0x00100D14
2026-02-10 22:18:25,021 [INFO] UtilMem:75 - End SaveConfig() Used Memory: 965105080 Bytes (1073741824)
2026-02-10 22:18:27,220 [INFO] UtilMem:75 - End SaveConfig() Used Memory: 735051776 Bytes (1073741824)
2026-02-10 22:18:29,012 [INFO] BlockDiagram:2775 - set Specific Code input for plugin: NVIC
2026-02-10 22:18:29,018 [INFO] BlockDiagram:2775 - set Specific Code input for plugin: SYS
2026-02-10 22:18:29,019 [INFO] BlockDiagram:2775 - set Specific Code input for plugin: GPIO
2026-02-10 22:18:29,019 [INFO] BlockDiagram:2775 - set Specific Code input for plugin: ADC
2026-02-10 22:18:29,019 [INFO] BlockDiagram:2775 - set Specific Code input for plugin: RCC
2026-02-10 22:18:29,020 [INFO] BlockDiagram:2775 - set Specific Code input for plugin: I2C
2026-02-10 22:18:29,021 [INFO] CodeGenerator:892 - code generatio: config db path: /Applications/STM32CubeIDE.app/Contents/Eclipse/plugins/com.st.stm32cube.common.mx_6.15.0.202507011659//db/
2026-02-10 22:18:29,196 [INFO] CodeEngine:265 - oldGeneratedFile, /Users/karthikkurapati/LHR/VCAT-Air-Sus/CubeMX/Sus-RHBoard/rideheight/MXTmpFiles/license.tmp_save
2026-02-10 22:18:29,903 [INFO] CodeEngine:289 - Generated code: /Users/karthikkurapati/LHR/VCAT-Air-Sus/CubeMX/Sus-RHBoard/rideheight/MXTmpFiles/license.tmp
2026-02-10 22:18:30,112 [INFO] CodeEngine:265 - oldGeneratedFile, /Users/karthikkurapati/LHR/VCAT-Air-Sus/CubeMX/Sus-RHBoard/rideheight/MXTmpFiles/gpio.tmp_save
2026-02-10 22:18:30,376 [INFO] CodeEngine:289 - Generated code: /Users/karthikkurapati/LHR/VCAT-Air-Sus/CubeMX/Sus-RHBoard/rideheight/MXTmpFiles/gpio.tmp
2026-02-10 22:18:30,634 [INFO] CodeEngine:265 - oldGeneratedFile, /Users/karthikkurapati/LHR/VCAT-Air-Sus/CubeMX/Sus-RHBoard/rideheight/Core/Src/stm32l4xx_it.c_save
2026-02-10 22:18:30,830 [INFO] CodeEngine:289 - Generated code: /Users/karthikkurapati/LHR/VCAT-Air-Sus/CubeMX/Sus-RHBoard/rideheight/Core/Src/stm32l4xx_it.c
2026-02-10 22:18:30,833 [INFO] CodeEngine:265 - oldGeneratedFile, /Users/karthikkurapati/LHR/VCAT-Air-Sus/CubeMX/Sus-RHBoard/rideheight/Core/Inc/stm32l4xx_it.h_save
2026-02-10 22:18:30,929 [INFO] CodeEngine:289 - Generated code: /Users/karthikkurapati/LHR/VCAT-Air-Sus/CubeMX/Sus-RHBoard/rideheight/Core/Inc/stm32l4xx_it.h
2026-02-10 22:18:30,942 [INFO] CodeEngine:265 - oldGeneratedFile, /Users/karthikkurapati/LHR/VCAT-Air-Sus/CubeMX/Sus-RHBoard/rideheight/Core/Src/stm32l4xx_hal_msp.c_save
2026-02-10 22:18:31,145 [INFO] CodeEngine:289 - Generated code: /Users/karthikkurapati/LHR/VCAT-Air-Sus/CubeMX/Sus-RHBoard/rideheight/Core/Src/stm32l4xx_hal_msp.c
2026-02-10 22:18:31,150 [INFO] CodeEngine:265 - oldGeneratedFile, /Users/karthikkurapati/LHR/VCAT-Air-Sus/CubeMX/Sus-RHBoard/rideheight/MXTmpFiles/system.tmp_save
2026-02-10 22:18:31,235 [INFO] CodeEngine:289 - Generated code: /Users/karthikkurapati/LHR/VCAT-Air-Sus/CubeMX/Sus-RHBoard/rideheight/MXTmpFiles/system.tmp
2026-02-10 22:18:31,244 [INFO] CodeEngine:321 - oldGeneratedFile, /Users/karthikkurapati/LHR/VCAT-Air-Sus/CubeMX/Sus-RHBoard/rideheight/Core/Inc/stm32l4xx_hal_conf.h_save
2026-02-10 22:18:31,325 [INFO] CodeEngine:345 - Generated code: /Users/karthikkurapati/LHR/VCAT-Air-Sus/CubeMX/Sus-RHBoard/rideheight/Core/Inc/stm32l4xx_hal_conf.h
2026-02-10 22:18:31,420 [INFO] ApiDbMcu:532 - Load IP Config File for ADC1
2026-02-10 22:18:31,429 [INFO] ApiDbMcu:532 - Load IP Config File for I2C2
2026-02-10 22:18:31,432 [INFO] ApiDbMcu:532 - Load IP Config File for RCC
2026-02-10 22:18:31,441 [INFO] CodeEngine:265 - oldGeneratedFile, /Users/karthikkurapati/LHR/VCAT-Air-Sus/CubeMX/Sus-RHBoard/rideheight/Core/Inc/main.h_save
2026-02-10 22:18:31,572 [INFO] CodeEngine:289 - Generated code: /Users/karthikkurapati/LHR/VCAT-Air-Sus/CubeMX/Sus-RHBoard/rideheight/Core/Inc/main.h
2026-02-10 22:18:31,577 [INFO] CodeEngine:265 - oldGeneratedFile, /Users/karthikkurapati/LHR/VCAT-Air-Sus/CubeMX/Sus-RHBoard/rideheight/Core/Src/main.c_save
2026-02-10 22:18:31,858 [INFO] CodeEngine:289 - Generated code: /Users/karthikkurapati/LHR/VCAT-Air-Sus/CubeMX/Sus-RHBoard/rideheight/Core/Src/main.c
2026-02-10 22:18:32,336 [INFO] ProjectBuilder:3606 - Time for Copy HAL[1] : 240mS.
2026-02-10 22:18:32,342 [INFO] ProjectBuilder:5216 - Project Generator version: 4.7.0-B52
2026-02-10 22:18:32,498 [INFO] ConfigFileManager:1595 - The Die is : DIE435
2026-02-10 22:18:32,515 [INFO] ApiDbMcu:532 - Load IP Config File for FATFS
2026-02-10 22:18:32,538 [INFO] ApiDbMcu:532 - Load IP Config File for FREERTOS
2026-02-10 22:18:32,552 [INFO] ApiDbMcu:532 - Load IP Config File for TOUCHSENSING
2026-02-10 22:18:33,404 [INFO] LogOutputStream:77 - [STDOUT_REDIRECT] 
2026-02-10 22:18:35,546 [INFO] ProjectBuilder:5496 - Time for Generating toolchain IDE Files: 3203mS.
2026-02-10 22:18:35,548 [INFO] ProjectBuilder:3463 - Time for Copy CMSIS : 1mS.
2026-02-10 22:18:35,550 [INFO] ProjectBuilder:3463 - Time for Copy CMSIS : 0mS.
2026-02-10 22:30:03,101 [INFO] ADCParametersView:116 -                Rank 1 : false
2026-02-10 22:30:03,116 [INFO] ADCParametersView:116 -                Rank 1 : false
2026-02-10 22:30:03,121 [INFO] ADCParametersView:116 -                Rank 1 : false
2026-02-10 22:30:03,122 [INFO] ADCParametersView:116 -                Rank 1 : false
2026-02-10 22:30:03,122 [INFO] ADCParametersView:116 -                Rank 1 : false
2026-02-10 22:30:03,122 [INFO] ADCParametersView:116 -                Rank 1 : false
2026-02-10 22:30:03,123 [INFO] ADCParametersView:116 -                Rank 1 : false
2026-02-10 22:30:03,125 [INFO] ADCParametersView:116 -                Rank 1 : false
2026-02-10 22:30:03,125 [INFO] ADCParametersView:116 -                Rank 1 : false
2026-02-10 22:30:03,125 [INFO] ADCParametersView:116 -                Rank 1 : false
2026-02-10 22:30:03,126 [INFO] ADCParametersView:116 -                Rank 1 : false
2026-02-10 22:30:03,126 [INFO] ADCParametersView:116 -                Rank 1 : false
2026-02-10 22:30:03,126 [INFO] ADCParametersView:116 -                Rank 1 : false
2026-02-10 22:30:03,127 [INFO] ADCParametersView:116 -                Rank 1 : false
2026-02-10 22:30:03,127 [INFO] ADCParametersView:116 -                Rank 1 : false
2026-02-10 22:30:03,127 [INFO] ADCParametersView:116 -                Rank 1 : false
2026-02-10 22:30:03,128 [INFO] ADCParametersView:116 -                Rank 1 : false
2026-02-10 22:30:03,128 [INFO] ADCParametersView:116 -                Rank 1 : false
2026-02-10 22:30:03,128 [INFO] ADCParametersView:116 -                Rank 1 : false
2026-02-10 22:30:03,260 [INFO] ADCParametersView:116 -                Rank 1 : false
2026-02-10 22:30:03,582 [INFO] ADCParametersView:116 -                Rank 1 : false
2026-02-10 22:30:03,594 [INFO] ADCParametersView:116 -                Rank 1 : false
2026-02-10 22:30:03,598 [INFO] ADCParametersView:116 -                Rank 1 : false
2026-02-10 22:30:03,599 [INFO] ADCParametersView:116 -                Rank 1 : false
2026-02-10 22:30:03,599 [INFO] ADCParametersView:116 -                Rank 1 : false
2026-02-10 22:30:03,599 [INFO] ADCParametersView:116 -                Rank 1 : false
2026-02-10 22:30:03,599 [INFO] ADCParametersView:116 -                Rank 1 : false
2026-02-10 22:30:03,600 [INFO] ADCParametersView:116 -                Rank 1 : false
2026-02-10 22:30:03,600 [INFO] ADCParametersView:116 -                Rank 1 : false
2026-02-10 22:30:03,600 [INFO] ADCParametersView:116 -                Rank 1 : false
2026-02-10 22:30:03,600 [INFO] ADCParametersView:116 -                Rank 1 : false
2026-02-10 22:30:03,600 [INFO] ADCParametersView:116 -                Rank 1 : false
2026-02-10 22:30:03,601 [INFO] ADCParametersView:116 -                Rank 1 : false
2026-02-10 22:30:03,601 [INFO] ADCParametersView:116 -                Rank 1 : false
2026-02-10 22:30:03,601 [INFO] ADCParametersView:116 -                Rank 1 : false
2026-02-10 22:30:03,601 [INFO] ADCParametersView:116 -                Rank 1 : false
2026-02-10 22:30:03,601 [INFO] ADCParametersView:116 -                Rank 1 : false
2026-02-10 22:30:03,601 [INFO] ADCParametersView:116 -                Rank 1 : false
2026-02-10 22:30:03,602 [INFO] ADCParametersView:116 -                Rank 1 : false
2026-02-10 22:30:03,725 [INFO] ADCParametersView:116 -                Rank 1 : false
2026-02-10 22:30:09,250 [INFO] ADCParametersView:116 -                Rank 1 : false
2026-02-10 22:30:09,278 [INFO] ADCParametersView:116 -                Rank 1 : false
2026-02-10 22:30:09,280 [INFO] ADCParametersView:116 -                Rank 1 : false
2026-02-10 22:30:09,280 [INFO] ADCParametersView:116 -                Rank 1 : false
2026-02-10 22:30:09,281 [INFO] ADCParametersView:116 -                Rank 1 : false
2026-02-10 22:30:09,281 [INFO] ADCParametersView:116 -                Rank 1 : false
2026-02-10 22:30:09,281 [INFO] ADCParametersView:116 -                Rank 1 : false
2026-02-10 22:30:09,281 [INFO] ADCParametersView:116 -                Rank 1 : false
2026-02-10 22:30:09,282 [INFO] ADCParametersView:116 -                Rank 1 : false
2026-02-10 22:30:09,282 [INFO] ADCParametersView:116 -                Rank 1 : false
2026-02-10 22:30:09,282 [INFO] ADCParametersView:116 -                Rank 1 : false
2026-02-10 22:30:09,282 [INFO] ADCParametersView:116 -                Rank 1 : false
2026-02-10 22:30:09,282 [INFO] ADCParametersView:116 -                Rank 1 : false
2026-02-10 22:30:09,283 [INFO] ADCParametersView:116 -                Rank 1 : false
2026-02-10 22:30:09,283 [INFO] ADCParametersView:116 -                Rank 1 : false
2026-02-10 22:30:09,284 [INFO] ADCParametersView:116 -                Rank 1 : false
2026-02-10 22:30:09,286 [INFO] ADCParametersView:116 -                Rank 1 : false
2026-02-10 22:30:09,287 [INFO] ADCParametersView:116 -                Rank 1 : false
2026-02-10 22:30:09,293 [INFO] ADCParametersView:116 -                Rank 1 : false
2026-02-10 22:30:09,361 [INFO] ADCParametersView:116 -                Rank 1 : false
2026-02-10 22:30:09,535 [INFO] ADCParametersView:116 -                Rank 1 : false
2026-02-10 22:30:09,536 [INFO] ADCParametersView:116 -                Rank 1 : false
2026-02-10 22:30:09,537 [INFO] ADCParametersView:116 -                Rank 1 : false
2026-02-10 22:30:09,537 [INFO] ADCParametersView:116 -                Rank 1 : false
2026-02-10 22:30:09,537 [INFO] ADCParametersView:116 -                Rank 1 : false
2026-02-10 22:30:09,537 [INFO] ADCParametersView:116 -                Rank 1 : false
2026-02-10 22:30:09,538 [INFO] ADCParametersView:116 -                Rank 1 : false
2026-02-10 22:30:09,538 [INFO] ADCParametersView:116 -                Rank 1 : false
2026-02-10 22:30:09,538 [INFO] ADCParametersView:116 -                Rank 1 : false
2026-02-10 22:30:09,538 [INFO] ADCParametersView:116 -                Rank 1 : false
2026-02-10 22:30:09,538 [INFO] ADCParametersView:116 -                Rank 1 : false
2026-02-10 22:30:09,539 [INFO] ADCParametersView:116 -                Rank 1 : false
2026-02-10 22:30:09,539 [INFO] ADCParametersView:116 -                Rank 1 : false
2026-02-10 22:30:09,539 [INFO] ADCParametersView:116 -                Rank 1 : false
2026-02-10 22:30:09,539 [INFO] ADCParametersView:116 -                Rank 1 : false
2026-02-10 22:30:09,539 [INFO] ADCParametersView:116 -                Rank 1 : false
2026-02-10 22:30:09,539 [INFO] ADCParametersView:116 -                Rank 1 : false
2026-02-10 22:30:09,539 [INFO] ADCParametersView:116 -                Rank 1 : false
2026-02-10 22:30:09,540 [INFO] ADCParametersView:116 -                Rank 1 : false
2026-02-10 22:30:09,572 [INFO] ADCParametersView:116 -                Rank 1 : false
2026-02-10 22:30:21,701 [INFO] UtilMem:75 - End SaveConfig() Used Memory: 746944136 Bytes (1073741824)
2026-02-10 22:30:24,827 [INFO] UtilMem:75 - End SaveConfig() Used Memory: 890599048 Bytes (1073741824)
2026-02-10 22:30:25,238 [INFO] BlockDiagram:2775 - set Specific Code input for plugin: NVIC
2026-02-10 22:30:25,239 [INFO] BlockDiagram:2775 - set Specific Code input for plugin: USART
2026-02-10 22:30:25,239 [INFO] BlockDiagram:2775 - set Specific Code input for plugin: SYS
2026-02-10 22:30:25,239 [INFO] BlockDiagram:2775 - set Specific Code input for plugin: GPIO
2026-02-10 22:30:25,239 [INFO] BlockDiagram:2775 - set Specific Code input for plugin: ADC
2026-02-10 22:30:25,239 [INFO] BlockDiagram:2775 - set Specific Code input for plugin: RCC
2026-02-10 22:30:25,239 [INFO] BlockDiagram:2775 - set Specific Code input for plugin: I2C
2026-02-10 22:30:25,240 [INFO] CodeGenerator:892 - code generatio: config db path: /Applications/STM32CubeIDE.app/Contents/Eclipse/plugins/com.st.stm32cube.common.mx_6.15.0.202507011659//db/
2026-02-10 22:30:25,344 [INFO] CodeEngine:265 - oldGeneratedFile, /Users/karthikkurapati/LHR/VCAT-Air-Sus/CubeMX/Sus-RHBoard/rideheight/MXTmpFiles/license.tmp_save
2026-02-10 22:30:25,725 [INFO] CodeEngine:289 - Generated code: /Users/karthikkurapati/LHR/VCAT-Air-Sus/CubeMX/Sus-RHBoard/rideheight/MXTmpFiles/license.tmp
2026-02-10 22:30:25,841 [INFO] CodeEngine:265 - oldGeneratedFile, /Users/karthikkurapati/LHR/VCAT-Air-Sus/CubeMX/Sus-RHBoard/rideheight/MXTmpFiles/gpio.tmp_save
2026-02-10 22:30:26,042 [INFO] CodeEngine:289 - Generated code: /Users/karthikkurapati/LHR/VCAT-Air-Sus/CubeMX/Sus-RHBoard/rideheight/MXTmpFiles/gpio.tmp
2026-02-10 22:30:26,742 [INFO] CodeEngine:265 - oldGeneratedFile, /Users/karthikkurapati/LHR/VCAT-Air-Sus/CubeMX/Sus-RHBoard/rideheight/Core/Src/stm32l4xx_it.c_save
2026-02-10 22:30:27,041 [INFO] CodeEngine:289 - Generated code: /Users/karthikkurapati/LHR/VCAT-Air-Sus/CubeMX/Sus-RHBoard/rideheight/Core/Src/stm32l4xx_it.c
2026-02-10 22:30:27,046 [INFO] CodeEngine:265 - oldGeneratedFile, /Users/karthikkurapati/LHR/VCAT-Air-Sus/CubeMX/Sus-RHBoard/rideheight/Core/Inc/stm32l4xx_it.h_save
2026-02-10 22:30:27,229 [INFO] CodeEngine:289 - Generated code: /Users/karthikkurapati/LHR/VCAT-Air-Sus/CubeMX/Sus-RHBoard/rideheight/Core/Inc/stm32l4xx_it.h
2026-02-10 22:30:27,237 [INFO] CodeEngine:265 - oldGeneratedFile, /Users/karthikkurapati/LHR/VCAT-Air-Sus/CubeMX/Sus-RHBoard/rideheight/Core/Src/stm32l4xx_hal_msp.c_save
2026-02-10 22:30:27,462 [INFO] CodeEngine:289 - Generated code: /Users/karthikkurapati/LHR/VCAT-Air-Sus/CubeMX/Sus-RHBoard/rideheight/Core/Src/stm32l4xx_hal_msp.c
2026-02-10 22:30:27,467 [INFO] CodeEngine:265 - oldGeneratedFile, /Users/karthikkurapati/LHR/VCAT-Air-Sus/CubeMX/Sus-RHBoard/rideheight/MXTmpFiles/system.tmp_save
2026-02-10 22:30:27,535 [INFO] CodeEngine:289 - Generated code: /Users/karthikkurapati/LHR/VCAT-Air-Sus/CubeMX/Sus-RHBoard/rideheight/MXTmpFiles/system.tmp
2026-02-10 22:30:27,543 [INFO] CodeEngine:321 - oldGeneratedFile, /Users/karthikkurapati/LHR/VCAT-Air-Sus/CubeMX/Sus-RHBoard/rideheight/Core/Inc/stm32l4xx_hal_conf.h_save
2026-02-10 22:30:27,614 [INFO] CodeEngine:345 - Generated code: /Users/karthikkurapati/LHR/VCAT-Air-Sus/CubeMX/Sus-RHBoard/rideheight/Core/Inc/stm32l4xx_hal_conf.h
2026-02-10 22:30:27,708 [INFO] ApiDbMcu:532 - Load IP Config File for USART1
2026-02-10 22:30:27,720 [INFO] CodeEngine:265 - oldGeneratedFile, /Users/karthikkurapati/LHR/VCAT-Air-Sus/CubeMX/Sus-RHBoard/rideheight/Core/Inc/main.h_save
2026-02-10 22:30:27,867 [INFO] CodeEngine:289 - Generated code: /Users/karthikkurapati/LHR/VCAT-Air-Sus/CubeMX/Sus-RHBoard/rideheight/Core/Inc/main.h
2026-02-10 22:30:27,873 [INFO] CodeEngine:265 - oldGeneratedFile, /Users/karthikkurapati/LHR/VCAT-Air-Sus/CubeMX/Sus-RHBoard/rideheight/Core/Src/main.c_save
2026-02-10 22:30:28,066 [INFO] CodeEngine:289 - Generated code: /Users/karthikkurapati/LHR/VCAT-Air-Sus/CubeMX/Sus-RHBoard/rideheight/Core/Src/main.c
2026-02-10 22:30:29,127 [INFO] ProjectBuilder:3606 - Time for Copy HAL[1] : 179mS.
2026-02-10 22:30:29,151 [INFO] ProjectBuilder:5216 - Project Generator version: 4.7.0-B52
2026-02-10 22:30:29,324 [INFO] ConfigFileManager:1595 - The Die is : DIE435
2026-02-10 22:30:32,948 [INFO] ProjectBuilder:5496 - Time for Generating toolchain IDE Files: 3797mS.
2026-02-10 22:30:32,951 [INFO] ProjectBuilder:3463 - Time for Copy CMSIS : 1mS.
2026-02-10 22:30:32,955 [INFO] ProjectBuilder:3463 - Time for Copy CMSIS : 0mS.
2026-02-10 22:52:34,729 [INFO] ADCParametersView:116 -                Rank 1 : false
2026-02-10 22:52:34,740 [INFO] ADCParametersView:116 -                Rank 1 : false
2026-02-10 22:52:34,741 [INFO] ADCParametersView:116 -                Rank 1 : false
2026-02-10 22:52:34,742 [INFO] ADCParametersView:116 -                Rank 1 : false
2026-02-10 22:52:34,742 [INFO] ADCParametersView:116 -                Rank 1 : false
2026-02-10 22:52:34,742 [INFO] ADCParametersView:116 -                Rank 1 : false
2026-02-10 22:52:34,742 [INFO] ADCParametersView:116 -                Rank 1 : false
2026-02-10 22:52:34,743 [INFO] ADCParametersView:116 -                Rank 1 : false
2026-02-10 22:52:34,743 [INFO] ADCParametersView:116 -                Rank 1 : false
2026-02-10 22:52:34,743 [INFO] ADCParametersView:116 -                Rank 1 : false
2026-02-10 22:52:34,743 [INFO] ADCParametersView:116 -                Rank 1 : false
2026-02-10 22:52:34,743 [INFO] ADCParametersView:116 -                Rank 1 : false
2026-02-10 22:52:34,744 [INFO] ADCParametersView:116 -                Rank 1 : false
2026-02-10 22:52:34,744 [INFO] ADCParametersView:116 -                Rank 1 : false
2026-02-10 22:52:34,744 [INFO] ADCParametersView:116 -                Rank 1 : false
2026-02-10 22:52:34,744 [INFO] ADCParametersView:116 -                Rank 1 : false
2026-02-10 22:52:34,744 [INFO] ADCParametersView:116 -                Rank 1 : false
2026-02-10 22:52:34,744 [INFO] ADCParametersView:116 -                Rank 1 : false
2026-02-10 22:52:34,744 [INFO] ADCParametersView:116 -                Rank 1 : false
2026-02-10 22:52:34,839 [INFO] ADCParametersView:116 -                Rank 1 : false
2026-02-10 22:52:34,990 [INFO] ADCParametersView:116 -                Rank 1 : false
2026-02-10 22:52:34,993 [INFO] ADCParametersView:116 -                Rank 1 : false
2026-02-10 22:52:34,994 [INFO] ADCParametersView:116 -                Rank 1 : false
2026-02-10 22:52:34,995 [INFO] ADCParametersView:116 -                Rank 1 : false
2026-02-10 22:52:34,995 [INFO] ADCParametersView:116 -                Rank 1 : false
2026-02-10 22:52:34,995 [INFO] ADCParametersView:116 -                Rank 1 : false
2026-02-10 22:52:34,996 [INFO] ADCParametersView:116 -                Rank 1 : false
2026-02-10 22:52:34,996 [INFO] ADCParametersView:116 -                Rank 1 : false
2026-02-10 22:52:34,996 [INFO] ADCParametersView:116 -                Rank 1 : false
2026-02-10 22:52:34,996 [INFO] ADCParametersView:116 -                Rank 1 : false
2026-02-10 22:52:34,997 [INFO] ADCParametersView:116 -                Rank 1 : false
2026-02-10 22:52:34,997 [INFO] ADCParametersView:116 -                Rank 1 : false
2026-02-10 22:52:34,997 [INFO] ADCParametersView:116 -                Rank 1 : false
2026-02-10 22:52:34,997 [INFO] ADCParametersView:116 -                Rank 1 : false
2026-02-10 22:52:34,997 [INFO] ADCParametersView:116 -                Rank 1 : false
2026-02-10 22:52:34,997 [INFO] ADCParametersView:116 -                Rank 1 : false
2026-02-10 22:52:34,998 [INFO] ADCParametersView:116 -                Rank 1 : false
2026-02-10 22:52:34,998 [INFO] ADCParametersView:116 -                Rank 1 : false
2026-02-10 22:52:34,998 [INFO] ADCParametersView:116 -                Rank 1 : false
2026-02-10 22:52:35,038 [INFO] ADCParametersView:116 -                Rank 1 : false
2026-02-10 22:53:17,378 [INFO] NvicIntPanel:101 - NVIC parent = com.st.microxplorer.plugins.ip.nvic.MultiNvicIntPanel[,0,0,0x0,invalid,layout=javax.swing.BoxLayout,alignmentX=0.0,alignmentY=0.0,border=,flags=9,maximumSize=,minimumSize=,preferredSize=]
2026-02-10 22:53:17,517 [INFO] ADCParametersView:116 -                Rank 1 : false
2026-02-10 22:53:17,522 [INFO] ADCParametersView:116 -                Rank 1 : false
2026-02-10 22:53:17,522 [INFO] ADCParametersView:116 -                Rank 1 : false
2026-02-10 22:53:17,523 [INFO] ADCParametersView:116 -                Rank 1 : false
2026-02-10 22:53:17,523 [INFO] ADCParametersView:116 -                Rank 1 : false
2026-02-10 22:53:17,523 [INFO] ADCParametersView:116 -                Rank 1 : false
2026-02-10 22:53:17,523 [INFO] ADCParametersView:116 -                Rank 1 : false
2026-02-10 22:53:17,524 [INFO] ADCParametersView:116 -                Rank 1 : false
2026-02-10 22:53:17,524 [INFO] ADCParametersView:116 -                Rank 1 : false
2026-02-10 22:53:17,524 [INFO] ADCParametersView:116 -                Rank 1 : false
2026-02-10 22:53:17,524 [INFO] ADCParametersView:116 -                Rank 1 : false
2026-02-10 22:53:17,524 [INFO] ADCParametersView:116 -                Rank 1 : false
2026-02-10 22:53:17,525 [INFO] ADCParametersView:116 -                Rank 1 : false
2026-02-10 22:53:17,525 [INFO] ADCParametersView:116 -                Rank 1 : false
2026-02-10 22:53:17,525 [INFO] ADCParametersView:116 -                Rank 1 : false
2026-02-10 22:53:17,525 [INFO] ADCParametersView:116 -                Rank 1 : false
2026-02-10 22:53:17,525 [INFO] ADCParametersView:116 -                Rank 1 : false
2026-02-10 22:53:17,525 [INFO] ADCParametersView:116 -                Rank 1 : false
2026-02-10 22:53:17,525 [INFO] ADCParametersView:116 -                Rank 1 : false
2026-02-10 22:53:17,589 [INFO] ADCParametersView:116 -                Rank 1 : false
2026-02-10 22:53:17,651 [INFO] ADCParametersView:116 -                Rank 1 : false
2026-02-10 22:53:17,652 [INFO] ADCParametersView:116 -                Rank 1 : false
2026-02-10 22:53:17,652 [INFO] ADCParametersView:116 -                Rank 1 : false
2026-02-10 22:53:17,653 [INFO] ADCParametersView:116 -                Rank 1 : false
2026-02-10 22:53:17,653 [INFO] ADCParametersView:116 -                Rank 1 : false
2026-02-10 22:53:17,654 [INFO] ADCParametersView:116 -                Rank 1 : false
2026-02-10 22:53:17,655 [INFO] ADCParametersView:116 -                Rank 1 : false
2026-02-10 22:53:17,655 [INFO] ADCParametersView:116 -                Rank 1 : false
2026-02-10 22:53:17,657 [INFO] ADCParametersView:116 -                Rank 1 : false
2026-02-10 22:53:17,658 [INFO] ADCParametersView:116 -                Rank 1 : false
2026-02-10 22:53:17,659 [INFO] ADCParametersView:116 -                Rank 1 : false
2026-02-10 22:53:17,659 [INFO] ADCParametersView:116 -                Rank 1 : false
2026-02-10 22:53:17,659 [INFO] ADCParametersView:116 -                Rank 1 : false
2026-02-10 22:53:17,659 [INFO] ADCParametersView:116 -                Rank 1 : false
2026-02-10 22:53:17,660 [INFO] ADCParametersView:116 -                Rank 1 : false
2026-02-10 22:53:17,660 [INFO] ADCParametersView:116 -                Rank 1 : false
2026-02-10 22:53:17,660 [INFO] ADCParametersView:116 -                Rank 1 : false
2026-02-10 22:53:17,660 [INFO] ADCParametersView:116 -                Rank 1 : false
2026-02-10 22:53:17,660 [INFO] ADCParametersView:116 -                Rank 1 : false
2026-02-10 22:53:17,696 [INFO] ADCParametersView:116 -                Rank 1 : false
2026-02-10 22:53:18,080 [INFO] ADCParametersView:116 -                Rank 1 : false
2026-02-10 22:53:18,081 [INFO] ADCParametersView:116 -                Rank 1 : false
2026-02-10 22:53:18,082 [INFO] ADCParametersView:116 -                Rank 1 : false
2026-02-10 22:53:18,082 [INFO] ADCParametersView:116 -                Rank 1 : false
2026-02-10 22:53:18,082 [INFO] ADCParametersView:116 -                Rank 1 : false
2026-02-10 22:53:18,082 [INFO] ADCParametersView:116 -                Rank 1 : false
2026-02-10 22:53:18,082 [INFO] ADCParametersView:116 -                Rank 1 : false
2026-02-10 22:53:18,083 [INFO] ADCParametersView:116 -                Rank 1 : false
2026-02-10 22:53:18,083 [INFO] ADCParametersView:116 -                Rank 1 : false
2026-02-10 22:53:18,083 [INFO] ADCParametersView:116 -                Rank 1 : false
2026-02-10 22:53:18,083 [INFO] ADCParametersView:116 -                Rank 1 : false
2026-02-10 22:53:18,083 [INFO] ADCParametersView:116 -                Rank 1 : false
2026-02-10 22:53:18,084 [INFO] ADCParametersView:116 -                Rank 1 : false
2026-02-10 22:53:18,084 [INFO] ADCParametersView:116 -                Rank 1 : false
2026-02-10 22:53:18,084 [INFO] ADCParametersView:116 -                Rank 1 : false
2026-02-10 22:53:18,084 [INFO] ADCParametersView:116 -                Rank 1 : false
2026-02-10 22:53:18,084 [INFO] ADCParametersView:116 -                Rank 1 : false
2026-02-10 22:53:18,084 [INFO] ADCParametersView:116 -                Rank 1 : false
2026-02-10 22:53:18,084 [INFO] ADCParametersView:116 -                Rank 1 : false
2026-02-10 22:53:18,115 [INFO] ADCParametersView:116 -                Rank 1 : false
2026-02-10 22:53:18,179 [INFO] ADCParametersView:116 -                Rank 1 : false
2026-02-10 22:53:18,179 [INFO] ADCParametersView:116 -                Rank 1 : false
2026-02-10 22:53:18,180 [INFO] ADCParametersView:116 -                Rank 1 : false
2026-02-10 22:53:18,180 [INFO] ADCParametersView:116 -                Rank 1 : false
2026-02-10 22:53:18,180 [INFO] ADCParametersView:116 -                Rank 1 : false
2026-02-10 22:53:18,180 [INFO] ADCParametersView:116 -                Rank 1 : false
2026-02-10 22:53:18,181 [INFO] ADCParametersView:116 -                Rank 1 : false
2026-02-10 22:53:18,181 [INFO] ADCParametersView:116 -                Rank 1 : false
2026-02-10 22:53:18,181 [INFO] ADCParametersView:116 -                Rank 1 : false
2026-02-10 22:53:18,181 [INFO] ADCParametersView:116 -                Rank 1 : false
2026-02-10 22:53:18,181 [INFO] ADCParametersView:116 -                Rank 1 : false
2026-02-10 22:53:18,182 [INFO] ADCParametersView:116 -                Rank 1 : false
2026-02-10 22:53:18,182 [INFO] ADCParametersView:116 -                Rank 1 : false
2026-02-10 22:53:18,182 [INFO] ADCParametersView:116 -                Rank 1 : false
2026-02-10 22:53:18,182 [INFO] ADCParametersView:116 -                Rank 1 : false
2026-02-10 22:53:18,182 [INFO] ADCParametersView:116 -                Rank 1 : false
2026-02-10 22:53:18,182 [INFO] ADCParametersView:116 -                Rank 1 : false
2026-02-10 22:53:18,182 [INFO] ADCParametersView:116 -                Rank 1 : false
2026-02-10 22:53:18,182 [INFO] ADCParametersView:116 -                Rank 1 : false
2026-02-10 22:53:18,210 [INFO] ADCParametersView:116 -                Rank 1 : false
2026-02-10 22:53:21,513 [INFO] NvicIntPanel:101 - NVIC parent = com.st.microxplorer.plugins.ip.nvic.MultiNvicIntPanel[,0,0,0x0,invalid,layout=javax.swing.BoxLayout,alignmentX=0.0,alignmentY=0.0,border=,flags=9,maximumSize=,minimumSize=,preferredSize=]
2026-02-10 22:53:21,567 [INFO] ADCParametersView:116 -                Rank 1 : false
2026-02-10 22:53:21,568 [INFO] ADCParametersView:116 -                Rank 1 : false
2026-02-10 22:53:21,568 [INFO] ADCParametersView:116 -                Rank 1 : false
2026-02-10 22:53:21,568 [INFO] ADCParametersView:116 -                Rank 1 : false
2026-02-10 22:53:21,569 [INFO] ADCParametersView:116 -                Rank 1 : false
2026-02-10 22:53:21,569 [INFO] ADCParametersView:116 -                Rank 1 : false
2026-02-10 22:53:21,569 [INFO] ADCParametersView:116 -                Rank 1 : false
2026-02-10 22:53:21,569 [INFO] ADCParametersView:116 -                Rank 1 : false
2026-02-10 22:53:21,569 [INFO] ADCParametersView:116 -                Rank 1 : false
2026-02-10 22:53:21,570 [INFO] ADCParametersView:116 -                Rank 1 : false
2026-02-10 22:53:21,570 [INFO] ADCParametersView:116 -                Rank 1 : false
2026-02-10 22:53:21,570 [INFO] ADCParametersView:116 -                Rank 1 : false
2026-02-10 22:53:21,570 [INFO] ADCParametersView:116 -                Rank 1 : false
2026-02-10 22:53:21,570 [INFO] ADCParametersView:116 -                Rank 1 : false
2026-02-10 22:53:21,570 [INFO] ADCParametersView:116 -                Rank 1 : false
2026-02-10 22:53:21,571 [INFO] ADCParametersView:116 -                Rank 1 : false
2026-02-10 22:53:21,571 [INFO] ADCParametersView:116 -                Rank 1 : false
2026-02-10 22:53:21,571 [INFO] ADCParametersView:116 -                Rank 1 : false
2026-02-10 22:53:21,571 [INFO] ADCParametersView:116 -                Rank 1 : false
2026-02-10 22:53:21,601 [INFO] ADCParametersView:116 -                Rank 1 : false
2026-02-10 22:53:21,706 [INFO] ADCParametersView:116 -                Rank 1 : false
2026-02-10 22:53:21,707 [INFO] ADCParametersView:116 -                Rank 1 : false
2026-02-10 22:53:21,707 [INFO] ADCParametersView:116 -                Rank 1 : false
2026-02-10 22:53:21,707 [INFO] ADCParametersView:116 -                Rank 1 : false
2026-02-10 22:53:21,708 [INFO] ADCParametersView:116 -                Rank 1 : false
2026-02-10 22:53:21,708 [INFO] ADCParametersView:116 -                Rank 1 : false
2026-02-10 22:53:21,708 [INFO] ADCParametersView:116 -                Rank 1 : false
2026-02-10 22:53:21,708 [INFO] ADCParametersView:116 -                Rank 1 : false
2026-02-10 22:53:21,708 [INFO] ADCParametersView:116 -                Rank 1 : false
2026-02-10 22:53:21,709 [INFO] ADCParametersView:116 -                Rank 1 : false
2026-02-10 22:53:21,709 [INFO] ADCParametersView:116 -                Rank 1 : false
2026-02-10 22:53:21,709 [INFO] ADCParametersView:116 -                Rank 1 : false
2026-02-10 22:53:21,709 [INFO] ADCParametersView:116 -                Rank 1 : false
2026-02-10 22:53:21,709 [INFO] ADCParametersView:116 -                Rank 1 : false
2026-02-10 22:53:21,709 [INFO] ADCParametersView:116 -                Rank 1 : false
2026-02-10 22:53:21,710 [INFO] ADCParametersView:116 -                Rank 1 : false
2026-02-10 22:53:21,710 [INFO] ADCParametersView:116 -                Rank 1 : false
2026-02-10 22:53:21,710 [INFO] ADCParametersView:116 -                Rank 1 : false
2026-02-10 22:53:21,710 [INFO] ADCParametersView:116 -                Rank 1 : false
2026-02-10 22:53:21,742 [INFO] ADCParametersView:116 -                Rank 1 : false
2026-02-10 22:53:21,899 [INFO] ADCParametersView:116 -                Rank 1 : false
2026-02-10 22:53:21,901 [INFO] ADCParametersView:116 -                Rank 1 : false
2026-02-10 22:53:21,901 [INFO] ADCParametersView:116 -                Rank 1 : false
2026-02-10 22:53:21,902 [INFO] ADCParametersView:116 -                Rank 1 : false
2026-02-10 22:53:21,902 [INFO] ADCParametersView:116 -                Rank 1 : false
2026-02-10 22:53:21,902 [INFO] ADCParametersView:116 -                Rank 1 : false
2026-02-10 22:53:21,902 [INFO] ADCParametersView:116 -                Rank 1 : false
2026-02-10 22:53:21,902 [INFO] ADCParametersView:116 -                Rank 1 : false
2026-02-10 22:53:21,903 [INFO] ADCParametersView:116 -                Rank 1 : false
2026-02-10 22:53:21,903 [INFO] ADCParametersView:116 -                Rank 1 : false
2026-02-10 22:53:21,903 [INFO] ADCParametersView:116 -                Rank 1 : false
2026-02-10 22:53:21,903 [INFO] ADCParametersView:116 -                Rank 1 : false
2026-02-10 22:53:21,903 [INFO] ADCParametersView:116 -                Rank 1 : false
2026-02-10 22:53:21,904 [INFO] ADCParametersView:116 -                Rank 1 : false
2026-02-10 22:53:21,904 [INFO] ADCParametersView:116 -                Rank 1 : false
2026-02-10 22:53:21,904 [INFO] ADCParametersView:116 -                Rank 1 : false
2026-02-10 22:53:21,904 [INFO] ADCParametersView:116 -                Rank 1 : false
2026-02-10 22:53:21,904 [INFO] ADCParametersView:116 -                Rank 1 : false
2026-02-10 22:53:21,904 [INFO] ADCParametersView:116 -                Rank 1 : false
2026-02-10 22:53:21,941 [INFO] ADCParametersView:116 -                Rank 1 : false
2026-02-10 22:53:21,991 [INFO] ADCParametersView:116 -                Rank 1 : false
2026-02-10 22:53:21,991 [INFO] ADCParametersView:116 -                Rank 1 : false
2026-02-10 22:53:21,991 [INFO] ADCParametersView:116 -                Rank 1 : false
2026-02-10 22:53:21,992 [INFO] ADCParametersView:116 -                Rank 1 : false
2026-02-10 22:53:21,992 [INFO] ADCParametersView:116 -                Rank 1 : false
2026-02-10 22:53:21,992 [INFO] ADCParametersView:116 -                Rank 1 : false
2026-02-10 22:53:21,992 [INFO] ADCParametersView:116 -                Rank 1 : false
2026-02-10 22:53:21,993 [INFO] ADCParametersView:116 -                Rank 1 : false
2026-02-10 22:53:21,993 [INFO] ADCParametersView:116 -                Rank 1 : false
2026-02-10 22:53:21,993 [INFO] ADCParametersView:116 -                Rank 1 : false
2026-02-10 22:53:21,993 [INFO] ADCParametersView:116 -                Rank 1 : false
2026-02-10 22:53:21,993 [INFO] ADCParametersView:116 -                Rank 1 : false
2026-02-10 22:53:21,994 [INFO] ADCParametersView:116 -                Rank 1 : false
2026-02-10 22:53:21,994 [INFO] ADCParametersView:116 -                Rank 1 : false
2026-02-10 22:53:21,994 [INFO] ADCParametersView:116 -                Rank 1 : false
2026-02-10 22:53:21,996 [INFO] ADCParametersView:116 -                Rank 1 : false
2026-02-10 22:53:21,999 [INFO] ADCParametersView:116 -                Rank 1 : false
2026-02-10 22:53:22,001 [INFO] ADCParametersView:116 -                Rank 1 : false
2026-02-10 22:53:22,002 [INFO] ADCParametersView:116 -                Rank 1 : false
2026-02-10 22:53:22,029 [INFO] ADCParametersView:116 -                Rank 1 : false
2026-02-10 22:53:31,085 [INFO] UtilMem:75 - End SaveConfig() Used Memory: 951482016 Bytes (1073741824)
2026-02-10 22:53:34,509 [INFO] UtilMem:75 - End SaveConfig() Used Memory: 781966448 Bytes (1073741824)
2026-02-10 22:53:34,810 [INFO] BlockDiagram:2775 - set Specific Code input for plugin: NVIC
2026-02-10 22:53:34,810 [INFO] BlockDiagram:2775 - set Specific Code input for plugin: USART
2026-02-10 22:53:34,810 [INFO] BlockDiagram:2775 - set Specific Code input for plugin: SYS
2026-02-10 22:53:34,811 [INFO] BlockDiagram:2775 - set Specific Code input for plugin: GPIO
2026-02-10 22:53:34,811 [INFO] BlockDiagram:2775 - set Specific Code input for plugin: ADC
2026-02-10 22:53:34,811 [INFO] BlockDiagram:2775 - set Specific Code input for plugin: RCC
2026-02-10 22:53:34,811 [INFO] BlockDiagram:2775 - set Specific Code input for plugin: I2C
2026-02-10 22:53:34,812 [INFO] CodeGenerator:892 - code generatio: config db path: /Applications/STM32CubeIDE.app/Contents/Eclipse/plugins/com.st.stm32cube.common.mx_6.15.0.202507011659//db/
2026-02-10 22:53:34,947 [INFO] CodeEngine:265 - oldGeneratedFile, /Users/karthikkurapati/LHR/VCAT-Air-Sus/CubeMX/Sus-RHBoard/rideheight/MXTmpFiles/license.tmp_save
2026-02-10 22:53:35,429 [INFO] CodeEngine:289 - Generated code: /Users/karthikkurapati/LHR/VCAT-Air-Sus/CubeMX/Sus-RHBoard/rideheight/MXTmpFiles/license.tmp
2026-02-10 22:53:35,622 [INFO] CodeEngine:265 - oldGeneratedFile, /Users/karthikkurapati/LHR/VCAT-Air-Sus/CubeMX/Sus-RHBoard/rideheight/MXTmpFiles/gpio.tmp_save
2026-02-10 22:53:35,800 [INFO] CodeEngine:289 - Generated code: /Users/karthikkurapati/LHR/VCAT-Air-Sus/CubeMX/Sus-RHBoard/rideheight/MXTmpFiles/gpio.tmp
2026-02-10 22:53:36,191 [INFO] CodeEngine:265 - oldGeneratedFile, /Users/karthikkurapati/LHR/VCAT-Air-Sus/CubeMX/Sus-RHBoard/rideheight/Core/Src/stm32l4xx_it.c_save
2026-02-10 22:53:36,524 [INFO] CodeEngine:289 - Generated code: /Users/karthikkurapati/LHR/VCAT-Air-Sus/CubeMX/Sus-RHBoard/rideheight/Core/Src/stm32l4xx_it.c
2026-02-10 22:53:36,529 [INFO] CodeEngine:265 - oldGeneratedFile, /Users/karthikkurapati/LHR/VCAT-Air-Sus/CubeMX/Sus-RHBoard/rideheight/Core/Inc/stm32l4xx_it.h_save
2026-02-10 22:53:36,596 [INFO] CodeEngine:289 - Generated code: /Users/karthikkurapati/LHR/VCAT-Air-Sus/CubeMX/Sus-RHBoard/rideheight/Core/Inc/stm32l4xx_it.h
2026-02-10 22:53:36,604 [INFO] CodeEngine:265 - oldGeneratedFile, /Users/karthikkurapati/LHR/VCAT-Air-Sus/CubeMX/Sus-RHBoard/rideheight/Core/Src/stm32l4xx_hal_msp.c_save
2026-02-10 22:53:36,823 [INFO] CodeEngine:289 - Generated code: /Users/karthikkurapati/LHR/VCAT-Air-Sus/CubeMX/Sus-RHBoard/rideheight/Core/Src/stm32l4xx_hal_msp.c
2026-02-10 22:53:36,827 [INFO] CodeEngine:265 - oldGeneratedFile, /Users/karthikkurapati/LHR/VCAT-Air-Sus/CubeMX/Sus-RHBoard/rideheight/MXTmpFiles/system.tmp_save
2026-02-10 22:53:36,898 [INFO] CodeEngine:289 - Generated code: /Users/karthikkurapati/LHR/VCAT-Air-Sus/CubeMX/Sus-RHBoard/rideheight/MXTmpFiles/system.tmp
2026-02-10 22:53:36,909 [INFO] CodeEngine:321 - oldGeneratedFile, /Users/karthikkurapati/LHR/VCAT-Air-Sus/CubeMX/Sus-RHBoard/rideheight/Core/Inc/stm32l4xx_hal_conf.h_save
2026-02-10 22:53:36,999 [INFO] CodeEngine:345 - Generated code: /Users/karthikkurapati/LHR/VCAT-Air-Sus/CubeMX/Sus-RHBoard/rideheight/Core/Inc/stm32l4xx_hal_conf.h
2026-02-10 22:53:37,078 [INFO] CodeEngine:265 - oldGeneratedFile, /Users/karthikkurapati/LHR/VCAT-Air-Sus/CubeMX/Sus-RHBoard/rideheight/Core/Inc/main.h_save
2026-02-10 22:53:37,183 [INFO] CodeEngine:289 - Generated code: /Users/karthikkurapati/LHR/VCAT-Air-Sus/CubeMX/Sus-RHBoard/rideheight/Core/Inc/main.h
2026-02-10 22:53:37,190 [INFO] CodeEngine:265 - oldGeneratedFile, /Users/karthikkurapati/LHR/VCAT-Air-Sus/CubeMX/Sus-RHBoard/rideheight/Core/Src/main.c_save
2026-02-10 22:53:37,363 [INFO] CodeEngine:289 - Generated code: /Users/karthikkurapati/LHR/VCAT-Air-Sus/CubeMX/Sus-RHBoard/rideheight/Core/Src/main.c
2026-02-10 22:53:38,667 [INFO] ProjectBuilder:3606 - Time for Copy HAL[1] : 258mS.
2026-02-10 22:53:38,698 [INFO] ProjectBuilder:5216 - Project Generator version: 4.7.0-B52
2026-02-10 22:53:38,859 [INFO] ConfigFileManager:1595 - The Die is : DIE435
2026-02-10 22:53:41,708 [INFO] ProjectBuilder:5496 - Time for Generating toolchain IDE Files: 3011mS.
2026-02-10 22:53:41,710 [INFO] ProjectBuilder:3463 - Time for Copy CMSIS : 1mS.
2026-02-10 22:53:41,712 [INFO] ProjectBuilder:3463 - Time for Copy CMSIS : 0mS.
2026-02-10 22:57:14,482 [INFO] UtilMem:75 - End SaveConfig() Used Memory: 793670400 Bytes (1073741824)
2026-02-10 22:57:14,936 [INFO] BlockDiagram:2775 - set Specific Code input for plugin: NVIC
2026-02-10 22:57:14,939 [INFO] BlockDiagram:2775 - set Specific Code input for plugin: USART
2026-02-10 22:57:14,939 [INFO] BlockDiagram:2775 - set Specific Code input for plugin: SYS
2026-02-10 22:57:14,939 [INFO] BlockDiagram:2775 - set Specific Code input for plugin: GPIO
2026-02-10 22:57:14,939 [INFO] BlockDiagram:2775 - set Specific Code input for plugin: ADC
2026-02-10 22:57:14,939 [INFO] BlockDiagram:2775 - set Specific Code input for plugin: RCC
2026-02-10 22:57:14,939 [INFO] BlockDiagram:2775 - set Specific Code input for plugin: I2C
2026-02-10 22:57:14,941 [INFO] CodeGenerator:892 - code generatio: config db path: /Applications/STM32CubeIDE.app/Contents/Eclipse/plugins/com.st.stm32cube.common.mx_6.15.0.202507011659//db/
2026-02-10 22:57:15,065 [INFO] CodeEngine:265 - oldGeneratedFile, /Users/karthikkurapati/LHR/VCAT-Air-Sus/CubeMX/Sus-RHBoard/rideheight/MXTmpFiles/license.tmp_save
2026-02-10 22:57:15,204 [INFO] CodeEngine:289 - Generated code: /Users/karthikkurapati/LHR/VCAT-Air-Sus/CubeMX/Sus-RHBoard/rideheight/MXTmpFiles/license.tmp
2026-02-10 22:57:15,268 [INFO] CodeEngine:265 - oldGeneratedFile, /Users/karthikkurapati/LHR/VCAT-Air-Sus/CubeMX/Sus-RHBoard/rideheight/MXTmpFiles/gpio.tmp_save
2026-02-10 22:57:15,341 [INFO] CodeEngine:289 - Generated code: /Users/karthikkurapati/LHR/VCAT-Air-Sus/CubeMX/Sus-RHBoard/rideheight/MXTmpFiles/gpio.tmp
2026-02-10 22:57:15,550 [INFO] CodeEngine:265 - oldGeneratedFile, /Users/karthikkurapati/LHR/VCAT-Air-Sus/CubeMX/Sus-RHBoard/rideheight/Core/Src/stm32l4xx_it.c_save
2026-02-10 22:57:15,625 [INFO] CodeEngine:289 - Generated code: /Users/karthikkurapati/LHR/VCAT-Air-Sus/CubeMX/Sus-RHBoard/rideheight/Core/Src/stm32l4xx_it.c
2026-02-10 22:57:15,628 [INFO] CodeEngine:265 - oldGeneratedFile, /Users/karthikkurapati/LHR/VCAT-Air-Sus/CubeMX/Sus-RHBoard/rideheight/Core/Inc/stm32l4xx_it.h_save
2026-02-10 22:57:15,696 [INFO] CodeEngine:289 - Generated code: /Users/karthikkurapati/LHR/VCAT-Air-Sus/CubeMX/Sus-RHBoard/rideheight/Core/Inc/stm32l4xx_it.h
2026-02-10 22:57:15,763 [INFO] CodeEngine:265 - oldGeneratedFile, /Users/karthikkurapati/LHR/VCAT-Air-Sus/CubeMX/Sus-RHBoard/rideheight/Core/Src/stm32l4xx_hal_msp.c_save
2026-02-10 22:57:15,877 [INFO] CodeEngine:289 - Generated code: /Users/karthikkurapati/LHR/VCAT-Air-Sus/CubeMX/Sus-RHBoard/rideheight/Core/Src/stm32l4xx_hal_msp.c
2026-02-10 22:57:15,880 [INFO] CodeEngine:265 - oldGeneratedFile, /Users/karthikkurapati/LHR/VCAT-Air-Sus/CubeMX/Sus-RHBoard/rideheight/MXTmpFiles/system.tmp_save
2026-02-10 22:57:15,937 [INFO] CodeEngine:289 - Generated code: /Users/karthikkurapati/LHR/VCAT-Air-Sus/CubeMX/Sus-RHBoard/rideheight/MXTmpFiles/system.tmp
2026-02-10 22:57:15,944 [INFO] CodeEngine:321 - oldGeneratedFile, /Users/karthikkurapati/LHR/VCAT-Air-Sus/CubeMX/Sus-RHBoard/rideheight/Core/Inc/stm32l4xx_hal_conf.h_save
2026-02-10 22:57:16,003 [INFO] CodeEngine:345 - Generated code: /Users/karthikkurapati/LHR/VCAT-Air-Sus/CubeMX/Sus-RHBoard/rideheight/Core/Inc/stm32l4xx_hal_conf.h
2026-02-10 22:57:16,039 [INFO] CodeEngine:265 - oldGeneratedFile, /Users/karthikkurapati/LHR/VCAT-Air-Sus/CubeMX/Sus-RHBoard/rideheight/Core/Inc/main.h_save
2026-02-10 22:57:16,102 [INFO] CodeEngine:289 - Generated code: /Users/karthikkurapati/LHR/VCAT-Air-Sus/CubeMX/Sus-RHBoard/rideheight/Core/Inc/main.h
2026-02-10 22:57:16,105 [INFO] CodeEngine:265 - oldGeneratedFile, /Users/karthikkurapati/LHR/VCAT-Air-Sus/CubeMX/Sus-RHBoard/rideheight/Core/Src/main.c_save
2026-02-10 22:57:16,231 [INFO] CodeEngine:289 - Generated code: /Users/karthikkurapati/LHR/VCAT-Air-Sus/CubeMX/Sus-RHBoard/rideheight/Core/Src/main.c
2026-02-10 22:57:16,530 [INFO] ProjectBuilder:3606 - Time for Copy HAL[1] : 120mS.
2026-02-10 22:57:16,533 [INFO] ProjectBuilder:5216 - Project Generator version: 4.7.0-B52
2026-02-10 22:57:16,609 [INFO] ConfigFileManager:1595 - The Die is : DIE435
2026-02-10 22:57:20,085 [INFO] ProjectBuilder:5496 - Time for Generating toolchain IDE Files: 3541mS.
2026-02-10 22:57:20,098 [INFO] ProjectBuilder:3463 - Time for Copy CMSIS : 1mS.
2026-02-10 22:57:20,105 [INFO] ProjectBuilder:3463 - Time for Copy CMSIS : 1mS.
