2026-02-14 11:51:51,530 [INFO] Activator:176 - 


2026-02-14 11:51:51,538 [INFO] Activator:177 - !SESSION log4j initialized
2026-02-14 11:51:58,745 [INFO] LogOutputStream:77 - [STDOUT_REDIRECT] 
2026-02-14 11:52:01,442 [ERROR] LogOutputStream:75 - [STDERR_REDIRECT] 
2026-02-14 11:52:05,961 [INFO] LogOutputStream:77 - [STDOUT_REDIRECT] 
2026-02-14 11:52:08,072 [INFO] ApplicationProperties:184 - Using Application install path: /Applications/STM32CubeIDE.app/Contents/Eclipse/plugins/com.st.stm32cube.common.mx_6.15.0.202507011659
2026-02-14 11:52:08,098 [INFO] DbMcusXml:78 - Set database path to: /Applications/STM32CubeIDE.app/Contents/Eclipse/plugins/com.st.stm32cube.common.mx_6.15.0.202507011659//db//mcu/
2026-02-14 11:52:08,099 [INFO] ApiDb:274 - Set plugin database path to: /Applications/STM32CubeIDE.app/Contents/Eclipse/plugins/com.st.stm32cube.common.mx_6.15.0.202507011659//db//plugins/boardmanager/
2026-02-14 11:52:08,099 [WARN] ApiDb:259 - Overriding images path with different value:  => /Applications/STM32CubeIDE.app/Contents/Eclipse/plugins/com.st.stm32cube.common.mx_6.15.0.202507011659//db//plugins/mcufinder/images/
2026-02-14 11:52:08,111 [INFO] ApiDb:250 - Set database path to: /Users/karthikkurapati/.stmcufinder/plugins/mcufinder//mcu/
2026-02-14 11:52:08,115 [INFO] DbMcusAds:125 - Set database path to: /Users/karthikkurapati/.stmcufinder/plugins/mcufinder//mcu/
2026-02-14 11:52:08,118 [INFO] CrossReferenceDbSqlite:203 - Set database path to: /Users/karthikkurapati/.stmcufinder/plugins/mcufinder//mcu/cs/
2026-02-14 11:52:08,367 [INFO] RulesReader:64 - Compatibility file has been processed (317 Rules)
2026-02-14 11:52:08,459 [INFO] DbMcusXml:78 - Set database path to: /Applications/STM32CubeIDE.app/Contents/Eclipse/plugins/com.st.stm32cube.common.mx_6.15.0.202507011659//db//mcu/
2026-02-14 11:52:08,460 [INFO] ApiDb:274 - Set plugin database path to: /Applications/STM32CubeIDE.app/Contents/Eclipse/plugins/com.st.stm32cube.common.mx_6.15.0.202507011659//db//plugins/boardmanager/
2026-02-14 11:52:08,460 [INFO] ApiDb:261 - Set plugin images path to: /Applications/STM32CubeIDE.app/Contents/Eclipse/plugins/com.st.stm32cube.common.mx_6.15.0.202507011659//db//plugins/mcufinder/images/
2026-02-14 11:52:08,460 [WARN] DbFile:41 - Overriding database path with different value: /Users/karthikkurapati/.stmcufinder/plugins/mcufinder/ => /Users/karthikkurapati/.stmcufinder/plugins/mcufinder
2026-02-14 11:52:08,461 [INFO] ApiDb:250 - Set database path to: /Users/karthikkurapati/.stmcufinder/plugins/mcufinder//mcu/
2026-02-14 11:52:08,461 [WARN] DbFile:41 - Overriding database path with different value: /Users/karthikkurapati/.stmcufinder/plugins/mcufinder/ => /Users/karthikkurapati/.stmcufinder/plugins/mcufinder
2026-02-14 11:52:08,461 [INFO] DbMcusAds:125 - Set database path to: /Users/karthikkurapati/.stmcufinder/plugins/mcufinder//mcu/
2026-02-14 11:52:08,461 [WARN] DbFile:41 - Overriding database path with different value: /Users/karthikkurapati/.stmcufinder/plugins/mcufinder/ => /Users/karthikkurapati/.stmcufinder/plugins/mcufinder
2026-02-14 11:52:08,461 [WARN] DbFile:41 - Overriding database path with different value: /Users/karthikkurapati/.stmcufinder/plugins/mcufinder/ => /Users/karthikkurapati/.stmcufinder/plugins/mcufinder
2026-02-14 11:52:08,461 [INFO] CrossReferenceDbSqlite:203 - Set database path to: /Users/karthikkurapati/.stmcufinder/plugins/mcufinder//mcu/cs/
2026-02-14 11:52:08,591 [INFO] MainPanel:274 - HeapMemory: 281018368
2026-02-14 11:52:09,180 [INFO] DbMcusXml:78 - Set database path to: /Applications/STM32CubeIDE.app/Contents/Eclipse/plugins/com.st.stm32cube.common.mx_6.15.0.202507011659//db//mcu/
2026-02-14 11:52:09,181 [INFO] ApiDb:274 - Set plugin database path to: /Applications/STM32CubeIDE.app/Contents/Eclipse/plugins/com.st.stm32cube.common.mx_6.15.0.202507011659//db//plugins/boardmanager/
2026-02-14 11:52:09,181 [INFO] ApiDb:261 - Set plugin images path to: /Applications/STM32CubeIDE.app/Contents/Eclipse/plugins/com.st.stm32cube.common.mx_6.15.0.202507011659//db//plugins/mcufinder/images/
2026-02-14 11:52:09,182 [WARN] DbFile:41 - Overriding database path with different value: /Users/karthikkurapati/.stmcufinder/plugins/mcufinder/ => /Users/karthikkurapati/.stmcufinder/plugins/mcufinder
2026-02-14 11:52:09,182 [INFO] ApiDb:250 - Set database path to: /Users/karthikkurapati/.stmcufinder/plugins/mcufinder//mcu/
2026-02-14 11:52:09,182 [WARN] DbFile:41 - Overriding database path with different value: /Users/karthikkurapati/.stmcufinder/plugins/mcufinder/ => /Users/karthikkurapati/.stmcufinder/plugins/mcufinder
2026-02-14 11:52:09,182 [INFO] DbMcusAds:125 - Set database path to: /Users/karthikkurapati/.stmcufinder/plugins/mcufinder//mcu/
2026-02-14 11:52:09,182 [WARN] DbFile:41 - Overriding database path with different value: /Users/karthikkurapati/.stmcufinder/plugins/mcufinder/ => /Users/karthikkurapati/.stmcufinder/plugins/mcufinder
2026-02-14 11:52:09,182 [WARN] DbFile:41 - Overriding database path with different value: /Users/karthikkurapati/.stmcufinder/plugins/mcufinder/ => /Users/karthikkurapati/.stmcufinder/plugins/mcufinder
2026-02-14 11:52:09,182 [INFO] CrossReferenceDbSqlite:203 - Set database path to: /Users/karthikkurapati/.stmcufinder/plugins/mcufinder//mcu/cs/
2026-02-14 11:52:09,219 [INFO] ApplicationProperties:184 - Using Application install path: /Applications/STM32CubeIDE.app/Contents/Eclipse/plugins/com.st.stm32cube.common.mx_6.15.0.202507011659
2026-02-14 11:52:09,221 [INFO] PluginManage:196 - Search for loadable plugins [exclusion list=, ]
2026-02-14 11:52:09,223 [INFO] PluginManage:310 - Check plugin analytics
2026-02-14 11:52:09,553 [INFO] AnalyticsPlugin:253 - Accepted Software Licenses: 
2026-02-14 11:52:09,554 [INFO] AnalyticsPlugin:255 - Accepted CMSIS Pack Licenses: 
2026-02-14 11:52:09,554 [INFO] AnalyticsPlugin:257 - Accepted Firmware Licenses: FW.L4.1.18.0
2026-02-14 11:52:09,579 [INFO] PluginManage:359 - Loaded plugin analytics (category:tool,tabindex:-1)
2026-02-14 11:52:09,581 [INFO] PluginManage:310 - Check plugin cadmodel
2026-02-14 11:52:09,601 [INFO] CADModel:105 - Init CAD model plugin
2026-02-14 11:52:09,602 [INFO] PluginManage:359 - Loaded plugin cadmodel (category:power,tabindex:5)
2026-02-14 11:52:09,602 [INFO] PluginManage:310 - Check plugin clock
2026-02-14 11:52:09,617 [INFO] PluginManage:359 - Loaded plugin clock (category:base,tabindex:2)
2026-02-14 11:52:09,618 [INFO] PluginManage:310 - Check plugin ddr
2026-02-14 11:52:09,621 [INFO] PluginManage:359 - Loaded plugin ddr (category:tool,tabindex:6)
2026-02-14 11:52:09,621 [INFO] PluginManage:310 - Check plugin filemanager
2026-02-14 11:52:09,885 [INFO] PluginManage:359 - Loaded plugin filemanager (category:base,tabindex:10)
2026-02-14 11:52:09,886 [INFO] PluginManage:310 - Check plugin ipmanager
2026-02-14 11:52:09,898 [INFO] PluginManage:359 - Loaded plugin ipmanager (category:base,tabindex:5)
2026-02-14 11:52:09,899 [INFO] PluginManage:310 - Check plugin lpbam
2026-02-14 11:52:09,910 [INFO] PluginManage:359 - Loaded plugin lpbam (category:base,tabindex:0)
2026-02-14 11:52:09,911 [INFO] PluginManage:310 - Check plugin memorymap
2026-02-14 11:52:09,927 [INFO] PluginManage:359 - Loaded plugin memorymap (category:base,tabindex:4)
2026-02-14 11:52:09,927 [INFO] PluginManage:310 - Check plugin pinoutandconfiguration
2026-02-14 11:52:09,942 [INFO] PluginManage:359 - Loaded plugin pinoutandconfiguration (category:base,tabindex:1)
2026-02-14 11:52:09,942 [INFO] PluginManage:310 - Check plugin pinoutconfig
2026-02-14 11:52:10,078 [WARN] SupportedApi:132 - Cannot load RTOS API schema: s4s-elt-must-match.1: The content of 'definitions' must match (annotation?, (simpleType | complexType)?, (unique | key | keyref)*)). A problem was found starting at: attribute.
2026-02-14 11:52:10,313 [INFO] PluginManage:359 - Loaded plugin pinoutconfig (category:base,tabindex:0)
2026-02-14 11:52:10,314 [INFO] PluginManage:310 - Check plugin power
2026-02-14 11:52:10,330 [INFO] PluginManage:359 - Loaded plugin power (category:power,tabindex:4)
2026-02-14 11:52:10,331 [INFO] PluginManage:310 - Check plugin projectmanager
2026-02-14 11:52:10,375 [INFO] PluginManage:359 - Loaded plugin projectmanager (category:projectmanager,tabindex:4)
2026-02-14 11:52:10,375 [INFO] PluginManage:310 - Check plugin rif
2026-02-14 11:52:10,390 [INFO] PluginManage:359 - Loaded plugin rif (category:base,tabindex:3)
2026-02-14 11:52:10,390 [INFO] PluginManage:310 - Check plugin thirdparty
2026-02-14 11:52:10,644 [INFO] PluginManage:359 - Loaded plugin thirdparty (category:base,tabindex:-1)
2026-02-14 11:52:10,643 [WARN] IntegrityCheckThread:84 - waiting for thirdparty lock release [integrity check]
2026-02-14 11:52:10,645 [INFO] PluginManage:310 - Check plugin tools
2026-02-14 11:52:10,646 [INFO] IntegrityCheckThread:86 - entering critical section [integrity check]
2026-02-14 11:52:10,646 [INFO] ThirdPartyUpdaterWithRetryManager:70 - Updater plugin not ready yet. [1/15]
2026-02-14 11:52:10,649 [INFO] PluginManage:359 - Loaded plugin tools (category:base,tabindex:7)
2026-02-14 11:52:10,650 [INFO] PluginManage:310 - Check plugin tutovideos
2026-02-14 11:52:11,106 [INFO] PluginManage:359 - Loaded plugin tutovideos (category:base,tabindex:-1)
2026-02-14 11:52:11,106 [INFO] PluginManage:310 - Check plugin updater
2026-02-14 11:52:11,167 [INFO] PluginManage:359 - Loaded plugin updater (category:base,tabindex:12)
2026-02-14 11:52:11,167 [INFO] PluginManage:310 - Check plugin userauth
2026-02-14 11:52:11,174 [INFO] UserAuth:118 - Init User Auth plugin
2026-02-14 11:52:11,178 [INFO] PluginManage:359 - Loaded plugin userauth (category:base,tabindex:14)
2026-02-14 11:52:11,187 [INFO] PluginManage:283 - PluginManage : Loaded plugins [18]
2026-02-14 11:52:11,878 [INFO] PinOutPanel:1589 - setPackage(No Configuration,No Configuration)
2026-02-14 11:52:12,080 [INFO] CADModel:165 - CPN selected for project level
2026-02-14 11:52:12,081 [INFO] CADModel:114 - Register for checkConnection events
2026-02-14 11:52:12,102 [INFO] IPUIPlugin:80 - create IPUIPlugin
2026-02-14 11:52:12,102 [INFO] PluginManager:220 - loadIPPluginJar : add mdma
2026-02-14 11:52:12,114 [INFO] IPUIPlugin:80 - create IPUIPlugin
2026-02-14 11:52:12,114 [INFO] PluginManager:220 - loadIPPluginJar : add freertos
2026-02-14 11:52:12,121 [INFO] IPUIPlugin:80 - create IPUIPlugin
2026-02-14 11:52:12,121 [INFO] PluginManager:220 - loadIPPluginJar : add gic
2026-02-14 11:52:12,134 [INFO] IPUIPlugin:80 - create IPUIPlugin
2026-02-14 11:52:12,135 [INFO] PluginManager:220 - loadIPPluginJar : add adc
2026-02-14 11:52:12,138 [INFO] IPUIPlugin:80 - create IPUIPlugin
2026-02-14 11:52:12,138 [INFO] PluginManager:220 - loadIPPluginJar : add gtzc
2026-02-14 11:52:12,140 [INFO] IPUIPlugin:80 - create IPUIPlugin
2026-02-14 11:52:12,141 [INFO] PluginManager:220 - loadIPPluginJar : add quadspi
2026-02-14 11:52:12,144 [INFO] IPUIPlugin:80 - create IPUIPlugin
2026-02-14 11:52:12,145 [INFO] PluginManager:220 - loadIPPluginJar : add aes
2026-02-14 11:52:12,148 [INFO] IPUIPlugin:80 - create IPUIPlugin
2026-02-14 11:52:12,148 [INFO] PluginManager:220 - loadIPPluginJar : add pdm2pcm
2026-02-14 11:52:12,150 [INFO] IPUIPlugin:80 - create IPUIPlugin
2026-02-14 11:52:12,151 [INFO] PluginManager:220 - loadIPPluginJar : add hash
2026-02-14 11:52:12,154 [INFO] IPUIPlugin:80 - create IPUIPlugin
2026-02-14 11:52:12,155 [INFO] PluginManager:220 - loadIPPluginJar : add tim
2026-02-14 11:52:12,158 [INFO] IPUIPlugin:80 - create IPUIPlugin
2026-02-14 11:52:12,158 [INFO] PluginManager:220 - loadIPPluginJar : add tsc
2026-02-14 11:52:12,162 [INFO] IPUIPlugin:80 - create IPUIPlugin
2026-02-14 11:52:12,162 [INFO] PluginManager:220 - loadIPPluginJar : add extmemmanager
2026-02-14 11:52:12,166 [INFO] IPUIPlugin:80 - create IPUIPlugin
2026-02-14 11:52:12,166 [INFO] PluginManager:220 - loadIPPluginJar : add ts
2026-02-14 11:52:12,169 [INFO] IPUIPlugin:80 - create IPUIPlugin
2026-02-14 11:52:12,169 [INFO] PluginManager:220 - loadIPPluginJar : add radio
2026-02-14 11:52:12,173 [INFO] IPUIPlugin:80 - create IPUIPlugin
2026-02-14 11:52:12,173 [INFO] PluginManager:220 - loadIPPluginJar : add can
2026-02-14 11:52:12,175 [INFO] IPUIPlugin:80 - create IPUIPlugin
2026-02-14 11:52:12,175 [INFO] PluginManager:220 - loadIPPluginJar : add dma3
2026-02-14 11:52:12,178 [INFO] IPUIPlugin:80 - create IPUIPlugin
2026-02-14 11:52:12,178 [INFO] PluginManager:220 - loadIPPluginJar : add dfsdm
2026-02-14 11:52:12,180 [INFO] IPUIPlugin:80 - create IPUIPlugin
2026-02-14 11:52:12,181 [INFO] PluginManager:220 - loadIPPluginJar : add spi
2026-02-14 11:52:12,183 [INFO] IPUIPlugin:80 - create IPUIPlugin
2026-02-14 11:52:12,183 [INFO] PluginManager:220 - loadIPPluginJar : add gfxmmu
2026-02-14 11:52:12,186 [INFO] IPUIPlugin:80 - create IPUIPlugin
2026-02-14 11:52:12,186 [INFO] PluginManager:220 - loadIPPluginJar : add genericplugin
2026-02-14 11:52:12,189 [INFO] IPUIPlugin:80 - create IPUIPlugin
2026-02-14 11:52:12,189 [INFO] PluginManager:220 - loadIPPluginJar : add cryp
2026-02-14 11:52:12,194 [INFO] IPUIPlugin:80 - create IPUIPlugin
2026-02-14 11:52:12,195 [INFO] PluginManager:220 - loadIPPluginJar : add gpio
2026-02-14 11:52:12,199 [INFO] IPUIPlugin:80 - create IPUIPlugin
2026-02-14 11:52:12,199 [INFO] PluginManager:220 - loadIPPluginJar : add ddr_ctrl_phy
2026-02-14 11:52:12,201 [INFO] IPUIPlugin:80 - create IPUIPlugin
2026-02-14 11:52:12,202 [INFO] PluginManager:220 - loadIPPluginJar : add comp
2026-02-14 11:52:12,206 [INFO] IPUIPlugin:80 - create IPUIPlugin
2026-02-14 11:52:12,207 [INFO] PluginManager:220 - loadIPPluginJar : add tracer_emb
2026-02-14 11:52:12,210 [INFO] IPUIPlugin:80 - create IPUIPlugin
2026-02-14 11:52:12,211 [INFO] PluginManager:220 - loadIPPluginJar : add openamp
2026-02-14 11:52:12,218 [INFO] IPUIPlugin:80 - create IPUIPlugin
2026-02-14 11:52:12,219 [INFO] PluginManager:220 - loadIPPluginJar : add stm32_wpan
2026-02-14 11:52:12,227 [INFO] IPUIPlugin:80 - create IPUIPlugin
2026-02-14 11:52:12,231 [INFO] PluginManager:220 - loadIPPluginJar : add plateformsettings
2026-02-14 11:52:12,235 [INFO] IPUIPlugin:80 - create IPUIPlugin
2026-02-14 11:52:12,235 [INFO] PluginManager:220 - loadIPPluginJar : add ipddr
2026-02-14 11:52:12,238 [INFO] IPUIPlugin:80 - create IPUIPlugin
2026-02-14 11:52:12,238 [INFO] PluginManager:220 - loadIPPluginJar : add usart
2026-02-14 11:52:12,240 [INFO] IPUIPlugin:80 - create IPUIPlugin
2026-02-14 11:52:12,240 [INFO] PluginManager:220 - loadIPPluginJar : add ltdc
2026-02-14 11:52:12,244 [INFO] IPUIPlugin:80 - create IPUIPlugin
2026-02-14 11:52:12,244 [INFO] PluginManager:220 - loadIPPluginJar : add nvic
2026-02-14 11:52:12,246 [INFO] IPUIPlugin:80 - create IPUIPlugin
2026-02-14 11:52:12,246 [INFO] PluginManager:220 - loadIPPluginJar : add fatfs
2026-02-14 11:52:12,254 [INFO] IPUIPlugin:80 - create IPUIPlugin
2026-02-14 11:52:12,255 [INFO] PluginManager:220 - loadIPPluginJar : add linkedlist
2026-02-14 11:52:12,262 [INFO] IPUIPlugin:80 - create IPUIPlugin
2026-02-14 11:52:12,262 [INFO] PluginManager:220 - loadIPPluginJar : add dma
2026-02-14 11:52:12,268 [INFO] IPUIPlugin:80 - create IPUIPlugin
2026-02-14 11:52:12,268 [INFO] PluginManager:220 - loadIPPluginJar : add fmc
2026-02-14 11:52:12,271 [INFO] IPUIPlugin:80 - create IPUIPlugin
2026-02-14 11:52:12,272 [INFO] PluginManager:220 - loadIPPluginJar : add i2s
2026-02-14 11:52:12,274 [INFO] IPUIPlugin:80 - create IPUIPlugin
2026-02-14 11:52:12,275 [INFO] PluginManager:220 - loadIPPluginJar : add ucpd
2026-02-14 11:52:12,279 [INFO] IPUIPlugin:80 - create IPUIPlugin
2026-02-14 11:52:12,280 [INFO] PluginManager:220 - loadIPPluginJar : add lorawan
2026-02-14 11:52:12,283 [INFO] IPUIPlugin:80 - create IPUIPlugin
2026-02-14 11:52:12,283 [INFO] PluginManager:220 - loadIPPluginJar : add opamp
2026-02-14 11:52:12,289 [INFO] IPUIPlugin:80 - create IPUIPlugin
2026-02-14 11:52:12,290 [INFO] PluginManager:220 - loadIPPluginJar : add i3c
2026-02-14 11:52:12,294 [INFO] IPUIPlugin:80 - create IPUIPlugin
2026-02-14 11:52:12,294 [INFO] PluginManager:220 - loadIPPluginJar : add touchsensing
2026-02-14 11:52:12,298 [INFO] IPUIPlugin:80 - create IPUIPlugin
2026-02-14 11:52:12,298 [INFO] PluginManager:220 - loadIPPluginJar : add i2c
2026-02-14 11:52:12,303 [INFO] IPUIPlugin:80 - create IPUIPlugin
2026-02-14 11:52:12,303 [INFO] PluginManager:220 - loadIPPluginJar : add resmgrutility
2026-02-14 11:52:12,306 [INFO] IPUIPlugin:80 - create IPUIPlugin
2026-02-14 11:52:12,306 [INFO] PluginManager:220 - loadIPPluginJar : add sai
2026-02-14 11:52:12,310 [INFO] IPUIPlugin:80 - create IPUIPlugin
2026-02-14 11:52:12,310 [INFO] PluginManager:220 - loadIPPluginJar : add usbx
2026-02-14 11:52:12,604 [FATAL] Updater:351 - Updater called before beeing initialized
2026-02-14 11:52:12,704 [INFO] RulesReader:64 - Compatibility file has been processed (317 Rules)
2026-02-14 11:52:12,732 [INFO] RulesReader:64 - Compatibility file has been processed (317 Rules)
2026-02-14 11:52:12,750 [INFO] CADModel:165 - CPN selected for project level
2026-02-14 11:52:12,750 [INFO] CADModel:114 - Register for checkConnection events
2026-02-14 11:52:12,750 [FATAL] Updater:351 - Updater called before beeing initialized
2026-02-14 11:52:12,750 [ERROR] CADModel:125 - Updater not yet initialized, retry later 
2026-02-14 11:52:13,511 [FATAL] Updater:351 - Updater called before beeing initialized
2026-02-14 11:52:13,530 [INFO] CADModel:165 - CPN selected for project level
2026-02-14 11:52:13,533 [INFO] CADModel:114 - Register for checkConnection events
2026-02-14 11:52:13,533 [FATAL] Updater:351 - Updater called before beeing initialized
2026-02-14 11:52:13,533 [ERROR] CADModel:125 - Updater not yet initialized, retry later 
2026-02-14 11:52:13,541 [FATAL] Updater:351 - Updater called before beeing initialized
2026-02-14 11:52:13,654 [INFO] ThirdPartyUpdaterWithRetryManager:70 - Updater plugin not ready yet. [2/15]
2026-02-14 11:52:14,292 [FATAL] Updater:351 - Updater called before beeing initialized
2026-02-14 11:52:14,316 [INFO] DbMcusAds:53 - JSON generation date=Thu Jan 08 09:57:51 CST 2026 (1767887871456)
2026-02-14 11:52:14,322 [FATAL] Updater:351 - Updater called before beeing initialized
2026-02-14 11:52:14,702 [WARN] DetailPanel:346 - Failed to get advertising image, set to default
2026-02-14 11:52:14,848 [FATAL] Updater:351 - Updater called before beeing initialized
2026-02-14 11:52:14,851 [FATAL] Updater:351 - Updater called before beeing initialized
2026-02-14 11:52:14,851 [FATAL] Updater:351 - Updater called before beeing initialized
2026-02-14 11:52:14,851 [WARN] DetailPanel:346 - Failed to get advertising image, set to default
2026-02-14 11:52:14,852 [FATAL] Updater:351 - Updater called before beeing initialized
2026-02-14 11:52:14,858 [INFO] McuFinderGlobals:63 - Set McuFinder mode to 2 (CubeIDE integrated)
2026-02-14 11:52:15,039 [ERROR] Updater:1198 - MainUpdater not yet initialized. External WinMGr cannot be set.
2026-02-14 11:52:15,051 [INFO] Updater:1134 - Updater Version found : 6.15.0
2026-02-14 11:52:15,082 [INFO] ApplicationProperties:184 - Using Application install path: /Applications/STM32CubeIDE.app/Contents/Eclipse/plugins/com.st.stm32cube.common.mx_6.15.0.202507011659
2026-02-14 11:52:16,665 [FATAL] Updater:351 - Updater called before beeing initialized
2026-02-14 11:52:16,674 [ERROR] IntegrityCheckThread:130 - Cannot retrieve database content from updater: error 21
2026-02-14 11:52:16,675 [INFO] ThirdParty:978 - Integrity check success = false
2026-02-14 11:52:16,676 [INFO] IntegrityCheckThread:100 - exiting critical section [integrity check]
2026-02-14 11:52:16,676 [INFO] IntegrityCheckThread:103 - End integrity checks thread
2026-02-14 12:32:59,771 [INFO] Activator:176 - 


2026-02-14 12:32:59,774 [INFO] Activator:177 - !SESSION log4j initialized
2026-02-14 12:33:06,592 [INFO] LogOutputStream:77 - [STDOUT_REDIRECT] 
2026-02-14 12:33:08,902 [ERROR] LogOutputStream:75 - [STDERR_REDIRECT] 
2026-02-14 12:33:13,596 [INFO] LogOutputStream:77 - [STDOUT_REDIRECT] 
2026-02-14 12:33:15,362 [INFO] ApplicationProperties:184 - Using Application install path: /Applications/STM32CubeIDE.app/Contents/Eclipse/plugins/com.st.stm32cube.common.mx_6.15.0.202507011659
2026-02-14 12:33:15,394 [INFO] DbMcusXml:78 - Set database path to: /Applications/STM32CubeIDE.app/Contents/Eclipse/plugins/com.st.stm32cube.common.mx_6.15.0.202507011659//db//mcu/
2026-02-14 12:33:15,395 [INFO] ApiDb:274 - Set plugin database path to: /Applications/STM32CubeIDE.app/Contents/Eclipse/plugins/com.st.stm32cube.common.mx_6.15.0.202507011659//db//plugins/boardmanager/
2026-02-14 12:33:15,398 [WARN] ApiDb:259 - Overriding images path with different value:  => /Applications/STM32CubeIDE.app/Contents/Eclipse/plugins/com.st.stm32cube.common.mx_6.15.0.202507011659//db//plugins/mcufinder/images/
2026-02-14 12:33:15,411 [INFO] ApiDb:250 - Set database path to: /Users/karthikkurapati/.stmcufinder/plugins/mcufinder//mcu/
2026-02-14 12:33:15,413 [INFO] DbMcusAds:125 - Set database path to: /Users/karthikkurapati/.stmcufinder/plugins/mcufinder//mcu/
2026-02-14 12:33:15,416 [INFO] CrossReferenceDbSqlite:203 - Set database path to: /Users/karthikkurapati/.stmcufinder/plugins/mcufinder//mcu/cs/
2026-02-14 12:33:15,875 [INFO] RulesReader:64 - Compatibility file has been processed (317 Rules)
2026-02-14 12:33:15,914 [INFO] McuFinderGlobals:63 - Set McuFinder mode to 2 (CubeIDE integrated)
2026-02-14 12:33:15,992 [INFO] DbMcusXml:78 - Set database path to: /Applications/STM32CubeIDE.app/Contents/Eclipse/plugins/com.st.stm32cube.common.mx_6.15.0.202507011659//db//mcu/
2026-02-14 12:33:15,993 [INFO] ApiDb:274 - Set plugin database path to: /Applications/STM32CubeIDE.app/Contents/Eclipse/plugins/com.st.stm32cube.common.mx_6.15.0.202507011659//db//plugins/boardmanager/
2026-02-14 12:33:15,993 [INFO] ApiDb:261 - Set plugin images path to: /Applications/STM32CubeIDE.app/Contents/Eclipse/plugins/com.st.stm32cube.common.mx_6.15.0.202507011659//db//plugins/mcufinder/images/
2026-02-14 12:33:15,993 [WARN] DbFile:41 - Overriding database path with different value: /Users/karthikkurapati/.stmcufinder/plugins/mcufinder/ => /Users/karthikkurapati/.stmcufinder/plugins/mcufinder
2026-02-14 12:33:15,993 [INFO] ApiDb:250 - Set database path to: /Users/karthikkurapati/.stmcufinder/plugins/mcufinder//mcu/
2026-02-14 12:33:15,993 [WARN] DbFile:41 - Overriding database path with different value: /Users/karthikkurapati/.stmcufinder/plugins/mcufinder/ => /Users/karthikkurapati/.stmcufinder/plugins/mcufinder
2026-02-14 12:33:15,993 [INFO] DbMcusAds:125 - Set database path to: /Users/karthikkurapati/.stmcufinder/plugins/mcufinder//mcu/
2026-02-14 12:33:15,994 [WARN] DbFile:41 - Overriding database path with different value: /Users/karthikkurapati/.stmcufinder/plugins/mcufinder/ => /Users/karthikkurapati/.stmcufinder/plugins/mcufinder
2026-02-14 12:33:15,994 [WARN] DbFile:41 - Overriding database path with different value: /Users/karthikkurapati/.stmcufinder/plugins/mcufinder/ => /Users/karthikkurapati/.stmcufinder/plugins/mcufinder
2026-02-14 12:33:15,994 [INFO] CrossReferenceDbSqlite:203 - Set database path to: /Users/karthikkurapati/.stmcufinder/plugins/mcufinder//mcu/cs/
2026-02-14 12:33:16,113 [INFO] MainPanel:274 - HeapMemory: 275775488
2026-02-14 12:34:41,252 [INFO] Activator:176 - 


2026-02-14 12:34:41,255 [INFO] Activator:177 - !SESSION log4j initialized
2026-02-14 12:34:48,509 [INFO] LogOutputStream:77 - [STDOUT_REDIRECT] 
2026-02-14 12:34:50,477 [ERROR] LogOutputStream:75 - [STDERR_REDIRECT] 
2026-02-14 12:34:54,857 [INFO] LogOutputStream:77 - [STDOUT_REDIRECT] 
2026-02-14 12:34:56,303 [INFO] McuFinderGlobals:63 - Set McuFinder mode to 2 (CubeIDE integrated)
2026-02-14 12:36:15,990 [INFO] Activator:176 - 


2026-02-14 12:36:15,994 [INFO] Activator:177 - !SESSION log4j initialized
2026-02-14 12:36:22,621 [INFO] LogOutputStream:77 - [STDOUT_REDIRECT] 
2026-02-14 12:36:24,506 [ERROR] LogOutputStream:75 - [STDERR_REDIRECT] 
2026-02-14 12:36:29,201 [INFO] LogOutputStream:77 - [STDOUT_REDIRECT] 
2026-02-14 12:36:31,366 [INFO] ApplicationProperties:184 - Using Application install path: /Applications/STM32CubeIDE.app/Contents/Eclipse/plugins/com.st.stm32cube.common.mx_6.15.0.202507011659
2026-02-14 12:36:31,401 [INFO] DbMcusXml:78 - Set database path to: /Applications/STM32CubeIDE.app/Contents/Eclipse/plugins/com.st.stm32cube.common.mx_6.15.0.202507011659//db//mcu/
2026-02-14 12:36:31,403 [INFO] ApiDb:274 - Set plugin database path to: /Applications/STM32CubeIDE.app/Contents/Eclipse/plugins/com.st.stm32cube.common.mx_6.15.0.202507011659//db//plugins/boardmanager/
2026-02-14 12:36:31,403 [WARN] ApiDb:259 - Overriding images path with different value:  => /Applications/STM32CubeIDE.app/Contents/Eclipse/plugins/com.st.stm32cube.common.mx_6.15.0.202507011659//db//plugins/mcufinder/images/
2026-02-14 12:36:31,425 [INFO] ApiDb:250 - Set database path to: /Users/karthikkurapati/.stmcufinder/plugins/mcufinder//mcu/
2026-02-14 12:36:31,428 [INFO] DbMcusAds:125 - Set database path to: /Users/karthikkurapati/.stmcufinder/plugins/mcufinder//mcu/
2026-02-14 12:36:31,432 [INFO] CrossReferenceDbSqlite:203 - Set database path to: /Users/karthikkurapati/.stmcufinder/plugins/mcufinder//mcu/cs/
2026-02-14 12:36:31,749 [INFO] RulesReader:64 - Compatibility file has been processed (317 Rules)
2026-02-14 12:36:31,874 [INFO] DbMcusXml:78 - Set database path to: /Applications/STM32CubeIDE.app/Contents/Eclipse/plugins/com.st.stm32cube.common.mx_6.15.0.202507011659//db//mcu/
2026-02-14 12:36:31,875 [INFO] ApiDb:274 - Set plugin database path to: /Applications/STM32CubeIDE.app/Contents/Eclipse/plugins/com.st.stm32cube.common.mx_6.15.0.202507011659//db//plugins/boardmanager/
2026-02-14 12:36:31,876 [INFO] ApiDb:261 - Set plugin images path to: /Applications/STM32CubeIDE.app/Contents/Eclipse/plugins/com.st.stm32cube.common.mx_6.15.0.202507011659//db//plugins/mcufinder/images/
2026-02-14 12:36:31,877 [WARN] DbFile:41 - Overriding database path with different value: /Users/karthikkurapati/.stmcufinder/plugins/mcufinder/ => /Users/karthikkurapati/.stmcufinder/plugins/mcufinder
2026-02-14 12:36:31,878 [INFO] ApiDb:250 - Set database path to: /Users/karthikkurapati/.stmcufinder/plugins/mcufinder//mcu/
2026-02-14 12:36:31,878 [WARN] DbFile:41 - Overriding database path with different value: /Users/karthikkurapati/.stmcufinder/plugins/mcufinder/ => /Users/karthikkurapati/.stmcufinder/plugins/mcufinder
2026-02-14 12:36:31,878 [INFO] DbMcusAds:125 - Set database path to: /Users/karthikkurapati/.stmcufinder/plugins/mcufinder//mcu/
2026-02-14 12:36:31,878 [WARN] DbFile:41 - Overriding database path with different value: /Users/karthikkurapati/.stmcufinder/plugins/mcufinder/ => /Users/karthikkurapati/.stmcufinder/plugins/mcufinder
2026-02-14 12:36:31,878 [WARN] DbFile:41 - Overriding database path with different value: /Users/karthikkurapati/.stmcufinder/plugins/mcufinder/ => /Users/karthikkurapati/.stmcufinder/plugins/mcufinder
2026-02-14 12:36:31,879 [INFO] CrossReferenceDbSqlite:203 - Set database path to: /Users/karthikkurapati/.stmcufinder/plugins/mcufinder//mcu/cs/
2026-02-14 12:36:32,051 [INFO] MainPanel:274 - HeapMemory: 268435456
2026-02-14 12:36:32,690 [INFO] DbMcusXml:78 - Set database path to: /Applications/STM32CubeIDE.app/Contents/Eclipse/plugins/com.st.stm32cube.common.mx_6.15.0.202507011659//db//mcu/
2026-02-14 12:36:32,690 [INFO] ApiDb:274 - Set plugin database path to: /Applications/STM32CubeIDE.app/Contents/Eclipse/plugins/com.st.stm32cube.common.mx_6.15.0.202507011659//db//plugins/boardmanager/
2026-02-14 12:36:32,690 [INFO] ApiDb:261 - Set plugin images path to: /Applications/STM32CubeIDE.app/Contents/Eclipse/plugins/com.st.stm32cube.common.mx_6.15.0.202507011659//db//plugins/mcufinder/images/
2026-02-14 12:36:32,691 [WARN] DbFile:41 - Overriding database path with different value: /Users/karthikkurapati/.stmcufinder/plugins/mcufinder/ => /Users/karthikkurapati/.stmcufinder/plugins/mcufinder
2026-02-14 12:36:32,691 [INFO] ApiDb:250 - Set database path to: /Users/karthikkurapati/.stmcufinder/plugins/mcufinder//mcu/
2026-02-14 12:36:32,692 [WARN] DbFile:41 - Overriding database path with different value: /Users/karthikkurapati/.stmcufinder/plugins/mcufinder/ => /Users/karthikkurapati/.stmcufinder/plugins/mcufinder
2026-02-14 12:36:32,692 [INFO] DbMcusAds:125 - Set database path to: /Users/karthikkurapati/.stmcufinder/plugins/mcufinder//mcu/
2026-02-14 12:36:32,692 [WARN] DbFile:41 - Overriding database path with different value: /Users/karthikkurapati/.stmcufinder/plugins/mcufinder/ => /Users/karthikkurapati/.stmcufinder/plugins/mcufinder
2026-02-14 12:36:32,692 [WARN] DbFile:41 - Overriding database path with different value: /Users/karthikkurapati/.stmcufinder/plugins/mcufinder/ => /Users/karthikkurapati/.stmcufinder/plugins/mcufinder
2026-02-14 12:36:32,692 [INFO] CrossReferenceDbSqlite:203 - Set database path to: /Users/karthikkurapati/.stmcufinder/plugins/mcufinder//mcu/cs/
2026-02-14 12:36:32,731 [INFO] ApplicationProperties:184 - Using Application install path: /Applications/STM32CubeIDE.app/Contents/Eclipse/plugins/com.st.stm32cube.common.mx_6.15.0.202507011659
2026-02-14 12:36:32,733 [INFO] PluginManage:196 - Search for loadable plugins [exclusion list=, ]
2026-02-14 12:36:32,737 [INFO] PluginManage:310 - Check plugin analytics
2026-02-14 12:36:33,124 [INFO] AnalyticsPlugin:253 - Accepted Software Licenses: 
2026-02-14 12:36:33,124 [INFO] AnalyticsPlugin:255 - Accepted CMSIS Pack Licenses: 
2026-02-14 12:36:33,125 [INFO] AnalyticsPlugin:257 - Accepted Firmware Licenses: FW.L4.1.18.0
2026-02-14 12:36:33,155 [INFO] PluginManage:359 - Loaded plugin analytics (category:tool,tabindex:-1)
2026-02-14 12:36:33,160 [INFO] PluginManage:310 - Check plugin cadmodel
2026-02-14 12:36:33,201 [INFO] CADModel:105 - Init CAD model plugin
2026-02-14 12:36:33,201 [INFO] PluginManage:359 - Loaded plugin cadmodel (category:power,tabindex:5)
2026-02-14 12:36:33,203 [INFO] PluginManage:310 - Check plugin clock
2026-02-14 12:36:33,225 [INFO] PluginManage:359 - Loaded plugin clock (category:base,tabindex:2)
2026-02-14 12:36:33,226 [INFO] PluginManage:310 - Check plugin ddr
2026-02-14 12:36:33,234 [INFO] PluginManage:359 - Loaded plugin ddr (category:tool,tabindex:6)
2026-02-14 12:36:33,235 [INFO] PluginManage:310 - Check plugin filemanager
2026-02-14 12:36:33,672 [INFO] PluginManage:359 - Loaded plugin filemanager (category:base,tabindex:10)
2026-02-14 12:36:33,673 [INFO] PluginManage:310 - Check plugin ipmanager
2026-02-14 12:36:33,689 [INFO] PluginManage:359 - Loaded plugin ipmanager (category:base,tabindex:5)
2026-02-14 12:36:33,690 [INFO] PluginManage:310 - Check plugin lpbam
2026-02-14 12:36:33,711 [INFO] PluginManage:359 - Loaded plugin lpbam (category:base,tabindex:0)
2026-02-14 12:36:33,711 [INFO] PluginManage:310 - Check plugin memorymap
2026-02-14 12:36:33,729 [INFO] PluginManage:359 - Loaded plugin memorymap (category:base,tabindex:4)
2026-02-14 12:36:33,729 [INFO] PluginManage:310 - Check plugin pinoutandconfiguration
2026-02-14 12:36:33,743 [INFO] PluginManage:359 - Loaded plugin pinoutandconfiguration (category:base,tabindex:1)
2026-02-14 12:36:33,744 [INFO] PluginManage:310 - Check plugin pinoutconfig
2026-02-14 12:36:33,903 [WARN] SupportedApi:132 - Cannot load RTOS API schema: s4s-elt-must-match.1: The content of 'definitions' must match (annotation?, (simpleType | complexType)?, (unique | key | keyref)*)). A problem was found starting at: attribute.
2026-02-14 12:36:34,183 [INFO] PluginManage:359 - Loaded plugin pinoutconfig (category:base,tabindex:0)
2026-02-14 12:36:34,184 [INFO] PluginManage:310 - Check plugin power
2026-02-14 12:36:34,205 [INFO] PluginManage:359 - Loaded plugin power (category:power,tabindex:4)
2026-02-14 12:36:34,205 [INFO] PluginManage:310 - Check plugin projectmanager
2026-02-14 12:36:34,307 [INFO] PluginManage:359 - Loaded plugin projectmanager (category:projectmanager,tabindex:4)
2026-02-14 12:36:34,308 [INFO] PluginManage:310 - Check plugin rif
2026-02-14 12:36:34,321 [INFO] PluginManage:359 - Loaded plugin rif (category:base,tabindex:3)
2026-02-14 12:36:34,322 [INFO] PluginManage:310 - Check plugin thirdparty
2026-02-14 12:36:34,679 [INFO] PluginManage:359 - Loaded plugin thirdparty (category:base,tabindex:-1)
2026-02-14 12:36:34,678 [WARN] IntegrityCheckThread:84 - waiting for thirdparty lock release [integrity check]
2026-02-14 12:36:34,680 [INFO] PluginManage:310 - Check plugin tools
2026-02-14 12:36:34,680 [INFO] IntegrityCheckThread:86 - entering critical section [integrity check]
2026-02-14 12:36:34,683 [INFO] ThirdPartyUpdaterWithRetryManager:70 - Updater plugin not ready yet. [1/15]
2026-02-14 12:36:34,689 [INFO] PluginManage:359 - Loaded plugin tools (category:base,tabindex:7)
2026-02-14 12:36:34,689 [INFO] PluginManage:310 - Check plugin tutovideos
2026-02-14 12:36:35,015 [INFO] PluginManage:359 - Loaded plugin tutovideos (category:base,tabindex:-1)
2026-02-14 12:36:35,016 [INFO] PluginManage:310 - Check plugin updater
2026-02-14 12:36:35,058 [INFO] PluginManage:359 - Loaded plugin updater (category:base,tabindex:12)
2026-02-14 12:36:35,059 [INFO] PluginManage:310 - Check plugin userauth
2026-02-14 12:36:35,064 [INFO] UserAuth:118 - Init User Auth plugin
2026-02-14 12:36:35,066 [INFO] PluginManage:359 - Loaded plugin userauth (category:base,tabindex:14)
2026-02-14 12:36:35,066 [INFO] PluginManage:283 - PluginManage : Loaded plugins [18]
2026-02-14 12:36:35,443 [INFO] PinOutPanel:1589 - setPackage(No Configuration,No Configuration)
2026-02-14 12:36:35,600 [INFO] CADModel:165 - CPN selected for project level
2026-02-14 12:36:35,600 [INFO] CADModel:114 - Register for checkConnection events
2026-02-14 12:36:35,621 [INFO] IPUIPlugin:80 - create IPUIPlugin
2026-02-14 12:36:35,622 [INFO] PluginManager:220 - loadIPPluginJar : add mdma
2026-02-14 12:36:35,636 [INFO] IPUIPlugin:80 - create IPUIPlugin
2026-02-14 12:36:35,636 [INFO] PluginManager:220 - loadIPPluginJar : add freertos
2026-02-14 12:36:35,646 [INFO] IPUIPlugin:80 - create IPUIPlugin
2026-02-14 12:36:35,647 [INFO] PluginManager:220 - loadIPPluginJar : add gic
2026-02-14 12:36:35,670 [INFO] IPUIPlugin:80 - create IPUIPlugin
2026-02-14 12:36:35,671 [INFO] PluginManager:220 - loadIPPluginJar : add adc
2026-02-14 12:36:35,677 [INFO] IPUIPlugin:80 - create IPUIPlugin
2026-02-14 12:36:35,677 [INFO] PluginManager:220 - loadIPPluginJar : add gtzc
2026-02-14 12:36:35,681 [INFO] IPUIPlugin:80 - create IPUIPlugin
2026-02-14 12:36:35,682 [INFO] PluginManager:220 - loadIPPluginJar : add quadspi
2026-02-14 12:36:35,687 [INFO] IPUIPlugin:80 - create IPUIPlugin
2026-02-14 12:36:35,688 [INFO] PluginManager:220 - loadIPPluginJar : add aes
2026-02-14 12:36:35,695 [INFO] IPUIPlugin:80 - create IPUIPlugin
2026-02-14 12:36:35,695 [INFO] PluginManager:220 - loadIPPluginJar : add pdm2pcm
2026-02-14 12:36:35,709 [INFO] IPUIPlugin:80 - create IPUIPlugin
2026-02-14 12:36:35,711 [INFO] PluginManager:220 - loadIPPluginJar : add hash
2026-02-14 12:36:35,717 [INFO] IPUIPlugin:80 - create IPUIPlugin
2026-02-14 12:36:35,718 [INFO] PluginManager:220 - loadIPPluginJar : add tim
2026-02-14 12:36:35,725 [INFO] IPUIPlugin:80 - create IPUIPlugin
2026-02-14 12:36:35,725 [INFO] PluginManager:220 - loadIPPluginJar : add tsc
2026-02-14 12:36:35,733 [INFO] IPUIPlugin:80 - create IPUIPlugin
2026-02-14 12:36:35,734 [INFO] PluginManager:220 - loadIPPluginJar : add extmemmanager
2026-02-14 12:36:35,742 [INFO] IPUIPlugin:80 - create IPUIPlugin
2026-02-14 12:36:35,742 [INFO] PluginManager:220 - loadIPPluginJar : add ts
2026-02-14 12:36:35,746 [INFO] IPUIPlugin:80 - create IPUIPlugin
2026-02-14 12:36:35,747 [INFO] PluginManager:220 - loadIPPluginJar : add radio
2026-02-14 12:36:35,752 [INFO] IPUIPlugin:80 - create IPUIPlugin
2026-02-14 12:36:35,752 [INFO] PluginManager:220 - loadIPPluginJar : add can
2026-02-14 12:36:35,757 [INFO] IPUIPlugin:80 - create IPUIPlugin
2026-02-14 12:36:35,757 [INFO] PluginManager:220 - loadIPPluginJar : add dma3
2026-02-14 12:36:35,761 [INFO] IPUIPlugin:80 - create IPUIPlugin
2026-02-14 12:36:35,762 [INFO] PluginManager:220 - loadIPPluginJar : add dfsdm
2026-02-14 12:36:35,766 [INFO] IPUIPlugin:80 - create IPUIPlugin
2026-02-14 12:36:35,766 [INFO] PluginManager:220 - loadIPPluginJar : add spi
2026-02-14 12:36:35,770 [INFO] IPUIPlugin:80 - create IPUIPlugin
2026-02-14 12:36:35,772 [INFO] PluginManager:220 - loadIPPluginJar : add gfxmmu
2026-02-14 12:36:35,777 [INFO] IPUIPlugin:80 - create IPUIPlugin
2026-02-14 12:36:35,777 [INFO] PluginManager:220 - loadIPPluginJar : add genericplugin
2026-02-14 12:36:35,782 [INFO] IPUIPlugin:80 - create IPUIPlugin
2026-02-14 12:36:35,782 [INFO] PluginManager:220 - loadIPPluginJar : add cryp
2026-02-14 12:36:35,791 [INFO] IPUIPlugin:80 - create IPUIPlugin
2026-02-14 12:36:35,793 [INFO] PluginManager:220 - loadIPPluginJar : add gpio
2026-02-14 12:36:35,799 [INFO] IPUIPlugin:80 - create IPUIPlugin
2026-02-14 12:36:35,800 [INFO] PluginManager:220 - loadIPPluginJar : add ddr_ctrl_phy
2026-02-14 12:36:35,804 [INFO] IPUIPlugin:80 - create IPUIPlugin
2026-02-14 12:36:35,805 [INFO] PluginManager:220 - loadIPPluginJar : add comp
2026-02-14 12:36:35,811 [INFO] IPUIPlugin:80 - create IPUIPlugin
2026-02-14 12:36:35,812 [INFO] PluginManager:220 - loadIPPluginJar : add tracer_emb
2026-02-14 12:36:35,817 [INFO] IPUIPlugin:80 - create IPUIPlugin
2026-02-14 12:36:35,817 [INFO] PluginManager:220 - loadIPPluginJar : add openamp
2026-02-14 12:36:35,827 [INFO] IPUIPlugin:80 - create IPUIPlugin
2026-02-14 12:36:35,828 [INFO] PluginManager:220 - loadIPPluginJar : add stm32_wpan
2026-02-14 12:36:35,838 [INFO] IPUIPlugin:80 - create IPUIPlugin
2026-02-14 12:36:35,842 [INFO] PluginManager:220 - loadIPPluginJar : add plateformsettings
2026-02-14 12:36:35,848 [INFO] IPUIPlugin:80 - create IPUIPlugin
2026-02-14 12:36:35,848 [INFO] PluginManager:220 - loadIPPluginJar : add ipddr
2026-02-14 12:36:35,852 [INFO] IPUIPlugin:80 - create IPUIPlugin
2026-02-14 12:36:35,852 [INFO] PluginManager:220 - loadIPPluginJar : add usart
2026-02-14 12:36:35,855 [INFO] IPUIPlugin:80 - create IPUIPlugin
2026-02-14 12:36:35,855 [INFO] PluginManager:220 - loadIPPluginJar : add ltdc
2026-02-14 12:36:35,860 [INFO] IPUIPlugin:80 - create IPUIPlugin
2026-02-14 12:36:35,860 [INFO] PluginManager:220 - loadIPPluginJar : add nvic
2026-02-14 12:36:35,862 [INFO] IPUIPlugin:80 - create IPUIPlugin
2026-02-14 12:36:35,863 [INFO] PluginManager:220 - loadIPPluginJar : add fatfs
2026-02-14 12:36:35,873 [INFO] IPUIPlugin:80 - create IPUIPlugin
2026-02-14 12:36:35,874 [INFO] PluginManager:220 - loadIPPluginJar : add linkedlist
2026-02-14 12:36:35,882 [INFO] IPUIPlugin:80 - create IPUIPlugin
2026-02-14 12:36:35,883 [INFO] PluginManager:220 - loadIPPluginJar : add dma
2026-02-14 12:36:35,889 [INFO] IPUIPlugin:80 - create IPUIPlugin
2026-02-14 12:36:35,890 [INFO] PluginManager:220 - loadIPPluginJar : add fmc
2026-02-14 12:36:35,893 [INFO] IPUIPlugin:80 - create IPUIPlugin
2026-02-14 12:36:35,894 [INFO] PluginManager:220 - loadIPPluginJar : add i2s
2026-02-14 12:36:35,897 [INFO] IPUIPlugin:80 - create IPUIPlugin
2026-02-14 12:36:35,897 [INFO] PluginManager:220 - loadIPPluginJar : add ucpd
2026-02-14 12:36:35,900 [INFO] IPUIPlugin:80 - create IPUIPlugin
2026-02-14 12:36:35,901 [INFO] PluginManager:220 - loadIPPluginJar : add lorawan
2026-02-14 12:36:35,905 [INFO] IPUIPlugin:80 - create IPUIPlugin
2026-02-14 12:36:35,905 [INFO] PluginManager:220 - loadIPPluginJar : add opamp
2026-02-14 12:36:35,908 [INFO] IPUIPlugin:80 - create IPUIPlugin
2026-02-14 12:36:35,910 [INFO] PluginManager:220 - loadIPPluginJar : add i3c
2026-02-14 12:36:35,915 [INFO] IPUIPlugin:80 - create IPUIPlugin
2026-02-14 12:36:35,916 [INFO] PluginManager:220 - loadIPPluginJar : add touchsensing
2026-02-14 12:36:35,921 [INFO] IPUIPlugin:80 - create IPUIPlugin
2026-02-14 12:36:35,921 [INFO] PluginManager:220 - loadIPPluginJar : add i2c
2026-02-14 12:36:35,926 [INFO] IPUIPlugin:80 - create IPUIPlugin
2026-02-14 12:36:35,926 [INFO] PluginManager:220 - loadIPPluginJar : add resmgrutility
2026-02-14 12:36:35,930 [INFO] IPUIPlugin:80 - create IPUIPlugin
2026-02-14 12:36:35,930 [INFO] PluginManager:220 - loadIPPluginJar : add sai
2026-02-14 12:36:35,934 [INFO] IPUIPlugin:80 - create IPUIPlugin
2026-02-14 12:36:35,935 [INFO] PluginManager:220 - loadIPPluginJar : add usbx
2026-02-14 12:36:36,083 [FATAL] Updater:351 - Updater called before beeing initialized
2026-02-14 12:36:36,159 [INFO] RulesReader:64 - Compatibility file has been processed (317 Rules)
2026-02-14 12:36:36,183 [INFO] RulesReader:64 - Compatibility file has been processed (317 Rules)
2026-02-14 12:36:36,204 [INFO] CADModel:165 - CPN selected for project level
2026-02-14 12:36:36,204 [INFO] CADModel:114 - Register for checkConnection events
2026-02-14 12:36:36,204 [FATAL] Updater:351 - Updater called before beeing initialized
2026-02-14 12:36:36,204 [ERROR] CADModel:125 - Updater not yet initialized, retry later 
2026-02-14 12:36:36,603 [FATAL] Updater:351 - Updater called before beeing initialized
2026-02-14 12:36:36,605 [INFO] CADModel:165 - CPN selected for project level
2026-02-14 12:36:36,606 [INFO] CADModel:114 - Register for checkConnection events
2026-02-14 12:36:36,607 [FATAL] Updater:351 - Updater called before beeing initialized
2026-02-14 12:36:36,607 [ERROR] CADModel:125 - Updater not yet initialized, retry later 
2026-02-14 12:36:36,615 [FATAL] Updater:351 - Updater called before beeing initialized
2026-02-14 12:36:36,939 [FATAL] Updater:351 - Updater called before beeing initialized
2026-02-14 12:36:36,947 [INFO] DbMcusAds:53 - JSON generation date=Thu Jan 08 09:57:51 CST 2026 (1767887871456)
2026-02-14 12:36:36,948 [FATAL] Updater:351 - Updater called before beeing initialized
2026-02-14 12:36:37,401 [WARN] DetailPanel:346 - Failed to get advertising image, set to default
2026-02-14 12:36:37,713 [INFO] ThirdPartyUpdaterWithRetryManager:70 - Updater plugin not ready yet. [2/15]
2026-02-14 12:36:37,857 [FATAL] Updater:351 - Updater called before beeing initialized
2026-02-14 12:36:37,874 [FATAL] Updater:351 - Updater called before beeing initialized
2026-02-14 12:36:37,875 [FATAL] Updater:351 - Updater called before beeing initialized
2026-02-14 12:36:37,876 [WARN] DetailPanel:346 - Failed to get advertising image, set to default
2026-02-14 12:36:37,882 [FATAL] Updater:351 - Updater called before beeing initialized
2026-02-14 12:36:38,245 [ERROR] Updater:1198 - MainUpdater not yet initialized. External WinMGr cannot be set.
2026-02-14 12:36:38,266 [INFO] Updater:1134 - Updater Version found : 6.15.0
2026-02-14 12:36:38,293 [INFO] ApplicationProperties:184 - Using Application install path: /Applications/STM32CubeIDE.app/Contents/Eclipse/plugins/com.st.stm32cube.common.mx_6.15.0.202507011659
2026-02-14 12:36:39,021 [INFO] MainUpdater:2872 - connection check result : 10
2026-02-14 12:36:39,022 [INFO] MainUpdater:289 - Updater Check For Update Now.
2026-02-14 12:36:39,022 [INFO] MicroXplorer:498 - Change Database Version : DB.6.0.150
2026-02-14 12:36:39,037 [INFO] McuFinderGlobals:63 - Set McuFinder mode to 2 (CubeIDE integrated)
2026-02-14 12:36:39,045 [INFO] UserAuth:487 - Internet connection configuration mode: 1
2026-02-14 12:36:39,076 [INFO] JxBrowserEngine:152 - Initiate JxBrowser Engine with user profile folder
2026-02-14 12:36:39,429 [INFO] CheckServerUpdateThread:120 - End of CheckServer Thread
2026-02-14 12:36:41,089 [WARN] PackLoader:240 - Cannot read IP mode file for STMicroelectronics.FP-SNS-MOTENVWB1.1.4.0
2026-02-14 12:36:41,128 [WARN] PackLoader:240 - Cannot read IP mode file for STMicroelectronics.FP-ATR-ASTRA1.2.0.2
2026-02-14 12:36:41,149 [WARN] PackLoader:240 - Cannot read IP mode file for STMicroelectronics.X-CUBE-SMBUS.2.1.0
2026-02-14 12:36:41,157 [WARN] PackLoader:240 - Cannot read IP mode file for STMicroelectronics.X-CUBE-ST60.1.0.0
2026-02-14 12:36:41,240 [WARN] PackLoader:240 - Cannot read IP mode file for STMicroelectronics.X-CUBE-AZRTOS-F7.1.1.0
2026-02-14 12:36:41,276 [WARN] PackLoader:240 - Cannot read IP mode file for STMicroelectronics.FP-SNS-MOTENV1.5.1.0
2026-02-14 12:36:41,312 [WARN] PackLoader:240 - Cannot read IP mode file for WES.I-CUBE-Cesium.1.4.0
2026-02-14 12:36:41,362 [WARN] PackLoader:240 - Cannot read IP mode file for Infineon.AIROC-Wi-Fi-Bluetooth-STM32.1.7.1
2026-02-14 12:36:41,451 [WARN] PackLoader:240 - Cannot read IP mode file for STMicroelectronics.X-CUBE-AZRTOS-H7.3.4.0
2026-02-14 12:36:41,512 [WARN] PackLoader:240 - Cannot read IP mode file for STMicroelectronics.X-CUBE-DISPLAY.3.0.0
2026-02-14 12:36:41,600 [WARN] PackLoader:240 - Cannot read IP mode file for STMicroelectronics.X-CUBE-NFC10.1.0.0
2026-02-14 12:36:41,620 [WARN] PackLoader:240 - Cannot read IP mode file for STMicroelectronics.X-CUBE-ST60.1.1.0
2026-02-14 12:36:41,650 [WARN] PackLoader:240 - Cannot read IP mode file for emotas.I-CUBE-CANOPEN.1.3.0
2026-02-14 12:36:41,676 [WARN] PackLoader:240 - Cannot read IP mode file for STMicroelectronics.X-CUBE-GNSS1.7.1.0
2026-02-14 12:36:41,709 [WARN] PackLoader:240 - Cannot read IP mode file for STMicroelectronics.FP-SNS-STBOX1.2.1.0
2026-02-14 12:36:41,726 [WARN] PackLoader:240 - Cannot read IP mode file for STMicroelectronics.FP-SNS-SMARTAG2.1.2.0
2026-02-14 12:36:41,743 [WARN] PackLoader:240 - Cannot read IP mode file for STMicroelectronics.FP-SNS-FLIGHT1.5.1.0
2026-02-14 12:36:41,768 [INFO] LogOutputStream:77 - [STDOUT_REDIRECT] 1 : Invalid condition id : UX_CORESTACK_Condition cause : null
2026-02-14 12:36:41,770 [INFO] LogOutputStream:77 - [STDOUT_REDIRECT] 1 : Invalid condition id : UX_CORESTACK_Condition cause : null
2026-02-14 12:36:41,771 [INFO] LogOutputStream:77 - [STDOUT_REDIRECT] 1 : Invalid condition id : UX_CORESTACK_Condition cause : null
2026-02-14 12:36:41,771 [INFO] LogOutputStream:77 - [STDOUT_REDIRECT] 1 : Invalid condition id : UX_CORESTACK_Condition cause : null
2026-02-14 12:36:41,772 [INFO] LogOutputStream:77 - [STDOUT_REDIRECT] 1 : Invalid condition id : UX_CORESTACK_Condition cause : null
2026-02-14 12:36:41,784 [WARN] PackLoader:240 - Cannot read IP mode file for STMicroelectronics.X-CUBE-AZRTOS-WL.2.0.0
2026-02-14 12:36:41,807 [WARN] PackLoader:240 - Cannot read IP mode file for STMicroelectronics.FP-SNS-MOTENV1.5.0.0
2026-02-14 12:36:41,858 [WARN] PackLoader:240 - Cannot read IP mode file for STMicroelectronics.X-CUBE-AZRTOS-H7RS.1.2.0
2026-02-14 12:36:42,574 [WARN] PackLoader:240 - Cannot read IP mode file for STMicroelectronics.X-CUBE-BLE2.3.3.0
2026-02-14 12:36:42,832 [WARN] PackLoader:240 - Cannot read IP mode file for STMicroelectronics.X-CUBE-NFC9.1.0.0
2026-02-14 12:36:42,852 [WARN] PackLoader:240 - Cannot read IP mode file for wolfSSL.I-CUBE-wolfSSL.5.8.2
2026-02-14 12:36:42,873 [WARN] PackLoader:240 - Cannot read IP mode file for STMicroelectronics.X-CUBE-BLE1.7.1.0
2026-02-14 12:36:42,882 [WARN] PackLoader:240 - Cannot read IP mode file for wolfSSL.I-CUBE-wolfMQTT.1.19.2
2026-02-14 12:36:42,905 [WARN] PackLoader:240 - Cannot read IP mode file for STMicroelectronics.X-CUBE-FREERTOS.1.4.0
2026-02-14 12:36:42,923 [WARN] PackLoader:240 - Cannot read IP mode file for STMicroelectronics.X-CUBE-EEPRMA1.5.2.0
2026-02-14 12:36:42,946 [WARN] PackLoader:240 - Cannot read IP mode file for STMicroelectronics.X-CUBE-ST67W61.1.1.0
2026-02-14 12:36:43,109 [WARN] PackLoader:240 - Cannot read IP mode file for STMicroelectronics.X-CUBE-MEMS1.12.0.0
2026-02-14 12:36:43,389 [WARN] PackLoader:240 - Cannot read IP mode file for STMicroelectronics.X-CUBE-AZRTOS-G0.1.1.0
2026-02-14 12:36:43,411 [WARN] PackLoader:240 - Cannot read IP mode file for STMicroelectronics.X-CUBE-SAFEA1.1.2.2
2026-02-14 12:36:43,427 [WARN] PackLoader:240 - Cannot read IP mode file for STMicroelectronics.X-CUBE-NFC4.3.0.0
2026-02-14 12:36:43,465 [WARN] PackLoader:240 - Cannot read IP mode file for EmbeddedOffice.I-CUBE-FS-RTOS.1.0.1
2026-02-14 12:36:43,486 [WARN] PackLoader:240 - Cannot read IP mode file for STMicroelectronics.X-CUBE-WB05N.2.0.0
2026-02-14 12:36:43,566 [WARN] PackLoader:240 - Cannot read IP mode file for wolfSSL.I-CUBE-wolfTPM.3.8.0
2026-02-14 12:36:43,586 [WARN] PackLoader:240 - Cannot read IP mode file for STMicroelectronics.X-CUBE-TCPP.4.2.0
2026-02-14 12:36:43,615 [WARN] PackLoader:240 - Cannot read IP mode file for RealThread.X-CUBE-RT-Thread_Nano.4.1.1
2026-02-14 12:36:43,622 [WARN] PackLoader:240 - Cannot read IP mode file for STMicroelectronics.FP-ATR-SIGFOX1.3.2.0
2026-02-14 12:36:43,635 [WARN] PackLoader:240 - Cannot read IP mode file for ITTIA_DB.I-CUBE-ITTIADB.8.9.0
2026-02-14 12:36:43,658 [WARN] PackLoader:240 - Cannot read IP mode file for STMicroelectronics.X-CUBE-NFC6.3.2.0
2026-02-14 12:36:43,678 [WARN] PackLoader:240 - Cannot read IP mode file for STMicroelectronics.X-CUBE-ST67W61.1.0.0
2026-02-14 12:36:43,688 [WARN] PackLoader:240 - Cannot read IP mode file for STMicroelectronics.X-CUBE-AI.10.2.0
2026-02-14 12:36:43,789 [WARN] PackLoader:240 - Cannot read IP mode file for SEGGER.I-CUBE-embOS.1.3.1
2026-02-14 12:36:43,879 [WARN] PackLoader:240 - Cannot read IP mode file for STMicroelectronics.X-CUBE-ALGOBUILD.1.4.0
2026-02-14 12:36:43,999 [WARN] PackLoader:240 - Cannot read IP mode file for STMicroelectronics.X-CUBE-MEMS1.11.3.0
2026-02-14 12:36:44,203 [WARN] PackLoader:240 - Cannot read IP mode file for STMicroelectronics.X-CUBE-PM33A1.1.0.0
2026-02-14 12:36:44,260 [WARN] PackLoader:240 - Cannot read IP mode file for STMicroelectronics.X-CUBE-AZRTOS-F4.1.1.0
2026-02-14 12:36:44,279 [WARN] PackLoader:240 - Cannot read IP mode file for Avnet-IotConnect.X-CUBE-IoTC-DA16k-PMOD.1.0.0
2026-02-14 12:36:44,286 [WARN] PackLoader:240 - Cannot read IP mode file for STMicroelectronics.X-CUBE-ISPU.2.1.0
2026-02-14 12:36:44,307 [WARN] PackLoader:240 - Cannot read IP mode file for STMicroelectronics.X-CUBE-IPS.3.2.0
2026-02-14 12:36:44,329 [WARN] PackLoader:240 - Cannot read IP mode file for STMicroelectronics.X-CUBE-NFC12.1.0.0
2026-02-14 12:36:44,373 [WARN] PackLoader:240 - Cannot read IP mode file for STMicroelectronics.X-CUBE-AZRTOS-L5.2.0.0
2026-02-14 12:36:44,399 [WARN] PackLoader:240 - Cannot read IP mode file for STMicroelectronics.X-CUBE-NFC6.3.1.0
2026-02-14 12:36:44,427 [WARN] PackLoader:240 - Cannot read IP mode file for STMicroelectronics.X-CUBE-FREERTOS.1.3.1
2026-02-14 12:36:44,441 [WARN] PackLoader:240 - Cannot read IP mode file for STMicroelectronics.X-CUBE-TOUCHGFX.4.26.0
2026-02-14 12:36:44,455 [WARN] PackLoader:240 - Cannot read IP mode file for STMicroelectronics.FP-SNS-STAIOTCFT.1.0.0
2026-02-14 12:36:44,470 [WARN] PackLoader:240 - Cannot read IP mode file for STMicroelectronics.X-CUBE-DPower.1.3.0
2026-02-14 12:36:44,520 [WARN] ConditionMgr:438 - getConditionDescription Invalid condition id : LAN8742 Phy interface Condition cause : null
2026-02-14 12:36:44,524 [WARN] PackLoader:240 - Cannot read IP mode file for STMicroelectronics.X-CUBE-AZRTOS-L4.2.0.0
2026-02-14 12:36:44,529 [WARN] ConditionMgr:1044 - genDependencies : Invalid condition id : LAN8742 Phy interface Condition cause : null
2026-02-14 12:36:44,530 [WARN] ConditionMgr:1044 - genDependencies : Invalid condition id : LAN8742 Phy interface Condition cause : null
2026-02-14 12:36:44,533 [WARN] ConditionMgr:1044 - genDependencies : Invalid condition id : LAN8742 Phy interface Condition cause : null
2026-02-14 12:36:44,567 [WARN] PackLoader:240 - Cannot read IP mode file for STMicroelectronics.X-CUBE-SFXS2LP1.4.0.0
2026-02-14 12:36:44,604 [WARN] PackLoader:240 - Cannot read IP mode file for STMicroelectronics.X-CUBE-ST67W61.1.2.0
2026-02-14 12:36:44,656 [WARN] PackLoader:240 - Cannot read IP mode file for STMicroelectronics.X-CUBE-BLEMGR.4.1.0
2026-02-14 12:36:44,711 [WARN] ConditionMgr:438 - getConditionDescription Invalid condition id : UX DEVICE CLASS RTOS Condition cause : null
2026-02-14 12:36:44,712 [WARN] ConditionMgr:438 - getConditionDescription Invalid condition id : UX DEVICE CLASS RTOS Condition cause : null
2026-02-14 12:36:44,719 [WARN] PackLoader:240 - Cannot read IP mode file for STMicroelectronics.X-CUBE-AZRTOS-WB.2.0.0
2026-02-14 12:36:44,721 [WARN] ConditionMgr:1044 - genDependencies : Invalid condition id : UX DEVICE CLASS RTOS Condition cause : null
2026-02-14 12:36:44,721 [WARN] ConditionMgr:1044 - genDependencies : Invalid condition id : UX DEVICE CLASS RTOS Condition cause : null
2026-02-14 12:36:44,722 [WARN] ConditionMgr:1044 - genDependencies : Invalid condition id : UX DEVICE CLASS RTOS Condition cause : null
2026-02-14 12:36:44,723 [WARN] ConditionMgr:1044 - genDependencies : Invalid condition id : UX DEVICE CLASS RTOS Condition cause : null
2026-02-14 12:36:44,723 [WARN] ConditionMgr:1044 - genDependencies : Invalid condition id : UX DEVICE CLASS RTOS Condition cause : null
2026-02-14 12:36:44,741 [WARN] PackLoader:240 - Cannot read IP mode file for STMicroelectronics.X-CUBE-GNSS1.7.0.1
2026-02-14 12:36:44,771 [WARN] PackLoader:240 - Cannot read IP mode file for STMicroelectronics.X-CUBE-TOUCHGFX.4.25.0
2026-02-14 12:36:44,798 [WARN] ConditionMgr:438 - getConditionDescription Invalid condition id : Cortex-A Device cause : null
2026-02-14 12:36:44,814 [WARN] ConditionMgr:1044 - genDependencies : Invalid condition id : Cortex-A Device cause : null
2026-02-14 12:36:44,814 [WARN] ConditionMgr:1044 - genDependencies : Invalid condition id : Cortex-A Device cause : null
2026-02-14 12:36:44,814 [WARN] ConditionMgr:1044 - genDependencies : Invalid condition id : Cortex-A Device cause : null
2026-02-14 12:36:44,847 [WARN] PackLoader:240 - Cannot read IP mode file for STMicroelectronics.X-CUBE-STSE01.2.0.0
2026-02-14 12:36:45,279 [WARN] PackLoader:240 - Cannot read IP mode file for STMicroelectronics.X-CUBE-SUBG2.5.0.0
2026-02-14 12:36:45,407 [WARN] PackLoader:240 - Cannot read IP mode file for STMicroelectronics.X-CUBE-AZRTOS-H7RS.1.1.0
2026-02-14 12:36:45,442 [WARN] PackLoader:240 - Cannot read IP mode file for Cesanta.I-CUBE-Mongoose.7.13.0
2026-02-14 12:36:45,470 [WARN] PackLoader:240 - Cannot read IP mode file for STMicroelectronics.X-CUBE-AZRTOS-G4.2.0.0
2026-02-14 12:36:45,517 [WARN] PackLoader:240 - Cannot read IP mode file for wolfSSL.I-CUBE-wolfSSH.1.4.20
2026-02-14 12:36:45,533 [WARN] PackLoader:240 - Cannot read IP mode file for STMicroelectronics.X-CUBE-NFC7.2.0.0
2026-02-14 12:36:45,559 [WARN] PackLoader:240 - Cannot read IP mode file for STMicroelectronics.X-CUBE-IPS.3.1.0
2026-02-14 12:36:45,607 [WARN] PackLoader:240 - Cannot read IP mode file for STMicroelectronics.X-CUBE-ALS.1.0.2
2026-02-14 12:36:45,654 [WARN] PackLoader:240 - Cannot read IP mode file for STMicroelectronics.X-CUBE-STSE01.1.0.0
2026-02-14 12:36:45,711 [WARN] PackLoader:240 - Cannot read IP mode file for STMicroelectronics.X-CUBE-TOF1.3.4.3
2026-02-14 12:36:45,777 [INFO] ThirdParty:978 - Integrity check success = true
2026-02-14 12:36:45,777 [INFO] IntegrityCheckThread:100 - exiting critical section [integrity check]
2026-02-14 12:36:45,777 [INFO] IntegrityCheckThread:103 - End integrity checks thread
2026-02-14 12:36:48,713 [INFO] McuFinderGlobals:63 - Set McuFinder mode to 2 (CubeIDE integrated)
2026-02-14 12:36:48,730 [INFO] MainUpdater:2872 - connection check result : 10
2026-02-14 12:36:48,732 [INFO] MainUpdater:2872 - connection check result : 10
2026-02-14 12:36:50,342 [INFO] MicroXplorer:468 - Change Database Path : 
2026-02-14 12:36:50,346 [INFO] MicroXplorer:498 - Change Database Version : DB.6.0.150
2026-02-14 12:36:50,368 [WARN] ThirdParty:871 - waiting for thirdparty lock release [close project]
2026-02-14 12:36:50,369 [INFO] ThirdParty:873 - entering critical section [close project]
2026-02-14 12:36:50,391 [INFO] ThirdParty:883 - exiting critical section [close project]
2026-02-14 12:36:50,409 [INFO] PinOutPanel:1589 - setPackage(No Configuration,No Configuration)
2026-02-14 12:36:50,429 [INFO] UtilMem:75 - Begin LoadConfig() Used Memory: 230384288 Bytes (352321536)
2026-02-14 12:36:50,440 [INFO] MicroXplorer:468 - Change Database Path : 
2026-02-14 12:36:50,441 [INFO] MicroXplorer:498 - Change Database Version : DB.6.0.150
2026-02-14 12:36:50,441 [INFO] OpenFileManager:355 - Change cursor
2026-02-14 12:36:50,679 [INFO] Mcu:2029 - Initializing MCU STM32L431C(B-C)Tx STM32L431CBTx STM32L431CBT6
2026-02-14 12:36:50,698 [INFO] WebApp:169 - Instantiating new browser for Auth
2026-02-14 12:36:53,828 [INFO] WebApp:463 - Apply proxy settings
2026-02-14 12:36:53,964 [INFO] WebApp:508 - Chromium authenticates against Manually configured proxy
2026-02-14 12:36:54,074 [INFO] WebApp:516 - Username used for proxy authentication: 
2026-02-14 12:36:54,164 [INFO] WebApp:900 - Register for checkConnection events
2026-02-14 12:36:54,166 [INFO] WebApp:463 - Apply proxy settings
2026-02-14 12:36:54,174 [INFO] WebApp:508 - Chromium authenticates against Manually configured proxy
2026-02-14 12:36:54,175 [INFO] WebApp:516 - Username used for proxy authentication: 
2026-02-14 12:36:54,397 [INFO] Context:786 - Trying to add GPIOservice into a context  which must be forbidden
2026-02-14 12:36:54,647 [INFO] WebApp:225 - Starting web application
2026-02-14 12:36:54,649 [INFO] WebApp:593 - Web application path used /Applications/STM32CubeIDE.app/Contents/Eclipse/plugins/com.st.stm32cube.common.mx_6.15.0.202507011659/db/plugins/mcufinder/reactClient1/index.html
2026-02-14 12:36:54,990 [INFO] WebApp:191 - Connection restablished
2026-02-14 12:36:56,514 [INFO] ImportTextPane:234 - (OptionalMessage_ERROR) Pin9 (VP_RIF_VS_RIF1) cannot be retrieved for this MCU
2026-02-14 12:36:56,986 [INFO] UserAuth:487 - Internet connection configuration mode: 1
2026-02-14 12:36:57,515 [INFO] RtosManager:558 - Registered RTOS mode: class=CMSIS, group=RTOS, mode=CMSIS_V1, owner=FREERTOS
2026-02-14 12:36:57,516 [INFO] RtosManager:558 - Registered RTOS mode: class=CMSIS, group=RTOS2, mode=CMSIS_V2, owner=FREERTOS
2026-02-14 12:36:57,516 [INFO] RtosManager:558 - Registered RTOS mode: class=RTOS, group=Core, mode=CMSIS_V1, owner=FREERTOS
2026-02-14 12:36:57,516 [INFO] RtosManager:558 - Registered RTOS mode: class=RTOS, group=Core, mode=CMSIS_V2, owner=FREERTOS
2026-02-14 12:36:57,518 [WARN] ModelIntegratedComponent:184 - Missing modes for component STMicroelectronics:FreeRTOS:0.0.1:STMicroelectronics:RTOS:FreeRTOS:Core:::10.2.0:
2026-02-14 12:36:57,604 [WARN] ModelIntegratedComponent:63 - No mode defined for component null
2026-02-14 12:36:57,604 [WARN] ModelIntegratedComponent:63 - No mode defined for component null
2026-02-14 12:36:57,604 [WARN] ModelIntegratedComponent:63 - No mode defined for component null
2026-02-14 12:36:57,604 [WARN] ModelIntegratedComponent:63 - No mode defined for component null
2026-02-14 12:36:57,604 [WARN] ModelIntegratedComponent:63 - No mode defined for component null
2026-02-14 12:36:57,604 [WARN] ModelIntegratedComponent:63 - No mode defined for component null
2026-02-14 12:36:57,604 [WARN] ModelIntegratedComponent:63 - No mode defined for component null
2026-02-14 12:36:57,604 [WARN] ModelIntegratedComponent:63 - No mode defined for component null
2026-02-14 12:36:57,605 [WARN] ModelIntegratedComponent:63 - No mode defined for component null
2026-02-14 12:36:57,605 [WARN] ModelIntegratedComponent:63 - No mode defined for component null
2026-02-14 12:36:57,606 [WARN] ModelIntegratedComponent:63 - No mode defined for component null
2026-02-14 12:36:57,606 [WARN] ModelIntegratedComponent:63 - No mode defined for component null
2026-02-14 12:36:57,606 [WARN] ModelIntegratedComponent:63 - No mode defined for component null
2026-02-14 12:36:57,606 [WARN] ModelIntegratedComponent:63 - No mode defined for component null
2026-02-14 12:36:57,606 [WARN] ModelIntegratedComponent:63 - No mode defined for component null
2026-02-14 12:36:57,606 [WARN] ModelIntegratedComponent:63 - No mode defined for component null
2026-02-14 12:36:57,606 [WARN] ModelIntegratedComponent:63 - No mode defined for component null
2026-02-14 12:36:57,607 [WARN] ModelIntegratedComponent:63 - No mode defined for component null
2026-02-14 12:36:57,607 [WARN] ModelIntegratedComponent:63 - No mode defined for component null
2026-02-14 12:36:57,607 [WARN] ModelIntegratedComponent:63 - No mode defined for component null
2026-02-14 12:36:57,607 [WARN] ModelIntegratedComponent:63 - No mode defined for component null
2026-02-14 12:36:57,607 [WARN] ModelIntegratedComponent:63 - No mode defined for component null
2026-02-14 12:36:57,607 [WARN] ModelIntegratedComponent:63 - No mode defined for component null
2026-02-14 12:36:57,607 [WARN] ModelIntegratedComponent:63 - No mode defined for component null
2026-02-14 12:36:57,607 [WARN] ModelIntegratedComponent:63 - No mode defined for component null
2026-02-14 12:36:57,607 [WARN] ModelIntegratedComponent:63 - No mode defined for component null
2026-02-14 12:36:57,607 [WARN] ModelIntegratedComponent:63 - No mode defined for component null
2026-02-14 12:36:57,607 [WARN] ModelIntegratedComponent:63 - No mode defined for component null
2026-02-14 12:36:57,607 [WARN] ModelIntegratedComponent:63 - No mode defined for component null
2026-02-14 12:36:57,607 [WARN] ModelIntegratedComponent:63 - No mode defined for component null
2026-02-14 12:36:57,607 [WARN] ModelIntegratedComponent:63 - No mode defined for component null
2026-02-14 12:36:57,607 [WARN] ModelIntegratedComponent:63 - No mode defined for component null
2026-02-14 12:36:57,608 [WARN] ModelIntegratedComponent:63 - No mode defined for component null
2026-02-14 12:36:57,608 [WARN] ModelIntegratedComponent:63 - No mode defined for component null
2026-02-14 12:36:57,608 [WARN] ModelIntegratedComponent:63 - No mode defined for component null
2026-02-14 12:36:57,608 [WARN] ModelPack:524 - Component already loaded: STMicroelectronics:HAL Drivers:0.0.0:STMicroelectronics:Device:STMicro_Driver:XSPI:HAL::0.0.1:HAL_XSPI
2026-02-14 12:36:59,479 [INFO] ThirdPartyModel:298 - Start build external matchings
2026-02-14 12:37:00,833 [INFO] ThirdPartyModel:316 - End build external matchings
2026-02-14 12:37:00,946 [INFO] ImportTextPane:234 - (OptionalMessage_ERROR) IP (ADC1) : Parameter (CommonPathInternal) has invalid value (null|null|null|null)
2026-02-14 12:37:02,393 [INFO] ApiDb:581 - Connected to CubeFinder SQLite database (/Users/karthikkurapati/.stmcufinder/plugins/mcufinder/mcu/cube-finder-db.db)
2026-02-14 12:37:02,518 [INFO] ApiDb:668 - CubeFinder database Data Model version=2.1
2026-02-14 12:37:02,519 [INFO] ApiDb:669 - CubeFinder database Configuration version=3.0.39
2026-02-14 12:37:02,520 [INFO] ApiDb:670 - CubeFinder database generation date=2025-12-22 (1766407740)
2026-02-14 12:37:02,521 [INFO] ApiDb:671 - CubeFinder database FW Pack versions=[FP-ATR-ASTRA1_V2.0.0, FP-SNS-FLIGHT1_V5.1.0, FP-SNS-MOTENV1_V5.1.0, FP-SNS-MOTENVWB1_V1.4.0, FP-SNS-SMARTAG2_V1.2.0, FP-SNS-STBOX1_V2.1.0, STM32Cube_FW_C0_V1.4.0, STM32Cube_FW_F4_V1.28.3, STM32Cube_FW_F7_V1.17.4, STM32Cube_FW_G0_V1.6.2, STM32Cube_FW_G4_V1.6.1, STM32Cube_FW_H5_V1.5.1, STM32Cube_FW_H7RS_V1.3.0, STM32Cube_FW_H7_V1.12.1, STM32Cube_FW_L0_V1.12.2, STM32Cube_FW_L4_V1.18.1, STM32Cube_FW_L5_V1.6.0, STM32Cube_FW_N6_V1.3.0, STM32Cube_FW_U0_V1.3.0, STM32Cube_FW_U3_V1.2.1, STM32Cube_FW_U5_V1.8.0, STM32Cube_FW_WB0_V1.4.0, STM32Cube_FW_WBA_V1.8.0, STM32Cube_FW_WB_V1.24.0, STM32Cube_FW_WL3_V1.3.0, STM32Cube_FW_WL_V1.4.0, X-CUBE-ALGOBUILD_V1.4.0, X-CUBE-ALS_V1.0.2, X-CUBE-AZRTOS-F4_V1.1.0, X-CUBE-AZRTOS-F7_V1.1.0, X-CUBE-AZRTOS-G0_V1.1.0, X-CUBE-AZRTOS-G4_V2.0.0, X-CUBE-AZRTOS-H7RS_V1.1.0, X-CUBE-AZRTOS-H7_V3.4.0, X-CUBE-AZRTOS-L4_V2.0.0, X-CUBE-AZRTOS-L5_V2.0.0, X-CUBE-AZRTOS-WB_V2.0.0, X-CUBE-AZRTOS-WL_V2.0.0, X-CUBE-BLE1_V7.1.0, X-CUBE-BLE2_V3.3.0, X-CUBE-BLEMGR_V4.1.0, X-CUBE-EEPRMA1_V5.2.0, X-CUBE-FREERTOS_V1.3.1, X-CUBE-GNSS1_V6.0.0, X-CUBE-MEMS1_V12.0.0, X-CUBE-NFC4_V3.0.0, X-CUBE-NFC7_V2.0.0, X-CUBE-SFXS2LP1_V4.0.0, X-CUBE-ST67W61_V1.1.0, X-CUBE-SUBG2_V5.0.0, X-CUBE-TOF1_V3.4.3]
2026-02-14 12:37:02,677 [INFO] DbBoardsSqlite:226 - include board P-NUCLEO-WB55-NUCLEO as a kit item of type 'Nucleo-64'
2026-02-14 12:37:02,680 [INFO] DbBoardsSqlite:226 - include board P-NUCLEO-WB55-USBDONGLE as a kit item of type 'Nucleo USB Dongle'
2026-02-14 12:37:02,683 [INFO] DbBoardsSqlite:226 - include board STEVAL-IDP005V1 as a kit item of type 'Evaluation Board'
2026-02-14 12:37:02,683 [INFO] DbBoardsSqlite:226 - include board STEVAL-IDP005V2 as a kit item of type 'Evaluation Board'
2026-02-14 12:37:02,851 [INFO] ApiDb:240 - Found 880 in-development CPN: [B-G473E-ZEST1S, B-WB1M-WPAN1, B-WBA5M-WPAN, B-WL5M-SUBG1, NUCLEO-C031C6, NUCLEO-C051C8, NUCLEO-C071RB, NUCLEO-C092RC, NUCLEO-H503RB, NUCLEO-H533RE, NUCLEO-H563ZI, NUCLEO-H7S3L8, NUCLEO-N657X0-Q, NUCLEO-U031R8, NUCLEO-U083RC, NUCLEO-U385RG-Q, NUCLEO-U545RE-Q, NUCLEO-U5A5ZJ-Q, NUCLEO-WB05KZ, NUCLEO-WB07CC, NUCLEO-WB09KE, NUCLEO-WBA52CG, NUCLEO-WBA55CG, NUCLEO-WL33CC1, NUCLEO-WL33CC2, STEVAL-PROTEUS1, STEVAL-SMARTAG2, STEVAL-STWINBX1, STM320518-EVAL, STM32C0116-DK, STM32C011D6Y3TR, STM32C011D6Y6TR, STM32C011F4P3, STM32C011F4P6, STM32C011F4U3, STM32C011F4U6TR, STM32C011F6P3, STM32C011F6P6, STM32C011F6U3, STM32C011F6U6TR, STM32C011J4M3, STM32C011J4M6, STM32C011J6M3, STM32C011J6M6, STM32C0316-DK, STM32C031C4T3, STM32C031C4T6, STM32C031C4U3, STM32C031C4U6, STM32C031C6T3, STM32C031C6T6, STM32C031C6U3, STM32C031C6U6, STM32C031F4P3, STM32C031F4P6, STM32C031F6P3, STM32C031F6P6, STM32C031G4U3, STM32C031G4U6, STM32C031G6U3, STM32C031G6U6, STM32C031K4T3, STM32C031K4T6, STM32C031K4U3, STM32C031K4U6, STM32C031K6T3, STM32C031K6T6, STM32C031K6U3, STM32C031K6U6, STM32C051C6T6, STM32C051C6U6, STM32C051C8T6, STM32C051C8U6, STM32C051D8Y6TR, STM32C051F6P6, STM32C051F8P6, STM32C051G6U6, STM32C051G8U6, STM32C051K6T6, STM32C051K6U6, STM32C051K8T6, STM32C071C8T6, STM32C071C8T6N, STM32C071C8U6, STM32C071C8U6N, STM32C071CBT6, STM32C071CBT6N, STM32C071CBU6, STM32C071CBU6N, STM32C071F8P6, STM32C071F8P6N, STM32C071FBP6, STM32C071FBP6N, STM32C071FBY6TR, STM32C071G8U6, STM32C071G8U6N, STM32C071GBU6, STM32C071GBU6N, STM32C071K8T6, STM32C071K8T6N, STM32C071K8U6, STM32C071K8U6N, STM32C071KBT6, STM32C071KBT6N, STM32C071KBU6, STM32C071KBU6N, STM32C071R8T6, STM32C071R8T6N, STM32C071RBI6N, STM32C071RBT6, STM32C071RBT6N, STM32C091CBT6, STM32C091CBU6, STM32C091CCT6, STM32C091CCU6, STM32C091ECY6TR, STM32C091FBP6, STM32C091FCP6, STM32C091GBU6, STM32C091GCU6, STM32C091KBT6, STM32C091KBU6, STM32C091KCT6, STM32C091KCU6, STM32C091RBT6, STM32C091RCI6, STM32C091RCT6, STM32C092CBT6, STM32C092CBU6, STM32C092CCT6, STM32C092CCU6, STM32C092ECY6TR, STM32C092FBP6, STM32C092FCP6, STM32C092GBU6, STM32C092GCU6, STM32C092KBT6, STM32C092KBU6, STM32C092KCT6, STM32C092KCU6, STM32C092RBT6, STM32C092RCI6, STM32C092RCT6, STM32G071K8TXN, STM32G071K8UXN, STM32G081GBU6N, STM32G081KBT6N, STM32G081KBUXN, STM32G0B1CCT6N, STM32G0B1KCT6, STM32G0B1NEY6TR, STM32G0B1RCT6N, STM32G0C1CCT6, STM32G0C1CCT6N, STM32G0C1CCU6N, STM32G0C1CET6N, STM32G0C1CEU6N, STM32G0C1KCT6, STM32G0C1NEY6TR, STM32G0C1RCI6N, STM32G0C1RCT6N, STM32G0C1REI6N, STM32G0C1RET6N, STM32G0C1VCI6, STM32G0C1VEI6, STM32G411C6T3, STM32G411C6T6, STM32G411C6U3, STM32G411C6U6, STM32G411C8T3, STM32G411C8T6, STM32G411C8U3, STM32G411C8U6, STM32G411CBT3, STM32G411CBT6, STM32G411CBU3, STM32G411CBU6, STM32G411K6T3, STM32G411K6T6, STM32G411K6U3, STM32G411K6U6, STM32G411K8T3, STM32G411K8T6, STM32G411K8U3, STM32G411K8U6, STM32G411KBT3, STM32G411KBT6, STM32G411KBU3, STM32G411KBU6, STM32G411M6T3, STM32G411M6T6, STM32G411M8T3, STM32G411M8T6, STM32G411MBT3, STM32G411MBT6, STM32G411R6T3, STM32G411R6T6, STM32G411R8T3, STM32G411R8T6, STM32G411RBT3, STM32G411RBT6, STM32G414CBT3, STM32G414CBT6, STM32G414CBU3, STM32G414CBU6, STM32G414CCT3, STM32G414CCT6, STM32G414CCU3, STM32G414CCU6, STM32G414MBT3, STM32G414MBT6, STM32G414MCT3, STM32G414MCT6, STM32G414RBT3, STM32G414RBT6, STM32G414RCT3, STM32G414RCT6, STM32G414VBT3, STM32G414VBT6, STM32G414VCT3, STM32G414VCT6, STM32G431CBT3Z, STM32G431RBT3Z, STM32G471CCT6, STM32G471CCU6, STM32G471CET3, STM32G471CET6, STM32G471CEU3, STM32G471CEU6, STM32G471MCT6, STM32G471MET3, STM32G471MET6, STM32G471MEY6TR, STM32G471QCT6, STM32G471QET3, STM32G471RCT6, STM32G471RET3, STM32G471RET6, STM32G471VCH6, STM32G471VCI6, STM32G471VCT6, STM32G471VEH3, STM32G471VEH6, STM32G471VEI3, STM32G471VEI6, STM32G471VET3, STM32G471VET6, STM32G473QET3Z, STM32G473RET3Z, STM32G474CCT6, STM32G491RET3Z, STM32H503CBT6, STM32H503CBU6, STM32H503EBY6TR, STM32H503KBU6, STM32H503RBT6, STM32H523CCT6, STM32H523CCU6, STM32H523CET6, STM32H523CEU6, STM32H523HEY6TR, STM32H523RCT6, STM32H523RET6, STM32H523VCI6, STM32H523VCT6, STM32H523VEI6, STM32H523VET6, STM32H523ZCJ6, STM32H523ZCT6, STM32H523ZEJ6, STM32H523ZET6, STM32H533CET6, STM32H533CEU6, STM32H533HEY6TR, STM32H533RET6, STM32H533VEI6, STM32H533VET6, STM32H533ZEJ6, STM32H533ZET6, STM32H562AGI6, STM32H562AII6, STM32H562IGK6, STM32H562IGT6, STM32H562IIK6, STM32H562IIT6, STM32H562RGT6, STM32H562RGV6, STM32H562RIT6, STM32H562RIV6, STM32H562VGT6, STM32H562VIT6, STM32H562ZGT6, STM32H562ZIT6, STM32H563AGI6, STM32H563AII3Q, STM32H563AII6, STM32H563IGK6, STM32H563IGT6, STM32H563IIK3Q, STM32H563IIK6, STM32H563IIT3Q, STM32H563IIT6, STM32H563MIY3QTR, STM32H563RGT6, STM32H563RGV6, STM32H563RIT6, STM32H563RIV6, STM32H563VGT6, STM32H563VIT3Q, STM32H563VIT6, STM32H563ZGT6, STM32H563ZIT3Q, STM32H563ZIT6, STM32H573AII3Q, STM32H573AII6, STM32H573I-DK, STM32H573IIK3Q, STM32H573IIK6, STM32H573IIT3Q, STM32H573IIT6, STM32H573MIY3QTR, STM32H573RIT6, STM32H573RIV6, STM32H573VIT3Q, STM32H573VIT6, STM32H573ZIT3Q, STM32H573ZIT6, STM32H7R3A8I6, STM32H7R3I8K6, STM32H7R3I8T6, STM32H7R3L8H6, STM32H7R3L8H6H, STM32H7R3R8V6, STM32H7R3V8H6, STM32H7R3V8T6, STM32H7R3V8Y6TR, STM32H7R3Z8J6, STM32H7R3Z8T6, STM32H7R7A8I6, STM32H7R7I8K6, STM32H7R7I8T6, STM32H7R7L8H6, STM32H7R7L8H6H, STM32H7R7Z8J6, STM32H7S3A8I6, STM32H7S3I8K6, STM32H7S3I8T6, STM32H7S3L8H6, STM32H7S3L8H6H, STM32H7S3R8V6, STM32H7S3V8H6, STM32H7S3V8T6, STM32H7S3V8Y6TR, STM32H7S3Z8J6, STM32H7S3Z8T6, STM32H7S78-DK, STM32H7S7A8I6, STM32H7S7I8K6, STM32H7S7I8T6, STM32H7S7L8H6, STM32H7S7L8H6H, STM32H7S7Z8J6, STM32L4R5QGI6STR, STM32MP131AAE3, STM32MP131AAF3, STM32MP131AAG3, STM32MP131CAE3, STM32MP131CAF3, STM32MP131CAG3, STM32MP131DAE7, STM32MP131DAF7, STM32MP131DAG7, STM32MP131FAE7, STM32MP131FAF7, STM32MP131FAG7, STM32MP133AAE3, STM32MP133AAF3, STM32MP133AAG3, STM32MP133CAE3, STM32MP133CAF3, STM32MP133CAG3, STM32MP133DAE7, STM32MP133DAF7, STM32MP133DAG7, STM32MP133FAE7, STM32MP133FAF7, STM32MP133FAG7, STM32MP135AAE3, STM32MP135AAF3, STM32MP135AAG3, STM32MP135CAE3, STM32MP135CAF3, STM32MP135CAG3, STM32MP135DAE7, STM32MP135DAF7, STM32MP135DAG7, STM32MP135F-DK, STM32MP135FAE7, STM32MP135FAF7, STM32MP135FAF7T, STM32MP135FAF7U, STM32MP135FAG7, STM32MP211AAL3, STM32MP211AAM3, STM32MP211AAN3, STM32MP211AAO3, STM32MP211CAL3, STM32MP211CAM3, STM32MP211CAN3, STM32MP211CAO3, STM32MP211DAL3, STM32MP211DAM3, STM32MP211DAN3, STM32MP211DAO3, STM32MP211FAL3, STM32MP211FAM3, STM32MP211FAN3, STM32MP211FAO3, STM32MP213AAL3, STM32MP213AAM3, STM32MP213AAN3, STM32MP213AAO3, STM32MP213CAL3, STM32MP213CAM3, STM32MP213CAN3, STM32MP213CAO3, STM32MP213DAL3, STM32MP213DAM3, STM32MP213DAN3, STM32MP213DAO3, STM32MP213FAL3, STM32MP213FAM3, STM32MP213FAN3, STM32MP213FAO3, STM32MP215AAL3, STM32MP215AAM3, STM32MP215AAN3, STM32MP215AAO3, STM32MP215CAL3, STM32MP215CAM3, STM32MP215CAN3, STM32MP215CAO3, STM32MP215DAL3, STM32MP215DAM3, STM32MP215DAN3, STM32MP215DAO3, STM32MP215F-DK, STM32MP215FAL3, STM32MP215FAM3, STM32MP215FAN3, STM32MP215FAO3, STM32MP231AAJ3, STM32MP231AAK3, STM32MP231AAL3, STM32MP231CAJ3, STM32MP231CAK3, STM32MP231CAL3, STM32MP231DAJ3, STM32MP231DAK3, STM32MP231DAL3, STM32MP231FAJ3, STM32MP231FAK3, STM32MP231FAL3, STM32MP233AAJ3, STM32MP233AAK3, STM32MP233AAL3, STM32MP233CAJ3, STM32MP233CAK3, STM32MP233CAL3, STM32MP233DAJ3, STM32MP233DAK3, STM32MP233DAL3, STM32MP233FAJ3, STM32MP233FAK3, STM32MP233FAL3, STM32MP235AAJ3, STM32MP235AAK3, STM32MP235AAL3, STM32MP235CAJ3, STM32MP235CAK3, STM32MP235CAL3, STM32MP235DAJ3, STM32MP235DAK3, STM32MP235DAL3, STM32MP235FAJ3, STM32MP235FAK3, STM32MP235FAL3, STM32MP251AAI3, STM32MP251AAK3, STM32MP251AAL3, STM32MP251CAI3, STM32MP251CAK3, STM32MP251CAL3, STM32MP251DAI3, STM32MP251DAK3, STM32MP251DAL3, STM32MP251FAI3, STM32MP251FAK3, STM32MP251FAL3, STM32MP253AAI3, STM32MP253AAK3, STM32MP253AAL3, STM32MP253CAI3, STM32MP253CAK3, STM32MP253CAL3, STM32MP253DAI3, STM32MP253DAK3, STM32MP253DAL3, STM32MP253FAI3, STM32MP253FAK3, STM32MP253FAL3, STM32MP255AAI3, STM32MP255AAK3, STM32MP255AAL3, STM32MP255CAI3, STM32MP255CAK3, STM32MP255CAL3, STM32MP255DAI3, STM32MP255DAK3, STM32MP255DAL3, STM32MP255FAI3, STM32MP255FAK3, STM32MP255FAL3, STM32MP257AAI3, STM32MP257AAK3, STM32MP257AAL3, STM32MP257CAI3, STM32MP257CAK3, STM32MP257CAL3, STM32MP257DAI3, STM32MP257DAK3, STM32MP257DAL3, STM32MP257F-DK, STM32MP257F-EV1, STM32MP257FAI3, STM32MP257FAK3, STM32MP257FAL3, STM32N645A0H3Q, STM32N645B0H3Q, STM32N645I0H3Q, STM32N645L0H3Q, STM32N645X0H3Q, STM32N645Z0H3Q, STM32N647A0H3Q, STM32N647B0H3Q, STM32N647I0H3Q, STM32N647L0H3Q, STM32N647X0H3Q, STM32N647Z0H3Q, STM32N655A0H3Q, STM32N655B0H3Q, STM32N655I0H3Q, STM32N655L0H3Q, STM32N655X0H3Q, STM32N655Z0H3Q, STM32N6570-DK, STM32N657A0H3Q, STM32N657B0H3Q, STM32N657I0H3Q, STM32N657L0H3Q, STM32N657X0H3Q, STM32N657Z0H3Q, STM32U031C6T6, STM32U031C6U6, STM32U031C8T6, STM32U031C8U6, STM32U031F4P6, STM32U031F6P6, STM32U031F8P6, STM32U031G6Y6TR, STM32U031G8Y6TR, STM32U031K4U6, STM32U031K6U6, STM32U031K8U6, STM32U031R6I6, STM32U031R6T6, STM32U031R8I6, STM32U031R8T6, STM32U073C8T6, STM32U073C8U6, STM32U073CBT6, STM32U073CBU6, STM32U073CCT6, STM32U073CCU6, STM32U073H8Y6TR, STM32U073HBY6TR, STM32U073HCY6TR, STM32U073K8U6, STM32U073KBU6, STM32U073KCU6, STM32U073M8I6, STM32U073M8T6, STM32U073MBI6, STM32U073MBT6, STM32U073MCI6, STM32U073MCT6, STM32U073R8I6, STM32U073R8T6, STM32U073RBI6, STM32U073RBT6, STM32U073RCI6, STM32U073RCT6, STM32U083C-DK, STM32U083CCT6, STM32U083CCU6, STM32U083HCY6TR, STM32U083KCU6, STM32U083MCI6, STM32U083MCT6, STM32U083RCI6, STM32U083RCT6, STM32U375CET6, STM32U375CET6Q, STM32U375CEU6, STM32U375CEU6Q, STM32U375CEY6QTR, STM32U375CGT6, STM32U375CGT6Q, STM32U375CGU6, STM32U375CGU6Q, STM32U375CGY6QTR, STM32U375KEU6, STM32U375KGU6, STM32U375REI6, STM32U375REI6Q, STM32U375RET6, STM32U375RET6Q, STM32U375REY6GTR, STM32U375REY6QTR, STM32U375RGI6, STM32U375RGI6Q, STM32U375RGT6, STM32U375RGT6Q, STM32U375RGY6GTR, STM32U375RGY6QTR, STM32U375VEI6, STM32U375VEI6Q, STM32U375VET6, STM32U375VET6Q, STM32U375VGI6, STM32U375VGI6Q, STM32U375VGT6, STM32U375VGT6Q, STM32U385CGT6, STM32U385CGT6Q, STM32U385CGU6, STM32U385CGU6Q, STM32U385CGY6QTR, STM32U385KGU6, STM32U385RGI6, STM32U385RGI6Q, STM32U385RGT6, STM32U385RGT6Q, STM32U385RGY6GTR, STM32U385RGY6QTR, STM32U385VGI6, STM32U385VGI6Q, STM32U385VGT6, STM32U385VGT6Q, STM32U535CBT6, STM32U535CBT6Q, STM32U535CBU6, STM32U535CBU6Q, STM32U535CCT6, STM32U535CCT6Q, STM32U535CCU6, STM32U535CCU6Q, STM32U535CET6, STM32U535CET6Q, STM32U535CEU6, STM32U535CEU6Q, STM32U535JEY6QTR, STM32U535NCY6QTR, STM32U535NEY6QTR, STM32U535RBI6, STM32U535RBI6Q, STM32U535RBT6, STM32U535RBT6Q, STM32U535RCI6, STM32U535RCI6Q, STM32U535RCT6, STM32U535RCT6Q, STM32U535REI6, STM32U535REI6Q, STM32U535RET6, STM32U535RET6Q, STM32U535VCI6, STM32U535VCI6Q, STM32U535VCT6, STM32U535VCT6Q, STM32U535VEI6, STM32U535VEI6Q, STM32U535VET6, STM32U535VET6Q, STM32U545CET6, STM32U545CET6Q, STM32U545CEU6, STM32U545CEU6Q, STM32U545JEY6QTR, STM32U545NEY6QTR, STM32U545REI6, STM32U545REI6Q, STM32U545RET6, STM32U545RET6Q, STM32U545VEI6, STM32U545VEI6Q, STM32U545VET6, STM32U545VET6Q, STM32U595AIH6, STM32U595AIH6Q, STM32U595AJH6, STM32U595AJH6Q, STM32U595QII6, STM32U595QII6Q, STM32U595QJI6, STM32U595QJI6Q, STM32U595RIT6, STM32U595RIT6Q, STM32U595RJT6, STM32U595RJT6Q, STM32U595VIT6, STM32U595VIT6Q, STM32U595VJT6, STM32U595VJT6Q, STM32U595ZIT6, STM32U595ZIT6Q, STM32U595ZIY6QTR, STM32U595ZJT6, STM32U595ZJT6Q, STM32U595ZJY6QTR, STM32U599BJY6QTR, STM32U599NIH6Q, STM32U599NJH6Q, STM32U599VIT6Q, STM32U599VJT6, STM32U599VJT6Q, STM32U599ZIT6Q, STM32U599ZIY6QTR, STM32U599ZJT6Q, STM32U599ZJY6QTR, STM32U5A5AJH6, STM32U5A5AJH6Q, STM32U5A5QII3Q , STM32U5A5QJI6, STM32U5A5QJI6Q, STM32U5A5RJT6, STM32U5A5RJT6Q, STM32U5A5VJT6, STM32U5A5VJT6Q, STM32U5A5ZJT6, STM32U5A5ZJT6Q, STM32U5A5ZJY6QTR, STM32U5A9BJY6QTR, STM32U5A9J-DK, STM32U5A9NJH6Q, STM32U5A9VJT6Q, STM32U5A9ZJT6Q, STM32U5A9ZJY6QTR, STM32U5F7VIT6, STM32U5F7VIT6Q, STM32U5F7VJT6, STM32U5F7VJT6Q, STM32U5F9BJY6QTR, STM32U5F9NJH6Q, STM32U5F9VIT6Q, STM32U5F9VJT6Q, STM32U5F9ZIJ6QTR, STM32U5F9ZIT6Q, STM32U5F9ZJJ6QTR, STM32U5F9ZJT6Q, STM32U5G7VJT6, STM32U5G7VJT6Q, STM32U5G9BJY6QTR, STM32U5G9J-DK1, STM32U5G9J-DK2, STM32U5G9NJH6Q, STM32U5G9VJT6Q, STM32U5G9ZJJ6QTR, STM32U5G9ZJT6Q, STM32WB05KZV6TR, STM32WB05KZV7TR, STM32WB05TZF6TR, STM32WB05TZF7TR, STM32WB06CCF6TR, STM32WB06CCF7TR, STM32WB06CCV6TR, STM32WB06CCV7TR, STM32WB06KCV6TR, STM32WB06KCV7TR, STM32WB07CCF6TR, STM32WB07CCF7TR, STM32WB07CCV6TR, STM32WB07CCV7TR, STM32WB07KCV6TR, STM32WB07KCV7TR, STM32WB09KEV6TR, STM32WB09KEV7TR, STM32WB09TEF6TR, STM32WB09TEF7TR, STM32WB1MMCH6, STM32WBA50KGU6, STM32WBA50KGU6TR, STM32WBA52CEU6, STM32WBA52CEU6TR, STM32WBA52CEU7, STM32WBA52CEU7TR, STM32WBA52CGU6, STM32WBA52CGU6TR, STM32WBA52CGU6U, STM32WBA52CGU7, STM32WBA52CGU7TR, STM32WBA52KEU6, STM32WBA52KEU6TR, STM32WBA52KGU6, STM32WBA52KGU6TR, STM32WBA54CEU6, STM32WBA54CEU6TR, STM32WBA54CEU7, STM32WBA54CEU7TR, STM32WBA54CGU6, STM32WBA54CGU6TR, STM32WBA54CGU7, STM32WBA54CGU7TR, STM32WBA54KEU6, STM32WBA54KEU6TR, STM32WBA54KEU7, STM32WBA54KEU7TR, STM32WBA54KGU6, STM32WBA54KGU6TR, STM32WBA54KGU7, STM32WBA54KGU7TR, STM32WBA55CEU6, STM32WBA55CEU6TR, STM32WBA55CEU7, STM32WBA55CEU7TR, STM32WBA55CGU6, STM32WBA55CGU6TR, STM32WBA55CGU6U, STM32WBA55CGU7, STM32WBA55CGU7TR, STM32WBA55G-DK1, STM32WBA55HEF6, STM32WBA55HEF7, STM32WBA55HGF6, STM32WBA55HGF7, STM32WBA55UEI6, STM32WBA55UEI6TR, STM32WBA55UEI7, STM32WBA55UEI7TR, STM32WBA55UGI6, STM32WBA55UGI6TR, STM32WBA55UGI7, STM32WBA55UGI7TR, STM32WBA5MMGH6TR, STM32WBA62MGF6, STM32WBA62MIF6, STM32WBA65MGF7, STM32WBA65MIF6, STM32WBA65MIF7, STM32WL30K8V6, STM32WL30KBV6, STM32WL31C8V6, STM32WL31CBV6, STM32WL31K8V6, STM32WL31KBV6, STM32WL33C8V6, STM32WL33C8V6X, STM32WL33CBV6, STM32WL33CBV6X, STM32WL33CCV6, STM32WL33CCV6A, STM32WL33CCV6X, STM32WL33K8V7, STM32WL33K8V7X, STM32WL33KBV7 , STM32WL33KBV7X, STM32WL33KCV7, STM32WL33KCV7X, STM32WL5MOCH6, STM32WL5MOCH6TR]
2026-02-14 12:37:02,858 [INFO] ApiDb:668 - CubeFinder database Data Model version=2.1
2026-02-14 12:37:02,860 [INFO] ApiDb:669 - CubeFinder database Configuration version=3.0.39
2026-02-14 12:37:02,860 [INFO] ApiDb:670 - CubeFinder database generation date=2025-12-22 (1766407740)
2026-02-14 12:37:02,861 [INFO] ApiDb:671 - CubeFinder database FW Pack versions=[FP-ATR-ASTRA1_V2.0.0, FP-SNS-FLIGHT1_V5.1.0, FP-SNS-MOTENV1_V5.1.0, FP-SNS-MOTENVWB1_V1.4.0, FP-SNS-SMARTAG2_V1.2.0, FP-SNS-STBOX1_V2.1.0, STM32Cube_FW_C0_V1.4.0, STM32Cube_FW_F4_V1.28.3, STM32Cube_FW_F7_V1.17.4, STM32Cube_FW_G0_V1.6.2, STM32Cube_FW_G4_V1.6.1, STM32Cube_FW_H5_V1.5.1, STM32Cube_FW_H7RS_V1.3.0, STM32Cube_FW_H7_V1.12.1, STM32Cube_FW_L0_V1.12.2, STM32Cube_FW_L4_V1.18.1, STM32Cube_FW_L5_V1.6.0, STM32Cube_FW_N6_V1.3.0, STM32Cube_FW_U0_V1.3.0, STM32Cube_FW_U3_V1.2.1, STM32Cube_FW_U5_V1.8.0, STM32Cube_FW_WB0_V1.4.0, STM32Cube_FW_WBA_V1.8.0, STM32Cube_FW_WB_V1.24.0, STM32Cube_FW_WL3_V1.3.0, STM32Cube_FW_WL_V1.4.0, X-CUBE-ALGOBUILD_V1.4.0, X-CUBE-ALS_V1.0.2, X-CUBE-AZRTOS-F4_V1.1.0, X-CUBE-AZRTOS-F7_V1.1.0, X-CUBE-AZRTOS-G0_V1.1.0, X-CUBE-AZRTOS-G4_V2.0.0, X-CUBE-AZRTOS-H7RS_V1.1.0, X-CUBE-AZRTOS-H7_V3.4.0, X-CUBE-AZRTOS-L4_V2.0.0, X-CUBE-AZRTOS-L5_V2.0.0, X-CUBE-AZRTOS-WB_V2.0.0, X-CUBE-AZRTOS-WL_V2.0.0, X-CUBE-BLE1_V7.1.0, X-CUBE-BLE2_V3.3.0, X-CUBE-BLEMGR_V4.1.0, X-CUBE-EEPRMA1_V5.2.0, X-CUBE-FREERTOS_V1.3.1, X-CUBE-GNSS1_V6.0.0, X-CUBE-MEMS1_V12.0.0, X-CUBE-NFC4_V3.0.0, X-CUBE-NFC7_V2.0.0, X-CUBE-SFXS2LP1_V4.0.0, X-CUBE-ST67W61_V1.1.0, X-CUBE-SUBG2_V5.0.0, X-CUBE-TOF1_V3.4.3]
2026-02-14 12:37:05,897 [INFO] ApiDb:240 - Found 880 in-development CPN: [B-G473E-ZEST1S, B-WB1M-WPAN1, B-WBA5M-WPAN, B-WL5M-SUBG1, NUCLEO-C031C6, NUCLEO-C051C8, NUCLEO-C071RB, NUCLEO-C092RC, NUCLEO-H503RB, NUCLEO-H533RE, NUCLEO-H563ZI, NUCLEO-H7S3L8, NUCLEO-N657X0-Q, NUCLEO-U031R8, NUCLEO-U083RC, NUCLEO-U385RG-Q, NUCLEO-U545RE-Q, NUCLEO-U5A5ZJ-Q, NUCLEO-WB05KZ, NUCLEO-WB07CC, NUCLEO-WB09KE, NUCLEO-WBA52CG, NUCLEO-WBA55CG, NUCLEO-WL33CC1, NUCLEO-WL33CC2, STEVAL-PROTEUS1, STEVAL-SMARTAG2, STEVAL-STWINBX1, STM320518-EVAL, STM32C0116-DK, STM32C011D6Y3TR, STM32C011D6Y6TR, STM32C011F4P3, STM32C011F4P6, STM32C011F4U3, STM32C011F4U6TR, STM32C011F6P3, STM32C011F6P6, STM32C011F6U3, STM32C011F6U6TR, STM32C011J4M3, STM32C011J4M6, STM32C011J6M3, STM32C011J6M6, STM32C0316-DK, STM32C031C4T3, STM32C031C4T6, STM32C031C4U3, STM32C031C4U6, STM32C031C6T3, STM32C031C6T6, STM32C031C6U3, STM32C031C6U6, STM32C031F4P3, STM32C031F4P6, STM32C031F6P3, STM32C031F6P6, STM32C031G4U3, STM32C031G4U6, STM32C031G6U3, STM32C031G6U6, STM32C031K4T3, STM32C031K4T6, STM32C031K4U3, STM32C031K4U6, STM32C031K6T3, STM32C031K6T6, STM32C031K6U3, STM32C031K6U6, STM32C051C6T6, STM32C051C6U6, STM32C051C8T6, STM32C051C8U6, STM32C051D8Y6TR, STM32C051F6P6, STM32C051F8P6, STM32C051G6U6, STM32C051G8U6, STM32C051K6T6, STM32C051K6U6, STM32C051K8T6, STM32C071C8T6, STM32C071C8T6N, STM32C071C8U6, STM32C071C8U6N, STM32C071CBT6, STM32C071CBT6N, STM32C071CBU6, STM32C071CBU6N, STM32C071F8P6, STM32C071F8P6N, STM32C071FBP6, STM32C071FBP6N, STM32C071FBY6TR, STM32C071G8U6, STM32C071G8U6N, STM32C071GBU6, STM32C071GBU6N, STM32C071K8T6, STM32C071K8T6N, STM32C071K8U6, STM32C071K8U6N, STM32C071KBT6, STM32C071KBT6N, STM32C071KBU6, STM32C071KBU6N, STM32C071R8T6, STM32C071R8T6N, STM32C071RBI6N, STM32C071RBT6, STM32C071RBT6N, STM32C091CBT6, STM32C091CBU6, STM32C091CCT6, STM32C091CCU6, STM32C091ECY6TR, STM32C091FBP6, STM32C091FCP6, STM32C091GBU6, STM32C091GCU6, STM32C091KBT6, STM32C091KBU6, STM32C091KCT6, STM32C091KCU6, STM32C091RBT6, STM32C091RCI6, STM32C091RCT6, STM32C092CBT6, STM32C092CBU6, STM32C092CCT6, STM32C092CCU6, STM32C092ECY6TR, STM32C092FBP6, STM32C092FCP6, STM32C092GBU6, STM32C092GCU6, STM32C092KBT6, STM32C092KBU6, STM32C092KCT6, STM32C092KCU6, STM32C092RBT6, STM32C092RCI6, STM32C092RCT6, STM32G071K8TXN, STM32G071K8UXN, STM32G081GBU6N, STM32G081KBT6N, STM32G081KBUXN, STM32G0B1CCT6N, STM32G0B1KCT6, STM32G0B1NEY6TR, STM32G0B1RCT6N, STM32G0C1CCT6, STM32G0C1CCT6N, STM32G0C1CCU6N, STM32G0C1CET6N, STM32G0C1CEU6N, STM32G0C1KCT6, STM32G0C1NEY6TR, STM32G0C1RCI6N, STM32G0C1RCT6N, STM32G0C1REI6N, STM32G0C1RET6N, STM32G0C1VCI6, STM32G0C1VEI6, STM32G411C6T3, STM32G411C6T6, STM32G411C6U3, STM32G411C6U6, STM32G411C8T3, STM32G411C8T6, STM32G411C8U3, STM32G411C8U6, STM32G411CBT3, STM32G411CBT6, STM32G411CBU3, STM32G411CBU6, STM32G411K6T3, STM32G411K6T6, STM32G411K6U3, STM32G411K6U6, STM32G411K8T3, STM32G411K8T6, STM32G411K8U3, STM32G411K8U6, STM32G411KBT3, STM32G411KBT6, STM32G411KBU3, STM32G411KBU6, STM32G411M6T3, STM32G411M6T6, STM32G411M8T3, STM32G411M8T6, STM32G411MBT3, STM32G411MBT6, STM32G411R6T3, STM32G411R6T6, STM32G411R8T3, STM32G411R8T6, STM32G411RBT3, STM32G411RBT6, STM32G414CBT3, STM32G414CBT6, STM32G414CBU3, STM32G414CBU6, STM32G414CCT3, STM32G414CCT6, STM32G414CCU3, STM32G414CCU6, STM32G414MBT3, STM32G414MBT6, STM32G414MCT3, STM32G414MCT6, STM32G414RBT3, STM32G414RBT6, STM32G414RCT3, STM32G414RCT6, STM32G414VBT3, STM32G414VBT6, STM32G414VCT3, STM32G414VCT6, STM32G431CBT3Z, STM32G431RBT3Z, STM32G471CCT6, STM32G471CCU6, STM32G471CET3, STM32G471CET6, STM32G471CEU3, STM32G471CEU6, STM32G471MCT6, STM32G471MET3, STM32G471MET6, STM32G471MEY6TR, STM32G471QCT6, STM32G471QET3, STM32G471RCT6, STM32G471RET3, STM32G471RET6, STM32G471VCH6, STM32G471VCI6, STM32G471VCT6, STM32G471VEH3, STM32G471VEH6, STM32G471VEI3, STM32G471VEI6, STM32G471VET3, STM32G471VET6, STM32G473QET3Z, STM32G473RET3Z, STM32G474CCT6, STM32G491RET3Z, STM32H503CBT6, STM32H503CBU6, STM32H503EBY6TR, STM32H503KBU6, STM32H503RBT6, STM32H523CCT6, STM32H523CCU6, STM32H523CET6, STM32H523CEU6, STM32H523HEY6TR, STM32H523RCT6, STM32H523RET6, STM32H523VCI6, STM32H523VCT6, STM32H523VEI6, STM32H523VET6, STM32H523ZCJ6, STM32H523ZCT6, STM32H523ZEJ6, STM32H523ZET6, STM32H533CET6, STM32H533CEU6, STM32H533HEY6TR, STM32H533RET6, STM32H533VEI6, STM32H533VET6, STM32H533ZEJ6, STM32H533ZET6, STM32H562AGI6, STM32H562AII6, STM32H562IGK6, STM32H562IGT6, STM32H562IIK6, STM32H562IIT6, STM32H562RGT6, STM32H562RGV6, STM32H562RIT6, STM32H562RIV6, STM32H562VGT6, STM32H562VIT6, STM32H562ZGT6, STM32H562ZIT6, STM32H563AGI6, STM32H563AII3Q, STM32H563AII6, STM32H563IGK6, STM32H563IGT6, STM32H563IIK3Q, STM32H563IIK6, STM32H563IIT3Q, STM32H563IIT6, STM32H563MIY3QTR, STM32H563RGT6, STM32H563RGV6, STM32H563RIT6, STM32H563RIV6, STM32H563VGT6, STM32H563VIT3Q, STM32H563VIT6, STM32H563ZGT6, STM32H563ZIT3Q, STM32H563ZIT6, STM32H573AII3Q, STM32H573AII6, STM32H573I-DK, STM32H573IIK3Q, STM32H573IIK6, STM32H573IIT3Q, STM32H573IIT6, STM32H573MIY3QTR, STM32H573RIT6, STM32H573RIV6, STM32H573VIT3Q, STM32H573VIT6, STM32H573ZIT3Q, STM32H573ZIT6, STM32H7R3A8I6, STM32H7R3I8K6, STM32H7R3I8T6, STM32H7R3L8H6, STM32H7R3L8H6H, STM32H7R3R8V6, STM32H7R3V8H6, STM32H7R3V8T6, STM32H7R3V8Y6TR, STM32H7R3Z8J6, STM32H7R3Z8T6, STM32H7R7A8I6, STM32H7R7I8K6, STM32H7R7I8T6, STM32H7R7L8H6, STM32H7R7L8H6H, STM32H7R7Z8J6, STM32H7S3A8I6, STM32H7S3I8K6, STM32H7S3I8T6, STM32H7S3L8H6, STM32H7S3L8H6H, STM32H7S3R8V6, STM32H7S3V8H6, STM32H7S3V8T6, STM32H7S3V8Y6TR, STM32H7S3Z8J6, STM32H7S3Z8T6, STM32H7S78-DK, STM32H7S7A8I6, STM32H7S7I8K6, STM32H7S7I8T6, STM32H7S7L8H6, STM32H7S7L8H6H, STM32H7S7Z8J6, STM32L4R5QGI6STR, STM32MP131AAE3, STM32MP131AAF3, STM32MP131AAG3, STM32MP131CAE3, STM32MP131CAF3, STM32MP131CAG3, STM32MP131DAE7, STM32MP131DAF7, STM32MP131DAG7, STM32MP131FAE7, STM32MP131FAF7, STM32MP131FAG7, STM32MP133AAE3, STM32MP133AAF3, STM32MP133AAG3, STM32MP133CAE3, STM32MP133CAF3, STM32MP133CAG3, STM32MP133DAE7, STM32MP133DAF7, STM32MP133DAG7, STM32MP133FAE7, STM32MP133FAF7, STM32MP133FAG7, STM32MP135AAE3, STM32MP135AAF3, STM32MP135AAG3, STM32MP135CAE3, STM32MP135CAF3, STM32MP135CAG3, STM32MP135DAE7, STM32MP135DAF7, STM32MP135DAG7, STM32MP135F-DK, STM32MP135FAE7, STM32MP135FAF7, STM32MP135FAF7T, STM32MP135FAF7U, STM32MP135FAG7, STM32MP211AAL3, STM32MP211AAM3, STM32MP211AAN3, STM32MP211AAO3, STM32MP211CAL3, STM32MP211CAM3, STM32MP211CAN3, STM32MP211CAO3, STM32MP211DAL3, STM32MP211DAM3, STM32MP211DAN3, STM32MP211DAO3, STM32MP211FAL3, STM32MP211FAM3, STM32MP211FAN3, STM32MP211FAO3, STM32MP213AAL3, STM32MP213AAM3, STM32MP213AAN3, STM32MP213AAO3, STM32MP213CAL3, STM32MP213CAM3, STM32MP213CAN3, STM32MP213CAO3, STM32MP213DAL3, STM32MP213DAM3, STM32MP213DAN3, STM32MP213DAO3, STM32MP213FAL3, STM32MP213FAM3, STM32MP213FAN3, STM32MP213FAO3, STM32MP215AAL3, STM32MP215AAM3, STM32MP215AAN3, STM32MP215AAO3, STM32MP215CAL3, STM32MP215CAM3, STM32MP215CAN3, STM32MP215CAO3, STM32MP215DAL3, STM32MP215DAM3, STM32MP215DAN3, STM32MP215DAO3, STM32MP215F-DK, STM32MP215FAL3, STM32MP215FAM3, STM32MP215FAN3, STM32MP215FAO3, STM32MP231AAJ3, STM32MP231AAK3, STM32MP231AAL3, STM32MP231CAJ3, STM32MP231CAK3, STM32MP231CAL3, STM32MP231DAJ3, STM32MP231DAK3, STM32MP231DAL3, STM32MP231FAJ3, STM32MP231FAK3, STM32MP231FAL3, STM32MP233AAJ3, STM32MP233AAK3, STM32MP233AAL3, STM32MP233CAJ3, STM32MP233CAK3, STM32MP233CAL3, STM32MP233DAJ3, STM32MP233DAK3, STM32MP233DAL3, STM32MP233FAJ3, STM32MP233FAK3, STM32MP233FAL3, STM32MP235AAJ3, STM32MP235AAK3, STM32MP235AAL3, STM32MP235CAJ3, STM32MP235CAK3, STM32MP235CAL3, STM32MP235DAJ3, STM32MP235DAK3, STM32MP235DAL3, STM32MP235FAJ3, STM32MP235FAK3, STM32MP235FAL3, STM32MP251AAI3, STM32MP251AAK3, STM32MP251AAL3, STM32MP251CAI3, STM32MP251CAK3, STM32MP251CAL3, STM32MP251DAI3, STM32MP251DAK3, STM32MP251DAL3, STM32MP251FAI3, STM32MP251FAK3, STM32MP251FAL3, STM32MP253AAI3, STM32MP253AAK3, STM32MP253AAL3, STM32MP253CAI3, STM32MP253CAK3, STM32MP253CAL3, STM32MP253DAI3, STM32MP253DAK3, STM32MP253DAL3, STM32MP253FAI3, STM32MP253FAK3, STM32MP253FAL3, STM32MP255AAI3, STM32MP255AAK3, STM32MP255AAL3, STM32MP255CAI3, STM32MP255CAK3, STM32MP255CAL3, STM32MP255DAI3, STM32MP255DAK3, STM32MP255DAL3, STM32MP255FAI3, STM32MP255FAK3, STM32MP255FAL3, STM32MP257AAI3, STM32MP257AAK3, STM32MP257AAL3, STM32MP257CAI3, STM32MP257CAK3, STM32MP257CAL3, STM32MP257DAI3, STM32MP257DAK3, STM32MP257DAL3, STM32MP257F-DK, STM32MP257F-EV1, STM32MP257FAI3, STM32MP257FAK3, STM32MP257FAL3, STM32N645A0H3Q, STM32N645B0H3Q, STM32N645I0H3Q, STM32N645L0H3Q, STM32N645X0H3Q, STM32N645Z0H3Q, STM32N647A0H3Q, STM32N647B0H3Q, STM32N647I0H3Q, STM32N647L0H3Q, STM32N647X0H3Q, STM32N647Z0H3Q, STM32N655A0H3Q, STM32N655B0H3Q, STM32N655I0H3Q, STM32N655L0H3Q, STM32N655X0H3Q, STM32N655Z0H3Q, STM32N6570-DK, STM32N657A0H3Q, STM32N657B0H3Q, STM32N657I0H3Q, STM32N657L0H3Q, STM32N657X0H3Q, STM32N657Z0H3Q, STM32U031C6T6, STM32U031C6U6, STM32U031C8T6, STM32U031C8U6, STM32U031F4P6, STM32U031F6P6, STM32U031F8P6, STM32U031G6Y6TR, STM32U031G8Y6TR, STM32U031K4U6, STM32U031K6U6, STM32U031K8U6, STM32U031R6I6, STM32U031R6T6, STM32U031R8I6, STM32U031R8T6, STM32U073C8T6, STM32U073C8U6, STM32U073CBT6, STM32U073CBU6, STM32U073CCT6, STM32U073CCU6, STM32U073H8Y6TR, STM32U073HBY6TR, STM32U073HCY6TR, STM32U073K8U6, STM32U073KBU6, STM32U073KCU6, STM32U073M8I6, STM32U073M8T6, STM32U073MBI6, STM32U073MBT6, STM32U073MCI6, STM32U073MCT6, STM32U073R8I6, STM32U073R8T6, STM32U073RBI6, STM32U073RBT6, STM32U073RCI6, STM32U073RCT6, STM32U083C-DK, STM32U083CCT6, STM32U083CCU6, STM32U083HCY6TR, STM32U083KCU6, STM32U083MCI6, STM32U083MCT6, STM32U083RCI6, STM32U083RCT6, STM32U375CET6, STM32U375CET6Q, STM32U375CEU6, STM32U375CEU6Q, STM32U375CEY6QTR, STM32U375CGT6, STM32U375CGT6Q, STM32U375CGU6, STM32U375CGU6Q, STM32U375CGY6QTR, STM32U375KEU6, STM32U375KGU6, STM32U375REI6, STM32U375REI6Q, STM32U375RET6, STM32U375RET6Q, STM32U375REY6GTR, STM32U375REY6QTR, STM32U375RGI6, STM32U375RGI6Q, STM32U375RGT6, STM32U375RGT6Q, STM32U375RGY6GTR, STM32U375RGY6QTR, STM32U375VEI6, STM32U375VEI6Q, STM32U375VET6, STM32U375VET6Q, STM32U375VGI6, STM32U375VGI6Q, STM32U375VGT6, STM32U375VGT6Q, STM32U385CGT6, STM32U385CGT6Q, STM32U385CGU6, STM32U385CGU6Q, STM32U385CGY6QTR, STM32U385KGU6, STM32U385RGI6, STM32U385RGI6Q, STM32U385RGT6, STM32U385RGT6Q, STM32U385RGY6GTR, STM32U385RGY6QTR, STM32U385VGI6, STM32U385VGI6Q, STM32U385VGT6, STM32U385VGT6Q, STM32U535CBT6, STM32U535CBT6Q, STM32U535CBU6, STM32U535CBU6Q, STM32U535CCT6, STM32U535CCT6Q, STM32U535CCU6, STM32U535CCU6Q, STM32U535CET6, STM32U535CET6Q, STM32U535CEU6, STM32U535CEU6Q, STM32U535JEY6QTR, STM32U535NCY6QTR, STM32U535NEY6QTR, STM32U535RBI6, STM32U535RBI6Q, STM32U535RBT6, STM32U535RBT6Q, STM32U535RCI6, STM32U535RCI6Q, STM32U535RCT6, STM32U535RCT6Q, STM32U535REI6, STM32U535REI6Q, STM32U535RET6, STM32U535RET6Q, STM32U535VCI6, STM32U535VCI6Q, STM32U535VCT6, STM32U535VCT6Q, STM32U535VEI6, STM32U535VEI6Q, STM32U535VET6, STM32U535VET6Q, STM32U545CET6, STM32U545CET6Q, STM32U545CEU6, STM32U545CEU6Q, STM32U545JEY6QTR, STM32U545NEY6QTR, STM32U545REI6, STM32U545REI6Q, STM32U545RET6, STM32U545RET6Q, STM32U545VEI6, STM32U545VEI6Q, STM32U545VET6, STM32U545VET6Q, STM32U595AIH6, STM32U595AIH6Q, STM32U595AJH6, STM32U595AJH6Q, STM32U595QII6, STM32U595QII6Q, STM32U595QJI6, STM32U595QJI6Q, STM32U595RIT6, STM32U595RIT6Q, STM32U595RJT6, STM32U595RJT6Q, STM32U595VIT6, STM32U595VIT6Q, STM32U595VJT6, STM32U595VJT6Q, STM32U595ZIT6, STM32U595ZIT6Q, STM32U595ZIY6QTR, STM32U595ZJT6, STM32U595ZJT6Q, STM32U595ZJY6QTR, STM32U599BJY6QTR, STM32U599NIH6Q, STM32U599NJH6Q, STM32U599VIT6Q, STM32U599VJT6, STM32U599VJT6Q, STM32U599ZIT6Q, STM32U599ZIY6QTR, STM32U599ZJT6Q, STM32U599ZJY6QTR, STM32U5A5AJH6, STM32U5A5AJH6Q, STM32U5A5QII3Q , STM32U5A5QJI6, STM32U5A5QJI6Q, STM32U5A5RJT6, STM32U5A5RJT6Q, STM32U5A5VJT6, STM32U5A5VJT6Q, STM32U5A5ZJT6, STM32U5A5ZJT6Q, STM32U5A5ZJY6QTR, STM32U5A9BJY6QTR, STM32U5A9J-DK, STM32U5A9NJH6Q, STM32U5A9VJT6Q, STM32U5A9ZJT6Q, STM32U5A9ZJY6QTR, STM32U5F7VIT6, STM32U5F7VIT6Q, STM32U5F7VJT6, STM32U5F7VJT6Q, STM32U5F9BJY6QTR, STM32U5F9NJH6Q, STM32U5F9VIT6Q, STM32U5F9VJT6Q, STM32U5F9ZIJ6QTR, STM32U5F9ZIT6Q, STM32U5F9ZJJ6QTR, STM32U5F9ZJT6Q, STM32U5G7VJT6, STM32U5G7VJT6Q, STM32U5G9BJY6QTR, STM32U5G9J-DK1, STM32U5G9J-DK2, STM32U5G9NJH6Q, STM32U5G9VJT6Q, STM32U5G9ZJJ6QTR, STM32U5G9ZJT6Q, STM32WB05KZV6TR, STM32WB05KZV7TR, STM32WB05TZF6TR, STM32WB05TZF7TR, STM32WB06CCF6TR, STM32WB06CCF7TR, STM32WB06CCV6TR, STM32WB06CCV7TR, STM32WB06KCV6TR, STM32WB06KCV7TR, STM32WB07CCF6TR, STM32WB07CCF7TR, STM32WB07CCV6TR, STM32WB07CCV7TR, STM32WB07KCV6TR, STM32WB07KCV7TR, STM32WB09KEV6TR, STM32WB09KEV7TR, STM32WB09TEF6TR, STM32WB09TEF7TR, STM32WB1MMCH6, STM32WBA50KGU6, STM32WBA50KGU6TR, STM32WBA52CEU6, STM32WBA52CEU6TR, STM32WBA52CEU7, STM32WBA52CEU7TR, STM32WBA52CGU6, STM32WBA52CGU6TR, STM32WBA52CGU6U, STM32WBA52CGU7, STM32WBA52CGU7TR, STM32WBA52KEU6, STM32WBA52KEU6TR, STM32WBA52KGU6, STM32WBA52KGU6TR, STM32WBA54CEU6, STM32WBA54CEU6TR, STM32WBA54CEU7, STM32WBA54CEU7TR, STM32WBA54CGU6, STM32WBA54CGU6TR, STM32WBA54CGU7, STM32WBA54CGU7TR, STM32WBA54KEU6, STM32WBA54KEU6TR, STM32WBA54KEU7, STM32WBA54KEU7TR, STM32WBA54KGU6, STM32WBA54KGU6TR, STM32WBA54KGU7, STM32WBA54KGU7TR, STM32WBA55CEU6, STM32WBA55CEU6TR, STM32WBA55CEU7, STM32WBA55CEU7TR, STM32WBA55CGU6, STM32WBA55CGU6TR, STM32WBA55CGU6U, STM32WBA55CGU7, STM32WBA55CGU7TR, STM32WBA55G-DK1, STM32WBA55HEF6, STM32WBA55HEF7, STM32WBA55HGF6, STM32WBA55HGF7, STM32WBA55UEI6, STM32WBA55UEI6TR, STM32WBA55UEI7, STM32WBA55UEI7TR, STM32WBA55UGI6, STM32WBA55UGI6TR, STM32WBA55UGI7, STM32WBA55UGI7TR, STM32WBA5MMGH6TR, STM32WBA62MGF6, STM32WBA62MIF6, STM32WBA65MGF7, STM32WBA65MIF6, STM32WBA65MIF7, STM32WL30K8V6, STM32WL30KBV6, STM32WL31C8V6, STM32WL31CBV6, STM32WL31K8V6, STM32WL31KBV6, STM32WL33C8V6, STM32WL33C8V6X, STM32WL33CBV6, STM32WL33CBV6X, STM32WL33CCV6, STM32WL33CCV6A, STM32WL33CCV6X, STM32WL33K8V7, STM32WL33K8V7X, STM32WL33KBV7 , STM32WL33KBV7X, STM32WL33KCV7, STM32WL33KCV7X, STM32WL5MOCH6, STM32WL5MOCH6TR]
2026-02-14 12:37:05,909 [INFO] DbMcus:218 - Found 4876 MCUs, 4876 are supported
2026-02-14 12:37:05,913 [INFO] ApiDb:423 - Load user favorites file /Users/karthikkurapati/.stm32cubeide/favorites.mcus.txt: 0 item(s)
2026-02-14 12:37:05,914 [INFO] ApiDb:427 - User favorites MCUs=[]
2026-02-14 12:37:05,915 [INFO] DbMcus:224 - Set 0 / 0 favorites MCUs
2026-02-14 12:37:06,848 [INFO] BoardInfo:889 - No configuration file found for board P-NUCLEO-WB55
2026-02-14 12:37:06,850 [INFO] DbBoards:161 - Kit is not supported: P-NUCLEO-WB55
2026-02-14 12:37:06,861 [INFO] BoardInfo:889 - No configuration file found for board STEVAL-BFA001V1B
2026-02-14 12:37:06,861 [INFO] DbBoards:161 - Kit is not supported: STEVAL-BFA001V1B
2026-02-14 12:37:06,863 [INFO] BoardInfo:889 - No configuration file found for board STEVAL-BFA001V2B
2026-02-14 12:37:06,864 [INFO] DbBoards:161 - Kit is not supported: STEVAL-BFA001V2B
2026-02-14 12:37:07,372 [INFO] DbBoards:168 - Found 212 boards, 209 are supported
2026-02-14 12:37:07,397 [INFO] DbBoards:169 - Found 212 boards, 43 of them is supported for  Bsp
2026-02-14 12:37:07,423 [INFO] ApiDb:423 - Load user favorites file /Users/karthikkurapati/.stm32cubeide/favorites.boards.txt: 0 item(s)
2026-02-14 12:37:07,425 [INFO] ApiDb:427 - User favorites Boards=[]
2026-02-14 12:37:07,426 [INFO] DbBoards:198 - Set 0 / 0 favorites Boards
2026-02-14 12:37:07,785 [INFO] UtilMem:75 - End LoadConfig() Used Memory: 255321816 Bytes (384827392)
2026-02-14 12:37:08,074 [WARN] ThirdParty:833 - waiting for thirdparty lock release [change project]
2026-02-14 12:37:08,083 [INFO] ThirdParty:835 - entering critical section [change project]
2026-02-14 12:37:08,086 [INFO] ThirdParty:1030 - CMSIS Pack Vendor :STMicroelectronics X-CUBE-PM33A1 1.0.0
2026-02-14 12:37:08,087 [INFO] ThirdParty:1030 - CMSIS Pack Vendor :STMicroelectronics USBPD 4.1
2026-02-14 12:37:08,087 [INFO] ThirdParty:1030 - CMSIS Pack Vendor :STMicroelectronics X-CUBE-NFC9 1.0.0
2026-02-14 12:37:08,087 [INFO] ThirdParty:1030 - CMSIS Pack Vendor :STMicroelectronics USB_HOST 2.0.0
2026-02-14 12:37:08,087 [INFO] ThirdParty:1030 - CMSIS Pack Vendor :STMicroelectronics FP-SNS-MOTENVWB1 1.4.0
2026-02-14 12:37:08,087 [INFO] ThirdParty:1030 - CMSIS Pack Vendor :STMicroelectronics X-CUBE-AZRTOS-F4 1.1.0
2026-02-14 12:37:08,087 [INFO] ThirdParty:1030 - CMSIS Pack Vendor :STMicroelectronics LIBJPEG 8.0.0
2026-02-14 12:37:08,087 [INFO] ThirdParty:1030 - CMSIS Pack Vendor :STMicroelectronics FP-ATR-ASTRA1 2.0.2
2026-02-14 12:37:08,087 [INFO] ThirdParty:1030 - CMSIS Pack Vendor :wolfSSL I-CUBE-wolfSSL 5.8.2
2026-02-14 12:37:08,087 [INFO] ThirdParty:1030 - CMSIS Pack Vendor :STMicroelectronics X-CUBE-BLE1 7.1.0
2026-02-14 12:37:08,087 [INFO] ThirdParty:1030 - CMSIS Pack Vendor :Avnet-IotConnect X-CUBE-IoTC-DA16k-PMOD 1.0.0
2026-02-14 12:37:08,087 [INFO] ThirdParty:1030 - CMSIS Pack Vendor :STMicroelectronics X-CUBE-SMBUS 2.1.0
2026-02-14 12:37:08,087 [INFO] ThirdParty:1030 - CMSIS Pack Vendor :wolfSSL I-CUBE-wolfMQTT 1.19.2
2026-02-14 12:37:08,088 [INFO] ThirdParty:1030 - CMSIS Pack Vendor :STMicroelectronics USB_DEVICE 3.0.0
2026-02-14 12:37:08,088 [INFO] ThirdParty:1030 - CMSIS Pack Vendor :STMicroelectronics X-CUBE-ISPU 2.1.0
2026-02-14 12:37:08,088 [INFO] ThirdParty:1030 - CMSIS Pack Vendor :STMicroelectronics X-CUBE-FREERTOS 1.4.0
2026-02-14 12:37:08,088 [INFO] ThirdParty:1030 - CMSIS Pack Vendor :STMicroelectronics X-CUBE-EEPRMA1 5.2.0
2026-02-14 12:37:08,088 [INFO] ThirdParty:1030 - CMSIS Pack Vendor :STMicroelectronics X-CUBE-IPS 3.2.0
2026-02-14 12:37:08,088 [INFO] ThirdParty:1030 - CMSIS Pack Vendor :STMicroelectronics X-CUBE-BLEMGR 4.1.0
2026-02-14 12:37:08,088 [INFO] ThirdParty:1030 - CMSIS Pack Vendor :STMicroelectronics X-CUBE-AZRTOS-WB 2.0.0
2026-02-14 12:37:08,088 [INFO] ThirdParty:1030 - CMSIS Pack Vendor :STMicroelectronics X-CUBE-ST60 1.0.0
2026-02-14 12:37:08,088 [INFO] ThirdParty:1030 - CMSIS Pack Vendor :STMicroelectronics X-CUBE-GNSS1 7.0.1
2026-02-14 12:37:08,088 [INFO] ThirdParty:1030 - CMSIS Pack Vendor :STMicroelectronics X-CUBE-NFC12 1.0.0
2026-02-14 12:37:08,088 [INFO] ThirdParty:1030 - CMSIS Pack Vendor :STMicroelectronics X-CUBE-AZRTOS-F7 1.1.0
2026-02-14 12:37:08,088 [INFO] ThirdParty:1030 - CMSIS Pack Vendor :STMicroelectronics X-CUBE-AZRTOS-L5 2.0.0
2026-02-14 12:37:08,088 [INFO] ThirdParty:1030 - CMSIS Pack Vendor :STMicroelectronics X-CUBE-TOUCHGFX 4.25.0
2026-02-14 12:37:08,088 [INFO] ThirdParty:1030 - CMSIS Pack Vendor :STMicroelectronics USB_DEVICE 2.0.0
2026-02-14 12:37:08,088 [INFO] ThirdParty:1030 - CMSIS Pack Vendor :STMicroelectronics X-CUBE-NFC6 3.1.0
2026-02-14 12:37:08,088 [INFO] ThirdParty:1030 - CMSIS Pack Vendor :STMicroelectronics X-CUBE-ST67W61 1.1.0
2026-02-14 12:37:08,088 [INFO] ThirdParty:1030 - CMSIS Pack Vendor :quantropi X-CUBE-qispace-sdk-base 2.1.0
2026-02-14 12:37:08,088 [INFO] ThirdParty:1030 - CMSIS Pack Vendor :STMicroelectronics X-CUBE-MEMS1 12.0.0
2026-02-14 12:37:08,088 [INFO] ThirdParty:1030 - CMSIS Pack Vendor :STMicroelectronics X-CUBE-STSE01 2.0.0
2026-02-14 12:37:08,088 [INFO] ThirdParty:1030 - CMSIS Pack Vendor :STMicroelectronics FP-SNS-MOTENV1 5.1.0
2026-02-14 12:37:08,088 [INFO] ThirdParty:1030 - CMSIS Pack Vendor :STMicroelectronics FreeRTOS 0.0.1
2026-02-14 12:37:08,088 [INFO] ThirdParty:1030 - CMSIS Pack Vendor :STMicroelectronics X-CUBE-AZRTOS-G0 1.1.0
2026-02-14 12:37:08,088 [INFO] ThirdParty:1030 - CMSIS Pack Vendor :STMicroelectronics X-CUBE-SAFEA1 1.2.2
2026-02-14 12:37:08,088 [INFO] ThirdParty:1030 - CMSIS Pack Vendor :STMicroelectronics X-CUBE-NFC4 3.0.0
2026-02-14 12:37:08,089 [INFO] ThirdParty:1030 - CMSIS Pack Vendor :STMicroelectronics X-CUBE-SUBG2 5.0.0
2026-02-14 12:37:08,089 [INFO] ThirdParty:1030 - CMSIS Pack Vendor :STMicroelectronics X-CUBE-AZRTOS-H7RS 1.1.0
2026-02-14 12:37:08,089 [INFO] ThirdParty:1030 - CMSIS Pack Vendor :STMicroelectronics STM32_WPAN 1.0.0
2026-02-14 12:37:08,089 [INFO] ThirdParty:1030 - CMSIS Pack Vendor :EmbeddedOffice I-CUBE-FS-RTOS 1.0.1
2026-02-14 12:37:08,090 [INFO] ThirdParty:1030 - CMSIS Pack Vendor :STMicroelectronics lwIP 2.0.3
2026-02-14 12:37:08,090 [INFO] ThirdParty:1030 - CMSIS Pack Vendor :WES I-CUBE-Cesium 1.4.0
2026-02-14 12:37:08,090 [INFO] ThirdParty:1030 - CMSIS Pack Vendor :Cesanta I-CUBE-Mongoose 7.13.0
2026-02-14 12:37:08,090 [INFO] ThirdParty:1030 - CMSIS Pack Vendor :STMicroelectronics USB_HOST 1.0.0
2026-02-14 12:37:08,090 [INFO] ThirdParty:1030 - CMSIS Pack Vendor :Infineon AIROC-Wi-Fi-Bluetooth-STM32 1.7.1
2026-02-14 12:37:08,090 [INFO] ThirdParty:1030 - CMSIS Pack Vendor :STMicroelectronics X-CUBE-AZRTOS-G4 2.0.0
2026-02-14 12:37:08,090 [INFO] ThirdParty:1030 - CMSIS Pack Vendor :STMicroelectronics X-CUBE-WB05N 2.0.0
2026-02-14 12:37:08,090 [INFO] ThirdParty:1030 - CMSIS Pack Vendor :STMicroelectronics PDM2PCM 3.1.0
2026-02-14 12:37:08,090 [INFO] ThirdParty:1030 - CMSIS Pack Vendor :STMicroelectronics PDM2PCM 3.3.0
2026-02-14 12:37:08,090 [INFO] ThirdParty:1030 - CMSIS Pack Vendor :wolfSSL I-CUBE-wolfTPM 3.8.0
2026-02-14 12:37:08,090 [INFO] ThirdParty:1030 - CMSIS Pack Vendor :STMicroelectronics X-CUBE-AZRTOS-H7 3.4.0
2026-02-14 12:37:08,090 [INFO] ThirdParty:1030 - CMSIS Pack Vendor :STMicroelectronics X-CUBE-DISPLAY 3.0.0
2026-02-14 12:37:08,090 [INFO] ThirdParty:1030 - CMSIS Pack Vendor :wolfSSL I-CUBE-wolfSSH 1.4.20
2026-02-14 12:37:08,090 [INFO] ThirdParty:1030 - CMSIS Pack Vendor :STMicroelectronics X-CUBE-NFC7 2.0.0
2026-02-14 12:37:08,090 [INFO] ThirdParty:1030 - CMSIS Pack Vendor :STMicroelectronics X-CUBE-TCPP 4.2.0
2026-02-14 12:37:08,090 [INFO] ThirdParty:1030 - CMSIS Pack Vendor :RealThread X-CUBE-RT-Thread_Nano 4.1.1
2026-02-14 12:37:08,090 [INFO] ThirdParty:1030 - CMSIS Pack Vendor :STMicroelectronics FP-ATR-SIGFOX1 3.2.0
2026-02-14 12:37:08,090 [INFO] ThirdParty:1030 - CMSIS Pack Vendor :STMicroelectronics X-CUBE-NFC10 1.0.0
2026-02-14 12:37:08,090 [INFO] ThirdParty:1030 - CMSIS Pack Vendor :STMicroelectronics X-CUBE-FREERTOS 1.3.1
2026-02-14 12:37:08,091 [INFO] ThirdParty:1030 - CMSIS Pack Vendor :STMicroelectronics HAL Drivers 0.0.0
2026-02-14 12:37:08,091 [INFO] ThirdParty:1030 - CMSIS Pack Vendor :STMicroelectronics MBEDTLS 2.16.2
2026-02-14 12:37:08,091 [INFO] ThirdParty:1030 - CMSIS Pack Vendor :STMicroelectronics X-CUBE-ST60 1.1.0
2026-02-14 12:37:08,091 [INFO] ThirdParty:1030 - CMSIS Pack Vendor :STMicroelectronics X-CUBE-IPS 3.1.0
2026-02-14 12:37:08,091 [INFO] ThirdParty:1030 - CMSIS Pack Vendor :STMicroelectronics X-CUBE-ALS 1.0.2
2026-02-14 12:37:08,091 [INFO] ThirdParty:1030 - CMSIS Pack Vendor :emotas I-CUBE-CANOPEN 1.3.0
2026-02-14 12:37:08,091 [INFO] ThirdParty:1030 - CMSIS Pack Vendor :STMicroelectronics MBEDTLS 2.14.1
2026-02-14 12:37:08,091 [INFO] ThirdParty:1030 - CMSIS Pack Vendor :STMicroelectronics X-CUBE-GNSS1 7.1.0
2026-02-14 12:37:08,091 [INFO] ThirdParty:1030 - CMSIS Pack Vendor :ITTIA_DB I-CUBE-ITTIADB 8.9.0
2026-02-14 12:37:08,091 [INFO] ThirdParty:1030 - CMSIS Pack Vendor :STMicroelectronics X-CUBE-TOUCHGFX 4.26.0
2026-02-14 12:37:08,091 [INFO] ThirdParty:1030 - CMSIS Pack Vendor :STMicroelectronics X-CUBE-STSE01 1.0.0
2026-02-14 12:37:08,091 [INFO] ThirdParty:1030 - CMSIS Pack Vendor :STMicroelectronics X-CUBE-NFC6 3.2.0
2026-02-14 12:37:08,091 [INFO] ThirdParty:1030 - CMSIS Pack Vendor :STMicroelectronics X-CUBE-ST67W61 1.0.0
2026-02-14 12:37:08,091 [INFO] ThirdParty:1030 - CMSIS Pack Vendor :STMicroelectronics FP-SNS-STBOX1 2.1.0
2026-02-14 12:37:08,091 [INFO] ThirdParty:1030 - CMSIS Pack Vendor :STMicroelectronics X-CUBE-AI 10.2.0
2026-02-14 12:37:08,091 [INFO] ThirdParty:1030 - CMSIS Pack Vendor :STMicroelectronics FP-SNS-STAIOTCFT 1.0.0
2026-02-14 12:37:08,091 [INFO] ThirdParty:1030 - CMSIS Pack Vendor :STMicroelectronics ThreadX 1.0.0
2026-02-14 12:37:08,091 [INFO] ThirdParty:1030 - CMSIS Pack Vendor :STMicroelectronics FP-SNS-SMARTAG2 1.2.0
2026-02-14 12:37:08,091 [INFO] ThirdParty:1030 - CMSIS Pack Vendor :STMicroelectronics FP-SNS-FLIGHT1 5.1.0
2026-02-14 12:37:08,091 [INFO] ThirdParty:1030 - CMSIS Pack Vendor :STMicroelectronics X-CUBE-AZRTOS-WL 2.0.0
2026-02-14 12:37:08,091 [INFO] ThirdParty:1030 - CMSIS Pack Vendor :SEGGER I-CUBE-embOS 1.3.1
2026-02-14 12:37:08,091 [INFO] ThirdParty:1030 - CMSIS Pack Vendor :STMicroelectronics X-CUBE-ALGOBUILD 1.4.0
2026-02-14 12:37:08,092 [INFO] ThirdParty:1030 - CMSIS Pack Vendor :STMicroelectronics X-CUBE-DPower 1.3.0
2026-02-14 12:37:08,093 [INFO] ThirdParty:1030 - CMSIS Pack Vendor :STMicroelectronics X-CUBE-MEMS1 11.3.0
2026-02-14 12:37:08,093 [INFO] ThirdParty:1030 - CMSIS Pack Vendor :STMicroelectronics FP-SNS-MOTENV1 5.0.0
2026-02-14 12:37:08,093 [INFO] ThirdParty:1030 - CMSIS Pack Vendor :STMicroelectronics USB_DEVICE 1.0.0
2026-02-14 12:37:08,093 [INFO] ThirdParty:1030 - CMSIS Pack Vendor :STMicroelectronics X-CUBE-AZRTOS-H7RS 1.2.0
2026-02-14 12:37:08,093 [INFO] ThirdParty:1030 - CMSIS Pack Vendor :STMicroelectronics X-CUBE-AZRTOS-L4 2.0.0
2026-02-14 12:37:08,093 [INFO] ThirdParty:1030 - CMSIS Pack Vendor :STMicroelectronics ThreadX 0.0.2
2026-02-14 12:37:08,093 [INFO] ThirdParty:1030 - CMSIS Pack Vendor :STMicroelectronics lwIP 2.1.2
2026-02-14 12:37:08,093 [INFO] ThirdParty:1030 - CMSIS Pack Vendor :STMicroelectronics X-CUBE-SFXS2LP1 4.0.0
2026-02-14 12:37:08,093 [INFO] ThirdParty:1030 - CMSIS Pack Vendor :STMicroelectronics X-CUBE-BLE2 3.3.0
2026-02-14 12:37:08,093 [INFO] ThirdParty:1030 - CMSIS Pack Vendor :Avnet-IOTCONNECT X-CUBE-iotc-st67-sdk 1.0.0
2026-02-14 12:37:08,093 [INFO] ThirdParty:1030 - CMSIS Pack Vendor :STMicroelectronics X-CUBE-TOF1 3.4.3
2026-02-14 12:37:08,093 [INFO] ThirdParty:1030 - CMSIS Pack Vendor :STMicroelectronics PDM2PCM 3.2.0
2026-02-14 12:37:08,093 [INFO] ThirdParty:1030 - CMSIS Pack Vendor :STMicroelectronics X-CUBE-ST67W61 1.2.0
2026-02-14 12:37:08,099 [INFO] ThirdParty:841 - exiting critical section [change project]
2026-02-14 12:37:09,752 [INFO] PinOutPanel:1589 - setPackage(No Configuration,No Configuration)
2026-02-14 12:37:09,783 [INFO] PinOutPanel:1589 - setPackage(STM32L431CBTx,LQFP48)
2026-02-14 12:37:11,359 [INFO] UtilMem:75 - Before build in PCC Used Memory: 329977328 Bytes (384827392)
2026-02-14 12:37:15,124 [INFO] UtilMem:75 - After build in PCC Used Memory: 231997504 Bytes (384827392)
2026-02-14 12:37:15,546 [INFO] IPUIPlugin:80 - create IPUIPlugin
2026-02-14 12:37:15,554 [INFO] IPUIPlugin:80 - create IPUIPlugin
2026-02-14 12:37:15,558 [INFO] IPUIPlugin:80 - create IPUIPlugin
2026-02-14 12:37:15,560 [INFO] IPUIPlugin:80 - create IPUIPlugin
2026-02-14 12:37:15,560 [INFO] IPUIPlugin:80 - create IPUIPlugin
2026-02-14 12:37:15,560 [INFO] IPUIPlugin:80 - create IPUIPlugin
2026-02-14 12:37:15,561 [INFO] IPUIPlugin:80 - create IPUIPlugin
2026-02-14 12:37:15,562 [INFO] IPUIPlugin:80 - create IPUIPlugin
2026-02-14 12:37:15,563 [INFO] IPUIPlugin:80 - create IPUIPlugin
2026-02-14 12:37:15,564 [INFO] IPUIPlugin:80 - create IPUIPlugin
2026-02-14 12:37:15,571 [INFO] IPUIPlugin:80 - create IPUIPlugin
2026-02-14 12:37:15,574 [INFO] IPUIPlugin:80 - create IPUIPlugin
2026-02-14 12:37:15,575 [INFO] IPUIPlugin:80 - create IPUIPlugin
2026-02-14 12:37:15,576 [INFO] IPUIPlugin:80 - create IPUIPlugin
2026-02-14 12:37:15,577 [INFO] IPUIPlugin:80 - create IPUIPlugin
2026-02-14 12:37:15,577 [INFO] IPUIPlugin:80 - create IPUIPlugin
2026-02-14 12:37:15,577 [INFO] IPUIPlugin:80 - create IPUIPlugin
2026-02-14 12:37:15,578 [INFO] IPUIPlugin:80 - create IPUIPlugin
2026-02-14 12:37:15,578 [INFO] IPUIPlugin:80 - create IPUIPlugin
2026-02-14 12:37:15,583 [INFO] IPUIPlugin:80 - create IPUIPlugin
2026-02-14 12:37:15,583 [INFO] IPUIPlugin:80 - create IPUIPlugin
2026-02-14 12:37:15,584 [INFO] IPUIPlugin:80 - create IPUIPlugin
2026-02-14 12:37:15,585 [INFO] IPUIPlugin:80 - create IPUIPlugin
2026-02-14 12:37:15,585 [INFO] IPUIPlugin:80 - create IPUIPlugin
2026-02-14 12:37:15,585 [INFO] IPUIPlugin:80 - create IPUIPlugin
2026-02-14 12:37:15,586 [INFO] IPUIPlugin:80 - create IPUIPlugin
2026-02-14 12:37:15,586 [INFO] IPUIPlugin:80 - create IPUIPlugin
2026-02-14 12:37:15,586 [INFO] IPUIPlugin:80 - create IPUIPlugin
2026-02-14 12:37:15,586 [INFO] IPUIPlugin:80 - create IPUIPlugin
2026-02-14 12:37:15,587 [INFO] IPUIPlugin:80 - create IPUIPlugin
2026-02-14 12:37:15,587 [INFO] IPUIPlugin:80 - create IPUIPlugin
2026-02-14 12:37:15,587 [INFO] IPUIPlugin:80 - create IPUIPlugin
2026-02-14 12:37:15,587 [INFO] IPUIPlugin:80 - create IPUIPlugin
2026-02-14 12:37:15,587 [INFO] IPUIPlugin:80 - create IPUIPlugin
2026-02-14 12:37:15,587 [INFO] IPUIPlugin:80 - create IPUIPlugin
2026-02-14 12:37:15,587 [INFO] IPUIPlugin:80 - create IPUIPlugin
2026-02-14 12:37:15,588 [INFO] IPUIPlugin:80 - create IPUIPlugin
2026-02-14 12:37:15,589 [INFO] IPUIPlugin:80 - create IPUIPlugin
2026-02-14 12:37:15,589 [INFO] IPUIPlugin:80 - create IPUIPlugin
2026-02-14 12:37:15,589 [INFO] IPUIPlugin:80 - create IPUIPlugin
2026-02-14 12:37:15,590 [INFO] IPUIPlugin:80 - create IPUIPlugin
2026-02-14 12:37:15,590 [INFO] IPUIPlugin:80 - create IPUIPlugin
2026-02-14 12:37:16,450 [INFO] CADModel:165 - CPN selected for project levelSTM32L431CBT6
2026-02-14 12:37:16,451 [INFO] CADModel:114 - Register for checkConnection events
2026-02-14 12:37:16,514 [INFO] OpenFileManager:386 - Restore cursor
2026-02-14 12:41:36,017 [INFO] I2cTimingTraitement:330 - 0x00100D14
2026-02-14 12:42:02,441 [INFO] UtilMem:75 - End SaveConfig() Used Memory: 824144312 Bytes (1073741824)
2026-02-14 12:42:05,677 [INFO] UtilMem:75 - End SaveConfig() Used Memory: 880290632 Bytes (1073741824)
2026-02-14 12:42:08,190 [INFO] BlockDiagram:2775 - set Specific Code input for plugin: NVIC
2026-02-14 12:42:08,199 [INFO] BlockDiagram:2775 - set Specific Code input for plugin: USART
2026-02-14 12:42:08,201 [INFO] BlockDiagram:2775 - set Specific Code input for plugin: SYS
2026-02-14 12:42:08,202 [INFO] BlockDiagram:2775 - set Specific Code input for plugin: GPIO
2026-02-14 12:42:08,203 [INFO] BlockDiagram:2775 - set Specific Code input for plugin: ADC
2026-02-14 12:42:08,203 [INFO] BlockDiagram:2775 - set Specific Code input for plugin: RCC
2026-02-14 12:42:08,203 [INFO] BlockDiagram:2775 - set Specific Code input for plugin: I2C
2026-02-14 12:42:08,206 [INFO] CodeGenerator:892 - code generatio: config db path: /Applications/STM32CubeIDE.app/Contents/Eclipse/plugins/com.st.stm32cube.common.mx_6.15.0.202507011659//db/
2026-02-14 12:42:08,566 [INFO] CodeEngine:265 - oldGeneratedFile, /Users/karthikkurapati/LHR/VCAT-Air-Sus/CubeMX/Sus-RHBoard/rideheight/MXTmpFiles/license.tmp_save
2026-02-14 12:42:09,455 [INFO] CodeEngine:289 - Generated code: /Users/karthikkurapati/LHR/VCAT-Air-Sus/CubeMX/Sus-RHBoard/rideheight/MXTmpFiles/license.tmp
2026-02-14 12:42:09,758 [INFO] CodeEngine:265 - oldGeneratedFile, /Users/karthikkurapati/LHR/VCAT-Air-Sus/CubeMX/Sus-RHBoard/rideheight/MXTmpFiles/gpio.tmp_save
2026-02-14 12:42:10,090 [INFO] CodeEngine:289 - Generated code: /Users/karthikkurapati/LHR/VCAT-Air-Sus/CubeMX/Sus-RHBoard/rideheight/MXTmpFiles/gpio.tmp
2026-02-14 12:42:10,650 [INFO] CodeEngine:265 - oldGeneratedFile, /Users/karthikkurapati/LHR/VCAT-Air-Sus/CubeMX/Sus-RHBoard/rideheight/Core/Src/stm32l4xx_it.c_save
2026-02-14 12:42:10,910 [INFO] CodeEngine:289 - Generated code: /Users/karthikkurapati/LHR/VCAT-Air-Sus/CubeMX/Sus-RHBoard/rideheight/Core/Src/stm32l4xx_it.c
2026-02-14 12:42:10,917 [INFO] CodeEngine:265 - oldGeneratedFile, /Users/karthikkurapati/LHR/VCAT-Air-Sus/CubeMX/Sus-RHBoard/rideheight/Core/Inc/stm32l4xx_it.h_save
2026-02-14 12:42:11,073 [INFO] CodeEngine:289 - Generated code: /Users/karthikkurapati/LHR/VCAT-Air-Sus/CubeMX/Sus-RHBoard/rideheight/Core/Inc/stm32l4xx_it.h
2026-02-14 12:42:11,088 [INFO] CodeEngine:265 - oldGeneratedFile, /Users/karthikkurapati/LHR/VCAT-Air-Sus/CubeMX/Sus-RHBoard/rideheight/Core/Src/stm32l4xx_hal_msp.c_save
2026-02-14 12:42:11,504 [INFO] CodeEngine:289 - Generated code: /Users/karthikkurapati/LHR/VCAT-Air-Sus/CubeMX/Sus-RHBoard/rideheight/Core/Src/stm32l4xx_hal_msp.c
2026-02-14 12:42:11,510 [INFO] CodeEngine:265 - oldGeneratedFile, /Users/karthikkurapati/LHR/VCAT-Air-Sus/CubeMX/Sus-RHBoard/rideheight/MXTmpFiles/system.tmp_save
2026-02-14 12:42:11,630 [INFO] CodeEngine:289 - Generated code: /Users/karthikkurapati/LHR/VCAT-Air-Sus/CubeMX/Sus-RHBoard/rideheight/MXTmpFiles/system.tmp
2026-02-14 12:42:11,644 [INFO] CodeEngine:321 - oldGeneratedFile, /Users/karthikkurapati/LHR/VCAT-Air-Sus/CubeMX/Sus-RHBoard/rideheight/Core/Inc/stm32l4xx_hal_conf.h_save
2026-02-14 12:42:11,780 [INFO] CodeEngine:345 - Generated code: /Users/karthikkurapati/LHR/VCAT-Air-Sus/CubeMX/Sus-RHBoard/rideheight/Core/Inc/stm32l4xx_hal_conf.h
2026-02-14 12:42:11,896 [INFO] ApiDbMcu:532 - Load IP Config File for ADC1
2026-02-14 12:42:11,910 [INFO] ApiDbMcu:532 - Load IP Config File for I2C1
2026-02-14 12:42:11,931 [INFO] ApiDbMcu:532 - Load IP Config File for USART1
2026-02-14 12:42:11,937 [INFO] ApiDbMcu:532 - Load IP Config File for RCC
2026-02-14 12:42:11,948 [INFO] CodeEngine:265 - oldGeneratedFile, /Users/karthikkurapati/LHR/VCAT-Air-Sus/CubeMX/Sus-RHBoard/rideheight/Core/Inc/main.h_save
2026-02-14 12:42:12,124 [INFO] CodeEngine:289 - Generated code: /Users/karthikkurapati/LHR/VCAT-Air-Sus/CubeMX/Sus-RHBoard/rideheight/Core/Inc/main.h
2026-02-14 12:42:12,129 [INFO] CodeEngine:265 - oldGeneratedFile, /Users/karthikkurapati/LHR/VCAT-Air-Sus/CubeMX/Sus-RHBoard/rideheight/Core/Src/main.c_save
2026-02-14 12:42:12,475 [INFO] CodeEngine:289 - Generated code: /Users/karthikkurapati/LHR/VCAT-Air-Sus/CubeMX/Sus-RHBoard/rideheight/Core/Src/main.c
2026-02-14 12:42:13,441 [INFO] ProjectBuilder:3606 - Time for Copy HAL[1] : 378mS.
2026-02-14 12:42:13,457 [INFO] ProjectBuilder:5216 - Project Generator version: 4.7.0-B52
2026-02-14 12:42:13,717 [INFO] ConfigFileManager:1595 - The Die is : DIE435
2026-02-14 12:42:13,738 [INFO] ApiDbMcu:532 - Load IP Config File for FATFS
2026-02-14 12:42:13,753 [INFO] ApiDbMcu:532 - Load IP Config File for FREERTOS
2026-02-14 12:42:13,774 [INFO] ApiDbMcu:532 - Load IP Config File for TOUCHSENSING
2026-02-14 12:42:15,010 [INFO] LogOutputStream:77 - [STDOUT_REDIRECT] 
2026-02-14 12:42:20,350 [INFO] ProjectBuilder:5496 - Time for Generating toolchain IDE Files: 6479mS.
2026-02-14 12:42:20,572 [INFO] ProjectBuilder:3463 - Time for Copy CMSIS : 79mS.
2026-02-14 12:42:20,614 [INFO] ProjectBuilder:3463 - Time for Copy CMSIS : 1mS.
2026-02-14 16:20:49,524 [INFO] UtilMem:75 - End SaveConfig() Used Memory: 933559152 Bytes (1073741824)
2026-02-14 16:20:55,662 [INFO] UtilMem:75 - End SaveConfig() Used Memory: 719449952 Bytes (1073741824)
2026-02-14 16:20:56,506 [INFO] BlockDiagram:2775 - set Specific Code input for plugin: NVIC
2026-02-14 16:20:56,507 [INFO] BlockDiagram:2775 - set Specific Code input for plugin: USART
2026-02-14 16:20:56,508 [INFO] BlockDiagram:2775 - set Specific Code input for plugin: SYS
2026-02-14 16:20:56,508 [INFO] BlockDiagram:2775 - set Specific Code input for plugin: GPIO
2026-02-14 16:20:56,508 [INFO] BlockDiagram:2775 - set Specific Code input for plugin: ADC
2026-02-14 16:20:56,508 [INFO] BlockDiagram:2775 - set Specific Code input for plugin: RCC
2026-02-14 16:20:56,511 [INFO] CodeGenerator:892 - code generatio: config db path: /Applications/STM32CubeIDE.app/Contents/Eclipse/plugins/com.st.stm32cube.common.mx_6.15.0.202507011659//db/
2026-02-14 16:20:56,706 [INFO] CodeEngine:265 - oldGeneratedFile, /Users/karthikkurapati/LHR/VCAT-Air-Sus/CubeMX/Sus-RHBoard/rideheight/MXTmpFiles/license.tmp_save
2026-02-14 16:20:57,368 [INFO] CodeEngine:289 - Generated code: /Users/karthikkurapati/LHR/VCAT-Air-Sus/CubeMX/Sus-RHBoard/rideheight/MXTmpFiles/license.tmp
2026-02-14 16:20:57,590 [INFO] CodeEngine:265 - oldGeneratedFile, /Users/karthikkurapati/LHR/VCAT-Air-Sus/CubeMX/Sus-RHBoard/rideheight/MXTmpFiles/gpio.tmp_save
2026-02-14 16:20:57,917 [INFO] CodeEngine:289 - Generated code: /Users/karthikkurapati/LHR/VCAT-Air-Sus/CubeMX/Sus-RHBoard/rideheight/MXTmpFiles/gpio.tmp
2026-02-14 16:20:58,822 [INFO] CodeEngine:265 - oldGeneratedFile, /Users/karthikkurapati/LHR/VCAT-Air-Sus/CubeMX/Sus-RHBoard/rideheight/Core/Src/stm32l4xx_it.c_save
2026-02-14 16:20:59,314 [INFO] CodeEngine:289 - Generated code: /Users/karthikkurapati/LHR/VCAT-Air-Sus/CubeMX/Sus-RHBoard/rideheight/Core/Src/stm32l4xx_it.c
2026-02-14 16:20:59,319 [INFO] CodeEngine:265 - oldGeneratedFile, /Users/karthikkurapati/LHR/VCAT-Air-Sus/CubeMX/Sus-RHBoard/rideheight/Core/Inc/stm32l4xx_it.h_save
2026-02-14 16:20:59,604 [INFO] CodeEngine:289 - Generated code: /Users/karthikkurapati/LHR/VCAT-Air-Sus/CubeMX/Sus-RHBoard/rideheight/Core/Inc/stm32l4xx_it.h
2026-02-14 16:20:59,616 [INFO] CodeEngine:265 - oldGeneratedFile, /Users/karthikkurapati/LHR/VCAT-Air-Sus/CubeMX/Sus-RHBoard/rideheight/Core/Src/stm32l4xx_hal_msp.c_save
2026-02-14 16:20:59,946 [INFO] CodeEngine:289 - Generated code: /Users/karthikkurapati/LHR/VCAT-Air-Sus/CubeMX/Sus-RHBoard/rideheight/Core/Src/stm32l4xx_hal_msp.c
2026-02-14 16:20:59,950 [INFO] CodeEngine:265 - oldGeneratedFile, /Users/karthikkurapati/LHR/VCAT-Air-Sus/CubeMX/Sus-RHBoard/rideheight/MXTmpFiles/system.tmp_save
2026-02-14 16:21:00,083 [INFO] CodeEngine:289 - Generated code: /Users/karthikkurapati/LHR/VCAT-Air-Sus/CubeMX/Sus-RHBoard/rideheight/MXTmpFiles/system.tmp
2026-02-14 16:21:00,096 [INFO] CodeEngine:321 - oldGeneratedFile, /Users/karthikkurapati/LHR/VCAT-Air-Sus/CubeMX/Sus-RHBoard/rideheight/Core/Inc/stm32l4xx_hal_conf.h_save
2026-02-14 16:21:00,227 [INFO] CodeEngine:345 - Generated code: /Users/karthikkurapati/LHR/VCAT-Air-Sus/CubeMX/Sus-RHBoard/rideheight/Core/Inc/stm32l4xx_hal_conf.h
2026-02-14 16:21:00,362 [INFO] CodeEngine:265 - oldGeneratedFile, /Users/karthikkurapati/LHR/VCAT-Air-Sus/CubeMX/Sus-RHBoard/rideheight/Core/Inc/main.h_save
2026-02-14 16:21:00,534 [INFO] CodeEngine:289 - Generated code: /Users/karthikkurapati/LHR/VCAT-Air-Sus/CubeMX/Sus-RHBoard/rideheight/Core/Inc/main.h
2026-02-14 16:21:00,539 [INFO] CodeEngine:265 - oldGeneratedFile, /Users/karthikkurapati/LHR/VCAT-Air-Sus/CubeMX/Sus-RHBoard/rideheight/Core/Src/main.c_save
2026-02-14 16:21:00,732 [INFO] CodeEngine:289 - Generated code: /Users/karthikkurapati/LHR/VCAT-Air-Sus/CubeMX/Sus-RHBoard/rideheight/Core/Src/main.c
2026-02-14 16:21:01,460 [INFO] ProjectBuilder:3606 - Time for Copy HAL[1] : 453mS.
2026-02-14 16:21:01,469 [INFO] ProjectBuilder:5216 - Project Generator version: 4.7.0-B52
2026-02-14 16:21:01,605 [INFO] ConfigFileManager:1595 - The Die is : DIE435
2026-02-14 16:21:08,597 [INFO] ProjectBuilder:5496 - Time for Generating toolchain IDE Files: 7109mS.
2026-02-14 16:21:08,606 [INFO] ProjectBuilder:3463 - Time for Copy CMSIS : 2mS.
2026-02-14 16:21:08,617 [INFO] ProjectBuilder:3463 - Time for Copy CMSIS : 0mS.
2026-02-14 16:25:00,984 [INFO] UtilMem:75 - End SaveConfig() Used Memory: 731816312 Bytes (1073741824)
2026-02-14 16:25:01,479 [INFO] BlockDiagram:2775 - set Specific Code input for plugin: NVIC
2026-02-14 16:25:01,479 [INFO] BlockDiagram:2775 - set Specific Code input for plugin: USART
2026-02-14 16:25:01,479 [INFO] BlockDiagram:2775 - set Specific Code input for plugin: SYS
2026-02-14 16:25:01,480 [INFO] BlockDiagram:2775 - set Specific Code input for plugin: GPIO
2026-02-14 16:25:01,480 [INFO] BlockDiagram:2775 - set Specific Code input for plugin: ADC
2026-02-14 16:25:01,480 [INFO] BlockDiagram:2775 - set Specific Code input for plugin: RCC
2026-02-14 16:25:01,481 [INFO] CodeGenerator:892 - code generatio: config db path: /Applications/STM32CubeIDE.app/Contents/Eclipse/plugins/com.st.stm32cube.common.mx_6.15.0.202507011659//db/
2026-02-14 16:25:01,586 [INFO] CodeEngine:265 - oldGeneratedFile, /Users/karthikkurapati/LHR/VCAT-Air-Sus/CubeMX/Sus-RHBoard/rideheight/MXTmpFiles/license.tmp_save
2026-02-14 16:25:01,751 [INFO] CodeEngine:289 - Generated code: /Users/karthikkurapati/LHR/VCAT-Air-Sus/CubeMX/Sus-RHBoard/rideheight/MXTmpFiles/license.tmp
2026-02-14 16:25:01,831 [INFO] CodeEngine:265 - oldGeneratedFile, /Users/karthikkurapati/LHR/VCAT-Air-Sus/CubeMX/Sus-RHBoard/rideheight/MXTmpFiles/gpio.tmp_save
2026-02-14 16:25:01,952 [INFO] CodeEngine:289 - Generated code: /Users/karthikkurapati/LHR/VCAT-Air-Sus/CubeMX/Sus-RHBoard/rideheight/MXTmpFiles/gpio.tmp
2026-02-14 16:25:02,165 [INFO] CodeEngine:265 - oldGeneratedFile, /Users/karthikkurapati/LHR/VCAT-Air-Sus/CubeMX/Sus-RHBoard/rideheight/Core/Src/stm32l4xx_it.c_save
2026-02-14 16:25:02,270 [INFO] CodeEngine:289 - Generated code: /Users/karthikkurapati/LHR/VCAT-Air-Sus/CubeMX/Sus-RHBoard/rideheight/Core/Src/stm32l4xx_it.c
2026-02-14 16:25:02,275 [INFO] CodeEngine:265 - oldGeneratedFile, /Users/karthikkurapati/LHR/VCAT-Air-Sus/CubeMX/Sus-RHBoard/rideheight/Core/Inc/stm32l4xx_it.h_save
2026-02-14 16:25:02,337 [INFO] CodeEngine:289 - Generated code: /Users/karthikkurapati/LHR/VCAT-Air-Sus/CubeMX/Sus-RHBoard/rideheight/Core/Inc/stm32l4xx_it.h
2026-02-14 16:25:02,350 [INFO] CodeEngine:265 - oldGeneratedFile, /Users/karthikkurapati/LHR/VCAT-Air-Sus/CubeMX/Sus-RHBoard/rideheight/Core/Src/stm32l4xx_hal_msp.c_save
2026-02-14 16:25:02,459 [INFO] CodeEngine:289 - Generated code: /Users/karthikkurapati/LHR/VCAT-Air-Sus/CubeMX/Sus-RHBoard/rideheight/Core/Src/stm32l4xx_hal_msp.c
2026-02-14 16:25:02,461 [INFO] CodeEngine:265 - oldGeneratedFile, /Users/karthikkurapati/LHR/VCAT-Air-Sus/CubeMX/Sus-RHBoard/rideheight/MXTmpFiles/system.tmp_save
2026-02-14 16:25:02,527 [INFO] CodeEngine:289 - Generated code: /Users/karthikkurapati/LHR/VCAT-Air-Sus/CubeMX/Sus-RHBoard/rideheight/MXTmpFiles/system.tmp
2026-02-14 16:25:02,536 [INFO] CodeEngine:321 - oldGeneratedFile, /Users/karthikkurapati/LHR/VCAT-Air-Sus/CubeMX/Sus-RHBoard/rideheight/Core/Inc/stm32l4xx_hal_conf.h_save
2026-02-14 16:25:02,608 [INFO] CodeEngine:345 - Generated code: /Users/karthikkurapati/LHR/VCAT-Air-Sus/CubeMX/Sus-RHBoard/rideheight/Core/Inc/stm32l4xx_hal_conf.h
2026-02-14 16:25:02,659 [INFO] CodeEngine:265 - oldGeneratedFile, /Users/karthikkurapati/LHR/VCAT-Air-Sus/CubeMX/Sus-RHBoard/rideheight/Core/Inc/main.h_save
2026-02-14 16:25:02,728 [INFO] CodeEngine:289 - Generated code: /Users/karthikkurapati/LHR/VCAT-Air-Sus/CubeMX/Sus-RHBoard/rideheight/Core/Inc/main.h
2026-02-14 16:25:02,732 [INFO] CodeEngine:265 - oldGeneratedFile, /Users/karthikkurapati/LHR/VCAT-Air-Sus/CubeMX/Sus-RHBoard/rideheight/Core/Src/main.c_save
2026-02-14 16:25:02,855 [INFO] CodeEngine:289 - Generated code: /Users/karthikkurapati/LHR/VCAT-Air-Sus/CubeMX/Sus-RHBoard/rideheight/Core/Src/main.c
2026-02-14 16:25:03,223 [INFO] ProjectBuilder:3606 - Time for Copy HAL[1] : 195mS.
2026-02-14 16:25:03,228 [INFO] ProjectBuilder:5216 - Project Generator version: 4.7.0-B52
2026-02-14 16:25:03,304 [INFO] ConfigFileManager:1595 - The Die is : DIE435
2026-02-14 16:25:04,932 [INFO] ProjectBuilder:5496 - Time for Generating toolchain IDE Files: 1702mS.
2026-02-14 16:25:04,934 [INFO] ProjectBuilder:3463 - Time for Copy CMSIS : 1mS.
2026-02-14 16:25:04,936 [INFO] ProjectBuilder:3463 - Time for Copy CMSIS : 0mS.
2026-02-14 16:35:00,917 [INFO] I2cTimingTraitement:330 - 0x00100D14
2026-02-14 16:35:19,528 [INFO] I2cTimingTraitement:330 - 0x00100D14
2026-02-14 16:35:22,765 [INFO] UtilMem:75 - End SaveConfig() Used Memory: 861798576 Bytes (1073741824)
2026-02-14 16:35:25,991 [INFO] UtilMem:75 - End SaveConfig() Used Memory: 953436216 Bytes (1073741824)
2026-02-14 16:35:26,683 [INFO] BlockDiagram:2775 - set Specific Code input for plugin: NVIC
2026-02-14 16:35:26,683 [INFO] BlockDiagram:2775 - set Specific Code input for plugin: USART
2026-02-14 16:35:26,684 [INFO] BlockDiagram:2775 - set Specific Code input for plugin: SYS
2026-02-14 16:35:26,684 [INFO] BlockDiagram:2775 - set Specific Code input for plugin: GPIO
2026-02-14 16:35:26,685 [INFO] BlockDiagram:2775 - set Specific Code input for plugin: ADC
2026-02-14 16:35:26,685 [INFO] BlockDiagram:2775 - set Specific Code input for plugin: RCC
2026-02-14 16:35:26,685 [INFO] BlockDiagram:2775 - set Specific Code input for plugin: I2C
2026-02-14 16:35:26,686 [INFO] CodeGenerator:892 - code generatio: config db path: /Applications/STM32CubeIDE.app/Contents/Eclipse/plugins/com.st.stm32cube.common.mx_6.15.0.202507011659//db/
2026-02-14 16:35:26,919 [INFO] CodeEngine:265 - oldGeneratedFile, /Users/karthikkurapati/LHR/VCAT-Air-Sus/CubeMX/Sus-RHBoard/rideheight/MXTmpFiles/license.tmp_save
2026-02-14 16:35:27,585 [INFO] CodeEngine:289 - Generated code: /Users/karthikkurapati/LHR/VCAT-Air-Sus/CubeMX/Sus-RHBoard/rideheight/MXTmpFiles/license.tmp
2026-02-14 16:35:27,855 [INFO] CodeEngine:265 - oldGeneratedFile, /Users/karthikkurapati/LHR/VCAT-Air-Sus/CubeMX/Sus-RHBoard/rideheight/MXTmpFiles/gpio.tmp_save
2026-02-14 16:35:28,060 [INFO] CodeEngine:289 - Generated code: /Users/karthikkurapati/LHR/VCAT-Air-Sus/CubeMX/Sus-RHBoard/rideheight/MXTmpFiles/gpio.tmp
2026-02-14 16:35:29,089 [INFO] CodeEngine:265 - oldGeneratedFile, /Users/karthikkurapati/LHR/VCAT-Air-Sus/CubeMX/Sus-RHBoard/rideheight/Core/Src/stm32l4xx_it.c_save
2026-02-14 16:35:29,351 [INFO] CodeEngine:289 - Generated code: /Users/karthikkurapati/LHR/VCAT-Air-Sus/CubeMX/Sus-RHBoard/rideheight/Core/Src/stm32l4xx_it.c
2026-02-14 16:35:29,355 [INFO] CodeEngine:265 - oldGeneratedFile, /Users/karthikkurapati/LHR/VCAT-Air-Sus/CubeMX/Sus-RHBoard/rideheight/Core/Inc/stm32l4xx_it.h_save
2026-02-14 16:35:29,472 [INFO] CodeEngine:289 - Generated code: /Users/karthikkurapati/LHR/VCAT-Air-Sus/CubeMX/Sus-RHBoard/rideheight/Core/Inc/stm32l4xx_it.h
2026-02-14 16:35:29,481 [INFO] CodeEngine:265 - oldGeneratedFile, /Users/karthikkurapati/LHR/VCAT-Air-Sus/CubeMX/Sus-RHBoard/rideheight/Core/Src/stm32l4xx_hal_msp.c_save
2026-02-14 16:35:29,766 [INFO] CodeEngine:289 - Generated code: /Users/karthikkurapati/LHR/VCAT-Air-Sus/CubeMX/Sus-RHBoard/rideheight/Core/Src/stm32l4xx_hal_msp.c
2026-02-14 16:35:29,769 [INFO] CodeEngine:265 - oldGeneratedFile, /Users/karthikkurapati/LHR/VCAT-Air-Sus/CubeMX/Sus-RHBoard/rideheight/MXTmpFiles/system.tmp_save
2026-02-14 16:35:29,874 [INFO] CodeEngine:289 - Generated code: /Users/karthikkurapati/LHR/VCAT-Air-Sus/CubeMX/Sus-RHBoard/rideheight/MXTmpFiles/system.tmp
2026-02-14 16:35:29,883 [INFO] CodeEngine:321 - oldGeneratedFile, /Users/karthikkurapati/LHR/VCAT-Air-Sus/CubeMX/Sus-RHBoard/rideheight/Core/Inc/stm32l4xx_hal_conf.h_save
2026-02-14 16:35:30,001 [INFO] CodeEngine:345 - Generated code: /Users/karthikkurapati/LHR/VCAT-Air-Sus/CubeMX/Sus-RHBoard/rideheight/Core/Inc/stm32l4xx_hal_conf.h
2026-02-14 16:35:30,101 [INFO] CodeEngine:265 - oldGeneratedFile, /Users/karthikkurapati/LHR/VCAT-Air-Sus/CubeMX/Sus-RHBoard/rideheight/Core/Inc/main.h_save
2026-02-14 16:35:30,274 [INFO] CodeEngine:289 - Generated code: /Users/karthikkurapati/LHR/VCAT-Air-Sus/CubeMX/Sus-RHBoard/rideheight/Core/Inc/main.h
2026-02-14 16:35:30,289 [INFO] CodeEngine:265 - oldGeneratedFile, /Users/karthikkurapati/LHR/VCAT-Air-Sus/CubeMX/Sus-RHBoard/rideheight/Core/Src/main.c_save
2026-02-14 16:35:30,450 [INFO] CodeEngine:289 - Generated code: /Users/karthikkurapati/LHR/VCAT-Air-Sus/CubeMX/Sus-RHBoard/rideheight/Core/Src/main.c
2026-02-14 16:35:30,929 [INFO] ProjectBuilder:3606 - Time for Copy HAL[1] : 189mS.
2026-02-14 16:35:30,943 [INFO] ProjectBuilder:5216 - Project Generator version: 4.7.0-B52
2026-02-14 16:35:31,078 [INFO] ConfigFileManager:1595 - The Die is : DIE435
2026-02-14 16:35:35,464 [INFO] ProjectBuilder:5496 - Time for Generating toolchain IDE Files: 4517mS.
2026-02-14 16:35:35,468 [INFO] ProjectBuilder:3463 - Time for Copy CMSIS : 2mS.
2026-02-14 16:35:35,471 [INFO] ProjectBuilder:3463 - Time for Copy CMSIS : 0mS.
2026-02-14 19:21:11,585 [INFO] WebApp:194 - Connection lost
2026-02-14 19:21:18,357 [INFO] WebApp:191 - Connection restablished
2026-02-14 19:22:57,408 [INFO] WebApp:194 - Connection lost
2026-02-14 21:05:13,880 [INFO] WebApp:191 - Connection restablished
