ISO-10303-21;
HEADER;
FILE_DESCRIPTION(('KiCad electronic assembly'),'2;1');
FILE_NAME('TempBoard.step','2026-02-27T13:37:32',('Pcbnew'),('Kicad'),
  'Open CASCADE STEP processor 7.8','KiCad to STEP converter','Unknown'
  );
FILE_SCHEMA(('AUTOMOTIVE_DESIGN { 1 0 10303 214 1 1 1 1 }'));
ENDSEC;
DATA;
#1 = APPLICATION_PROTOCOL_DEFINITION('international standard',
  'automotive_design',2000,#2);
#2 = APPLICATION_CONTEXT(
  'core data for automotive mechanical design processes');
#3 = SHAPE_DEFINITION_REPRESENTATION(#4,#10);
#4 = PRODUCT_DEFINITION_SHAPE('','',#5);
#5 = PRODUCT_DEFINITION('design','',#6,#9);
#6 = PRODUCT_DEFINITION_FORMATION('','',#7);
#7 = PRODUCT('TempBoard 1','TempBoard 1','',(#8));
#8 = PRODUCT_CONTEXT('',#2,'mechanical');
#9 = PRODUCT_DEFINITION_CONTEXT('part definition',#2,'design');
#10 = SHAPE_REPRESENTATION('',(#11,#15,#19,#23,#27,#31,#35,#39,#43,#47,
    #51,#55,#59,#63),#67);
#11 = AXIS2_PLACEMENT_3D('',#12,#13,#14);
#12 = CARTESIAN_POINT('',(0.,0.,0.));
#13 = DIRECTION('',(0.,0.,1.));
#14 = DIRECTION('',(1.,0.,-0.));
#15 = AXIS2_PLACEMENT_3D('',#16,#17,#18);
#16 = CARTESIAN_POINT('',(130.8,-58.23,3.595));
#17 = DIRECTION('',(2.22044604925E-16,1.,1.110223024625E-16));
#18 = DIRECTION('',(-1.,2.22044604925E-16,0.));
#19 = AXIS2_PLACEMENT_3D('',#20,#21,#22);
#20 = CARTESIAN_POINT('',(129.275,-70.425,1.595));
#21 = DIRECTION('',(0.,0.,1.));
#22 = DIRECTION('',(1.,0.,0.));
#23 = AXIS2_PLACEMENT_3D('',#24,#25,#26);
#24 = CARTESIAN_POINT('',(128.825,-75.125,1.595));
#25 = DIRECTION('',(0.,0.,1.));
#26 = DIRECTION('',(-1.,1.224646799147E-16,0.));
#27 = AXIS2_PLACEMENT_3D('',#28,#29,#30);
#28 = CARTESIAN_POINT('',(130.76500000025,-72.88500000059,1.595));
#29 = DIRECTION('',(0.,0.,1.));
#30 = DIRECTION('',(1.,0.,0.));
#31 = AXIS2_PLACEMENT_3D('',#32,#33,#34);
#32 = CARTESIAN_POINT('',(142.,-65.02,1.595));
#33 = DIRECTION('',(0.,0.,1.));
#34 = DIRECTION('',(1.,0.,0.));
#35 = AXIS2_PLACEMENT_3D('',#36,#37,#38);
#36 = CARTESIAN_POINT('',(132.775,-70.425,1.595));
#37 = DIRECTION('',(0.,0.,1.));
#38 = DIRECTION('',(-1.,1.224646799147E-16,0.));
#39 = AXIS2_PLACEMENT_3D('',#40,#41,#42);
#40 = CARTESIAN_POINT('',(119.1,-68.55,1.595));
#41 = DIRECTION('',(0.,0.,1.));
#42 = DIRECTION('',(1.,0.,0.));
#43 = AXIS2_PLACEMENT_3D('',#44,#45,#46);
#44 = CARTESIAN_POINT('',(134.0125,-73.475,1.595));
#45 = DIRECTION('',(0.,0.,1.));
#46 = DIRECTION('',(1.,0.,0.));
#47 = AXIS2_PLACEMENT_3D('',#48,#49,#50);
#48 = CARTESIAN_POINT('',(123.0875,-68.55,1.595));
#49 = DIRECTION('',(0.,0.,1.));
#50 = DIRECTION('',(-1.,1.224646799147E-16,0.));
#51 = AXIS2_PLACEMENT_3D('',#52,#53,#54);
#52 = CARTESIAN_POINT('',(134.0125,-71.975,1.595));
#53 = DIRECTION('',(0.,0.,1.));
#54 = DIRECTION('',(-1.,1.224646799147E-16,0.));
#55 = AXIS2_PLACEMENT_3D('',#56,#57,#58);
#56 = CARTESIAN_POINT('',(131.4625,-76.675,1.595));
#57 = DIRECTION('',(0.,0.,1.));
#58 = DIRECTION('',(1.,0.,0.));
#59 = AXIS2_PLACEMENT_3D('',#60,#61,#62);
#60 = CARTESIAN_POINT('',(132.175,-75.125,1.595));
#61 = DIRECTION('',(0.,0.,1.));
#62 = DIRECTION('',(1.,0.,0.));
#63 = AXIS2_PLACEMENT_3D('',#64,#65,#66);
#64 = CARTESIAN_POINT('',(0.,0.,0.));
#65 = DIRECTION('',(0.,0.,1.));
#66 = DIRECTION('',(1.,0.,-0.));
#67 = ( GEOMETRIC_REPRESENTATION_CONTEXT(3) 
GLOBAL_UNCERTAINTY_ASSIGNED_CONTEXT((#71)) GLOBAL_UNIT_ASSIGNED_CONTEXT(
(#68,#69,#70)) REPRESENTATION_CONTEXT('Context #1',
  '3D Context with UNIT and UNCERTAINTY') );
#68 = ( LENGTH_UNIT() NAMED_UNIT(*) SI_UNIT(.MILLI.,.METRE.) );
#69 = ( NAMED_UNIT(*) PLANE_ANGLE_UNIT() SI_UNIT($,.RADIAN.) );
#70 = ( NAMED_UNIT(*) SI_UNIT($,.STERADIAN.) SOLID_ANGLE_UNIT() );
#71 = UNCERTAINTY_MEASURE_WITH_UNIT(LENGTH_MEASURE(2.E-07),#68,
  'distance_accuracy_value','confusion accuracy');
#72 = PRODUCT_RELATED_PRODUCT_CATEGORY('part',$,(#7));
#73 = SHAPE_DEFINITION_REPRESENTATION(#74,#80);
#74 = PRODUCT_DEFINITION_SHAPE('','',#75);
#75 = PRODUCT_DEFINITION('design','',#76,#79);
#76 = PRODUCT_DEFINITION_FORMATION('','',#77);
#77 = PRODUCT('01x05connNanofit','01x05connNanofit','',(#78));
#78 = PRODUCT_CONTEXT('',#2,'mechanical');
#79 = PRODUCT_DEFINITION_CONTEXT('part definition',#2,'design');
#80 = SHAPE_REPRESENTATION('',(#11,#81,#85),#89);
#81 = AXIS2_PLACEMENT_3D('',#82,#83,#84);
#82 = CARTESIAN_POINT('',(0.,0.,0.));
#83 = DIRECTION('',(0.,0.,1.));
#84 = DIRECTION('',(1.,0.,-0.));
#85 = AXIS2_PLACEMENT_3D('',#86,#87,#88);
#86 = CARTESIAN_POINT('',(0.,0.,0.));
#87 = DIRECTION('',(0.,0.,1.));
#88 = DIRECTION('',(1.,0.,-0.));
#89 = ( GEOMETRIC_REPRESENTATION_CONTEXT(3) 
GLOBAL_UNCERTAINTY_ASSIGNED_CONTEXT((#93)) GLOBAL_UNIT_ASSIGNED_CONTEXT(
(#90,#91,#92)) REPRESENTATION_CONTEXT('Context #1',
  '3D Context with UNIT and UNCERTAINTY') );
#90 = ( LENGTH_UNIT() NAMED_UNIT(*) SI_UNIT(.MILLI.,.METRE.) );
#91 = ( NAMED_UNIT(*) PLANE_ANGLE_UNIT() SI_UNIT($,.RADIAN.) );
#92 = ( NAMED_UNIT(*) SI_UNIT($,.STERADIAN.) SOLID_ANGLE_UNIT() );
#93 = UNCERTAINTY_MEASURE_WITH_UNIT(LENGTH_MEASURE(5.E-07),#90,
  'distance_accuracy_value','confusion accuracy');
#94 = CONTEXT_DEPENDENT_SHAPE_REPRESENTATION(#95,#97);
#95 = ( REPRESENTATION_RELATIONSHIP('','',#80,#10) 
REPRESENTATION_RELATIONSHIP_WITH_TRANSFORMATION(#96) 
SHAPE_REPRESENTATION_RELATIONSHIP() );
#96 = ITEM_DEFINED_TRANSFORMATION('','',#11,#15);
#97 = PRODUCT_DEFINITION_SHAPE('Placement','Placement of an item',#98);
#98 = NEXT_ASSEMBLY_USAGE_OCCURRENCE('3','J3','',#5,#75,$);
#99 = PRODUCT_RELATED_PRODUCT_CATEGORY('part',$,(#77));
#100 = SHAPE_DEFINITION_REPRESENTATION(#101,#107);
#101 = PRODUCT_DEFINITION_SHAPE('','',#102);
#102 = PRODUCT_DEFINITION('design','',#103,#106);
#103 = PRODUCT_DEFINITION_FORMATION('','',#104);
#104 = PRODUCT('SOLID','SOLID','',(#105));
#105 = PRODUCT_CONTEXT('',#2,'mechanical');
#106 = PRODUCT_DEFINITION_CONTEXT('part definition',#2,'design');
#107 = ADVANCED_BREP_SHAPE_REPRESENTATION('',(#11,#108),#6938);
#108 = MANIFOLD_SOLID_BREP('',#109);
#109 = CLOSED_SHELL('',(#110,#152,#196,#238,#280,#322,#366,#410,#454,
    #830,#884,#908,#932,#949,#989,#1001,#1046,#1063,#1080,#1092,#1337,
    #1368,#1392,#1416,#1433,#1479,#1553,#1584,#1615,#1646,#1670,#1695,
    #1719,#1743,#1914,#1967,#2030,#2061,#2102,#2135,#2160,#2193,#2265,
    #2330,#2353,#2393,#2411,#2444,#2475,#2499,#2516,#2562,#2627,#2658,
    #2689,#2720,#2744,#2769,#2786,#2810,#2853,#2877,#2901,#2923,#2935,
    #2952,#2969,#2981,#2998,#3029,#3053,#3077,#3094,#3106,#3123,#3156,
    #3182,#3230,#3261,#3307,#3324,#3336,#3360,#3384,#3410,#3456,#3521,
    #3552,#3583,#3614,#3638,#3663,#3680,#3704,#3747,#3771,#3795,#3817,
    #3829,#3846,#3863,#3875,#3892,#3923,#3947,#3971,#3988,#4000,#4046,
    #4077,#4142,#4173,#4204,#4228,#4252,#4269,#4294,#4318,#4349,#4373,
    #4404,#4428,#4453,#4470,#4494,#4511,#4532,#4549,#4561,#4578,#4590,
    #4623,#4641,#4658,#4683,#4717,#4747,#4786,#4803,#4820,#4832,#4849,
    #4866,#4880,#4904,#4928,#4953,#4977,#5001,#5018,#5035,#5051,#5068,
    #5099,#5123,#5147,#5164,#5176,#5241,#5281,#5312,#5343,#5367,#5392,
    #5409,#5440,#5483,#5514,#5538,#5560,#5572,#5589,#5606,#5618,#5640,
    #5671,#5695,#5719,#5736,#5748,#5794,#5816,#5833,#5850,#5862,#5892,
    #5927,#6069,#6196,#6223,#6246,#6263,#6290,#6316,#6334,#6351,#6378,
    #6396,#6419,#6436,#6456,#6484,#6507,#6524,#6542,#6555,#6567,#6580,
    #6592,#6615,#6628,#6645,#6665,#6693,#6710,#6728,#6745,#6772,#6790,
    #6808,#6826,#6843,#6870,#6896,#6908,#6926));
#110 = ADVANCED_FACE('',(#111),#147,.T.);
#111 = FACE_BOUND('',#112,.T.);
#112 = EDGE_LOOP('',(#113,#123,#132,#140));
#113 = ORIENTED_EDGE('',*,*,#114,.F.);
#114 = EDGE_CURVE('',#115,#117,#119,.T.);
#115 = VERTEX_POINT('',#116);
#116 = CARTESIAN_POINT('',(-5.800000002379,-2.940001387602,1.03));
#117 = VERTEX_POINT('',#118);
#118 = CARTESIAN_POINT('',(-5.8,-1.74,1.03));
#119 = LINE('',#120,#121);
#120 = CARTESIAN_POINT('',(-5.8,-2.340000147314,1.03));
#121 = VECTOR('',#122,1.);
#122 = DIRECTION('',(0.,1.,-0.));
#123 = ORIENTED_EDGE('',*,*,#124,.T.);
#124 = EDGE_CURVE('',#115,#125,#127,.T.);
#125 = VERTEX_POINT('',#126);
#126 = CARTESIAN_POINT('',(-5.7745965208,-2.939999942508,1.229999961671)
  );
#127 = CIRCLE('',#128,0.799999327477);
#128 = AXIS2_PLACEMENT_3D('',#129,#130,#131);
#129 = CARTESIAN_POINT('',(-5.000000674913,-2.940001387602,
    1.029995896483));
#130 = DIRECTION('',(0.,1.,0.));
#131 = DIRECTION('',(-0.968247025445,0.,-0.249995395391));
#132 = ORIENTED_EDGE('',*,*,#133,.F.);
#133 = EDGE_CURVE('',#134,#125,#136,.T.);
#134 = VERTEX_POINT('',#135);
#135 = CARTESIAN_POINT('',(-5.774596669241,-1.74,1.23));
#136 = LINE('',#137,#138);
#137 = CARTESIAN_POINT('',(-5.774596669241,-1.74,1.23));
#138 = VECTOR('',#139,1.);
#139 = DIRECTION('',(1.237010960384E-07,-1.,-3.194046809819E-08));
#140 = ORIENTED_EDGE('',*,*,#141,.T.);
#141 = EDGE_CURVE('',#134,#117,#142,.T.);
#142 = CIRCLE('',#143,0.8);
#143 = AXIS2_PLACEMENT_3D('',#144,#145,#146);
#144 = CARTESIAN_POINT('',(-5.,-1.74,1.03));
#145 = DIRECTION('',(0.,-1.,0.));
#146 = DIRECTION('',(-0.968245836552,0.,0.25));
#147 = CYLINDRICAL_SURFACE('',#148,0.8);
#148 = AXIS2_PLACEMENT_3D('',#149,#150,#151);
#149 = CARTESIAN_POINT('',(-5.,-1.74,1.03));
#150 = DIRECTION('',(0.,1.,-0.));
#151 = DIRECTION('',(1.,0.,0.));
#152 = ADVANCED_FACE('',(#153),#191,.T.);
#153 = FACE_BOUND('',#154,.T.);
#154 = EDGE_LOOP('',(#155,#165,#174,#184));
#155 = ORIENTED_EDGE('',*,*,#156,.F.);
#156 = EDGE_CURVE('',#157,#159,#161,.T.);
#157 = VERTEX_POINT('',#158);
#158 = CARTESIAN_POINT('',(-4.999995896482,-3.34,0.379992428212));
#159 = VERTEX_POINT('',#160);
#160 = CARTESIAN_POINT('',(-4.999995896482,-2.940001387602,0.22999999761
    ));
#161 = LINE('',#162,#163);
#162 = CARTESIAN_POINT('',(-4.999995896482,-3.140000794032,
    0.304996250496));
#163 = VECTOR('',#164,1.);
#164 = DIRECTION('',(0.,0.936334602353,-0.351108975159));
#165 = ORIENTED_EDGE('',*,*,#166,.F.);
#166 = EDGE_CURVE('',#167,#157,#169,.T.);
#167 = VERTEX_POINT('',#168);
#168 = CARTESIAN_POINT('',(-5.200000564388,-3.340000687802,
    0.411532410923));
#169 = CIRCLE('',#170,0.650006896875);
#170 = AXIS2_PLACEMENT_3D('',#171,#172,#173);
#171 = CARTESIAN_POINT('',(-4.999995896482,-3.34,1.029999325087));
#172 = DIRECTION('',(0.,-1.,-0.));
#173 = DIRECTION('',(-0.30769832708,0.,-0.951483967028));
#174 = ORIENTED_EDGE('',*,*,#175,.F.);
#175 = EDGE_CURVE('',#176,#167,#178,.T.);
#176 = VERTEX_POINT('',#177);
#177 = CARTESIAN_POINT('',(-5.199999961671,-2.939999942508,0.2554034792)
  );
#178 = B_SPLINE_CURVE_WITH_KNOTS('',3,(#179,#180,#181,#182,#183),
  .UNSPECIFIED.,.F.,.F.,(4,1,4),(0.,0.5,1.),.QUASI_UNIFORM_KNOTS.);
#179 = CARTESIAN_POINT('',(-5.199999961671,-2.939999942508,0.2554034792)
  );
#180 = CARTESIAN_POINT('',(-5.199999961671,-3.012048881796,
    0.283306639363));
#181 = CARTESIAN_POINT('',(-5.199999736971,-3.150770044971,0.33721720538
    ));
#182 = CARTESIAN_POINT('',(-5.200000564388,-3.278720311329,
    0.387381650586));
#183 = CARTESIAN_POINT('',(-5.200000564388,-3.340000687802,
    0.411532410923));
#184 = ORIENTED_EDGE('',*,*,#185,.F.);
#185 = EDGE_CURVE('',#159,#176,#186,.T.);
#186 = CIRCLE('',#187,0.799999327477);
#187 = AXIS2_PLACEMENT_3D('',#188,#189,#190);
#188 = CARTESIAN_POINT('',(-4.999995896482,-2.940001387602,
    1.029999325087));
#189 = DIRECTION('',(0.,1.,0.));
#190 = DIRECTION('',(0.249995395391,0.,-0.968247025445));
#191 = CONICAL_SURFACE('',#192,0.725003074591,0.358755220162);
#192 = AXIS2_PLACEMENT_3D('',#193,#194,#195);
#193 = CARTESIAN_POINT('',(-4.999995896482,-3.140000794032,
    1.029999325087));
#194 = DIRECTION('',(-0.,1.,0.));
#195 = DIRECTION('',(0.,0.,-1.));
#196 = ADVANCED_FACE('',(#197),#233,.T.);
#197 = FACE_BOUND('',#198,.T.);
#198 = EDGE_LOOP('',(#199,#209,#218,#226));
#199 = ORIENTED_EDGE('',*,*,#200,.F.);
#200 = EDGE_CURVE('',#201,#203,#205,.T.);
#201 = VERTEX_POINT('',#202);
#202 = CARTESIAN_POINT('',(-4.2,-1.74,1.03));
#203 = VERTEX_POINT('',#204);
#204 = CARTESIAN_POINT('',(-4.199999997621,-2.940001387602,1.03));
#205 = LINE('',#206,#207);
#206 = CARTESIAN_POINT('',(-4.2,-2.340000147314,1.03));
#207 = VECTOR('',#208,1.);
#208 = DIRECTION('',(-0.,-1.,0.));
#209 = ORIENTED_EDGE('',*,*,#210,.T.);
#210 = EDGE_CURVE('',#201,#211,#213,.T.);
#211 = VERTEX_POINT('',#212);
#212 = CARTESIAN_POINT('',(-4.225403330759,-1.74,1.23));
#213 = CIRCLE('',#214,0.8);
#214 = AXIS2_PLACEMENT_3D('',#215,#216,#217);
#215 = CARTESIAN_POINT('',(-5.,-1.74,1.03));
#216 = DIRECTION('',(0.,-1.,0.));
#217 = DIRECTION('',(0.968245836552,0.,-0.25));
#218 = ORIENTED_EDGE('',*,*,#219,.T.);
#219 = EDGE_CURVE('',#211,#220,#222,.T.);
#220 = VERTEX_POINT('',#221);
#221 = CARTESIAN_POINT('',(-4.225403442294,-2.939999841553,
    1.230002705839));
#222 = LINE('',#223,#224);
#223 = CARTESIAN_POINT('',(-4.225403330759,-1.74,1.23));
#224 = VECTOR('',#225,1.);
#225 = DIRECTION('',(-9.294602093968E-08,-0.999999999997,
    2.254865812032E-06));
#226 = ORIENTED_EDGE('',*,*,#227,.T.);
#227 = EDGE_CURVE('',#220,#203,#228,.T.);
#228 = CIRCLE('',#229,0.799999327477);
#229 = AXIS2_PLACEMENT_3D('',#230,#231,#232);
#230 = CARTESIAN_POINT('',(-4.999999325087,-2.940001387602,
    1.030004103517));
#231 = DIRECTION('',(-0.,1.,0.));
#232 = DIRECTION('',(0.968247025445,0.,0.249995395391));
#233 = CYLINDRICAL_SURFACE('',#234,0.8);
#234 = AXIS2_PLACEMENT_3D('',#235,#236,#237);
#235 = CARTESIAN_POINT('',(-5.,-1.74,1.03));
#236 = DIRECTION('',(0.,1.,-0.));
#237 = DIRECTION('',(1.,0.,0.));
#238 = ADVANCED_FACE('',(#239),#275,.T.);
#239 = FACE_BOUND('',#240,.T.);
#240 = EDGE_LOOP('',(#241,#251,#260,#268));
#241 = ORIENTED_EDGE('',*,*,#242,.F.);
#242 = EDGE_CURVE('',#243,#245,#247,.T.);
#243 = VERTEX_POINT('',#244);
#244 = CARTESIAN_POINT('',(5.8,-1.74,1.03));
#245 = VERTEX_POINT('',#246);
#246 = CARTESIAN_POINT('',(5.800000002379,-2.940001387602,1.03));
#247 = LINE('',#248,#249);
#248 = CARTESIAN_POINT('',(5.8,-2.340000147314,1.03));
#249 = VECTOR('',#250,1.);
#250 = DIRECTION('',(-0.,-1.,0.));
#251 = ORIENTED_EDGE('',*,*,#252,.T.);
#252 = EDGE_CURVE('',#243,#253,#255,.T.);
#253 = VERTEX_POINT('',#254);
#254 = CARTESIAN_POINT('',(5.774596669241,-1.74,1.23));
#255 = CIRCLE('',#256,0.8);
#256 = AXIS2_PLACEMENT_3D('',#257,#258,#259);
#257 = CARTESIAN_POINT('',(5.,-1.74,1.03));
#258 = DIRECTION('',(0.,-1.,0.));
#259 = DIRECTION('',(0.968245836552,0.,-0.25));
#260 = ORIENTED_EDGE('',*,*,#261,.T.);
#261 = EDGE_CURVE('',#253,#262,#264,.T.);
#262 = VERTEX_POINT('',#263);
#263 = CARTESIAN_POINT('',(5.774596557706,-2.939999841553,1.230002705839
    ));
#264 = LINE('',#265,#266);
#265 = CARTESIAN_POINT('',(5.774596669241,-1.74,1.23));
#266 = VECTOR('',#267,1.);
#267 = DIRECTION('',(-9.294602538057E-08,-0.999999999997,
    2.254865813327E-06));
#268 = ORIENTED_EDGE('',*,*,#269,.T.);
#269 = EDGE_CURVE('',#262,#245,#270,.T.);
#270 = CIRCLE('',#271,0.799999327477);
#271 = AXIS2_PLACEMENT_3D('',#272,#273,#274);
#272 = CARTESIAN_POINT('',(5.000000674913,-2.940001387602,1.030004103517
    ));
#273 = DIRECTION('',(-0.,1.,0.));
#274 = DIRECTION('',(0.968247025445,0.,0.249995395391));
#275 = CYLINDRICAL_SURFACE('',#276,0.8);
#276 = AXIS2_PLACEMENT_3D('',#277,#278,#279);
#277 = CARTESIAN_POINT('',(5.,-1.74,1.03));
#278 = DIRECTION('',(0.,1.,-0.));
#279 = DIRECTION('',(1.,0.,0.));
#280 = ADVANCED_FACE('',(#281),#317,.T.);
#281 = FACE_BOUND('',#282,.T.);
#282 = EDGE_LOOP('',(#283,#293,#302,#310));
#283 = ORIENTED_EDGE('',*,*,#284,.F.);
#284 = EDGE_CURVE('',#285,#287,#289,.T.);
#285 = VERTEX_POINT('',#286);
#286 = CARTESIAN_POINT('',(4.199999997621,-2.940001387602,1.03));
#287 = VERTEX_POINT('',#288);
#288 = CARTESIAN_POINT('',(4.2,-1.74,1.03));
#289 = LINE('',#290,#291);
#290 = CARTESIAN_POINT('',(4.2,-2.340000147314,1.03));
#291 = VECTOR('',#292,1.);
#292 = DIRECTION('',(0.,1.,-0.));
#293 = ORIENTED_EDGE('',*,*,#294,.T.);
#294 = EDGE_CURVE('',#285,#295,#297,.T.);
#295 = VERTEX_POINT('',#296);
#296 = CARTESIAN_POINT('',(4.2254034792,-2.939999942508,1.229999961671)
  );
#297 = CIRCLE('',#298,0.799999327477);
#298 = AXIS2_PLACEMENT_3D('',#299,#300,#301);
#299 = CARTESIAN_POINT('',(4.999999325087,-2.940001387602,1.029995896483
    ));
#300 = DIRECTION('',(0.,1.,0.));
#301 = DIRECTION('',(-0.968247025445,0.,-0.249995395391));
#302 = ORIENTED_EDGE('',*,*,#303,.F.);
#303 = EDGE_CURVE('',#304,#295,#306,.T.);
#304 = VERTEX_POINT('',#305);
#305 = CARTESIAN_POINT('',(4.225403330759,-1.74,1.23));
#306 = LINE('',#307,#308);
#307 = CARTESIAN_POINT('',(4.225403330759,-1.74,1.23));
#308 = VECTOR('',#309,1.);
#309 = DIRECTION('',(1.237010967786E-07,-1.,-3.194046809819E-08));
#310 = ORIENTED_EDGE('',*,*,#311,.T.);
#311 = EDGE_CURVE('',#304,#287,#312,.T.);
#312 = CIRCLE('',#313,0.8);
#313 = AXIS2_PLACEMENT_3D('',#314,#315,#316);
#314 = CARTESIAN_POINT('',(5.,-1.74,1.03));
#315 = DIRECTION('',(0.,-1.,0.));
#316 = DIRECTION('',(-0.968245836552,0.,0.25));
#317 = CYLINDRICAL_SURFACE('',#318,0.8);
#318 = AXIS2_PLACEMENT_3D('',#319,#320,#321);
#319 = CARTESIAN_POINT('',(5.,-1.74,1.03));
#320 = DIRECTION('',(0.,1.,-0.));
#321 = DIRECTION('',(1.,0.,0.));
#322 = ADVANCED_FACE('',(#323),#361,.T.);
#323 = FACE_BOUND('',#324,.T.);
#324 = EDGE_LOOP('',(#325,#335,#344,#354));
#325 = ORIENTED_EDGE('',*,*,#326,.F.);
#326 = EDGE_CURVE('',#327,#329,#331,.T.);
#327 = VERTEX_POINT('',#328);
#328 = CARTESIAN_POINT('',(4.999995896482,-2.940001387602,1.83000000239)
  );
#329 = VERTEX_POINT('',#330);
#330 = CARTESIAN_POINT('',(4.999995896482,-3.34,1.680007571788));
#331 = LINE('',#332,#333);
#332 = CARTESIAN_POINT('',(4.999995896482,-3.140000794032,1.755003749504
    ));
#333 = VECTOR('',#334,1.);
#334 = DIRECTION('',(-0.,-0.936334602353,-0.351108975159));
#335 = ORIENTED_EDGE('',*,*,#336,.F.);
#336 = EDGE_CURVE('',#337,#327,#339,.T.);
#337 = VERTEX_POINT('',#338);
#338 = CARTESIAN_POINT('',(4.799997294161,-2.939999841553,1.804596557706
    ));
#339 = CIRCLE('',#340,0.799999327477);
#340 = AXIS2_PLACEMENT_3D('',#341,#342,#343);
#341 = CARTESIAN_POINT('',(4.999995896482,-2.940001387602,1.030000674913
    ));
#342 = DIRECTION('',(0.,1.,0.));
#343 = DIRECTION('',(-0.249995395391,0.,0.968247025445));
#344 = ORIENTED_EDGE('',*,*,#345,.F.);
#345 = EDGE_CURVE('',#346,#337,#348,.T.);
#346 = VERTEX_POINT('',#347);
#347 = CARTESIAN_POINT('',(4.799996691429,-3.340000586781,1.648467626139
    ));
#348 = B_SPLINE_CURVE_WITH_KNOTS('',3,(#349,#350,#351,#352,#353),
  .UNSPECIFIED.,.F.,.F.,(4,1,4),(0.,0.5,1.),.QUASI_UNIFORM_KNOTS.);
#349 = CARTESIAN_POINT('',(4.799996691429,-3.340000586781,1.648467626139
    ));
#350 = CARTESIAN_POINT('',(4.799996691429,-3.278677532816,1.672635205671
    ));
#351 = CARTESIAN_POINT('',(4.800003007205,-3.15068467161,1.72281609406)
  );
#352 = CARTESIAN_POINT('',(4.799997294161,-3.01200600452,1.776709964012)
  );
#353 = CARTESIAN_POINT('',(4.799997294161,-2.939999841553,1.804596557706
    ));
#354 = ORIENTED_EDGE('',*,*,#355,.F.);
#355 = EDGE_CURVE('',#329,#346,#356,.T.);
#356 = CIRCLE('',#357,0.650006896875);
#357 = AXIS2_PLACEMENT_3D('',#358,#359,#360);
#358 = CARTESIAN_POINT('',(4.999995896482,-3.34,1.030000674913));
#359 = DIRECTION('',(0.,-1.,0.));
#360 = DIRECTION('',(0.30769832708,0.,0.951483967028));
#361 = CONICAL_SURFACE('',#362,0.725003074591,0.358755220162);
#362 = AXIS2_PLACEMENT_3D('',#363,#364,#365);
#363 = CARTESIAN_POINT('',(4.999995896482,-3.140000794032,1.030000674913
    ));
#364 = DIRECTION('',(-0.,1.,0.));
#365 = DIRECTION('',(0.,0.,-1.));
#366 = ADVANCED_FACE('',(#367),#405,.T.);
#367 = FACE_BOUND('',#368,.T.);
#368 = EDGE_LOOP('',(#369,#379,#388,#398));
#369 = ORIENTED_EDGE('',*,*,#370,.F.);
#370 = EDGE_CURVE('',#371,#373,#375,.T.);
#371 = VERTEX_POINT('',#372);
#372 = CARTESIAN_POINT('',(5.000004103518,-3.34,0.379992428212));
#373 = VERTEX_POINT('',#374);
#374 = CARTESIAN_POINT('',(5.000004103518,-2.940001387602,0.22999999761)
  );
#375 = LINE('',#376,#377);
#376 = CARTESIAN_POINT('',(5.000004103518,-3.140000794032,0.304996250496
    ));
#377 = VECTOR('',#378,1.);
#378 = DIRECTION('',(0.,0.936334602353,-0.351108975159));
#379 = ORIENTED_EDGE('',*,*,#380,.F.);
#380 = EDGE_CURVE('',#381,#371,#383,.T.);
#381 = VERTEX_POINT('',#382);
#382 = CARTESIAN_POINT('',(4.799999435612,-3.340000687802,0.411532410923
    ));
#383 = CIRCLE('',#384,0.650006896875);
#384 = AXIS2_PLACEMENT_3D('',#385,#386,#387);
#385 = CARTESIAN_POINT('',(5.000004103518,-3.34,1.029999325087));
#386 = DIRECTION('',(0.,-1.,-0.));
#387 = DIRECTION('',(-0.30769832708,0.,-0.951483967028));
#388 = ORIENTED_EDGE('',*,*,#389,.F.);
#389 = EDGE_CURVE('',#390,#381,#392,.T.);
#390 = VERTEX_POINT('',#391);
#391 = CARTESIAN_POINT('',(4.800000038329,-2.939999942508,0.2554034792)
  );
#392 = B_SPLINE_CURVE_WITH_KNOTS('',3,(#393,#394,#395,#396,#397),
  .UNSPECIFIED.,.F.,.F.,(4,1,4),(0.,0.5,1.),.QUASI_UNIFORM_KNOTS.);
#393 = CARTESIAN_POINT('',(4.800000038329,-2.939999942508,0.2554034792)
  );
#394 = CARTESIAN_POINT('',(4.800000038329,-3.011978253619,0.283279286437
    ));
#395 = CARTESIAN_POINT('',(4.800000263029,-3.150628918957,0.337162160795
    ));
#396 = CARTESIAN_POINT('',(4.799999435612,-3.278649846405,0.38735388017)
  );
#397 = CARTESIAN_POINT('',(4.799999435612,-3.340000687802,0.411532410923
    ));
#398 = ORIENTED_EDGE('',*,*,#399,.F.);
#399 = EDGE_CURVE('',#373,#390,#400,.T.);
#400 = CIRCLE('',#401,0.799999327477);
#401 = AXIS2_PLACEMENT_3D('',#402,#403,#404);
#402 = CARTESIAN_POINT('',(5.000004103518,-2.940001387602,1.029999325087
    ));
#403 = DIRECTION('',(0.,1.,0.));
#404 = DIRECTION('',(0.249995395391,0.,-0.968247025445));
#405 = CONICAL_SURFACE('',#406,0.725003074591,0.358755220162);
#406 = AXIS2_PLACEMENT_3D('',#407,#408,#409);
#407 = CARTESIAN_POINT('',(5.000004103518,-3.140000794032,1.029999325087
    ));
#408 = DIRECTION('',(-0.,1.,0.));
#409 = DIRECTION('',(0.,0.,-1.));
#410 = ADVANCED_FACE('',(#411),#449,.T.);
#411 = FACE_BOUND('',#412,.T.);
#412 = EDGE_LOOP('',(#413,#423,#432,#442));
#413 = ORIENTED_EDGE('',*,*,#414,.F.);
#414 = EDGE_CURVE('',#415,#417,#419,.T.);
#415 = VERTEX_POINT('',#416);
#416 = CARTESIAN_POINT('',(-5.000004103517,-2.940001387602,1.83000000239
    ));
#417 = VERTEX_POINT('',#418);
#418 = CARTESIAN_POINT('',(-5.000004103517,-3.34,1.680007571788));
#419 = LINE('',#420,#421);
#420 = CARTESIAN_POINT('',(-5.000004103517,-3.140000794032,
    1.755003749504));
#421 = VECTOR('',#422,1.);
#422 = DIRECTION('',(-0.,-0.936334602353,-0.351108975159));
#423 = ORIENTED_EDGE('',*,*,#424,.F.);
#424 = EDGE_CURVE('',#425,#415,#427,.T.);
#425 = VERTEX_POINT('',#426);
#426 = CARTESIAN_POINT('',(-5.200002705839,-2.939999841553,
    1.804596557706));
#427 = CIRCLE('',#428,0.799999327477);
#428 = AXIS2_PLACEMENT_3D('',#429,#430,#431);
#429 = CARTESIAN_POINT('',(-5.000004103517,-2.940001387602,
    1.030000674913));
#430 = DIRECTION('',(0.,1.,0.));
#431 = DIRECTION('',(-0.249995395391,0.,0.968247025445));
#432 = ORIENTED_EDGE('',*,*,#433,.F.);
#433 = EDGE_CURVE('',#434,#425,#436,.T.);
#434 = VERTEX_POINT('',#435);
#435 = CARTESIAN_POINT('',(-5.200003308571,-3.340000586781,
    1.648467626139));
#436 = B_SPLINE_CURVE_WITH_KNOTS('',3,(#437,#438,#439,#440,#441),
  .UNSPECIFIED.,.F.,.F.,(4,1,4),(0.,0.5,1.),.QUASI_UNIFORM_KNOTS.);
#437 = CARTESIAN_POINT('',(-5.200003308571,-3.340000586781,
    1.648467626139));
#438 = CARTESIAN_POINT('',(-5.200003308571,-3.278744039873,
    1.672608995062));
#439 = CARTESIAN_POINT('',(-5.199996992795,-3.150817870826,
    1.722764141102));
#440 = CARTESIAN_POINT('',(-5.200002705839,-3.01207266566,1.776684147442
    ));
#441 = CARTESIAN_POINT('',(-5.200002705839,-2.939999841553,
    1.804596557706));
#442 = ORIENTED_EDGE('',*,*,#443,.F.);
#443 = EDGE_CURVE('',#417,#434,#444,.T.);
#444 = CIRCLE('',#445,0.650006896875);
#445 = AXIS2_PLACEMENT_3D('',#446,#447,#448);
#446 = CARTESIAN_POINT('',(-5.000004103517,-3.34,1.030000674913));
#447 = DIRECTION('',(0.,-1.,0.));
#448 = DIRECTION('',(0.30769832708,0.,0.951483967028));
#449 = CONICAL_SURFACE('',#450,0.725003074591,0.358755220162);
#450 = AXIS2_PLACEMENT_3D('',#451,#452,#453);
#451 = CARTESIAN_POINT('',(-5.000004103517,-3.140000794032,
    1.030000674913));
#452 = DIRECTION('',(-0.,1.,0.));
#453 = DIRECTION('',(0.,0.,-1.));
#454 = ADVANCED_FACE('',(#455,#553,#689),#825,.F.);
#455 = FACE_BOUND('',#456,.T.);
#456 = EDGE_LOOP('',(#457,#467,#475,#483,#491,#499,#507,#515,#523,#531,
    #539,#547));
#457 = ORIENTED_EDGE('',*,*,#458,.F.);
#458 = EDGE_CURVE('',#459,#461,#463,.T.);
#459 = VERTEX_POINT('',#460);
#460 = CARTESIAN_POINT('',(6.72,-1.74,-4.23));
#461 = VERTEX_POINT('',#462);
#462 = CARTESIAN_POINT('',(-6.72,-1.74,-4.23));
#463 = LINE('',#464,#465);
#464 = CARTESIAN_POINT('',(6.72,-1.74,-4.23));
#465 = VECTOR('',#466,1.);
#466 = DIRECTION('',(-1.,0.,0.));
#467 = ORIENTED_EDGE('',*,*,#468,.F.);
#468 = EDGE_CURVE('',#469,#459,#471,.T.);
#469 = VERTEX_POINT('',#470);
#470 = CARTESIAN_POINT('',(6.72,-1.74,-2.73));
#471 = LINE('',#472,#473);
#472 = CARTESIAN_POINT('',(6.72,-1.74,-2.73));
#473 = VECTOR('',#474,1.);
#474 = DIRECTION('',(0.,0.,-1.));
#475 = ORIENTED_EDGE('',*,*,#476,.T.);
#476 = EDGE_CURVE('',#469,#477,#479,.T.);
#477 = VERTEX_POINT('',#478);
#478 = CARTESIAN_POINT('',(6.12,-1.74,-2.73));
#479 = LINE('',#480,#481);
#480 = CARTESIAN_POINT('',(6.72,-1.74,-2.73));
#481 = VECTOR('',#482,1.);
#482 = DIRECTION('',(-1.,0.,0.));
#483 = ORIENTED_EDGE('',*,*,#484,.F.);
#484 = EDGE_CURVE('',#485,#477,#487,.T.);
#485 = VERTEX_POINT('',#486);
#486 = CARTESIAN_POINT('',(6.12,-1.74,2.73));
#487 = LINE('',#488,#489);
#488 = CARTESIAN_POINT('',(6.12,-1.74,2.73));
#489 = VECTOR('',#490,1.);
#490 = DIRECTION('',(0.,0.,-1.));
#491 = ORIENTED_EDGE('',*,*,#492,.F.);
#492 = EDGE_CURVE('',#493,#485,#495,.T.);
#493 = VERTEX_POINT('',#494);
#494 = CARTESIAN_POINT('',(6.72,-1.74,2.73));
#495 = LINE('',#496,#497);
#496 = CARTESIAN_POINT('',(6.72,-1.74,2.73));
#497 = VECTOR('',#498,1.);
#498 = DIRECTION('',(-1.,0.,0.));
#499 = ORIENTED_EDGE('',*,*,#500,.F.);
#500 = EDGE_CURVE('',#501,#493,#503,.T.);
#501 = VERTEX_POINT('',#502);
#502 = CARTESIAN_POINT('',(6.72,-1.74,4.23));
#503 = LINE('',#504,#505);
#504 = CARTESIAN_POINT('',(6.72,-1.74,4.23));
#505 = VECTOR('',#506,1.);
#506 = DIRECTION('',(0.,0.,-1.));
#507 = ORIENTED_EDGE('',*,*,#508,.F.);
#508 = EDGE_CURVE('',#509,#501,#511,.T.);
#509 = VERTEX_POINT('',#510);
#510 = CARTESIAN_POINT('',(-6.72,-1.74,4.23));
#511 = LINE('',#512,#513);
#512 = CARTESIAN_POINT('',(-6.72,-1.74,4.23));
#513 = VECTOR('',#514,1.);
#514 = DIRECTION('',(1.,0.,0.));
#515 = ORIENTED_EDGE('',*,*,#516,.F.);
#516 = EDGE_CURVE('',#517,#509,#519,.T.);
#517 = VERTEX_POINT('',#518);
#518 = CARTESIAN_POINT('',(-6.72,-1.74,2.73));
#519 = LINE('',#520,#521);
#520 = CARTESIAN_POINT('',(-6.72,-1.74,2.73));
#521 = VECTOR('',#522,1.);
#522 = DIRECTION('',(0.,0.,1.));
#523 = ORIENTED_EDGE('',*,*,#524,.T.);
#524 = EDGE_CURVE('',#517,#525,#527,.T.);
#525 = VERTEX_POINT('',#526);
#526 = CARTESIAN_POINT('',(-6.12,-1.74,2.73));
#527 = LINE('',#528,#529);
#528 = CARTESIAN_POINT('',(-6.72,-1.74,2.73));
#529 = VECTOR('',#530,1.);
#530 = DIRECTION('',(1.,0.,0.));
#531 = ORIENTED_EDGE('',*,*,#532,.F.);
#532 = EDGE_CURVE('',#533,#525,#535,.T.);
#533 = VERTEX_POINT('',#534);
#534 = CARTESIAN_POINT('',(-6.12,-1.74,-2.73));
#535 = LINE('',#536,#537);
#536 = CARTESIAN_POINT('',(-6.12,-1.74,-2.73));
#537 = VECTOR('',#538,1.);
#538 = DIRECTION('',(0.,0.,1.));
#539 = ORIENTED_EDGE('',*,*,#540,.F.);
#540 = EDGE_CURVE('',#541,#533,#543,.T.);
#541 = VERTEX_POINT('',#542);
#542 = CARTESIAN_POINT('',(-6.72,-1.74,-2.73));
#543 = LINE('',#544,#545);
#544 = CARTESIAN_POINT('',(-6.72,-1.74,-2.73));
#545 = VECTOR('',#546,1.);
#546 = DIRECTION('',(1.,0.,0.));
#547 = ORIENTED_EDGE('',*,*,#548,.F.);
#548 = EDGE_CURVE('',#461,#541,#549,.T.);
#549 = LINE('',#550,#551);
#550 = CARTESIAN_POINT('',(-6.72,-1.74,-4.23));
#551 = VECTOR('',#552,1.);
#552 = DIRECTION('',(0.,0.,1.));
#553 = FACE_BOUND('',#554,.T.);
#554 = EDGE_LOOP('',(#555,#566,#574,#583,#589,#590,#599,#607,#616,#624,
    #633,#641,#650,#658,#665,#666,#674,#683));
#555 = ORIENTED_EDGE('',*,*,#556,.F.);
#556 = EDGE_CURVE('',#557,#559,#561,.T.);
#557 = VERTEX_POINT('',#558);
#558 = CARTESIAN_POINT('',(-4.8,-1.74,1.804596669241));
#559 = VERTEX_POINT('',#560);
#560 = CARTESIAN_POINT('',(-5.2,-1.74,1.804596669241));
#561 = CIRCLE('',#562,0.8);
#562 = AXIS2_PLACEMENT_3D('',#563,#564,#565);
#563 = CARTESIAN_POINT('',(-5.,-1.74,1.03));
#564 = DIRECTION('',(0.,-1.,0.));
#565 = DIRECTION('',(0.25,0.,0.968245836552));
#566 = ORIENTED_EDGE('',*,*,#567,.F.);
#567 = EDGE_CURVE('',#568,#557,#570,.T.);
#568 = VERTEX_POINT('',#569);
#569 = CARTESIAN_POINT('',(-4.8,-1.74,1.43));
#570 = LINE('',#571,#572);
#571 = CARTESIAN_POINT('',(-4.8,-1.74,1.43));
#572 = VECTOR('',#573,1.);
#573 = DIRECTION('',(0.,0.,1.));
#574 = ORIENTED_EDGE('',*,*,#575,.T.);
#575 = EDGE_CURVE('',#568,#576,#578,.T.);
#576 = VERTEX_POINT('',#577);
#577 = CARTESIAN_POINT('',(-4.6,-1.74,1.23));
#578 = CIRCLE('',#579,0.2);
#579 = AXIS2_PLACEMENT_3D('',#580,#581,#582);
#580 = CARTESIAN_POINT('',(-4.6,-1.74,1.43));
#581 = DIRECTION('',(0.,-1.,0.));
#582 = DIRECTION('',(-1.,0.,0.));
#583 = ORIENTED_EDGE('',*,*,#584,.F.);
#584 = EDGE_CURVE('',#211,#576,#585,.T.);
#585 = LINE('',#586,#587);
#586 = CARTESIAN_POINT('',(-4.225403330759,-1.74,1.23));
#587 = VECTOR('',#588,1.);
#588 = DIRECTION('',(-1.,0.,0.));
#589 = ORIENTED_EDGE('',*,*,#210,.F.);
#590 = ORIENTED_EDGE('',*,*,#591,.F.);
#591 = EDGE_CURVE('',#592,#201,#594,.T.);
#592 = VERTEX_POINT('',#593);
#593 = CARTESIAN_POINT('',(-4.225403330759,-1.74,0.83));
#594 = CIRCLE('',#595,0.8);
#595 = AXIS2_PLACEMENT_3D('',#596,#597,#598);
#596 = CARTESIAN_POINT('',(-5.,-1.74,1.03));
#597 = DIRECTION('',(0.,-1.,0.));
#598 = DIRECTION('',(0.968245836552,0.,-0.25));
#599 = ORIENTED_EDGE('',*,*,#600,.F.);
#600 = EDGE_CURVE('',#601,#592,#603,.T.);
#601 = VERTEX_POINT('',#602);
#602 = CARTESIAN_POINT('',(-4.6,-1.74,0.83));
#603 = LINE('',#604,#605);
#604 = CARTESIAN_POINT('',(-4.6,-1.74,0.83));
#605 = VECTOR('',#606,1.);
#606 = DIRECTION('',(1.,0.,0.));
#607 = ORIENTED_EDGE('',*,*,#608,.T.);
#608 = EDGE_CURVE('',#601,#609,#611,.T.);
#609 = VERTEX_POINT('',#610);
#610 = CARTESIAN_POINT('',(-4.8,-1.74,0.63));
#611 = CIRCLE('',#612,0.2);
#612 = AXIS2_PLACEMENT_3D('',#613,#614,#615);
#613 = CARTESIAN_POINT('',(-4.6,-1.74,0.63));
#614 = DIRECTION('',(0.,-1.,0.));
#615 = DIRECTION('',(1.33226762955E-14,0.,1.));
#616 = ORIENTED_EDGE('',*,*,#617,.F.);
#617 = EDGE_CURVE('',#618,#609,#620,.T.);
#618 = VERTEX_POINT('',#619);
#619 = CARTESIAN_POINT('',(-4.8,-1.74,0.255403330759));
#620 = LINE('',#621,#622);
#621 = CARTESIAN_POINT('',(-4.8,-1.74,0.255403330759));
#622 = VECTOR('',#623,1.);
#623 = DIRECTION('',(0.,0.,1.));
#624 = ORIENTED_EDGE('',*,*,#625,.F.);
#625 = EDGE_CURVE('',#626,#618,#628,.T.);
#626 = VERTEX_POINT('',#627);
#627 = CARTESIAN_POINT('',(-5.2,-1.74,0.255403330759));
#628 = CIRCLE('',#629,0.8);
#629 = AXIS2_PLACEMENT_3D('',#630,#631,#632);
#630 = CARTESIAN_POINT('',(-5.,-1.74,1.03));
#631 = DIRECTION('',(0.,-1.,-0.));
#632 = DIRECTION('',(-0.25,0.,-0.968245836552));
#633 = ORIENTED_EDGE('',*,*,#634,.F.);
#634 = EDGE_CURVE('',#635,#626,#637,.T.);
#635 = VERTEX_POINT('',#636);
#636 = CARTESIAN_POINT('',(-5.2,-1.74,0.63));
#637 = LINE('',#638,#639);
#638 = CARTESIAN_POINT('',(-5.2,-1.74,0.63));
#639 = VECTOR('',#640,1.);
#640 = DIRECTION('',(0.,0.,-1.));
#641 = ORIENTED_EDGE('',*,*,#642,.T.);
#642 = EDGE_CURVE('',#635,#643,#645,.T.);
#643 = VERTEX_POINT('',#644);
#644 = CARTESIAN_POINT('',(-5.4,-1.74,0.83));
#645 = CIRCLE('',#646,0.2);
#646 = AXIS2_PLACEMENT_3D('',#647,#648,#649);
#647 = CARTESIAN_POINT('',(-5.4,-1.74,0.63));
#648 = DIRECTION('',(0.,-1.,0.));
#649 = DIRECTION('',(1.,0.,-3.10862446895E-14));
#650 = ORIENTED_EDGE('',*,*,#651,.F.);
#651 = EDGE_CURVE('',#652,#643,#654,.T.);
#652 = VERTEX_POINT('',#653);
#653 = CARTESIAN_POINT('',(-5.774596669241,-1.74,0.83));
#654 = LINE('',#655,#656);
#655 = CARTESIAN_POINT('',(-5.774596669241,-1.74,0.83));
#656 = VECTOR('',#657,1.);
#657 = DIRECTION('',(1.,0.,0.));
#658 = ORIENTED_EDGE('',*,*,#659,.F.);
#659 = EDGE_CURVE('',#117,#652,#660,.T.);
#660 = CIRCLE('',#661,0.8);
#661 = AXIS2_PLACEMENT_3D('',#662,#663,#664);
#662 = CARTESIAN_POINT('',(-5.,-1.74,1.03));
#663 = DIRECTION('',(0.,-1.,0.));
#664 = DIRECTION('',(-0.968245836552,0.,0.25));
#665 = ORIENTED_EDGE('',*,*,#141,.F.);
#666 = ORIENTED_EDGE('',*,*,#667,.F.);
#667 = EDGE_CURVE('',#668,#134,#670,.T.);
#668 = VERTEX_POINT('',#669);
#669 = CARTESIAN_POINT('',(-5.4,-1.74,1.23));
#670 = LINE('',#671,#672);
#671 = CARTESIAN_POINT('',(-5.4,-1.74,1.23));
#672 = VECTOR('',#673,1.);
#673 = DIRECTION('',(-1.,0.,0.));
#674 = ORIENTED_EDGE('',*,*,#675,.T.);
#675 = EDGE_CURVE('',#668,#676,#678,.T.);
#676 = VERTEX_POINT('',#677);
#677 = CARTESIAN_POINT('',(-5.2,-1.74,1.43));
#678 = CIRCLE('',#679,0.2);
#679 = AXIS2_PLACEMENT_3D('',#680,#681,#682);
#680 = CARTESIAN_POINT('',(-5.4,-1.74,1.43));
#681 = DIRECTION('',(0.,-1.,0.));
#682 = DIRECTION('',(0.,0.,-1.));
#683 = ORIENTED_EDGE('',*,*,#684,.F.);
#684 = EDGE_CURVE('',#559,#676,#685,.T.);
#685 = LINE('',#686,#687);
#686 = CARTESIAN_POINT('',(-5.2,-1.74,1.804596669241));
#687 = VECTOR('',#688,1.);
#688 = DIRECTION('',(0.,0.,-1.));
#689 = FACE_BOUND('',#690,.T.);
#690 = EDGE_LOOP('',(#691,#701,#710,#716,#717,#726,#734,#743,#751,#760,
    #768,#777,#785,#792,#793,#801,#810,#818));
#691 = ORIENTED_EDGE('',*,*,#692,.F.);
#692 = EDGE_CURVE('',#693,#695,#697,.T.);
#693 = VERTEX_POINT('',#694);
#694 = CARTESIAN_POINT('',(5.2,-1.74,1.43));
#695 = VERTEX_POINT('',#696);
#696 = CARTESIAN_POINT('',(5.2,-1.74,1.804596669241));
#697 = LINE('',#698,#699);
#698 = CARTESIAN_POINT('',(5.2,-1.74,1.43));
#699 = VECTOR('',#700,1.);
#700 = DIRECTION('',(0.,0.,1.));
#701 = ORIENTED_EDGE('',*,*,#702,.T.);
#702 = EDGE_CURVE('',#693,#703,#705,.T.);
#703 = VERTEX_POINT('',#704);
#704 = CARTESIAN_POINT('',(5.4,-1.74,1.23));
#705 = CIRCLE('',#706,0.2);
#706 = AXIS2_PLACEMENT_3D('',#707,#708,#709);
#707 = CARTESIAN_POINT('',(5.4,-1.74,1.43));
#708 = DIRECTION('',(0.,-1.,-0.));
#709 = DIRECTION('',(-1.,0.,-2.775557561563E-14));
#710 = ORIENTED_EDGE('',*,*,#711,.F.);
#711 = EDGE_CURVE('',#253,#703,#712,.T.);
#712 = LINE('',#713,#714);
#713 = CARTESIAN_POINT('',(5.774596669241,-1.74,1.23));
#714 = VECTOR('',#715,1.);
#715 = DIRECTION('',(-1.,0.,0.));
#716 = ORIENTED_EDGE('',*,*,#252,.F.);
#717 = ORIENTED_EDGE('',*,*,#718,.F.);
#718 = EDGE_CURVE('',#719,#243,#721,.T.);
#719 = VERTEX_POINT('',#720);
#720 = CARTESIAN_POINT('',(5.774596669241,-1.74,0.83));
#721 = CIRCLE('',#722,0.8);
#722 = AXIS2_PLACEMENT_3D('',#723,#724,#725);
#723 = CARTESIAN_POINT('',(5.,-1.74,1.03));
#724 = DIRECTION('',(0.,-1.,0.));
#725 = DIRECTION('',(0.968245836552,0.,-0.25));
#726 = ORIENTED_EDGE('',*,*,#727,.F.);
#727 = EDGE_CURVE('',#728,#719,#730,.T.);
#728 = VERTEX_POINT('',#729);
#729 = CARTESIAN_POINT('',(5.4,-1.74,0.83));
#730 = LINE('',#731,#732);
#731 = CARTESIAN_POINT('',(5.4,-1.74,0.83));
#732 = VECTOR('',#733,1.);
#733 = DIRECTION('',(1.,0.,0.));
#734 = ORIENTED_EDGE('',*,*,#735,.T.);
#735 = EDGE_CURVE('',#728,#736,#738,.T.);
#736 = VERTEX_POINT('',#737);
#737 = CARTESIAN_POINT('',(5.2,-1.74,0.63));
#738 = CIRCLE('',#739,0.2);
#739 = AXIS2_PLACEMENT_3D('',#740,#741,#742);
#740 = CARTESIAN_POINT('',(5.4,-1.74,0.63));
#741 = DIRECTION('',(0.,-1.,0.));
#742 = DIRECTION('',(-2.22044604925E-14,0.,1.));
#743 = ORIENTED_EDGE('',*,*,#744,.F.);
#744 = EDGE_CURVE('',#745,#736,#747,.T.);
#745 = VERTEX_POINT('',#746);
#746 = CARTESIAN_POINT('',(5.2,-1.74,0.255403330759));
#747 = LINE('',#748,#749);
#748 = CARTESIAN_POINT('',(5.2,-1.74,0.255403330759));
#749 = VECTOR('',#750,1.);
#750 = DIRECTION('',(0.,0.,1.));
#751 = ORIENTED_EDGE('',*,*,#752,.F.);
#752 = EDGE_CURVE('',#753,#745,#755,.T.);
#753 = VERTEX_POINT('',#754);
#754 = CARTESIAN_POINT('',(4.8,-1.74,0.255403330759));
#755 = CIRCLE('',#756,0.8);
#756 = AXIS2_PLACEMENT_3D('',#757,#758,#759);
#757 = CARTESIAN_POINT('',(5.,-1.74,1.03));
#758 = DIRECTION('',(0.,-1.,-0.));
#759 = DIRECTION('',(-0.25,0.,-0.968245836552));
#760 = ORIENTED_EDGE('',*,*,#761,.F.);
#761 = EDGE_CURVE('',#762,#753,#764,.T.);
#762 = VERTEX_POINT('',#763);
#763 = CARTESIAN_POINT('',(4.8,-1.74,0.63));
#764 = LINE('',#765,#766);
#765 = CARTESIAN_POINT('',(4.8,-1.74,0.63));
#766 = VECTOR('',#767,1.);
#767 = DIRECTION('',(0.,0.,-1.));
#768 = ORIENTED_EDGE('',*,*,#769,.T.);
#769 = EDGE_CURVE('',#762,#770,#772,.T.);
#770 = VERTEX_POINT('',#771);
#771 = CARTESIAN_POINT('',(4.6,-1.74,0.83));
#772 = CIRCLE('',#773,0.2);
#773 = AXIS2_PLACEMENT_3D('',#774,#775,#776);
#774 = CARTESIAN_POINT('',(4.6,-1.74,0.63));
#775 = DIRECTION('',(0.,-1.,0.));
#776 = DIRECTION('',(1.,0.,0.));
#777 = ORIENTED_EDGE('',*,*,#778,.F.);
#778 = EDGE_CURVE('',#779,#770,#781,.T.);
#779 = VERTEX_POINT('',#780);
#780 = CARTESIAN_POINT('',(4.225403330759,-1.74,0.83));
#781 = LINE('',#782,#783);
#782 = CARTESIAN_POINT('',(4.225403330759,-1.74,0.83));
#783 = VECTOR('',#784,1.);
#784 = DIRECTION('',(1.,0.,0.));
#785 = ORIENTED_EDGE('',*,*,#786,.F.);
#786 = EDGE_CURVE('',#287,#779,#787,.T.);
#787 = CIRCLE('',#788,0.8);
#788 = AXIS2_PLACEMENT_3D('',#789,#790,#791);
#789 = CARTESIAN_POINT('',(5.,-1.74,1.03));
#790 = DIRECTION('',(0.,-1.,0.));
#791 = DIRECTION('',(-0.968245836552,0.,0.25));
#792 = ORIENTED_EDGE('',*,*,#311,.F.);
#793 = ORIENTED_EDGE('',*,*,#794,.F.);
#794 = EDGE_CURVE('',#795,#304,#797,.T.);
#795 = VERTEX_POINT('',#796);
#796 = CARTESIAN_POINT('',(4.6,-1.74,1.23));
#797 = LINE('',#798,#799);
#798 = CARTESIAN_POINT('',(4.6,-1.74,1.23));
#799 = VECTOR('',#800,1.);
#800 = DIRECTION('',(-1.,0.,0.));
#801 = ORIENTED_EDGE('',*,*,#802,.T.);
#802 = EDGE_CURVE('',#795,#803,#805,.T.);
#803 = VERTEX_POINT('',#804);
#804 = CARTESIAN_POINT('',(4.8,-1.74,1.43));
#805 = CIRCLE('',#806,0.2);
#806 = AXIS2_PLACEMENT_3D('',#807,#808,#809);
#807 = CARTESIAN_POINT('',(4.6,-1.74,1.43));
#808 = DIRECTION('',(0.,-1.,0.));
#809 = DIRECTION('',(0.,0.,-1.));
#810 = ORIENTED_EDGE('',*,*,#811,.F.);
#811 = EDGE_CURVE('',#812,#803,#814,.T.);
#812 = VERTEX_POINT('',#813);
#813 = CARTESIAN_POINT('',(4.8,-1.74,1.804596669241));
#814 = LINE('',#815,#816);
#815 = CARTESIAN_POINT('',(4.8,-1.74,1.804596669241));
#816 = VECTOR('',#817,1.);
#817 = DIRECTION('',(0.,0.,-1.));
#818 = ORIENTED_EDGE('',*,*,#819,.F.);
#819 = EDGE_CURVE('',#695,#812,#820,.T.);
#820 = CIRCLE('',#821,0.8);
#821 = AXIS2_PLACEMENT_3D('',#822,#823,#824);
#822 = CARTESIAN_POINT('',(5.,-1.74,1.03));
#823 = DIRECTION('',(0.,-1.,0.));
#824 = DIRECTION('',(0.25,0.,0.968245836552));
#825 = PLANE('',#826);
#826 = AXIS2_PLACEMENT_3D('',#827,#828,#829);
#827 = CARTESIAN_POINT('',(0.,-1.74,0.));
#828 = DIRECTION('',(-0.,1.,0.));
#829 = DIRECTION('',(1.,0.,0.));
#830 = ADVANCED_FACE('',(#831),#879,.T.);
#831 = FACE_BOUND('',#832,.T.);
#832 = EDGE_LOOP('',(#833,#841,#849,#855,#856,#864,#872,#878));
#833 = ORIENTED_EDGE('',*,*,#834,.T.);
#834 = EDGE_CURVE('',#509,#835,#837,.T.);
#835 = VERTEX_POINT('',#836);
#836 = CARTESIAN_POINT('',(-6.72,1.74,4.23));
#837 = LINE('',#838,#839);
#838 = CARTESIAN_POINT('',(-6.72,-1.74,4.23));
#839 = VECTOR('',#840,1.);
#840 = DIRECTION('',(0.,1.,0.));
#841 = ORIENTED_EDGE('',*,*,#842,.F.);
#842 = EDGE_CURVE('',#843,#835,#845,.T.);
#843 = VERTEX_POINT('',#844);
#844 = CARTESIAN_POINT('',(-6.72,1.74,-4.23));
#845 = LINE('',#846,#847);
#846 = CARTESIAN_POINT('',(-6.72,1.74,-4.23));
#847 = VECTOR('',#848,1.);
#848 = DIRECTION('',(0.,0.,1.));
#849 = ORIENTED_EDGE('',*,*,#850,.F.);
#850 = EDGE_CURVE('',#461,#843,#851,.T.);
#851 = LINE('',#852,#853);
#852 = CARTESIAN_POINT('',(-6.72,-1.74,-4.23));
#853 = VECTOR('',#854,1.);
#854 = DIRECTION('',(0.,1.,0.));
#855 = ORIENTED_EDGE('',*,*,#548,.T.);
#856 = ORIENTED_EDGE('',*,*,#857,.T.);
#857 = EDGE_CURVE('',#541,#858,#860,.T.);
#858 = VERTEX_POINT('',#859);
#859 = CARTESIAN_POINT('',(-6.72,-2.04,-2.73));
#860 = LINE('',#861,#862);
#861 = CARTESIAN_POINT('',(-6.72,-1.74,-2.73));
#862 = VECTOR('',#863,1.);
#863 = DIRECTION('',(0.,-1.,0.));
#864 = ORIENTED_EDGE('',*,*,#865,.F.);
#865 = EDGE_CURVE('',#866,#858,#868,.T.);
#866 = VERTEX_POINT('',#867);
#867 = CARTESIAN_POINT('',(-6.72,-2.04,2.73));
#868 = LINE('',#869,#870);
#869 = CARTESIAN_POINT('',(-6.72,-2.04,2.73));
#870 = VECTOR('',#871,1.);
#871 = DIRECTION('',(0.,0.,-1.));
#872 = ORIENTED_EDGE('',*,*,#873,.F.);
#873 = EDGE_CURVE('',#517,#866,#874,.T.);
#874 = LINE('',#875,#876);
#875 = CARTESIAN_POINT('',(-6.72,-1.74,2.73));
#876 = VECTOR('',#877,1.);
#877 = DIRECTION('',(0.,-1.,0.));
#878 = ORIENTED_EDGE('',*,*,#516,.T.);
#879 = PLANE('',#880);
#880 = AXIS2_PLACEMENT_3D('',#881,#882,#883);
#881 = CARTESIAN_POINT('',(-6.72,-1.74,-4.23));
#882 = DIRECTION('',(-1.,0.,0.));
#883 = DIRECTION('',(0.,0.,1.));
#884 = ADVANCED_FACE('',(#885),#903,.T.);
#885 = FACE_BOUND('',#886,.T.);
#886 = EDGE_LOOP('',(#887,#888,#889,#897));
#887 = ORIENTED_EDGE('',*,*,#524,.F.);
#888 = ORIENTED_EDGE('',*,*,#873,.T.);
#889 = ORIENTED_EDGE('',*,*,#890,.F.);
#890 = EDGE_CURVE('',#891,#866,#893,.T.);
#891 = VERTEX_POINT('',#892);
#892 = CARTESIAN_POINT('',(-6.12,-2.04,2.73));
#893 = LINE('',#894,#895);
#894 = CARTESIAN_POINT('',(-6.12,-2.04,2.73));
#895 = VECTOR('',#896,1.);
#896 = DIRECTION('',(-1.,0.,0.));
#897 = ORIENTED_EDGE('',*,*,#898,.F.);
#898 = EDGE_CURVE('',#525,#891,#899,.T.);
#899 = LINE('',#900,#901);
#900 = CARTESIAN_POINT('',(-6.12,-1.74,2.73));
#901 = VECTOR('',#902,1.);
#902 = DIRECTION('',(0.,-1.,0.));
#903 = PLANE('',#904);
#904 = AXIS2_PLACEMENT_3D('',#905,#906,#907);
#905 = CARTESIAN_POINT('',(-6.12,-1.74,2.73));
#906 = DIRECTION('',(0.,0.,1.));
#907 = DIRECTION('',(1.,0.,-0.));
#908 = ADVANCED_FACE('',(#909),#927,.T.);
#909 = FACE_BOUND('',#910,.T.);
#910 = EDGE_LOOP('',(#911,#912,#913,#921));
#911 = ORIENTED_EDGE('',*,*,#532,.T.);
#912 = ORIENTED_EDGE('',*,*,#898,.T.);
#913 = ORIENTED_EDGE('',*,*,#914,.F.);
#914 = EDGE_CURVE('',#915,#891,#917,.T.);
#915 = VERTEX_POINT('',#916);
#916 = CARTESIAN_POINT('',(-6.12,-2.04,-2.73));
#917 = LINE('',#918,#919);
#918 = CARTESIAN_POINT('',(-6.12,-2.04,-2.73));
#919 = VECTOR('',#920,1.);
#920 = DIRECTION('',(0.,0.,1.));
#921 = ORIENTED_EDGE('',*,*,#922,.F.);
#922 = EDGE_CURVE('',#533,#915,#923,.T.);
#923 = LINE('',#924,#925);
#924 = CARTESIAN_POINT('',(-6.12,-1.74,-2.73));
#925 = VECTOR('',#926,1.);
#926 = DIRECTION('',(0.,-1.,0.));
#927 = PLANE('',#928);
#928 = AXIS2_PLACEMENT_3D('',#929,#930,#931);
#929 = CARTESIAN_POINT('',(-6.12,-1.74,-2.73));
#930 = DIRECTION('',(1.,0.,0.));
#931 = DIRECTION('',(-0.,1.,0.));
#932 = ADVANCED_FACE('',(#933),#944,.T.);
#933 = FACE_BOUND('',#934,.T.);
#934 = EDGE_LOOP('',(#935,#936,#937,#943));
#935 = ORIENTED_EDGE('',*,*,#540,.T.);
#936 = ORIENTED_EDGE('',*,*,#922,.T.);
#937 = ORIENTED_EDGE('',*,*,#938,.F.);
#938 = EDGE_CURVE('',#858,#915,#939,.T.);
#939 = LINE('',#940,#941);
#940 = CARTESIAN_POINT('',(-6.72,-2.04,-2.73));
#941 = VECTOR('',#942,1.);
#942 = DIRECTION('',(1.,0.,0.));
#943 = ORIENTED_EDGE('',*,*,#857,.F.);
#944 = PLANE('',#945);
#945 = AXIS2_PLACEMENT_3D('',#946,#947,#948);
#946 = CARTESIAN_POINT('',(-6.72,-1.74,-2.73));
#947 = DIRECTION('',(0.,0.,-1.));
#948 = DIRECTION('',(0.,-1.,0.));
#949 = ADVANCED_FACE('',(#950),#984,.T.);
#950 = FACE_BOUND('',#951,.T.);
#951 = EDGE_LOOP('',(#952,#962,#970,#978));
#952 = ORIENTED_EDGE('',*,*,#953,.T.);
#953 = EDGE_CURVE('',#954,#956,#958,.T.);
#954 = VERTEX_POINT('',#955);
#955 = CARTESIAN_POINT('',(6.72,-2.04,2.73));
#956 = VERTEX_POINT('',#957);
#957 = CARTESIAN_POINT('',(6.12,-2.04,2.73));
#958 = LINE('',#959,#960);
#959 = CARTESIAN_POINT('',(6.72,-2.04,2.73));
#960 = VECTOR('',#961,1.);
#961 = DIRECTION('',(-1.,0.,0.));
#962 = ORIENTED_EDGE('',*,*,#963,.T.);
#963 = EDGE_CURVE('',#956,#964,#966,.T.);
#964 = VERTEX_POINT('',#965);
#965 = CARTESIAN_POINT('',(6.12,-2.04,-2.73));
#966 = LINE('',#967,#968);
#967 = CARTESIAN_POINT('',(6.12,-2.04,2.73));
#968 = VECTOR('',#969,1.);
#969 = DIRECTION('',(0.,0.,-1.));
#970 = ORIENTED_EDGE('',*,*,#971,.T.);
#971 = EDGE_CURVE('',#964,#972,#974,.T.);
#972 = VERTEX_POINT('',#973);
#973 = CARTESIAN_POINT('',(6.72,-2.04,-2.73));
#974 = LINE('',#975,#976);
#975 = CARTESIAN_POINT('',(6.12,-2.04,-2.73));
#976 = VECTOR('',#977,1.);
#977 = DIRECTION('',(1.,0.,0.));
#978 = ORIENTED_EDGE('',*,*,#979,.T.);
#979 = EDGE_CURVE('',#972,#954,#980,.T.);
#980 = LINE('',#981,#982);
#981 = CARTESIAN_POINT('',(6.72,-2.04,-2.73));
#982 = VECTOR('',#983,1.);
#983 = DIRECTION('',(0.,0.,1.));
#984 = PLANE('',#985);
#985 = AXIS2_PLACEMENT_3D('',#986,#987,#988);
#986 = CARTESIAN_POINT('',(0.,-2.04,0.));
#987 = DIRECTION('',(0.,-1.,0.));
#988 = DIRECTION('',(0.,0.,-1.));
#989 = ADVANCED_FACE('',(#990),#996,.T.);
#990 = FACE_BOUND('',#991,.T.);
#991 = EDGE_LOOP('',(#992,#993,#994,#995));
#992 = ORIENTED_EDGE('',*,*,#914,.T.);
#993 = ORIENTED_EDGE('',*,*,#890,.T.);
#994 = ORIENTED_EDGE('',*,*,#865,.T.);
#995 = ORIENTED_EDGE('',*,*,#938,.T.);
#996 = PLANE('',#997);
#997 = AXIS2_PLACEMENT_3D('',#998,#999,#1000);
#998 = CARTESIAN_POINT('',(0.,-2.04,0.));
#999 = DIRECTION('',(0.,-1.,0.));
#1000 = DIRECTION('',(0.,0.,-1.));
#1001 = ADVANCED_FACE('',(#1002),#1041,.T.);
#1002 = FACE_BOUND('',#1003,.T.);
#1003 = EDGE_LOOP('',(#1004,#1012,#1020,#1026,#1027,#1033,#1034,#1040));
#1004 = ORIENTED_EDGE('',*,*,#1005,.T.);
#1005 = EDGE_CURVE('',#459,#1006,#1008,.T.);
#1006 = VERTEX_POINT('',#1007);
#1007 = CARTESIAN_POINT('',(6.72,1.74,-4.23));
#1008 = LINE('',#1009,#1010);
#1009 = CARTESIAN_POINT('',(6.72,-1.74,-4.23));
#1010 = VECTOR('',#1011,1.);
#1011 = DIRECTION('',(0.,1.,0.));
#1012 = ORIENTED_EDGE('',*,*,#1013,.F.);
#1013 = EDGE_CURVE('',#1014,#1006,#1016,.T.);
#1014 = VERTEX_POINT('',#1015);
#1015 = CARTESIAN_POINT('',(6.72,1.74,4.23));
#1016 = LINE('',#1017,#1018);
#1017 = CARTESIAN_POINT('',(6.72,1.74,4.23));
#1018 = VECTOR('',#1019,1.);
#1019 = DIRECTION('',(0.,0.,-1.));
#1020 = ORIENTED_EDGE('',*,*,#1021,.F.);
#1021 = EDGE_CURVE('',#501,#1014,#1022,.T.);
#1022 = LINE('',#1023,#1024);
#1023 = CARTESIAN_POINT('',(6.72,-1.74,4.23));
#1024 = VECTOR('',#1025,1.);
#1025 = DIRECTION('',(0.,1.,0.));
#1026 = ORIENTED_EDGE('',*,*,#500,.T.);
#1027 = ORIENTED_EDGE('',*,*,#1028,.T.);
#1028 = EDGE_CURVE('',#493,#954,#1029,.T.);
#1029 = LINE('',#1030,#1031);
#1030 = CARTESIAN_POINT('',(6.72,-1.74,2.73));
#1031 = VECTOR('',#1032,1.);
#1032 = DIRECTION('',(0.,-1.,0.));
#1033 = ORIENTED_EDGE('',*,*,#979,.F.);
#1034 = ORIENTED_EDGE('',*,*,#1035,.F.);
#1035 = EDGE_CURVE('',#469,#972,#1036,.T.);
#1036 = LINE('',#1037,#1038);
#1037 = CARTESIAN_POINT('',(6.72,-1.74,-2.73));
#1038 = VECTOR('',#1039,1.);
#1039 = DIRECTION('',(0.,-1.,0.));
#1040 = ORIENTED_EDGE('',*,*,#468,.T.);
#1041 = PLANE('',#1042);
#1042 = AXIS2_PLACEMENT_3D('',#1043,#1044,#1045);
#1043 = CARTESIAN_POINT('',(6.72,-1.74,4.23));
#1044 = DIRECTION('',(1.,0.,0.));
#1045 = DIRECTION('',(-0.,1.,0.));
#1046 = ADVANCED_FACE('',(#1047),#1058,.T.);
#1047 = FACE_BOUND('',#1048,.T.);
#1048 = EDGE_LOOP('',(#1049,#1050,#1056,#1057));
#1049 = ORIENTED_EDGE('',*,*,#971,.F.);
#1050 = ORIENTED_EDGE('',*,*,#1051,.F.);
#1051 = EDGE_CURVE('',#477,#964,#1052,.T.);
#1052 = LINE('',#1053,#1054);
#1053 = CARTESIAN_POINT('',(6.12,-1.74,-2.73));
#1054 = VECTOR('',#1055,1.);
#1055 = DIRECTION('',(0.,-1.,0.));
#1056 = ORIENTED_EDGE('',*,*,#476,.F.);
#1057 = ORIENTED_EDGE('',*,*,#1035,.T.);
#1058 = PLANE('',#1059);
#1059 = AXIS2_PLACEMENT_3D('',#1060,#1061,#1062);
#1060 = CARTESIAN_POINT('',(6.12,-1.74,-2.73));
#1061 = DIRECTION('',(0.,0.,-1.));
#1062 = DIRECTION('',(0.,-1.,0.));
#1063 = ADVANCED_FACE('',(#1064),#1075,.T.);
#1064 = FACE_BOUND('',#1065,.T.);
#1065 = EDGE_LOOP('',(#1066,#1067,#1068,#1069));
#1066 = ORIENTED_EDGE('',*,*,#484,.T.);
#1067 = ORIENTED_EDGE('',*,*,#1051,.T.);
#1068 = ORIENTED_EDGE('',*,*,#963,.F.);
#1069 = ORIENTED_EDGE('',*,*,#1070,.F.);
#1070 = EDGE_CURVE('',#485,#956,#1071,.T.);
#1071 = LINE('',#1072,#1073);
#1072 = CARTESIAN_POINT('',(6.12,-1.74,2.73));
#1073 = VECTOR('',#1074,1.);
#1074 = DIRECTION('',(0.,-1.,0.));
#1075 = PLANE('',#1076);
#1076 = AXIS2_PLACEMENT_3D('',#1077,#1078,#1079);
#1077 = CARTESIAN_POINT('',(6.12,-1.74,2.73));
#1078 = DIRECTION('',(-1.,0.,0.));
#1079 = DIRECTION('',(0.,0.,1.));
#1080 = ADVANCED_FACE('',(#1081),#1087,.T.);
#1081 = FACE_BOUND('',#1082,.T.);
#1082 = EDGE_LOOP('',(#1083,#1084,#1085,#1086));
#1083 = ORIENTED_EDGE('',*,*,#492,.T.);
#1084 = ORIENTED_EDGE('',*,*,#1070,.T.);
#1085 = ORIENTED_EDGE('',*,*,#953,.F.);
#1086 = ORIENTED_EDGE('',*,*,#1028,.F.);
#1087 = PLANE('',#1088);
#1088 = AXIS2_PLACEMENT_3D('',#1089,#1090,#1091);
#1089 = CARTESIAN_POINT('',(6.72,-1.74,2.73));
#1090 = DIRECTION('',(0.,0.,1.));
#1091 = DIRECTION('',(1.,0.,-0.));
#1092 = ADVANCED_FACE('',(#1093,#1264,#1298),#1332,.T.);
#1093 = FACE_BOUND('',#1094,.T.);
#1094 = EDGE_LOOP('',(#1095,#1105,#1113,#1119,#1120,#1121,#1122,#1130,
    #1138,#1146,#1154,#1162,#1170,#1178,#1186,#1194,#1202,#1210,#1218,
    #1226,#1234,#1242,#1250,#1258));
#1095 = ORIENTED_EDGE('',*,*,#1096,.F.);
#1096 = EDGE_CURVE('',#1097,#1099,#1101,.T.);
#1097 = VERTEX_POINT('',#1098);
#1098 = CARTESIAN_POINT('',(-2.6,2.56,4.23));
#1099 = VERTEX_POINT('',#1100);
#1100 = CARTESIAN_POINT('',(-2.2,2.56,4.23));
#1101 = LINE('',#1102,#1103);
#1102 = CARTESIAN_POINT('',(-2.6,2.56,4.23));
#1103 = VECTOR('',#1104,1.);
#1104 = DIRECTION('',(1.,0.,0.));
#1105 = ORIENTED_EDGE('',*,*,#1106,.T.);
#1106 = EDGE_CURVE('',#1097,#1107,#1109,.T.);
#1107 = VERTEX_POINT('',#1108);
#1108 = CARTESIAN_POINT('',(-2.6,1.74,4.23));
#1109 = LINE('',#1110,#1111);
#1110 = CARTESIAN_POINT('',(-2.6,2.56,4.23));
#1111 = VECTOR('',#1112,1.);
#1112 = DIRECTION('',(0.,-1.,0.));
#1113 = ORIENTED_EDGE('',*,*,#1114,.F.);
#1114 = EDGE_CURVE('',#835,#1107,#1115,.T.);
#1115 = LINE('',#1116,#1117);
#1116 = CARTESIAN_POINT('',(-6.72,1.74,4.23));
#1117 = VECTOR('',#1118,1.);
#1118 = DIRECTION('',(1.,0.,0.));
#1119 = ORIENTED_EDGE('',*,*,#834,.F.);
#1120 = ORIENTED_EDGE('',*,*,#508,.T.);
#1121 = ORIENTED_EDGE('',*,*,#1021,.T.);
#1122 = ORIENTED_EDGE('',*,*,#1123,.F.);
#1123 = EDGE_CURVE('',#1124,#1014,#1126,.T.);
#1124 = VERTEX_POINT('',#1125);
#1125 = CARTESIAN_POINT('',(2.6,1.74,4.23));
#1126 = LINE('',#1127,#1128);
#1127 = CARTESIAN_POINT('',(2.6,1.74,4.23));
#1128 = VECTOR('',#1129,1.);
#1129 = DIRECTION('',(1.,0.,0.));
#1130 = ORIENTED_EDGE('',*,*,#1131,.F.);
#1131 = EDGE_CURVE('',#1132,#1124,#1134,.T.);
#1132 = VERTEX_POINT('',#1133);
#1133 = CARTESIAN_POINT('',(2.6,2.56,4.23));
#1134 = LINE('',#1135,#1136);
#1135 = CARTESIAN_POINT('',(2.6,2.56,4.23));
#1136 = VECTOR('',#1137,1.);
#1137 = DIRECTION('',(0.,-1.,0.));
#1138 = ORIENTED_EDGE('',*,*,#1139,.F.);
#1139 = EDGE_CURVE('',#1140,#1132,#1142,.T.);
#1140 = VERTEX_POINT('',#1141);
#1141 = CARTESIAN_POINT('',(2.2,2.56,4.23));
#1142 = LINE('',#1143,#1144);
#1143 = CARTESIAN_POINT('',(2.2,2.56,4.23));
#1144 = VECTOR('',#1145,1.);
#1145 = DIRECTION('',(1.,0.,0.));
#1146 = ORIENTED_EDGE('',*,*,#1147,.T.);
#1147 = EDGE_CURVE('',#1140,#1148,#1150,.T.);
#1148 = VERTEX_POINT('',#1149);
#1149 = CARTESIAN_POINT('',(2.2,1.095,4.23));
#1150 = LINE('',#1151,#1152);
#1151 = CARTESIAN_POINT('',(2.2,2.56,4.23));
#1152 = VECTOR('',#1153,1.);
#1153 = DIRECTION('',(0.,-1.,0.));
#1154 = ORIENTED_EDGE('',*,*,#1155,.F.);
#1155 = EDGE_CURVE('',#1156,#1148,#1158,.T.);
#1156 = VERTEX_POINT('',#1157);
#1157 = CARTESIAN_POINT('',(3.61,1.095,4.23));
#1158 = LINE('',#1159,#1160);
#1159 = CARTESIAN_POINT('',(3.61,1.095,4.23));
#1160 = VECTOR('',#1161,1.);
#1161 = DIRECTION('',(-1.,0.,0.));
#1162 = ORIENTED_EDGE('',*,*,#1163,.F.);
#1163 = EDGE_CURVE('',#1164,#1156,#1166,.T.);
#1164 = VERTEX_POINT('',#1165);
#1165 = CARTESIAN_POINT('',(3.61,0.215,4.23));
#1166 = LINE('',#1167,#1168);
#1167 = CARTESIAN_POINT('',(3.61,0.215,4.23));
#1168 = VECTOR('',#1169,1.);
#1169 = DIRECTION('',(0.,1.,0.));
#1170 = ORIENTED_EDGE('',*,*,#1171,.T.);
#1171 = EDGE_CURVE('',#1164,#1172,#1174,.T.);
#1172 = VERTEX_POINT('',#1173);
#1173 = CARTESIAN_POINT('',(3.89,0.215,4.23));
#1174 = LINE('',#1175,#1176);
#1175 = CARTESIAN_POINT('',(3.61,0.215,4.23));
#1176 = VECTOR('',#1177,1.);
#1177 = DIRECTION('',(1.,0.,0.));
#1178 = ORIENTED_EDGE('',*,*,#1179,.F.);
#1179 = EDGE_CURVE('',#1180,#1172,#1182,.T.);
#1180 = VERTEX_POINT('',#1181);
#1181 = CARTESIAN_POINT('',(3.89,1.095,4.23));
#1182 = LINE('',#1183,#1184);
#1183 = CARTESIAN_POINT('',(3.89,1.095,4.23));
#1184 = VECTOR('',#1185,1.);
#1185 = DIRECTION('',(0.,-1.,0.));
#1186 = ORIENTED_EDGE('',*,*,#1187,.F.);
#1187 = EDGE_CURVE('',#1188,#1180,#1190,.T.);
#1188 = VERTEX_POINT('',#1189);
#1189 = CARTESIAN_POINT('',(6.11,1.095,4.23));
#1190 = LINE('',#1191,#1192);
#1191 = CARTESIAN_POINT('',(6.11,1.095,4.23));
#1192 = VECTOR('',#1193,1.);
#1193 = DIRECTION('',(-1.,0.,0.));
#1194 = ORIENTED_EDGE('',*,*,#1195,.F.);
#1195 = EDGE_CURVE('',#1196,#1188,#1198,.T.);
#1196 = VERTEX_POINT('',#1197);
#1197 = CARTESIAN_POINT('',(6.11,-1.095,4.23));
#1198 = LINE('',#1199,#1200);
#1199 = CARTESIAN_POINT('',(6.11,-1.095,4.23));
#1200 = VECTOR('',#1201,1.);
#1201 = DIRECTION('',(0.,1.,0.));
#1202 = ORIENTED_EDGE('',*,*,#1203,.T.);
#1203 = EDGE_CURVE('',#1196,#1204,#1206,.T.);
#1204 = VERTEX_POINT('',#1205);
#1205 = CARTESIAN_POINT('',(1.39,-1.095,4.23));
#1206 = LINE('',#1207,#1208);
#1207 = CARTESIAN_POINT('',(6.11,-1.095,4.23));
#1208 = VECTOR('',#1209,1.);
#1209 = DIRECTION('',(-1.,0.,0.));
#1210 = ORIENTED_EDGE('',*,*,#1211,.T.);
#1211 = EDGE_CURVE('',#1204,#1212,#1214,.T.);
#1212 = VERTEX_POINT('',#1213);
#1213 = CARTESIAN_POINT('',(1.39,1.37,4.23));
#1214 = LINE('',#1215,#1216);
#1215 = CARTESIAN_POINT('',(1.39,-1.095,4.23));
#1216 = VECTOR('',#1217,1.);
#1217 = DIRECTION('',(0.,1.,0.));
#1218 = ORIENTED_EDGE('',*,*,#1219,.F.);
#1219 = EDGE_CURVE('',#1220,#1212,#1222,.T.);
#1220 = VERTEX_POINT('',#1221);
#1221 = CARTESIAN_POINT('',(-1.39,1.37,4.23));
#1222 = LINE('',#1223,#1224);
#1223 = CARTESIAN_POINT('',(-1.39,1.37,4.23));
#1224 = VECTOR('',#1225,1.);
#1225 = DIRECTION('',(1.,0.,0.));
#1226 = ORIENTED_EDGE('',*,*,#1227,.T.);
#1227 = EDGE_CURVE('',#1220,#1228,#1230,.T.);
#1228 = VERTEX_POINT('',#1229);
#1229 = CARTESIAN_POINT('',(-1.39,-1.095,4.23));
#1230 = LINE('',#1231,#1232);
#1231 = CARTESIAN_POINT('',(-1.39,1.37,4.23));
#1232 = VECTOR('',#1233,1.);
#1233 = DIRECTION('',(0.,-1.,0.));
#1234 = ORIENTED_EDGE('',*,*,#1235,.F.);
#1235 = EDGE_CURVE('',#1236,#1228,#1238,.T.);
#1236 = VERTEX_POINT('',#1237);
#1237 = CARTESIAN_POINT('',(-3.61,-1.095,4.23));
#1238 = LINE('',#1239,#1240);
#1239 = CARTESIAN_POINT('',(-3.61,-1.095,4.23));
#1240 = VECTOR('',#1241,1.);
#1241 = DIRECTION('',(1.,0.,0.));
#1242 = ORIENTED_EDGE('',*,*,#1243,.F.);
#1243 = EDGE_CURVE('',#1244,#1236,#1246,.T.);
#1244 = VERTEX_POINT('',#1245);
#1245 = CARTESIAN_POINT('',(-3.61,1.095,4.23));
#1246 = LINE('',#1247,#1248);
#1247 = CARTESIAN_POINT('',(-3.61,1.095,4.23));
#1248 = VECTOR('',#1249,1.);
#1249 = DIRECTION('',(0.,-1.,0.));
#1250 = ORIENTED_EDGE('',*,*,#1251,.F.);
#1251 = EDGE_CURVE('',#1252,#1244,#1254,.T.);
#1252 = VERTEX_POINT('',#1253);
#1253 = CARTESIAN_POINT('',(-2.2,1.095,4.23));
#1254 = LINE('',#1255,#1256);
#1255 = CARTESIAN_POINT('',(-2.2,1.095,4.23));
#1256 = VECTOR('',#1257,1.);
#1257 = DIRECTION('',(-1.,0.,0.));
#1258 = ORIENTED_EDGE('',*,*,#1259,.F.);
#1259 = EDGE_CURVE('',#1099,#1252,#1260,.T.);
#1260 = LINE('',#1261,#1262);
#1261 = CARTESIAN_POINT('',(-2.2,2.56,4.23));
#1262 = VECTOR('',#1263,1.);
#1263 = DIRECTION('',(0.,-1.,0.));
#1264 = FACE_BOUND('',#1265,.T.);
#1265 = EDGE_LOOP('',(#1266,#1276,#1284,#1292));
#1266 = ORIENTED_EDGE('',*,*,#1267,.F.);
#1267 = EDGE_CURVE('',#1268,#1270,#1272,.T.);
#1268 = VERTEX_POINT('',#1269);
#1269 = CARTESIAN_POINT('',(-3.89,1.095,4.23));
#1270 = VERTEX_POINT('',#1271);
#1271 = CARTESIAN_POINT('',(-6.11,1.095,4.23));
#1272 = LINE('',#1273,#1274);
#1273 = CARTESIAN_POINT('',(-3.89,1.095,4.23));
#1274 = VECTOR('',#1275,1.);
#1275 = DIRECTION('',(-1.,0.,0.));
#1276 = ORIENTED_EDGE('',*,*,#1277,.F.);
#1277 = EDGE_CURVE('',#1278,#1268,#1280,.T.);
#1278 = VERTEX_POINT('',#1279);
#1279 = CARTESIAN_POINT('',(-3.89,-1.095,4.23));
#1280 = LINE('',#1281,#1282);
#1281 = CARTESIAN_POINT('',(-3.89,-1.095,4.23));
#1282 = VECTOR('',#1283,1.);
#1283 = DIRECTION('',(0.,1.,0.));
#1284 = ORIENTED_EDGE('',*,*,#1285,.F.);
#1285 = EDGE_CURVE('',#1286,#1278,#1288,.T.);
#1286 = VERTEX_POINT('',#1287);
#1287 = CARTESIAN_POINT('',(-6.11,-1.095,4.23));
#1288 = LINE('',#1289,#1290);
#1289 = CARTESIAN_POINT('',(-6.11,-1.095,4.23));
#1290 = VECTOR('',#1291,1.);
#1291 = DIRECTION('',(1.,0.,0.));
#1292 = ORIENTED_EDGE('',*,*,#1293,.F.);
#1293 = EDGE_CURVE('',#1270,#1286,#1294,.T.);
#1294 = LINE('',#1295,#1296);
#1295 = CARTESIAN_POINT('',(-6.11,1.095,4.23));
#1296 = VECTOR('',#1297,1.);
#1297 = DIRECTION('',(0.,-1.,0.));
#1298 = FACE_BOUND('',#1299,.T.);
#1299 = EDGE_LOOP('',(#1300,#1310,#1318,#1326));
#1300 = ORIENTED_EDGE('',*,*,#1301,.F.);
#1301 = EDGE_CURVE('',#1302,#1304,#1306,.T.);
#1302 = VERTEX_POINT('',#1303);
#1303 = CARTESIAN_POINT('',(1.11,1.095,4.23));
#1304 = VERTEX_POINT('',#1305);
#1305 = CARTESIAN_POINT('',(-1.11,1.095,4.23));
#1306 = LINE('',#1307,#1308);
#1307 = CARTESIAN_POINT('',(1.11,1.095,4.23));
#1308 = VECTOR('',#1309,1.);
#1309 = DIRECTION('',(-1.,0.,0.));
#1310 = ORIENTED_EDGE('',*,*,#1311,.F.);
#1311 = EDGE_CURVE('',#1312,#1302,#1314,.T.);
#1312 = VERTEX_POINT('',#1313);
#1313 = CARTESIAN_POINT('',(1.11,-1.095,4.23));
#1314 = LINE('',#1315,#1316);
#1315 = CARTESIAN_POINT('',(1.11,-1.095,4.23));
#1316 = VECTOR('',#1317,1.);
#1317 = DIRECTION('',(0.,1.,0.));
#1318 = ORIENTED_EDGE('',*,*,#1319,.F.);
#1319 = EDGE_CURVE('',#1320,#1312,#1322,.T.);
#1320 = VERTEX_POINT('',#1321);
#1321 = CARTESIAN_POINT('',(-1.11,-1.095,4.23));
#1322 = LINE('',#1323,#1324);
#1323 = CARTESIAN_POINT('',(-1.11,-1.095,4.23));
#1324 = VECTOR('',#1325,1.);
#1325 = DIRECTION('',(1.,0.,0.));
#1326 = ORIENTED_EDGE('',*,*,#1327,.F.);
#1327 = EDGE_CURVE('',#1304,#1320,#1328,.T.);
#1328 = LINE('',#1329,#1330);
#1329 = CARTESIAN_POINT('',(-1.11,1.095,4.23));
#1330 = VECTOR('',#1331,1.);
#1331 = DIRECTION('',(0.,-1.,0.));
#1332 = PLANE('',#1333);
#1333 = AXIS2_PLACEMENT_3D('',#1334,#1335,#1336);
#1334 = CARTESIAN_POINT('',(-6.72,-1.74,4.23));
#1335 = DIRECTION('',(0.,0.,1.));
#1336 = DIRECTION('',(1.,0.,-0.));
#1337 = ADVANCED_FACE('',(#1338),#1363,.F.);
#1338 = FACE_BOUND('',#1339,.T.);
#1339 = EDGE_LOOP('',(#1340,#1348,#1356,#1362));
#1340 = ORIENTED_EDGE('',*,*,#1341,.T.);
#1341 = EDGE_CURVE('',#1320,#1342,#1344,.T.);
#1342 = VERTEX_POINT('',#1343);
#1343 = CARTESIAN_POINT('',(-1.11,-1.095,-1.77));
#1344 = LINE('',#1345,#1346);
#1345 = CARTESIAN_POINT('',(-1.11,-1.095,4.23));
#1346 = VECTOR('',#1347,1.);
#1347 = DIRECTION('',(0.,0.,-1.));
#1348 = ORIENTED_EDGE('',*,*,#1349,.F.);
#1349 = EDGE_CURVE('',#1350,#1342,#1352,.T.);
#1350 = VERTEX_POINT('',#1351);
#1351 = CARTESIAN_POINT('',(-1.11,1.095,-1.77));
#1352 = LINE('',#1353,#1354);
#1353 = CARTESIAN_POINT('',(-1.11,1.095,-1.77));
#1354 = VECTOR('',#1355,1.);
#1355 = DIRECTION('',(0.,-1.,0.));
#1356 = ORIENTED_EDGE('',*,*,#1357,.F.);
#1357 = EDGE_CURVE('',#1304,#1350,#1358,.T.);
#1358 = LINE('',#1359,#1360);
#1359 = CARTESIAN_POINT('',(-1.11,1.095,4.23));
#1360 = VECTOR('',#1361,1.);
#1361 = DIRECTION('',(0.,0.,-1.));
#1362 = ORIENTED_EDGE('',*,*,#1327,.T.);
#1363 = PLANE('',#1364);
#1364 = AXIS2_PLACEMENT_3D('',#1365,#1366,#1367);
#1365 = CARTESIAN_POINT('',(-1.11,1.095,4.23));
#1366 = DIRECTION('',(-1.,0.,0.));
#1367 = DIRECTION('',(0.,0.,1.));
#1368 = ADVANCED_FACE('',(#1369),#1387,.F.);
#1369 = FACE_BOUND('',#1370,.T.);
#1370 = EDGE_LOOP('',(#1371,#1372,#1380,#1386));
#1371 = ORIENTED_EDGE('',*,*,#1357,.T.);
#1372 = ORIENTED_EDGE('',*,*,#1373,.F.);
#1373 = EDGE_CURVE('',#1374,#1350,#1376,.T.);
#1374 = VERTEX_POINT('',#1375);
#1375 = CARTESIAN_POINT('',(1.11,1.095,-1.77));
#1376 = LINE('',#1377,#1378);
#1377 = CARTESIAN_POINT('',(1.11,1.095,-1.77));
#1378 = VECTOR('',#1379,1.);
#1379 = DIRECTION('',(-1.,0.,0.));
#1380 = ORIENTED_EDGE('',*,*,#1381,.F.);
#1381 = EDGE_CURVE('',#1302,#1374,#1382,.T.);
#1382 = LINE('',#1383,#1384);
#1383 = CARTESIAN_POINT('',(1.11,1.095,4.23));
#1384 = VECTOR('',#1385,1.);
#1385 = DIRECTION('',(0.,0.,-1.));
#1386 = ORIENTED_EDGE('',*,*,#1301,.T.);
#1387 = PLANE('',#1388);
#1388 = AXIS2_PLACEMENT_3D('',#1389,#1390,#1391);
#1389 = CARTESIAN_POINT('',(1.11,1.095,4.23));
#1390 = DIRECTION('',(-0.,1.,0.));
#1391 = DIRECTION('',(1.,0.,0.));
#1392 = ADVANCED_FACE('',(#1393),#1411,.F.);
#1393 = FACE_BOUND('',#1394,.T.);
#1394 = EDGE_LOOP('',(#1395,#1396,#1404,#1410));
#1395 = ORIENTED_EDGE('',*,*,#1381,.T.);
#1396 = ORIENTED_EDGE('',*,*,#1397,.F.);
#1397 = EDGE_CURVE('',#1398,#1374,#1400,.T.);
#1398 = VERTEX_POINT('',#1399);
#1399 = CARTESIAN_POINT('',(1.11,-1.095,-1.77));
#1400 = LINE('',#1401,#1402);
#1401 = CARTESIAN_POINT('',(1.11,-1.095,-1.77));
#1402 = VECTOR('',#1403,1.);
#1403 = DIRECTION('',(0.,1.,0.));
#1404 = ORIENTED_EDGE('',*,*,#1405,.F.);
#1405 = EDGE_CURVE('',#1312,#1398,#1406,.T.);
#1406 = LINE('',#1407,#1408);
#1407 = CARTESIAN_POINT('',(1.11,-1.095,4.23));
#1408 = VECTOR('',#1409,1.);
#1409 = DIRECTION('',(0.,0.,-1.));
#1410 = ORIENTED_EDGE('',*,*,#1311,.T.);
#1411 = PLANE('',#1412);
#1412 = AXIS2_PLACEMENT_3D('',#1413,#1414,#1415);
#1413 = CARTESIAN_POINT('',(1.11,-1.095,4.23));
#1414 = DIRECTION('',(1.,0.,0.));
#1415 = DIRECTION('',(-0.,1.,0.));
#1416 = ADVANCED_FACE('',(#1417),#1428,.F.);
#1417 = FACE_BOUND('',#1418,.T.);
#1418 = EDGE_LOOP('',(#1419,#1420,#1426,#1427));
#1419 = ORIENTED_EDGE('',*,*,#1405,.T.);
#1420 = ORIENTED_EDGE('',*,*,#1421,.F.);
#1421 = EDGE_CURVE('',#1342,#1398,#1422,.T.);
#1422 = LINE('',#1423,#1424);
#1423 = CARTESIAN_POINT('',(-1.11,-1.095,-1.77));
#1424 = VECTOR('',#1425,1.);
#1425 = DIRECTION('',(1.,0.,0.));
#1426 = ORIENTED_EDGE('',*,*,#1341,.F.);
#1427 = ORIENTED_EDGE('',*,*,#1319,.T.);
#1428 = PLANE('',#1429);
#1429 = AXIS2_PLACEMENT_3D('',#1430,#1431,#1432);
#1430 = CARTESIAN_POINT('',(-1.11,-1.095,4.23));
#1431 = DIRECTION('',(0.,-1.,0.));
#1432 = DIRECTION('',(0.,0.,-1.));
#1433 = ADVANCED_FACE('',(#1434,#1440),#1474,.T.);
#1434 = FACE_BOUND('',#1435,.T.);
#1435 = EDGE_LOOP('',(#1436,#1437,#1438,#1439));
#1436 = ORIENTED_EDGE('',*,*,#1421,.T.);
#1437 = ORIENTED_EDGE('',*,*,#1397,.T.);
#1438 = ORIENTED_EDGE('',*,*,#1373,.T.);
#1439 = ORIENTED_EDGE('',*,*,#1349,.T.);
#1440 = FACE_BOUND('',#1441,.T.);
#1441 = EDGE_LOOP('',(#1442,#1452,#1460,#1468));
#1442 = ORIENTED_EDGE('',*,*,#1443,.T.);
#1443 = EDGE_CURVE('',#1444,#1446,#1448,.T.);
#1444 = VERTEX_POINT('',#1445);
#1445 = CARTESIAN_POINT('',(-0.3175,0.3175,-1.77));
#1446 = VERTEX_POINT('',#1447);
#1447 = CARTESIAN_POINT('',(0.3175,0.3175,-1.77));
#1448 = LINE('',#1449,#1450);
#1449 = CARTESIAN_POINT('',(-0.3175,0.3175,-1.77));
#1450 = VECTOR('',#1451,1.);
#1451 = DIRECTION('',(1.,0.,0.));
#1452 = ORIENTED_EDGE('',*,*,#1453,.F.);
#1453 = EDGE_CURVE('',#1454,#1446,#1456,.T.);
#1454 = VERTEX_POINT('',#1455);
#1455 = CARTESIAN_POINT('',(0.3175,-0.3175,-1.77));
#1456 = LINE('',#1457,#1458);
#1457 = CARTESIAN_POINT('',(0.3175,-0.3175,-1.77));
#1458 = VECTOR('',#1459,1.);
#1459 = DIRECTION('',(0.,1.,0.));
#1460 = ORIENTED_EDGE('',*,*,#1461,.F.);
#1461 = EDGE_CURVE('',#1462,#1454,#1464,.T.);
#1462 = VERTEX_POINT('',#1463);
#1463 = CARTESIAN_POINT('',(-0.3175,-0.3175,-1.77));
#1464 = LINE('',#1465,#1466);
#1465 = CARTESIAN_POINT('',(-0.3175,-0.3175,-1.77));
#1466 = VECTOR('',#1467,1.);
#1467 = DIRECTION('',(1.,0.,0.));
#1468 = ORIENTED_EDGE('',*,*,#1469,.T.);
#1469 = EDGE_CURVE('',#1462,#1444,#1470,.T.);
#1470 = LINE('',#1471,#1472);
#1471 = CARTESIAN_POINT('',(-0.3175,-0.3175,-1.77));
#1472 = VECTOR('',#1473,1.);
#1473 = DIRECTION('',(0.,1.,0.));
#1474 = PLANE('',#1475);
#1475 = AXIS2_PLACEMENT_3D('',#1476,#1477,#1478);
#1476 = CARTESIAN_POINT('',(0.,-1.74,-1.77));
#1477 = DIRECTION('',(0.,0.,1.));
#1478 = DIRECTION('',(1.,0.,-0.));
#1479 = ADVANCED_FACE('',(#1480),#1548,.F.);
#1480 = FACE_BOUND('',#1481,.T.);
#1481 = EDGE_LOOP('',(#1482,#1492,#1501,#1509,#1517,#1525,#1534,#1542));
#1482 = ORIENTED_EDGE('',*,*,#1483,.F.);
#1483 = EDGE_CURVE('',#1484,#1486,#1488,.T.);
#1484 = VERTEX_POINT('',#1485);
#1485 = CARTESIAN_POINT('',(-0.3175,-0.6175,-5.8325));
#1486 = VERTEX_POINT('',#1487);
#1487 = CARTESIAN_POINT('',(-0.3175,-4.69,-5.8325));
#1488 = LINE('',#1489,#1490);
#1489 = CARTESIAN_POINT('',(-0.3175,-0.6175,-5.8325));
#1490 = VECTOR('',#1491,1.);
#1491 = DIRECTION('',(0.,-1.,0.));
#1492 = ORIENTED_EDGE('',*,*,#1493,.F.);
#1493 = EDGE_CURVE('',#1494,#1484,#1496,.T.);
#1494 = VERTEX_POINT('',#1495);
#1495 = CARTESIAN_POINT('',(-0.3175,-0.3175,-5.5325));
#1496 = CIRCLE('',#1497,0.3);
#1497 = AXIS2_PLACEMENT_3D('',#1498,#1499,#1500);
#1498 = CARTESIAN_POINT('',(-0.3175,-0.6175,-5.5325));
#1499 = DIRECTION('',(-1.,0.,0.));
#1500 = DIRECTION('',(0.,1.,0.));
#1501 = ORIENTED_EDGE('',*,*,#1502,.F.);
#1502 = EDGE_CURVE('',#1503,#1494,#1505,.T.);
#1503 = VERTEX_POINT('',#1504);
#1504 = CARTESIAN_POINT('',(-0.3175,-0.3175,-4.23));
#1505 = LINE('',#1506,#1507);
#1506 = CARTESIAN_POINT('',(-0.3175,-0.3175,-4.23));
#1507 = VECTOR('',#1508,1.);
#1508 = DIRECTION('',(0.,0.,-1.));
#1509 = ORIENTED_EDGE('',*,*,#1510,.T.);
#1510 = EDGE_CURVE('',#1503,#1511,#1513,.T.);
#1511 = VERTEX_POINT('',#1512);
#1512 = CARTESIAN_POINT('',(-0.3175,0.3175,-4.23));
#1513 = LINE('',#1514,#1515);
#1514 = CARTESIAN_POINT('',(-0.3175,-0.3175,-4.23));
#1515 = VECTOR('',#1516,1.);
#1516 = DIRECTION('',(0.,1.,0.));
#1517 = ORIENTED_EDGE('',*,*,#1518,.F.);
#1518 = EDGE_CURVE('',#1519,#1511,#1521,.T.);
#1519 = VERTEX_POINT('',#1520);
#1520 = CARTESIAN_POINT('',(-0.3175,0.3175,-5.5325));
#1521 = LINE('',#1522,#1523);
#1522 = CARTESIAN_POINT('',(-0.3175,0.3175,-5.5325));
#1523 = VECTOR('',#1524,1.);
#1524 = DIRECTION('',(0.,0.,1.));
#1525 = ORIENTED_EDGE('',*,*,#1526,.F.);
#1526 = EDGE_CURVE('',#1527,#1519,#1529,.T.);
#1527 = VERTEX_POINT('',#1528);
#1528 = CARTESIAN_POINT('',(-0.3175,-0.6175,-6.4675));
#1529 = CIRCLE('',#1530,0.935);
#1530 = AXIS2_PLACEMENT_3D('',#1531,#1532,#1533);
#1531 = CARTESIAN_POINT('',(-0.3175,-0.6175,-5.5325));
#1532 = DIRECTION('',(1.,0.,0.));
#1533 = DIRECTION('',(0.,0.,-1.));
#1534 = ORIENTED_EDGE('',*,*,#1535,.F.);
#1535 = EDGE_CURVE('',#1536,#1527,#1538,.T.);
#1536 = VERTEX_POINT('',#1537);
#1537 = CARTESIAN_POINT('',(-0.3175,-4.69,-6.4675));
#1538 = LINE('',#1539,#1540);
#1539 = CARTESIAN_POINT('',(-0.3175,-4.69,-6.4675));
#1540 = VECTOR('',#1541,1.);
#1541 = DIRECTION('',(0.,1.,0.));
#1542 = ORIENTED_EDGE('',*,*,#1543,.T.);
#1543 = EDGE_CURVE('',#1536,#1486,#1544,.T.);
#1544 = LINE('',#1545,#1546);
#1545 = CARTESIAN_POINT('',(-0.3175,-4.69,-6.4675));
#1546 = VECTOR('',#1547,1.);
#1547 = DIRECTION('',(0.,0.,1.));
#1548 = PLANE('',#1549);
#1549 = AXIS2_PLACEMENT_3D('',#1550,#1551,#1552);
#1550 = CARTESIAN_POINT('',(-0.3175,-1.74,0.));
#1551 = DIRECTION('',(1.,0.,0.));
#1552 = DIRECTION('',(-0.,1.,0.));
#1553 = ADVANCED_FACE('',(#1554),#1579,.F.);
#1554 = FACE_BOUND('',#1555,.T.);
#1555 = EDGE_LOOP('',(#1556,#1564,#1565,#1573));
#1556 = ORIENTED_EDGE('',*,*,#1557,.F.);
#1557 = EDGE_CURVE('',#1444,#1558,#1560,.T.);
#1558 = VERTEX_POINT('',#1559);
#1559 = CARTESIAN_POINT('',(-0.3175,0.3175,2.25));
#1560 = LINE('',#1561,#1562);
#1561 = CARTESIAN_POINT('',(-0.3175,0.3175,-1.77));
#1562 = VECTOR('',#1563,1.);
#1563 = DIRECTION('',(0.,0.,1.));
#1564 = ORIENTED_EDGE('',*,*,#1469,.F.);
#1565 = ORIENTED_EDGE('',*,*,#1566,.F.);
#1566 = EDGE_CURVE('',#1567,#1462,#1569,.T.);
#1567 = VERTEX_POINT('',#1568);
#1568 = CARTESIAN_POINT('',(-0.3175,-0.3175,2.25));
#1569 = LINE('',#1570,#1571);
#1570 = CARTESIAN_POINT('',(-0.3175,-0.3175,2.25));
#1571 = VECTOR('',#1572,1.);
#1572 = DIRECTION('',(0.,0.,-1.));
#1573 = ORIENTED_EDGE('',*,*,#1574,.T.);
#1574 = EDGE_CURVE('',#1567,#1558,#1575,.T.);
#1575 = LINE('',#1576,#1577);
#1576 = CARTESIAN_POINT('',(-0.3175,-0.3175,2.25));
#1577 = VECTOR('',#1578,1.);
#1578 = DIRECTION('',(0.,1.,0.));
#1579 = PLANE('',#1580);
#1580 = AXIS2_PLACEMENT_3D('',#1581,#1582,#1583);
#1581 = CARTESIAN_POINT('',(-0.3175,-1.74,0.));
#1582 = DIRECTION('',(1.,0.,0.));
#1583 = DIRECTION('',(-0.,1.,0.));
#1584 = ADVANCED_FACE('',(#1585),#1610,.T.);
#1585 = FACE_BOUND('',#1586,.T.);
#1586 = EDGE_LOOP('',(#1587,#1588,#1596,#1604));
#1587 = ORIENTED_EDGE('',*,*,#1543,.F.);
#1588 = ORIENTED_EDGE('',*,*,#1589,.F.);
#1589 = EDGE_CURVE('',#1590,#1536,#1592,.T.);
#1590 = VERTEX_POINT('',#1591);
#1591 = CARTESIAN_POINT('',(-0.1675,-5.24,-6.3175));
#1592 = LINE('',#1593,#1594);
#1593 = CARTESIAN_POINT('',(-0.1675,-5.24,-6.3175));
#1594 = VECTOR('',#1595,1.);
#1595 = DIRECTION('',(-0.254456678904,0.933007822648,-0.254456678904));
#1596 = ORIENTED_EDGE('',*,*,#1597,.T.);
#1597 = EDGE_CURVE('',#1590,#1598,#1600,.T.);
#1598 = VERTEX_POINT('',#1599);
#1599 = CARTESIAN_POINT('',(-0.1675,-5.24,-5.9825));
#1600 = LINE('',#1601,#1602);
#1601 = CARTESIAN_POINT('',(-0.1675,-5.24,-6.3175));
#1602 = VECTOR('',#1603,1.);
#1603 = DIRECTION('',(0.,0.,1.));
#1604 = ORIENTED_EDGE('',*,*,#1605,.T.);
#1605 = EDGE_CURVE('',#1598,#1486,#1606,.T.);
#1606 = LINE('',#1607,#1608);
#1607 = CARTESIAN_POINT('',(-0.1675,-5.24,-5.9825));
#1608 = VECTOR('',#1609,1.);
#1609 = DIRECTION('',(-0.254456678904,0.933007822648,0.254456678904));
#1610 = PLANE('',#1611);
#1611 = AXIS2_PLACEMENT_3D('',#1612,#1613,#1614);
#1612 = CARTESIAN_POINT('',(-0.2425,-4.965,-6.15));
#1613 = DIRECTION('',(-0.964763821238,-0.263117405792,0.));
#1614 = DIRECTION('',(-0.263117405792,0.964763821238,0.));
#1615 = ADVANCED_FACE('',(#1616),#1641,.T.);
#1616 = FACE_BOUND('',#1617,.T.);
#1617 = EDGE_LOOP('',(#1618,#1626,#1634,#1640));
#1618 = ORIENTED_EDGE('',*,*,#1619,.F.);
#1619 = EDGE_CURVE('',#1620,#1598,#1622,.T.);
#1620 = VERTEX_POINT('',#1621);
#1621 = CARTESIAN_POINT('',(0.1675,-5.24,-5.9825));
#1622 = LINE('',#1623,#1624);
#1623 = CARTESIAN_POINT('',(0.1675,-5.24,-5.9825));
#1624 = VECTOR('',#1625,1.);
#1625 = DIRECTION('',(-1.,0.,0.));
#1626 = ORIENTED_EDGE('',*,*,#1627,.T.);
#1627 = EDGE_CURVE('',#1620,#1628,#1630,.T.);
#1628 = VERTEX_POINT('',#1629);
#1629 = CARTESIAN_POINT('',(0.3175,-4.69,-5.8325));
#1630 = LINE('',#1631,#1632);
#1631 = CARTESIAN_POINT('',(0.1675,-5.24,-5.9825));
#1632 = VECTOR('',#1633,1.);
#1633 = DIRECTION('',(0.254456678904,0.933007822648,0.254456678904));
#1634 = ORIENTED_EDGE('',*,*,#1635,.T.);
#1635 = EDGE_CURVE('',#1628,#1486,#1636,.T.);
#1636 = LINE('',#1637,#1638);
#1637 = CARTESIAN_POINT('',(0.3175,-4.69,-5.8325));
#1638 = VECTOR('',#1639,1.);
#1639 = DIRECTION('',(-1.,0.,0.));
#1640 = ORIENTED_EDGE('',*,*,#1605,.F.);
#1641 = PLANE('',#1642);
#1642 = AXIS2_PLACEMENT_3D('',#1643,#1644,#1645);
#1643 = CARTESIAN_POINT('',(0.,-4.965,-5.9075));
#1644 = DIRECTION('',(0.,-0.263117405792,0.964763821238));
#1645 = DIRECTION('',(-1.,0.,0.));
#1646 = ADVANCED_FACE('',(#1647),#1665,.T.);
#1647 = FACE_BOUND('',#1648,.T.);
#1648 = EDGE_LOOP('',(#1649,#1657,#1663,#1664));
#1649 = ORIENTED_EDGE('',*,*,#1650,.F.);
#1650 = EDGE_CURVE('',#1651,#1628,#1653,.T.);
#1651 = VERTEX_POINT('',#1652);
#1652 = CARTESIAN_POINT('',(0.3175,-0.6175,-5.8325));
#1653 = LINE('',#1654,#1655);
#1654 = CARTESIAN_POINT('',(0.3175,-0.6175,-5.8325));
#1655 = VECTOR('',#1656,1.);
#1656 = DIRECTION('',(0.,-1.,0.));
#1657 = ORIENTED_EDGE('',*,*,#1658,.F.);
#1658 = EDGE_CURVE('',#1484,#1651,#1659,.T.);
#1659 = LINE('',#1660,#1661);
#1660 = CARTESIAN_POINT('',(-0.3175,-0.6175,-5.8325));
#1661 = VECTOR('',#1662,1.);
#1662 = DIRECTION('',(1.,0.,0.));
#1663 = ORIENTED_EDGE('',*,*,#1483,.T.);
#1664 = ORIENTED_EDGE('',*,*,#1635,.F.);
#1665 = PLANE('',#1666);
#1666 = AXIS2_PLACEMENT_3D('',#1667,#1668,#1669);
#1667 = CARTESIAN_POINT('',(-0.3175,-0.6175,-5.8325));
#1668 = DIRECTION('',(0.,0.,1.));
#1669 = DIRECTION('',(1.,0.,-0.));
#1670 = ADVANCED_FACE('',(#1671),#1690,.F.);
#1671 = FACE_BOUND('',#1672,.F.);
#1672 = EDGE_LOOP('',(#1673,#1674,#1682,#1689));
#1673 = ORIENTED_EDGE('',*,*,#1493,.F.);
#1674 = ORIENTED_EDGE('',*,*,#1675,.T.);
#1675 = EDGE_CURVE('',#1494,#1676,#1678,.T.);
#1676 = VERTEX_POINT('',#1677);
#1677 = CARTESIAN_POINT('',(0.3175,-0.3175,-5.5325));
#1678 = LINE('',#1679,#1680);
#1679 = CARTESIAN_POINT('',(-0.3175,-0.3175,-5.5325));
#1680 = VECTOR('',#1681,1.);
#1681 = DIRECTION('',(1.,0.,0.));
#1682 = ORIENTED_EDGE('',*,*,#1683,.T.);
#1683 = EDGE_CURVE('',#1676,#1651,#1684,.T.);
#1684 = CIRCLE('',#1685,0.3);
#1685 = AXIS2_PLACEMENT_3D('',#1686,#1687,#1688);
#1686 = CARTESIAN_POINT('',(0.3175,-0.6175,-5.5325));
#1687 = DIRECTION('',(-1.,0.,0.));
#1688 = DIRECTION('',(0.,1.,0.));
#1689 = ORIENTED_EDGE('',*,*,#1658,.F.);
#1690 = CYLINDRICAL_SURFACE('',#1691,0.3);
#1691 = AXIS2_PLACEMENT_3D('',#1692,#1693,#1694);
#1692 = CARTESIAN_POINT('',(-0.3175,-0.6175,-5.5325));
#1693 = DIRECTION('',(-1.,0.,-0.));
#1694 = DIRECTION('',(0.,0.,-1.));
#1695 = ADVANCED_FACE('',(#1696),#1714,.T.);
#1696 = FACE_BOUND('',#1697,.T.);
#1697 = EDGE_LOOP('',(#1698,#1699,#1700,#1708));
#1698 = ORIENTED_EDGE('',*,*,#1502,.T.);
#1699 = ORIENTED_EDGE('',*,*,#1675,.T.);
#1700 = ORIENTED_EDGE('',*,*,#1701,.F.);
#1701 = EDGE_CURVE('',#1702,#1676,#1704,.T.);
#1702 = VERTEX_POINT('',#1703);
#1703 = CARTESIAN_POINT('',(0.3175,-0.3175,-4.23));
#1704 = LINE('',#1705,#1706);
#1705 = CARTESIAN_POINT('',(0.3175,-0.3175,-4.23));
#1706 = VECTOR('',#1707,1.);
#1707 = DIRECTION('',(0.,0.,-1.));
#1708 = ORIENTED_EDGE('',*,*,#1709,.F.);
#1709 = EDGE_CURVE('',#1503,#1702,#1710,.T.);
#1710 = LINE('',#1711,#1712);
#1711 = CARTESIAN_POINT('',(-0.3175,-0.3175,-4.23));
#1712 = VECTOR('',#1713,1.);
#1713 = DIRECTION('',(1.,0.,0.));
#1714 = PLANE('',#1715);
#1715 = AXIS2_PLACEMENT_3D('',#1716,#1717,#1718);
#1716 = CARTESIAN_POINT('',(-0.3175,-0.3175,2.8));
#1717 = DIRECTION('',(0.,-1.,0.));
#1718 = DIRECTION('',(0.,0.,-1.));
#1719 = ADVANCED_FACE('',(#1720),#1738,.T.);
#1720 = FACE_BOUND('',#1721,.T.);
#1721 = EDGE_LOOP('',(#1722,#1723,#1724,#1732));
#1722 = ORIENTED_EDGE('',*,*,#1566,.T.);
#1723 = ORIENTED_EDGE('',*,*,#1461,.T.);
#1724 = ORIENTED_EDGE('',*,*,#1725,.F.);
#1725 = EDGE_CURVE('',#1726,#1454,#1728,.T.);
#1726 = VERTEX_POINT('',#1727);
#1727 = CARTESIAN_POINT('',(0.3175,-0.3175,2.25));
#1728 = LINE('',#1729,#1730);
#1729 = CARTESIAN_POINT('',(0.3175,-0.3175,2.25));
#1730 = VECTOR('',#1731,1.);
#1731 = DIRECTION('',(0.,0.,-1.));
#1732 = ORIENTED_EDGE('',*,*,#1733,.T.);
#1733 = EDGE_CURVE('',#1726,#1567,#1734,.T.);
#1734 = LINE('',#1735,#1736);
#1735 = CARTESIAN_POINT('',(0.3175,-0.3175,2.25));
#1736 = VECTOR('',#1737,1.);
#1737 = DIRECTION('',(-1.,0.,0.));
#1738 = PLANE('',#1739);
#1739 = AXIS2_PLACEMENT_3D('',#1740,#1741,#1742);
#1740 = CARTESIAN_POINT('',(-0.3175,-0.3175,2.8));
#1741 = DIRECTION('',(0.,-1.,0.));
#1742 = DIRECTION('',(0.,0.,-1.));
#1743 = ADVANCED_FACE('',(#1744,#1755,#1789,#1823,#1841,#1875),#1909,.T.
  );
#1744 = FACE_BOUND('',#1745,.T.);
#1745 = EDGE_LOOP('',(#1746,#1747,#1753,#1754));
#1746 = ORIENTED_EDGE('',*,*,#850,.T.);
#1747 = ORIENTED_EDGE('',*,*,#1748,.F.);
#1748 = EDGE_CURVE('',#1006,#843,#1749,.T.);
#1749 = LINE('',#1750,#1751);
#1750 = CARTESIAN_POINT('',(6.72,1.74,-4.23));
#1751 = VECTOR('',#1752,1.);
#1752 = DIRECTION('',(-1.,0.,0.));
#1753 = ORIENTED_EDGE('',*,*,#1005,.F.);
#1754 = ORIENTED_EDGE('',*,*,#458,.T.);
#1755 = FACE_BOUND('',#1756,.T.);
#1756 = EDGE_LOOP('',(#1757,#1767,#1775,#1783));
#1757 = ORIENTED_EDGE('',*,*,#1758,.T.);
#1758 = EDGE_CURVE('',#1759,#1761,#1763,.T.);
#1759 = VERTEX_POINT('',#1760);
#1760 = CARTESIAN_POINT('',(4.6825,-0.3175,-4.23));
#1761 = VERTEX_POINT('',#1762);
#1762 = CARTESIAN_POINT('',(5.3175,-0.3175,-4.23));
#1763 = LINE('',#1764,#1765);
#1764 = CARTESIAN_POINT('',(4.6825,-0.3175,-4.23));
#1765 = VECTOR('',#1766,1.);
#1766 = DIRECTION('',(1.,0.,0.));
#1767 = ORIENTED_EDGE('',*,*,#1768,.T.);
#1768 = EDGE_CURVE('',#1761,#1769,#1771,.T.);
#1769 = VERTEX_POINT('',#1770);
#1770 = CARTESIAN_POINT('',(5.3175,0.3175,-4.23));
#1771 = LINE('',#1772,#1773);
#1772 = CARTESIAN_POINT('',(5.3175,-0.3175,-4.23));
#1773 = VECTOR('',#1774,1.);
#1774 = DIRECTION('',(0.,1.,0.));
#1775 = ORIENTED_EDGE('',*,*,#1776,.F.);
#1776 = EDGE_CURVE('',#1777,#1769,#1779,.T.);
#1777 = VERTEX_POINT('',#1778);
#1778 = CARTESIAN_POINT('',(4.6825,0.3175,-4.23));
#1779 = LINE('',#1780,#1781);
#1780 = CARTESIAN_POINT('',(4.6825,0.3175,-4.23));
#1781 = VECTOR('',#1782,1.);
#1782 = DIRECTION('',(1.,0.,0.));
#1783 = ORIENTED_EDGE('',*,*,#1784,.F.);
#1784 = EDGE_CURVE('',#1759,#1777,#1785,.T.);
#1785 = LINE('',#1786,#1787);
#1786 = CARTESIAN_POINT('',(4.6825,-0.3175,-4.23));
#1787 = VECTOR('',#1788,1.);
#1788 = DIRECTION('',(0.,1.,0.));
#1789 = FACE_BOUND('',#1790,.T.);
#1790 = EDGE_LOOP('',(#1791,#1801,#1809,#1817));
#1791 = ORIENTED_EDGE('',*,*,#1792,.T.);
#1792 = EDGE_CURVE('',#1793,#1795,#1797,.T.);
#1793 = VERTEX_POINT('',#1794);
#1794 = CARTESIAN_POINT('',(2.1825,-0.3175,-4.23));
#1795 = VERTEX_POINT('',#1796);
#1796 = CARTESIAN_POINT('',(2.8175,-0.3175,-4.23));
#1797 = LINE('',#1798,#1799);
#1798 = CARTESIAN_POINT('',(2.1825,-0.3175,-4.23));
#1799 = VECTOR('',#1800,1.);
#1800 = DIRECTION('',(1.,0.,0.));
#1801 = ORIENTED_EDGE('',*,*,#1802,.T.);
#1802 = EDGE_CURVE('',#1795,#1803,#1805,.T.);
#1803 = VERTEX_POINT('',#1804);
#1804 = CARTESIAN_POINT('',(2.8175,0.3175,-4.23));
#1805 = LINE('',#1806,#1807);
#1806 = CARTESIAN_POINT('',(2.8175,-0.3175,-4.23));
#1807 = VECTOR('',#1808,1.);
#1808 = DIRECTION('',(0.,1.,0.));
#1809 = ORIENTED_EDGE('',*,*,#1810,.F.);
#1810 = EDGE_CURVE('',#1811,#1803,#1813,.T.);
#1811 = VERTEX_POINT('',#1812);
#1812 = CARTESIAN_POINT('',(2.1825,0.3175,-4.23));
#1813 = LINE('',#1814,#1815);
#1814 = CARTESIAN_POINT('',(2.1825,0.3175,-4.23));
#1815 = VECTOR('',#1816,1.);
#1816 = DIRECTION('',(1.,0.,0.));
#1817 = ORIENTED_EDGE('',*,*,#1818,.F.);
#1818 = EDGE_CURVE('',#1793,#1811,#1819,.T.);
#1819 = LINE('',#1820,#1821);
#1820 = CARTESIAN_POINT('',(2.1825,-0.3175,-4.23));
#1821 = VECTOR('',#1822,1.);
#1822 = DIRECTION('',(0.,1.,0.));
#1823 = FACE_BOUND('',#1824,.T.);
#1824 = EDGE_LOOP('',(#1825,#1826,#1834,#1840));
#1825 = ORIENTED_EDGE('',*,*,#1709,.T.);
#1826 = ORIENTED_EDGE('',*,*,#1827,.T.);
#1827 = EDGE_CURVE('',#1702,#1828,#1830,.T.);
#1828 = VERTEX_POINT('',#1829);
#1829 = CARTESIAN_POINT('',(0.3175,0.3175,-4.23));
#1830 = LINE('',#1831,#1832);
#1831 = CARTESIAN_POINT('',(0.3175,-0.3175,-4.23));
#1832 = VECTOR('',#1833,1.);
#1833 = DIRECTION('',(0.,1.,0.));
#1834 = ORIENTED_EDGE('',*,*,#1835,.F.);
#1835 = EDGE_CURVE('',#1511,#1828,#1836,.T.);
#1836 = LINE('',#1837,#1838);
#1837 = CARTESIAN_POINT('',(-0.3175,0.3175,-4.23));
#1838 = VECTOR('',#1839,1.);
#1839 = DIRECTION('',(1.,0.,0.));
#1840 = ORIENTED_EDGE('',*,*,#1510,.F.);
#1841 = FACE_BOUND('',#1842,.T.);
#1842 = EDGE_LOOP('',(#1843,#1853,#1861,#1869));
#1843 = ORIENTED_EDGE('',*,*,#1844,.T.);
#1844 = EDGE_CURVE('',#1845,#1847,#1849,.T.);
#1845 = VERTEX_POINT('',#1846);
#1846 = CARTESIAN_POINT('',(-2.8175,-0.3175,-4.23));
#1847 = VERTEX_POINT('',#1848);
#1848 = CARTESIAN_POINT('',(-2.1825,-0.3175,-4.23));
#1849 = LINE('',#1850,#1851);
#1850 = CARTESIAN_POINT('',(-2.8175,-0.3175,-4.23));
#1851 = VECTOR('',#1852,1.);
#1852 = DIRECTION('',(1.,0.,0.));
#1853 = ORIENTED_EDGE('',*,*,#1854,.T.);
#1854 = EDGE_CURVE('',#1847,#1855,#1857,.T.);
#1855 = VERTEX_POINT('',#1856);
#1856 = CARTESIAN_POINT('',(-2.1825,0.3175,-4.23));
#1857 = LINE('',#1858,#1859);
#1858 = CARTESIAN_POINT('',(-2.1825,-0.3175,-4.23));
#1859 = VECTOR('',#1860,1.);
#1860 = DIRECTION('',(0.,1.,0.));
#1861 = ORIENTED_EDGE('',*,*,#1862,.F.);
#1862 = EDGE_CURVE('',#1863,#1855,#1865,.T.);
#1863 = VERTEX_POINT('',#1864);
#1864 = CARTESIAN_POINT('',(-2.8175,0.3175,-4.23));
#1865 = LINE('',#1866,#1867);
#1866 = CARTESIAN_POINT('',(-2.8175,0.3175,-4.23));
#1867 = VECTOR('',#1868,1.);
#1868 = DIRECTION('',(1.,0.,0.));
#1869 = ORIENTED_EDGE('',*,*,#1870,.F.);
#1870 = EDGE_CURVE('',#1845,#1863,#1871,.T.);
#1871 = LINE('',#1872,#1873);
#1872 = CARTESIAN_POINT('',(-2.8175,-0.3175,-4.23));
#1873 = VECTOR('',#1874,1.);
#1874 = DIRECTION('',(0.,1.,0.));
#1875 = FACE_BOUND('',#1876,.T.);
#1876 = EDGE_LOOP('',(#1877,#1887,#1895,#1903));
#1877 = ORIENTED_EDGE('',*,*,#1878,.T.);
#1878 = EDGE_CURVE('',#1879,#1881,#1883,.T.);
#1879 = VERTEX_POINT('',#1880);
#1880 = CARTESIAN_POINT('',(-5.3175,-0.3175,-4.23));
#1881 = VERTEX_POINT('',#1882);
#1882 = CARTESIAN_POINT('',(-4.6825,-0.3175,-4.23));
#1883 = LINE('',#1884,#1885);
#1884 = CARTESIAN_POINT('',(-5.3175,-0.3175,-4.23));
#1885 = VECTOR('',#1886,1.);
#1886 = DIRECTION('',(1.,0.,0.));
#1887 = ORIENTED_EDGE('',*,*,#1888,.T.);
#1888 = EDGE_CURVE('',#1881,#1889,#1891,.T.);
#1889 = VERTEX_POINT('',#1890);
#1890 = CARTESIAN_POINT('',(-4.6825,0.3175,-4.23));
#1891 = LINE('',#1892,#1893);
#1892 = CARTESIAN_POINT('',(-4.6825,-0.3175,-4.23));
#1893 = VECTOR('',#1894,1.);
#1894 = DIRECTION('',(0.,1.,0.));
#1895 = ORIENTED_EDGE('',*,*,#1896,.F.);
#1896 = EDGE_CURVE('',#1897,#1889,#1899,.T.);
#1897 = VERTEX_POINT('',#1898);
#1898 = CARTESIAN_POINT('',(-5.3175,0.3175,-4.23));
#1899 = LINE('',#1900,#1901);
#1900 = CARTESIAN_POINT('',(-5.3175,0.3175,-4.23));
#1901 = VECTOR('',#1902,1.);
#1902 = DIRECTION('',(1.,0.,0.));
#1903 = ORIENTED_EDGE('',*,*,#1904,.F.);
#1904 = EDGE_CURVE('',#1879,#1897,#1905,.T.);
#1905 = LINE('',#1906,#1907);
#1906 = CARTESIAN_POINT('',(-5.3175,-0.3175,-4.23));
#1907 = VECTOR('',#1908,1.);
#1908 = DIRECTION('',(0.,1.,0.));
#1909 = PLANE('',#1910);
#1910 = AXIS2_PLACEMENT_3D('',#1911,#1912,#1913);
#1911 = CARTESIAN_POINT('',(6.72,-1.74,-4.23));
#1912 = DIRECTION('',(0.,0.,-1.));
#1913 = DIRECTION('',(0.,-1.,0.));
#1914 = ADVANCED_FACE('',(#1915),#1962,.T.);
#1915 = FACE_BOUND('',#1916,.T.);
#1916 = EDGE_LOOP('',(#1917,#1928,#1934,#1935,#1936,#1937,#1938,#1939,
    #1947,#1956));
#1917 = ORIENTED_EDGE('',*,*,#1918,.T.);
#1918 = EDGE_CURVE('',#1919,#1921,#1923,.T.);
#1919 = VERTEX_POINT('',#1920);
#1920 = CARTESIAN_POINT('',(2.35,1.74,-0.77));
#1921 = VERTEX_POINT('',#1922);
#1922 = CARTESIAN_POINT('',(2.6,1.74,-0.52));
#1923 = CIRCLE('',#1924,0.25);
#1924 = AXIS2_PLACEMENT_3D('',#1925,#1926,#1927);
#1925 = CARTESIAN_POINT('',(2.35,1.74,-0.52));
#1926 = DIRECTION('',(0.,-1.,0.));
#1927 = DIRECTION('',(0.,0.,-1.));
#1928 = ORIENTED_EDGE('',*,*,#1929,.F.);
#1929 = EDGE_CURVE('',#1124,#1921,#1930,.T.);
#1930 = LINE('',#1931,#1932);
#1931 = CARTESIAN_POINT('',(2.6,1.74,4.23));
#1932 = VECTOR('',#1933,1.);
#1933 = DIRECTION('',(0.,0.,-1.));
#1934 = ORIENTED_EDGE('',*,*,#1123,.T.);
#1935 = ORIENTED_EDGE('',*,*,#1013,.T.);
#1936 = ORIENTED_EDGE('',*,*,#1748,.T.);
#1937 = ORIENTED_EDGE('',*,*,#842,.T.);
#1938 = ORIENTED_EDGE('',*,*,#1114,.T.);
#1939 = ORIENTED_EDGE('',*,*,#1940,.T.);
#1940 = EDGE_CURVE('',#1107,#1941,#1943,.T.);
#1941 = VERTEX_POINT('',#1942);
#1942 = CARTESIAN_POINT('',(-2.6,1.74,-0.52));
#1943 = LINE('',#1944,#1945);
#1944 = CARTESIAN_POINT('',(-2.6,1.74,4.23));
#1945 = VECTOR('',#1946,1.);
#1946 = DIRECTION('',(0.,0.,-1.));
#1947 = ORIENTED_EDGE('',*,*,#1948,.T.);
#1948 = EDGE_CURVE('',#1941,#1949,#1951,.T.);
#1949 = VERTEX_POINT('',#1950);
#1950 = CARTESIAN_POINT('',(-2.35,1.74,-0.77));
#1951 = CIRCLE('',#1952,0.25);
#1952 = AXIS2_PLACEMENT_3D('',#1953,#1954,#1955);
#1953 = CARTESIAN_POINT('',(-2.35,1.74,-0.52));
#1954 = DIRECTION('',(0.,-1.,0.));
#1955 = DIRECTION('',(-1.,0.,0.));
#1956 = ORIENTED_EDGE('',*,*,#1957,.T.);
#1957 = EDGE_CURVE('',#1949,#1919,#1958,.T.);
#1958 = LINE('',#1959,#1960);
#1959 = CARTESIAN_POINT('',(-2.35,1.74,-0.77));
#1960 = VECTOR('',#1961,1.);
#1961 = DIRECTION('',(1.,0.,0.));
#1962 = PLANE('',#1963);
#1963 = AXIS2_PLACEMENT_3D('',#1964,#1965,#1966);
#1964 = CARTESIAN_POINT('',(0.,1.74,0.));
#1965 = DIRECTION('',(-0.,1.,0.));
#1966 = DIRECTION('',(1.,0.,0.));
#1967 = ADVANCED_FACE('',(#1968),#2025,.T.);
#1968 = FACE_BOUND('',#1969,.T.);
#1969 = EDGE_LOOP('',(#1970,#1980,#1988,#1994,#1995,#2003,#2011,#2019));
#1970 = ORIENTED_EDGE('',*,*,#1971,.F.);
#1971 = EDGE_CURVE('',#1972,#1974,#1976,.T.);
#1972 = VERTEX_POINT('',#1973);
#1973 = CARTESIAN_POINT('',(1.15,4.35,-0.77));
#1974 = VERTEX_POINT('',#1975);
#1975 = CARTESIAN_POINT('',(1.15,3.75,-0.77));
#1976 = LINE('',#1977,#1978);
#1977 = CARTESIAN_POINT('',(1.15,4.35,-0.77));
#1978 = VECTOR('',#1979,1.);
#1979 = DIRECTION('',(0.,-1.,0.));
#1980 = ORIENTED_EDGE('',*,*,#1981,.T.);
#1981 = EDGE_CURVE('',#1972,#1982,#1984,.T.);
#1982 = VERTEX_POINT('',#1983);
#1983 = CARTESIAN_POINT('',(2.35,4.35,-0.77));
#1984 = LINE('',#1985,#1986);
#1985 = CARTESIAN_POINT('',(1.15,4.35,-0.77));
#1986 = VECTOR('',#1987,1.);
#1987 = DIRECTION('',(1.,-1.082531101796E-09,0.));
#1988 = ORIENTED_EDGE('',*,*,#1989,.F.);
#1989 = EDGE_CURVE('',#1919,#1982,#1990,.T.);
#1990 = LINE('',#1991,#1992);
#1991 = CARTESIAN_POINT('',(2.35,1.74,-0.77));
#1992 = VECTOR('',#1993,1.);
#1993 = DIRECTION('',(0.,1.,0.));
#1994 = ORIENTED_EDGE('',*,*,#1957,.F.);
#1995 = ORIENTED_EDGE('',*,*,#1996,.F.);
#1996 = EDGE_CURVE('',#1997,#1949,#1999,.T.);
#1997 = VERTEX_POINT('',#1998);
#1998 = CARTESIAN_POINT('',(-2.35,4.34999999935,-0.77));
#1999 = LINE('',#2000,#2001);
#2000 = CARTESIAN_POINT('',(-2.35,4.34999999935,-0.77));
#2001 = VECTOR('',#2002,1.);
#2002 = DIRECTION('',(0.,-1.,0.));
#2003 = ORIENTED_EDGE('',*,*,#2004,.T.);
#2004 = EDGE_CURVE('',#1997,#2005,#2007,.T.);
#2005 = VERTEX_POINT('',#2006);
#2006 = CARTESIAN_POINT('',(-1.15,4.35,-0.77));
#2007 = LINE('',#2008,#2009);
#2008 = CARTESIAN_POINT('',(-2.35,4.34999999935,-0.77));
#2009 = VECTOR('',#2010,1.);
#2010 = DIRECTION('',(1.,5.412766531284E-10,0.));
#2011 = ORIENTED_EDGE('',*,*,#2012,.T.);
#2012 = EDGE_CURVE('',#2005,#2013,#2015,.T.);
#2013 = VERTEX_POINT('',#2014);
#2014 = CARTESIAN_POINT('',(-1.15,3.75,-0.77));
#2015 = LINE('',#2016,#2017);
#2016 = CARTESIAN_POINT('',(-1.15,4.35,-0.77));
#2017 = VECTOR('',#2018,1.);
#2018 = DIRECTION('',(0.,-1.,0.));
#2019 = ORIENTED_EDGE('',*,*,#2020,.F.);
#2020 = EDGE_CURVE('',#1974,#2013,#2021,.T.);
#2021 = LINE('',#2022,#2023);
#2022 = CARTESIAN_POINT('',(1.15,3.75,-0.77));
#2023 = VECTOR('',#2024,1.);
#2024 = DIRECTION('',(-1.,0.,0.));
#2025 = PLANE('',#2026);
#2026 = AXIS2_PLACEMENT_3D('',#2027,#2028,#2029);
#2027 = CARTESIAN_POINT('',(-2.6,1.74,-0.77));
#2028 = DIRECTION('',(0.,0.,-1.));
#2029 = DIRECTION('',(0.,-1.,0.));
#2030 = ADVANCED_FACE('',(#2031),#2056,.T.);
#2031 = FACE_BOUND('',#2032,.T.);
#2032 = EDGE_LOOP('',(#2033,#2041,#2049,#2055));
#2033 = ORIENTED_EDGE('',*,*,#2034,.T.);
#2034 = EDGE_CURVE('',#2013,#2035,#2037,.T.);
#2035 = VERTEX_POINT('',#2036);
#2036 = CARTESIAN_POINT('',(-1.15,3.75,-0.31));
#2037 = LINE('',#2038,#2039);
#2038 = CARTESIAN_POINT('',(-1.15,3.75,-0.77));
#2039 = VECTOR('',#2040,1.);
#2040 = DIRECTION('',(0.,0.,1.));
#2041 = ORIENTED_EDGE('',*,*,#2042,.F.);
#2042 = EDGE_CURVE('',#2043,#2035,#2045,.T.);
#2043 = VERTEX_POINT('',#2044);
#2044 = CARTESIAN_POINT('',(1.15,3.75,-0.31));
#2045 = LINE('',#2046,#2047);
#2046 = CARTESIAN_POINT('',(1.15,3.75,-0.31));
#2047 = VECTOR('',#2048,1.);
#2048 = DIRECTION('',(-1.,0.,0.));
#2049 = ORIENTED_EDGE('',*,*,#2050,.T.);
#2050 = EDGE_CURVE('',#2043,#1974,#2051,.T.);
#2051 = LINE('',#2052,#2053);
#2052 = CARTESIAN_POINT('',(1.15,3.75,-0.31));
#2053 = VECTOR('',#2054,1.);
#2054 = DIRECTION('',(0.,0.,-1.));
#2055 = ORIENTED_EDGE('',*,*,#2020,.T.);
#2056 = PLANE('',#2057);
#2057 = AXIS2_PLACEMENT_3D('',#2058,#2059,#2060);
#2058 = CARTESIAN_POINT('',(2.2,3.75,5.69));
#2059 = DIRECTION('',(-0.,1.,0.));
#2060 = DIRECTION('',(1.,0.,0.));
#2061 = ADVANCED_FACE('',(#2062),#2097,.F.);
#2062 = FACE_BOUND('',#2063,.T.);
#2063 = EDGE_LOOP('',(#2064,#2065,#2073,#2081,#2089,#2096));
#2064 = ORIENTED_EDGE('',*,*,#2050,.F.);
#2065 = ORIENTED_EDGE('',*,*,#2066,.T.);
#2066 = EDGE_CURVE('',#2043,#2067,#2069,.T.);
#2067 = VERTEX_POINT('',#2068);
#2068 = CARTESIAN_POINT('',(1.15,3.75,4.09));
#2069 = LINE('',#2070,#2071);
#2070 = CARTESIAN_POINT('',(1.15,3.75,-0.31));
#2071 = VECTOR('',#2072,1.);
#2072 = DIRECTION('',(0.,0.,1.));
#2073 = ORIENTED_EDGE('',*,*,#2074,.F.);
#2074 = EDGE_CURVE('',#2075,#2067,#2077,.T.);
#2075 = VERTEX_POINT('',#2076);
#2076 = CARTESIAN_POINT('',(1.15,4.6,4.09));
#2077 = LINE('',#2078,#2079);
#2078 = CARTESIAN_POINT('',(1.15,4.6,4.09));
#2079 = VECTOR('',#2080,1.);
#2080 = DIRECTION('',(0.,-1.,0.));
#2081 = ORIENTED_EDGE('',*,*,#2082,.F.);
#2082 = EDGE_CURVE('',#2083,#2075,#2085,.T.);
#2083 = VERTEX_POINT('',#2084);
#2084 = CARTESIAN_POINT('',(1.15,4.6,-0.52));
#2085 = LINE('',#2086,#2087);
#2086 = CARTESIAN_POINT('',(1.15,4.6,-0.52));
#2087 = VECTOR('',#2088,1.);
#2088 = DIRECTION('',(0.,0.,1.));
#2089 = ORIENTED_EDGE('',*,*,#2090,.F.);
#2090 = EDGE_CURVE('',#1972,#2083,#2091,.T.);
#2091 = CIRCLE('',#2092,0.25);
#2092 = AXIS2_PLACEMENT_3D('',#2093,#2094,#2095);
#2093 = CARTESIAN_POINT('',(1.15,4.35,-0.52));
#2094 = DIRECTION('',(1.,0.,0.));
#2095 = DIRECTION('',(0.,0.,-1.));
#2096 = ORIENTED_EDGE('',*,*,#1971,.T.);
#2097 = PLANE('',#2098);
#2098 = AXIS2_PLACEMENT_3D('',#2099,#2100,#2101);
#2099 = CARTESIAN_POINT('',(1.15,4.6,4.09));
#2100 = DIRECTION('',(1.,0.,0.));
#2101 = DIRECTION('',(-0.,1.,0.));
#2102 = ADVANCED_FACE('',(#2103),#2130,.T.);
#2103 = FACE_BOUND('',#2104,.T.);
#2104 = EDGE_LOOP('',(#2105,#2106,#2115,#2123));
#2105 = ORIENTED_EDGE('',*,*,#2004,.F.);
#2106 = ORIENTED_EDGE('',*,*,#2107,.F.);
#2107 = EDGE_CURVE('',#2108,#1997,#2110,.T.);
#2108 = VERTEX_POINT('',#2109);
#2109 = CARTESIAN_POINT('',(-2.35,4.6,-0.52));
#2110 = CIRCLE('',#2111,0.25);
#2111 = AXIS2_PLACEMENT_3D('',#2112,#2113,#2114);
#2112 = CARTESIAN_POINT('',(-2.35,4.35,-0.52));
#2113 = DIRECTION('',(-1.,0.,0.));
#2114 = DIRECTION('',(0.,1.,0.));
#2115 = ORIENTED_EDGE('',*,*,#2116,.T.);
#2116 = EDGE_CURVE('',#2108,#2117,#2119,.T.);
#2117 = VERTEX_POINT('',#2118);
#2118 = CARTESIAN_POINT('',(-1.15,4.6,-0.52));
#2119 = LINE('',#2120,#2121);
#2120 = CARTESIAN_POINT('',(-2.35,4.6,-0.520000000575));
#2121 = VECTOR('',#2122,1.);
#2122 = DIRECTION('',(1.,0.,4.793513734095E-10));
#2123 = ORIENTED_EDGE('',*,*,#2124,.F.);
#2124 = EDGE_CURVE('',#2005,#2117,#2125,.T.);
#2125 = CIRCLE('',#2126,0.25);
#2126 = AXIS2_PLACEMENT_3D('',#2127,#2128,#2129);
#2127 = CARTESIAN_POINT('',(-1.15,4.35,-0.52));
#2128 = DIRECTION('',(1.,0.,0.));
#2129 = DIRECTION('',(0.,0.,-1.));
#2130 = CYLINDRICAL_SURFACE('',#2131,0.25);
#2131 = AXIS2_PLACEMENT_3D('',#2132,#2133,#2134);
#2132 = CARTESIAN_POINT('',(-2.6,4.35,-0.52));
#2133 = DIRECTION('',(-1.,0.,-0.));
#2134 = DIRECTION('',(0.,0.,-1.));
#2135 = ADVANCED_FACE('',(#2136),#2155,.T.);
#2136 = FACE_BOUND('',#2137,.T.);
#2137 = EDGE_LOOP('',(#2138,#2146,#2153,#2154));
#2138 = ORIENTED_EDGE('',*,*,#2139,.T.);
#2139 = EDGE_CURVE('',#2083,#2140,#2142,.T.);
#2140 = VERTEX_POINT('',#2141);
#2141 = CARTESIAN_POINT('',(2.35,4.6,-0.520000000288));
#2142 = LINE('',#2143,#2144);
#2143 = CARTESIAN_POINT('',(1.15,4.6,-0.52));
#2144 = VECTOR('',#2145,1.);
#2145 = DIRECTION('',(1.,0.,-2.396817004128E-10));
#2146 = ORIENTED_EDGE('',*,*,#2147,.F.);
#2147 = EDGE_CURVE('',#1982,#2140,#2148,.T.);
#2148 = CIRCLE('',#2149,0.25);
#2149 = AXIS2_PLACEMENT_3D('',#2150,#2151,#2152);
#2150 = CARTESIAN_POINT('',(2.35,4.35,-0.52));
#2151 = DIRECTION('',(1.,0.,0.));
#2152 = DIRECTION('',(0.,0.,-1.));
#2153 = ORIENTED_EDGE('',*,*,#1981,.F.);
#2154 = ORIENTED_EDGE('',*,*,#2090,.T.);
#2155 = CYLINDRICAL_SURFACE('',#2156,0.25);
#2156 = AXIS2_PLACEMENT_3D('',#2157,#2158,#2159);
#2157 = CARTESIAN_POINT('',(-2.6,4.35,-0.52));
#2158 = DIRECTION('',(-1.,0.,-0.));
#2159 = DIRECTION('',(0.,0.,-1.));
#2160 = ADVANCED_FACE('',(#2161),#2188,.F.);
#2161 = FACE_BOUND('',#2162,.T.);
#2162 = EDGE_LOOP('',(#2163,#2164,#2172,#2180,#2186,#2187));
#2163 = ORIENTED_EDGE('',*,*,#2124,.T.);
#2164 = ORIENTED_EDGE('',*,*,#2165,.T.);
#2165 = EDGE_CURVE('',#2117,#2166,#2168,.T.);
#2166 = VERTEX_POINT('',#2167);
#2167 = CARTESIAN_POINT('',(-1.15,4.6,4.09));
#2168 = LINE('',#2169,#2170);
#2169 = CARTESIAN_POINT('',(-1.15,4.6,-0.52));
#2170 = VECTOR('',#2171,1.);
#2171 = DIRECTION('',(0.,0.,1.));
#2172 = ORIENTED_EDGE('',*,*,#2173,.T.);
#2173 = EDGE_CURVE('',#2166,#2174,#2176,.T.);
#2174 = VERTEX_POINT('',#2175);
#2175 = CARTESIAN_POINT('',(-1.15,3.75,4.09));
#2176 = LINE('',#2177,#2178);
#2177 = CARTESIAN_POINT('',(-1.15,4.6,4.09));
#2178 = VECTOR('',#2179,1.);
#2179 = DIRECTION('',(0.,-1.,0.));
#2180 = ORIENTED_EDGE('',*,*,#2181,.F.);
#2181 = EDGE_CURVE('',#2035,#2174,#2182,.T.);
#2182 = LINE('',#2183,#2184);
#2183 = CARTESIAN_POINT('',(-1.15,3.75,-0.31));
#2184 = VECTOR('',#2185,1.);
#2185 = DIRECTION('',(0.,0.,1.));
#2186 = ORIENTED_EDGE('',*,*,#2034,.F.);
#2187 = ORIENTED_EDGE('',*,*,#2012,.F.);
#2188 = PLANE('',#2189);
#2189 = AXIS2_PLACEMENT_3D('',#2190,#2191,#2192);
#2190 = CARTESIAN_POINT('',(-1.15,4.6,-0.77));
#2191 = DIRECTION('',(-1.,0.,0.));
#2192 = DIRECTION('',(0.,0.,1.));
#2193 = ADVANCED_FACE('',(#2194),#2260,.F.);
#2194 = FACE_BOUND('',#2195,.T.);
#2195 = EDGE_LOOP('',(#2196,#2205,#2213,#2220,#2221,#2229,#2237,#2245,
    #2253,#2259));
#2196 = ORIENTED_EDGE('',*,*,#2197,.T.);
#2197 = EDGE_CURVE('',#2174,#2198,#2200,.T.);
#2198 = VERTEX_POINT('',#2199);
#2199 = CARTESIAN_POINT('',(-0.85,3.75,4.39));
#2200 = CIRCLE('',#2201,0.3);
#2201 = AXIS2_PLACEMENT_3D('',#2202,#2203,#2204);
#2202 = CARTESIAN_POINT('',(-0.85,3.75,4.09));
#2203 = DIRECTION('',(0.,1.,0.));
#2204 = DIRECTION('',(-1.,0.,0.));
#2205 = ORIENTED_EDGE('',*,*,#2206,.T.);
#2206 = EDGE_CURVE('',#2198,#2207,#2209,.T.);
#2207 = VERTEX_POINT('',#2208);
#2208 = CARTESIAN_POINT('',(0.85,3.75,4.39));
#2209 = LINE('',#2210,#2211);
#2210 = CARTESIAN_POINT('',(-0.85,3.75,4.39));
#2211 = VECTOR('',#2212,1.);
#2212 = DIRECTION('',(1.,0.,0.));
#2213 = ORIENTED_EDGE('',*,*,#2214,.T.);
#2214 = EDGE_CURVE('',#2207,#2067,#2215,.T.);
#2215 = CIRCLE('',#2216,0.3);
#2216 = AXIS2_PLACEMENT_3D('',#2217,#2218,#2219);
#2217 = CARTESIAN_POINT('',(0.85,3.75,4.09));
#2218 = DIRECTION('',(0.,1.,0.));
#2219 = DIRECTION('',(0.,-0.,1.));
#2220 = ORIENTED_EDGE('',*,*,#2066,.F.);
#2221 = ORIENTED_EDGE('',*,*,#2222,.F.);
#2222 = EDGE_CURVE('',#2223,#2043,#2225,.T.);
#2223 = VERTEX_POINT('',#2224);
#2224 = CARTESIAN_POINT('',(2.2,3.75,-0.31));
#2225 = LINE('',#2226,#2227);
#2226 = CARTESIAN_POINT('',(2.2,3.75,-0.31));
#2227 = VECTOR('',#2228,1.);
#2228 = DIRECTION('',(-1.,0.,0.));
#2229 = ORIENTED_EDGE('',*,*,#2230,.F.);
#2230 = EDGE_CURVE('',#2231,#2223,#2233,.T.);
#2231 = VERTEX_POINT('',#2232);
#2232 = CARTESIAN_POINT('',(2.2,3.75,5.42));
#2233 = LINE('',#2234,#2235);
#2234 = CARTESIAN_POINT('',(2.2,3.75,5.42));
#2235 = VECTOR('',#2236,1.);
#2236 = DIRECTION('',(0.,0.,-1.));
#2237 = ORIENTED_EDGE('',*,*,#2238,.T.);
#2238 = EDGE_CURVE('',#2231,#2239,#2241,.T.);
#2239 = VERTEX_POINT('',#2240);
#2240 = CARTESIAN_POINT('',(-2.2,3.75,5.42));
#2241 = LINE('',#2242,#2243);
#2242 = CARTESIAN_POINT('',(2.2,3.75,5.42));
#2243 = VECTOR('',#2244,1.);
#2244 = DIRECTION('',(-1.,0.,0.));
#2245 = ORIENTED_EDGE('',*,*,#2246,.T.);
#2246 = EDGE_CURVE('',#2239,#2247,#2249,.T.);
#2247 = VERTEX_POINT('',#2248);
#2248 = CARTESIAN_POINT('',(-2.2,3.75,-0.31));
#2249 = LINE('',#2250,#2251);
#2250 = CARTESIAN_POINT('',(-2.2,3.75,5.42));
#2251 = VECTOR('',#2252,1.);
#2252 = DIRECTION('',(0.,0.,-1.));
#2253 = ORIENTED_EDGE('',*,*,#2254,.F.);
#2254 = EDGE_CURVE('',#2035,#2247,#2255,.T.);
#2255 = LINE('',#2256,#2257);
#2256 = CARTESIAN_POINT('',(-1.15,3.75,-0.31));
#2257 = VECTOR('',#2258,1.);
#2258 = DIRECTION('',(-1.,0.,0.));
#2259 = ORIENTED_EDGE('',*,*,#2181,.T.);
#2260 = PLANE('',#2261);
#2261 = AXIS2_PLACEMENT_3D('',#2262,#2263,#2264);
#2262 = CARTESIAN_POINT('',(2.2,3.75,5.69));
#2263 = DIRECTION('',(-0.,1.,0.));
#2264 = DIRECTION('',(1.,0.,0.));
#2265 = ADVANCED_FACE('',(#2266),#2325,.T.);
#2266 = FACE_BOUND('',#2267,.T.);
#2267 = EDGE_LOOP('',(#2268,#2269,#2277,#2285,#2293,#2301,#2309,#2317,
    #2323,#2324));
#2268 = ORIENTED_EDGE('',*,*,#2254,.T.);
#2269 = ORIENTED_EDGE('',*,*,#2270,.T.);
#2270 = EDGE_CURVE('',#2247,#2271,#2273,.T.);
#2271 = VERTEX_POINT('',#2272);
#2272 = CARTESIAN_POINT('',(-2.2,1.095,-0.31));
#2273 = LINE('',#2274,#2275);
#2274 = CARTESIAN_POINT('',(-2.2,3.75,-0.31));
#2275 = VECTOR('',#2276,1.);
#2276 = DIRECTION('',(0.,-1.,0.));
#2277 = ORIENTED_EDGE('',*,*,#2278,.T.);
#2278 = EDGE_CURVE('',#2271,#2279,#2281,.T.);
#2279 = VERTEX_POINT('',#2280);
#2280 = CARTESIAN_POINT('',(-1.39,1.095,-0.31));
#2281 = LINE('',#2282,#2283);
#2282 = CARTESIAN_POINT('',(-2.2,1.095,-0.31));
#2283 = VECTOR('',#2284,1.);
#2284 = DIRECTION('',(1.,0.,0.));
#2285 = ORIENTED_EDGE('',*,*,#2286,.T.);
#2286 = EDGE_CURVE('',#2279,#2287,#2289,.T.);
#2287 = VERTEX_POINT('',#2288);
#2288 = CARTESIAN_POINT('',(-1.39,1.37,-0.31));
#2289 = LINE('',#2290,#2291);
#2290 = CARTESIAN_POINT('',(-1.39,1.095,-0.31));
#2291 = VECTOR('',#2292,1.);
#2292 = DIRECTION('',(0.,1.,0.));
#2293 = ORIENTED_EDGE('',*,*,#2294,.T.);
#2294 = EDGE_CURVE('',#2287,#2295,#2297,.T.);
#2295 = VERTEX_POINT('',#2296);
#2296 = CARTESIAN_POINT('',(1.39,1.37,-0.31));
#2297 = LINE('',#2298,#2299);
#2298 = CARTESIAN_POINT('',(-1.39,1.37,-0.31));
#2299 = VECTOR('',#2300,1.);
#2300 = DIRECTION('',(1.,0.,0.));
#2301 = ORIENTED_EDGE('',*,*,#2302,.T.);
#2302 = EDGE_CURVE('',#2295,#2303,#2305,.T.);
#2303 = VERTEX_POINT('',#2304);
#2304 = CARTESIAN_POINT('',(1.39,1.095,-0.31));
#2305 = LINE('',#2306,#2307);
#2306 = CARTESIAN_POINT('',(1.39,1.37,-0.31));
#2307 = VECTOR('',#2308,1.);
#2308 = DIRECTION('',(0.,-1.,0.));
#2309 = ORIENTED_EDGE('',*,*,#2310,.F.);
#2310 = EDGE_CURVE('',#2311,#2303,#2313,.T.);
#2311 = VERTEX_POINT('',#2312);
#2312 = CARTESIAN_POINT('',(2.2,1.095,-0.31));
#2313 = LINE('',#2314,#2315);
#2314 = CARTESIAN_POINT('',(2.2,1.095,-0.31));
#2315 = VECTOR('',#2316,1.);
#2316 = DIRECTION('',(-1.,0.,0.));
#2317 = ORIENTED_EDGE('',*,*,#2318,.T.);
#2318 = EDGE_CURVE('',#2311,#2223,#2319,.T.);
#2319 = LINE('',#2320,#2321);
#2320 = CARTESIAN_POINT('',(2.2,1.095,-0.31));
#2321 = VECTOR('',#2322,1.);
#2322 = DIRECTION('',(0.,1.,0.));
#2323 = ORIENTED_EDGE('',*,*,#2222,.T.);
#2324 = ORIENTED_EDGE('',*,*,#2042,.T.);
#2325 = PLANE('',#2326);
#2326 = AXIS2_PLACEMENT_3D('',#2327,#2328,#2329);
#2327 = CARTESIAN_POINT('',(-2.6,0.,-0.31));
#2328 = DIRECTION('',(0.,0.,1.));
#2329 = DIRECTION('',(1.,0.,-0.));
#2330 = ADVANCED_FACE('',(#2331),#2348,.F.);
#2331 = FACE_BOUND('',#2332,.T.);
#2332 = EDGE_LOOP('',(#2333,#2334,#2335,#2341,#2342));
#2333 = ORIENTED_EDGE('',*,*,#2230,.T.);
#2334 = ORIENTED_EDGE('',*,*,#2318,.F.);
#2335 = ORIENTED_EDGE('',*,*,#2336,.F.);
#2336 = EDGE_CURVE('',#1148,#2311,#2337,.T.);
#2337 = LINE('',#2338,#2339);
#2338 = CARTESIAN_POINT('',(2.2,1.095,4.23));
#2339 = VECTOR('',#2340,1.);
#2340 = DIRECTION('',(0.,0.,-1.));
#2341 = ORIENTED_EDGE('',*,*,#1147,.F.);
#2342 = ORIENTED_EDGE('',*,*,#2343,.F.);
#2343 = EDGE_CURVE('',#2231,#1140,#2344,.T.);
#2344 = LINE('',#2345,#2346);
#2345 = CARTESIAN_POINT('',(2.2,3.75,5.42));
#2346 = VECTOR('',#2347,1.);
#2347 = DIRECTION('',(0.,-0.707106781187,-0.707106781187));
#2348 = PLANE('',#2349);
#2349 = AXIS2_PLACEMENT_3D('',#2350,#2351,#2352);
#2350 = CARTESIAN_POINT('',(2.2,1.095,5.69));
#2351 = DIRECTION('',(1.,0.,0.));
#2352 = DIRECTION('',(-0.,1.,0.));
#2353 = ADVANCED_FACE('',(#2354),#2388,.T.);
#2354 = FACE_BOUND('',#2355,.T.);
#2355 = EDGE_LOOP('',(#2356,#2357,#2358,#2359,#2367,#2375,#2381,#2382));
#2356 = ORIENTED_EDGE('',*,*,#2238,.F.);
#2357 = ORIENTED_EDGE('',*,*,#2343,.T.);
#2358 = ORIENTED_EDGE('',*,*,#1139,.T.);
#2359 = ORIENTED_EDGE('',*,*,#2360,.F.);
#2360 = EDGE_CURVE('',#2361,#1132,#2363,.T.);
#2361 = VERTEX_POINT('',#2362);
#2362 = CARTESIAN_POINT('',(2.6,4.02,5.69));
#2363 = LINE('',#2364,#2365);
#2364 = CARTESIAN_POINT('',(2.6,4.02,5.69));
#2365 = VECTOR('',#2366,1.);
#2366 = DIRECTION('',(0.,-0.707106781187,-0.707106781187));
#2367 = ORIENTED_EDGE('',*,*,#2368,.F.);
#2368 = EDGE_CURVE('',#2369,#2361,#2371,.T.);
#2369 = VERTEX_POINT('',#2370);
#2370 = CARTESIAN_POINT('',(-2.6,4.02,5.69));
#2371 = LINE('',#2372,#2373);
#2372 = CARTESIAN_POINT('',(-2.6,4.02,5.69));
#2373 = VECTOR('',#2374,1.);
#2374 = DIRECTION('',(1.,0.,0.));
#2375 = ORIENTED_EDGE('',*,*,#2376,.T.);
#2376 = EDGE_CURVE('',#2369,#1097,#2377,.T.);
#2377 = LINE('',#2378,#2379);
#2378 = CARTESIAN_POINT('',(-2.6,4.02,5.69));
#2379 = VECTOR('',#2380,1.);
#2380 = DIRECTION('',(0.,-0.707106781187,-0.707106781187));
#2381 = ORIENTED_EDGE('',*,*,#1096,.T.);
#2382 = ORIENTED_EDGE('',*,*,#2383,.F.);
#2383 = EDGE_CURVE('',#2239,#1099,#2384,.T.);
#2384 = LINE('',#2385,#2386);
#2385 = CARTESIAN_POINT('',(-2.2,3.75,5.42));
#2386 = VECTOR('',#2387,1.);
#2387 = DIRECTION('',(0.,-0.707106781187,-0.707106781187));
#2388 = PLANE('',#2389);
#2389 = AXIS2_PLACEMENT_3D('',#2390,#2391,#2392);
#2390 = CARTESIAN_POINT('',(-2.6,4.02,5.69));
#2391 = DIRECTION('',(0.,-0.707106781187,0.707106781187));
#2392 = DIRECTION('',(-1.,0.,0.));
#2393 = ADVANCED_FACE('',(#2394),#2406,.F.);
#2394 = FACE_BOUND('',#2395,.T.);
#2395 = EDGE_LOOP('',(#2396,#2397,#2403,#2404,#2405));
#2396 = ORIENTED_EDGE('',*,*,#1259,.T.);
#2397 = ORIENTED_EDGE('',*,*,#2398,.T.);
#2398 = EDGE_CURVE('',#1252,#2271,#2399,.T.);
#2399 = LINE('',#2400,#2401);
#2400 = CARTESIAN_POINT('',(-2.2,1.095,4.23));
#2401 = VECTOR('',#2402,1.);
#2402 = DIRECTION('',(0.,0.,-1.));
#2403 = ORIENTED_EDGE('',*,*,#2270,.F.);
#2404 = ORIENTED_EDGE('',*,*,#2246,.F.);
#2405 = ORIENTED_EDGE('',*,*,#2383,.T.);
#2406 = PLANE('',#2407);
#2407 = AXIS2_PLACEMENT_3D('',#2408,#2409,#2410);
#2408 = CARTESIAN_POINT('',(-2.2,3.75,5.69));
#2409 = DIRECTION('',(-1.,0.,0.));
#2410 = DIRECTION('',(0.,0.,1.));
#2411 = ADVANCED_FACE('',(#2412),#2439,.F.);
#2412 = FACE_BOUND('',#2413,.T.);
#2413 = EDGE_LOOP('',(#2414,#2415,#2416,#2424,#2432,#2438));
#2414 = ORIENTED_EDGE('',*,*,#2398,.F.);
#2415 = ORIENTED_EDGE('',*,*,#1251,.T.);
#2416 = ORIENTED_EDGE('',*,*,#2417,.T.);
#2417 = EDGE_CURVE('',#1244,#2418,#2420,.T.);
#2418 = VERTEX_POINT('',#2419);
#2419 = CARTESIAN_POINT('',(-3.61,1.095,-1.77));
#2420 = LINE('',#2421,#2422);
#2421 = CARTESIAN_POINT('',(-3.61,1.095,4.23));
#2422 = VECTOR('',#2423,1.);
#2423 = DIRECTION('',(0.,0.,-1.));
#2424 = ORIENTED_EDGE('',*,*,#2425,.F.);
#2425 = EDGE_CURVE('',#2426,#2418,#2428,.T.);
#2426 = VERTEX_POINT('',#2427);
#2427 = CARTESIAN_POINT('',(-1.39,1.095,-1.77));
#2428 = LINE('',#2429,#2430);
#2429 = CARTESIAN_POINT('',(-1.39,1.095,-1.77));
#2430 = VECTOR('',#2431,1.);
#2431 = DIRECTION('',(-1.,0.,0.));
#2432 = ORIENTED_EDGE('',*,*,#2433,.F.);
#2433 = EDGE_CURVE('',#2279,#2426,#2434,.T.);
#2434 = LINE('',#2435,#2436);
#2435 = CARTESIAN_POINT('',(-1.39,1.095,-0.31));
#2436 = VECTOR('',#2437,1.);
#2437 = DIRECTION('',(0.,0.,-1.));
#2438 = ORIENTED_EDGE('',*,*,#2278,.F.);
#2439 = PLANE('',#2440);
#2440 = AXIS2_PLACEMENT_3D('',#2441,#2442,#2443);
#2441 = CARTESIAN_POINT('',(-1.39,1.095,4.23));
#2442 = DIRECTION('',(-0.,1.,0.));
#2443 = DIRECTION('',(1.,0.,0.));
#2444 = ADVANCED_FACE('',(#2445),#2470,.F.);
#2445 = FACE_BOUND('',#2446,.T.);
#2446 = EDGE_LOOP('',(#2447,#2453,#2454,#2455,#2463,#2469));
#2447 = ORIENTED_EDGE('',*,*,#2448,.T.);
#2448 = EDGE_CURVE('',#1220,#2287,#2449,.T.);
#2449 = LINE('',#2450,#2451);
#2450 = CARTESIAN_POINT('',(-1.39,1.37,4.23));
#2451 = VECTOR('',#2452,1.);
#2452 = DIRECTION('',(0.,0.,-1.));
#2453 = ORIENTED_EDGE('',*,*,#2286,.F.);
#2454 = ORIENTED_EDGE('',*,*,#2433,.T.);
#2455 = ORIENTED_EDGE('',*,*,#2456,.F.);
#2456 = EDGE_CURVE('',#2457,#2426,#2459,.T.);
#2457 = VERTEX_POINT('',#2458);
#2458 = CARTESIAN_POINT('',(-1.39,-1.095,-1.77));
#2459 = LINE('',#2460,#2461);
#2460 = CARTESIAN_POINT('',(-1.39,-1.095,-1.77));
#2461 = VECTOR('',#2462,1.);
#2462 = DIRECTION('',(0.,1.,0.));
#2463 = ORIENTED_EDGE('',*,*,#2464,.F.);
#2464 = EDGE_CURVE('',#1228,#2457,#2465,.T.);
#2465 = LINE('',#2466,#2467);
#2466 = CARTESIAN_POINT('',(-1.39,-1.095,4.23));
#2467 = VECTOR('',#2468,1.);
#2468 = DIRECTION('',(0.,0.,-1.));
#2469 = ORIENTED_EDGE('',*,*,#1227,.F.);
#2470 = PLANE('',#2471);
#2471 = AXIS2_PLACEMENT_3D('',#2472,#2473,#2474);
#2472 = CARTESIAN_POINT('',(-1.39,1.095,5.69));
#2473 = DIRECTION('',(1.,0.,0.));
#2474 = DIRECTION('',(-0.,1.,0.));
#2475 = ADVANCED_FACE('',(#2476),#2494,.F.);
#2476 = FACE_BOUND('',#2477,.T.);
#2477 = EDGE_LOOP('',(#2478,#2479,#2487,#2493));
#2478 = ORIENTED_EDGE('',*,*,#2464,.T.);
#2479 = ORIENTED_EDGE('',*,*,#2480,.F.);
#2480 = EDGE_CURVE('',#2481,#2457,#2483,.T.);
#2481 = VERTEX_POINT('',#2482);
#2482 = CARTESIAN_POINT('',(-3.61,-1.095,-1.77));
#2483 = LINE('',#2484,#2485);
#2484 = CARTESIAN_POINT('',(-3.61,-1.095,-1.77));
#2485 = VECTOR('',#2486,1.);
#2486 = DIRECTION('',(1.,0.,0.));
#2487 = ORIENTED_EDGE('',*,*,#2488,.F.);
#2488 = EDGE_CURVE('',#1236,#2481,#2489,.T.);
#2489 = LINE('',#2490,#2491);
#2490 = CARTESIAN_POINT('',(-3.61,-1.095,4.23));
#2491 = VECTOR('',#2492,1.);
#2492 = DIRECTION('',(0.,0.,-1.));
#2493 = ORIENTED_EDGE('',*,*,#1235,.T.);
#2494 = PLANE('',#2495);
#2495 = AXIS2_PLACEMENT_3D('',#2496,#2497,#2498);
#2496 = CARTESIAN_POINT('',(-3.61,-1.095,4.23));
#2497 = DIRECTION('',(0.,-1.,0.));
#2498 = DIRECTION('',(0.,0.,-1.));
#2499 = ADVANCED_FACE('',(#2500),#2511,.F.);
#2500 = FACE_BOUND('',#2501,.T.);
#2501 = EDGE_LOOP('',(#2502,#2503,#2509,#2510));
#2502 = ORIENTED_EDGE('',*,*,#2488,.T.);
#2503 = ORIENTED_EDGE('',*,*,#2504,.F.);
#2504 = EDGE_CURVE('',#2418,#2481,#2505,.T.);
#2505 = LINE('',#2506,#2507);
#2506 = CARTESIAN_POINT('',(-3.61,1.095,-1.77));
#2507 = VECTOR('',#2508,1.);
#2508 = DIRECTION('',(0.,-1.,0.));
#2509 = ORIENTED_EDGE('',*,*,#2417,.F.);
#2510 = ORIENTED_EDGE('',*,*,#1243,.T.);
#2511 = PLANE('',#2512);
#2512 = AXIS2_PLACEMENT_3D('',#2513,#2514,#2515);
#2513 = CARTESIAN_POINT('',(-3.61,1.095,4.23));
#2514 = DIRECTION('',(-1.,0.,0.));
#2515 = DIRECTION('',(0.,0.,1.));
#2516 = ADVANCED_FACE('',(#2517,#2523),#2557,.T.);
#2517 = FACE_BOUND('',#2518,.T.);
#2518 = EDGE_LOOP('',(#2519,#2520,#2521,#2522));
#2519 = ORIENTED_EDGE('',*,*,#2480,.T.);
#2520 = ORIENTED_EDGE('',*,*,#2456,.T.);
#2521 = ORIENTED_EDGE('',*,*,#2425,.T.);
#2522 = ORIENTED_EDGE('',*,*,#2504,.T.);
#2523 = FACE_BOUND('',#2524,.T.);
#2524 = EDGE_LOOP('',(#2525,#2535,#2543,#2551));
#2525 = ORIENTED_EDGE('',*,*,#2526,.T.);
#2526 = EDGE_CURVE('',#2527,#2529,#2531,.T.);
#2527 = VERTEX_POINT('',#2528);
#2528 = CARTESIAN_POINT('',(-2.8175,0.3175,-1.77));
#2529 = VERTEX_POINT('',#2530);
#2530 = CARTESIAN_POINT('',(-2.1825,0.3175,-1.77));
#2531 = LINE('',#2532,#2533);
#2532 = CARTESIAN_POINT('',(-2.8175,0.3175,-1.77));
#2533 = VECTOR('',#2534,1.);
#2534 = DIRECTION('',(1.,0.,0.));
#2535 = ORIENTED_EDGE('',*,*,#2536,.F.);
#2536 = EDGE_CURVE('',#2537,#2529,#2539,.T.);
#2537 = VERTEX_POINT('',#2538);
#2538 = CARTESIAN_POINT('',(-2.1825,-0.3175,-1.77));
#2539 = LINE('',#2540,#2541);
#2540 = CARTESIAN_POINT('',(-2.1825,-0.3175,-1.77));
#2541 = VECTOR('',#2542,1.);
#2542 = DIRECTION('',(0.,1.,0.));
#2543 = ORIENTED_EDGE('',*,*,#2544,.F.);
#2544 = EDGE_CURVE('',#2545,#2537,#2547,.T.);
#2545 = VERTEX_POINT('',#2546);
#2546 = CARTESIAN_POINT('',(-2.8175,-0.3175,-1.77));
#2547 = LINE('',#2548,#2549);
#2548 = CARTESIAN_POINT('',(-2.8175,-0.3175,-1.77));
#2549 = VECTOR('',#2550,1.);
#2550 = DIRECTION('',(1.,0.,0.));
#2551 = ORIENTED_EDGE('',*,*,#2552,.T.);
#2552 = EDGE_CURVE('',#2545,#2527,#2553,.T.);
#2553 = LINE('',#2554,#2555);
#2554 = CARTESIAN_POINT('',(-2.8175,-0.3175,-1.77));
#2555 = VECTOR('',#2556,1.);
#2556 = DIRECTION('',(0.,1.,0.));
#2557 = PLANE('',#2558);
#2558 = AXIS2_PLACEMENT_3D('',#2559,#2560,#2561);
#2559 = CARTESIAN_POINT('',(0.,-1.74,-1.77));
#2560 = DIRECTION('',(0.,0.,1.));
#2561 = DIRECTION('',(1.,0.,-0.));
#2562 = ADVANCED_FACE('',(#2563),#2622,.F.);
#2563 = FACE_BOUND('',#2564,.T.);
#2564 = EDGE_LOOP('',(#2565,#2575,#2584,#2590,#2591,#2599,#2608,#2616));
#2565 = ORIENTED_EDGE('',*,*,#2566,.F.);
#2566 = EDGE_CURVE('',#2567,#2569,#2571,.T.);
#2567 = VERTEX_POINT('',#2568);
#2568 = CARTESIAN_POINT('',(-2.8175,-0.6175,-5.8325));
#2569 = VERTEX_POINT('',#2570);
#2570 = CARTESIAN_POINT('',(-2.8175,-4.69,-5.8325));
#2571 = LINE('',#2572,#2573);
#2572 = CARTESIAN_POINT('',(-2.8175,-0.6175,-5.8325));
#2573 = VECTOR('',#2574,1.);
#2574 = DIRECTION('',(0.,-1.,0.));
#2575 = ORIENTED_EDGE('',*,*,#2576,.F.);
#2576 = EDGE_CURVE('',#2577,#2567,#2579,.T.);
#2577 = VERTEX_POINT('',#2578);
#2578 = CARTESIAN_POINT('',(-2.8175,-0.3175,-5.5325));
#2579 = CIRCLE('',#2580,0.3);
#2580 = AXIS2_PLACEMENT_3D('',#2581,#2582,#2583);
#2581 = CARTESIAN_POINT('',(-2.8175,-0.6175,-5.5325));
#2582 = DIRECTION('',(-1.,0.,0.));
#2583 = DIRECTION('',(0.,1.,0.));
#2584 = ORIENTED_EDGE('',*,*,#2585,.F.);
#2585 = EDGE_CURVE('',#1845,#2577,#2586,.T.);
#2586 = LINE('',#2587,#2588);
#2587 = CARTESIAN_POINT('',(-2.8175,-0.3175,-4.23));
#2588 = VECTOR('',#2589,1.);
#2589 = DIRECTION('',(0.,0.,-1.));
#2590 = ORIENTED_EDGE('',*,*,#1870,.T.);
#2591 = ORIENTED_EDGE('',*,*,#2592,.F.);
#2592 = EDGE_CURVE('',#2593,#1863,#2595,.T.);
#2593 = VERTEX_POINT('',#2594);
#2594 = CARTESIAN_POINT('',(-2.8175,0.3175,-5.5325));
#2595 = LINE('',#2596,#2597);
#2596 = CARTESIAN_POINT('',(-2.8175,0.3175,-5.5325));
#2597 = VECTOR('',#2598,1.);
#2598 = DIRECTION('',(0.,0.,1.));
#2599 = ORIENTED_EDGE('',*,*,#2600,.F.);
#2600 = EDGE_CURVE('',#2601,#2593,#2603,.T.);
#2601 = VERTEX_POINT('',#2602);
#2602 = CARTESIAN_POINT('',(-2.8175,-0.6175,-6.4675));
#2603 = CIRCLE('',#2604,0.935);
#2604 = AXIS2_PLACEMENT_3D('',#2605,#2606,#2607);
#2605 = CARTESIAN_POINT('',(-2.8175,-0.6175,-5.5325));
#2606 = DIRECTION('',(1.,0.,0.));
#2607 = DIRECTION('',(0.,0.,-1.));
#2608 = ORIENTED_EDGE('',*,*,#2609,.F.);
#2609 = EDGE_CURVE('',#2610,#2601,#2612,.T.);
#2610 = VERTEX_POINT('',#2611);
#2611 = CARTESIAN_POINT('',(-2.8175,-4.69,-6.4675));
#2612 = LINE('',#2613,#2614);
#2613 = CARTESIAN_POINT('',(-2.8175,-4.69,-6.4675));
#2614 = VECTOR('',#2615,1.);
#2615 = DIRECTION('',(0.,1.,0.));
#2616 = ORIENTED_EDGE('',*,*,#2617,.T.);
#2617 = EDGE_CURVE('',#2610,#2569,#2618,.T.);
#2618 = LINE('',#2619,#2620);
#2619 = CARTESIAN_POINT('',(-2.8175,-4.69,-6.4675));
#2620 = VECTOR('',#2621,1.);
#2621 = DIRECTION('',(0.,0.,1.));
#2622 = PLANE('',#2623);
#2623 = AXIS2_PLACEMENT_3D('',#2624,#2625,#2626);
#2624 = CARTESIAN_POINT('',(-2.8175,-1.74,0.));
#2625 = DIRECTION('',(1.,0.,0.));
#2626 = DIRECTION('',(-0.,1.,0.));
#2627 = ADVANCED_FACE('',(#2628),#2653,.F.);
#2628 = FACE_BOUND('',#2629,.T.);
#2629 = EDGE_LOOP('',(#2630,#2638,#2639,#2647));
#2630 = ORIENTED_EDGE('',*,*,#2631,.F.);
#2631 = EDGE_CURVE('',#2527,#2632,#2634,.T.);
#2632 = VERTEX_POINT('',#2633);
#2633 = CARTESIAN_POINT('',(-2.8175,0.3175,2.25));
#2634 = LINE('',#2635,#2636);
#2635 = CARTESIAN_POINT('',(-2.8175,0.3175,-1.77));
#2636 = VECTOR('',#2637,1.);
#2637 = DIRECTION('',(0.,0.,1.));
#2638 = ORIENTED_EDGE('',*,*,#2552,.F.);
#2639 = ORIENTED_EDGE('',*,*,#2640,.F.);
#2640 = EDGE_CURVE('',#2641,#2545,#2643,.T.);
#2641 = VERTEX_POINT('',#2642);
#2642 = CARTESIAN_POINT('',(-2.8175,-0.3175,2.25));
#2643 = LINE('',#2644,#2645);
#2644 = CARTESIAN_POINT('',(-2.8175,-0.3175,2.25));
#2645 = VECTOR('',#2646,1.);
#2646 = DIRECTION('',(0.,0.,-1.));
#2647 = ORIENTED_EDGE('',*,*,#2648,.T.);
#2648 = EDGE_CURVE('',#2641,#2632,#2649,.T.);
#2649 = LINE('',#2650,#2651);
#2650 = CARTESIAN_POINT('',(-2.8175,-0.3175,2.25));
#2651 = VECTOR('',#2652,1.);
#2652 = DIRECTION('',(0.,1.,0.));
#2653 = PLANE('',#2654);
#2654 = AXIS2_PLACEMENT_3D('',#2655,#2656,#2657);
#2655 = CARTESIAN_POINT('',(-2.8175,-1.74,0.));
#2656 = DIRECTION('',(1.,0.,0.));
#2657 = DIRECTION('',(-0.,1.,0.));
#2658 = ADVANCED_FACE('',(#2659),#2684,.T.);
#2659 = FACE_BOUND('',#2660,.T.);
#2660 = EDGE_LOOP('',(#2661,#2662,#2670,#2678));
#2661 = ORIENTED_EDGE('',*,*,#2617,.F.);
#2662 = ORIENTED_EDGE('',*,*,#2663,.F.);
#2663 = EDGE_CURVE('',#2664,#2610,#2666,.T.);
#2664 = VERTEX_POINT('',#2665);
#2665 = CARTESIAN_POINT('',(-2.6675,-5.24,-6.3175));
#2666 = LINE('',#2667,#2668);
#2667 = CARTESIAN_POINT('',(-2.6675,-5.24,-6.3175));
#2668 = VECTOR('',#2669,1.);
#2669 = DIRECTION('',(-0.254456678904,0.933007822648,-0.254456678904));
#2670 = ORIENTED_EDGE('',*,*,#2671,.T.);
#2671 = EDGE_CURVE('',#2664,#2672,#2674,.T.);
#2672 = VERTEX_POINT('',#2673);
#2673 = CARTESIAN_POINT('',(-2.6675,-5.24,-5.9825));
#2674 = LINE('',#2675,#2676);
#2675 = CARTESIAN_POINT('',(-2.6675,-5.24,-6.3175));
#2676 = VECTOR('',#2677,1.);
#2677 = DIRECTION('',(0.,0.,1.));
#2678 = ORIENTED_EDGE('',*,*,#2679,.T.);
#2679 = EDGE_CURVE('',#2672,#2569,#2680,.T.);
#2680 = LINE('',#2681,#2682);
#2681 = CARTESIAN_POINT('',(-2.6675,-5.24,-5.9825));
#2682 = VECTOR('',#2683,1.);
#2683 = DIRECTION('',(-0.254456678904,0.933007822648,0.254456678904));
#2684 = PLANE('',#2685);
#2685 = AXIS2_PLACEMENT_3D('',#2686,#2687,#2688);
#2686 = CARTESIAN_POINT('',(-2.7425,-4.965,-6.15));
#2687 = DIRECTION('',(-0.964763821238,-0.263117405792,0.));
#2688 = DIRECTION('',(-0.263117405792,0.964763821238,0.));
#2689 = ADVANCED_FACE('',(#2690),#2715,.T.);
#2690 = FACE_BOUND('',#2691,.T.);
#2691 = EDGE_LOOP('',(#2692,#2700,#2708,#2714));
#2692 = ORIENTED_EDGE('',*,*,#2693,.F.);
#2693 = EDGE_CURVE('',#2694,#2672,#2696,.T.);
#2694 = VERTEX_POINT('',#2695);
#2695 = CARTESIAN_POINT('',(-2.3325,-5.24,-5.9825));
#2696 = LINE('',#2697,#2698);
#2697 = CARTESIAN_POINT('',(-2.3325,-5.24,-5.9825));
#2698 = VECTOR('',#2699,1.);
#2699 = DIRECTION('',(-1.,0.,0.));
#2700 = ORIENTED_EDGE('',*,*,#2701,.T.);
#2701 = EDGE_CURVE('',#2694,#2702,#2704,.T.);
#2702 = VERTEX_POINT('',#2703);
#2703 = CARTESIAN_POINT('',(-2.1825,-4.69,-5.8325));
#2704 = LINE('',#2705,#2706);
#2705 = CARTESIAN_POINT('',(-2.3325,-5.24,-5.9825));
#2706 = VECTOR('',#2707,1.);
#2707 = DIRECTION('',(0.254456678904,0.933007822648,0.254456678904));
#2708 = ORIENTED_EDGE('',*,*,#2709,.T.);
#2709 = EDGE_CURVE('',#2702,#2569,#2710,.T.);
#2710 = LINE('',#2711,#2712);
#2711 = CARTESIAN_POINT('',(-2.1825,-4.69,-5.8325));
#2712 = VECTOR('',#2713,1.);
#2713 = DIRECTION('',(-1.,0.,0.));
#2714 = ORIENTED_EDGE('',*,*,#2679,.F.);
#2715 = PLANE('',#2716);
#2716 = AXIS2_PLACEMENT_3D('',#2717,#2718,#2719);
#2717 = CARTESIAN_POINT('',(-2.5,-4.965,-5.9075));
#2718 = DIRECTION('',(0.,-0.263117405792,0.964763821238));
#2719 = DIRECTION('',(-1.,0.,0.));
#2720 = ADVANCED_FACE('',(#2721),#2739,.T.);
#2721 = FACE_BOUND('',#2722,.T.);
#2722 = EDGE_LOOP('',(#2723,#2731,#2737,#2738));
#2723 = ORIENTED_EDGE('',*,*,#2724,.F.);
#2724 = EDGE_CURVE('',#2725,#2702,#2727,.T.);
#2725 = VERTEX_POINT('',#2726);
#2726 = CARTESIAN_POINT('',(-2.1825,-0.6175,-5.8325));
#2727 = LINE('',#2728,#2729);
#2728 = CARTESIAN_POINT('',(-2.1825,-0.6175,-5.8325));
#2729 = VECTOR('',#2730,1.);
#2730 = DIRECTION('',(0.,-1.,0.));
#2731 = ORIENTED_EDGE('',*,*,#2732,.F.);
#2732 = EDGE_CURVE('',#2567,#2725,#2733,.T.);
#2733 = LINE('',#2734,#2735);
#2734 = CARTESIAN_POINT('',(-2.8175,-0.6175,-5.8325));
#2735 = VECTOR('',#2736,1.);
#2736 = DIRECTION('',(1.,0.,0.));
#2737 = ORIENTED_EDGE('',*,*,#2566,.T.);
#2738 = ORIENTED_EDGE('',*,*,#2709,.F.);
#2739 = PLANE('',#2740);
#2740 = AXIS2_PLACEMENT_3D('',#2741,#2742,#2743);
#2741 = CARTESIAN_POINT('',(-2.8175,-0.6175,-5.8325));
#2742 = DIRECTION('',(0.,0.,1.));
#2743 = DIRECTION('',(1.,0.,-0.));
#2744 = ADVANCED_FACE('',(#2745),#2764,.F.);
#2745 = FACE_BOUND('',#2746,.F.);
#2746 = EDGE_LOOP('',(#2747,#2748,#2756,#2763));
#2747 = ORIENTED_EDGE('',*,*,#2576,.F.);
#2748 = ORIENTED_EDGE('',*,*,#2749,.T.);
#2749 = EDGE_CURVE('',#2577,#2750,#2752,.T.);
#2750 = VERTEX_POINT('',#2751);
#2751 = CARTESIAN_POINT('',(-2.1825,-0.3175,-5.5325));
#2752 = LINE('',#2753,#2754);
#2753 = CARTESIAN_POINT('',(-2.8175,-0.3175,-5.5325));
#2754 = VECTOR('',#2755,1.);
#2755 = DIRECTION('',(1.,0.,0.));
#2756 = ORIENTED_EDGE('',*,*,#2757,.T.);
#2757 = EDGE_CURVE('',#2750,#2725,#2758,.T.);
#2758 = CIRCLE('',#2759,0.3);
#2759 = AXIS2_PLACEMENT_3D('',#2760,#2761,#2762);
#2760 = CARTESIAN_POINT('',(-2.1825,-0.6175,-5.5325));
#2761 = DIRECTION('',(-1.,0.,0.));
#2762 = DIRECTION('',(0.,1.,0.));
#2763 = ORIENTED_EDGE('',*,*,#2732,.F.);
#2764 = CYLINDRICAL_SURFACE('',#2765,0.3);
#2765 = AXIS2_PLACEMENT_3D('',#2766,#2767,#2768);
#2766 = CARTESIAN_POINT('',(-2.8175,-0.6175,-5.5325));
#2767 = DIRECTION('',(-1.,0.,-0.));
#2768 = DIRECTION('',(0.,0.,-1.));
#2769 = ADVANCED_FACE('',(#2770),#2781,.T.);
#2770 = FACE_BOUND('',#2771,.T.);
#2771 = EDGE_LOOP('',(#2772,#2773,#2774,#2780));
#2772 = ORIENTED_EDGE('',*,*,#2585,.T.);
#2773 = ORIENTED_EDGE('',*,*,#2749,.T.);
#2774 = ORIENTED_EDGE('',*,*,#2775,.F.);
#2775 = EDGE_CURVE('',#1847,#2750,#2776,.T.);
#2776 = LINE('',#2777,#2778);
#2777 = CARTESIAN_POINT('',(-2.1825,-0.3175,-4.23));
#2778 = VECTOR('',#2779,1.);
#2779 = DIRECTION('',(0.,0.,-1.));
#2780 = ORIENTED_EDGE('',*,*,#1844,.F.);
#2781 = PLANE('',#2782);
#2782 = AXIS2_PLACEMENT_3D('',#2783,#2784,#2785);
#2783 = CARTESIAN_POINT('',(-2.8175,-0.3175,2.8));
#2784 = DIRECTION('',(0.,-1.,0.));
#2785 = DIRECTION('',(0.,0.,-1.));
#2786 = ADVANCED_FACE('',(#2787),#2805,.T.);
#2787 = FACE_BOUND('',#2788,.T.);
#2788 = EDGE_LOOP('',(#2789,#2790,#2791,#2799));
#2789 = ORIENTED_EDGE('',*,*,#2640,.T.);
#2790 = ORIENTED_EDGE('',*,*,#2544,.T.);
#2791 = ORIENTED_EDGE('',*,*,#2792,.F.);
#2792 = EDGE_CURVE('',#2793,#2537,#2795,.T.);
#2793 = VERTEX_POINT('',#2794);
#2794 = CARTESIAN_POINT('',(-2.1825,-0.3175,2.25));
#2795 = LINE('',#2796,#2797);
#2796 = CARTESIAN_POINT('',(-2.1825,-0.3175,2.25));
#2797 = VECTOR('',#2798,1.);
#2798 = DIRECTION('',(0.,0.,-1.));
#2799 = ORIENTED_EDGE('',*,*,#2800,.T.);
#2800 = EDGE_CURVE('',#2793,#2641,#2801,.T.);
#2801 = LINE('',#2802,#2803);
#2802 = CARTESIAN_POINT('',(-2.1825,-0.3175,2.25));
#2803 = VECTOR('',#2804,1.);
#2804 = DIRECTION('',(-1.,0.,0.));
#2805 = PLANE('',#2806);
#2806 = AXIS2_PLACEMENT_3D('',#2807,#2808,#2809);
#2807 = CARTESIAN_POINT('',(-2.8175,-0.3175,2.8));
#2808 = DIRECTION('',(0.,-1.,0.));
#2809 = DIRECTION('',(0.,0.,-1.));
#2810 = ADVANCED_FACE('',(#2811),#2848,.T.);
#2811 = FACE_BOUND('',#2812,.T.);
#2812 = EDGE_LOOP('',(#2813,#2823,#2832,#2838,#2839,#2840,#2841,#2842));
#2813 = ORIENTED_EDGE('',*,*,#2814,.T.);
#2814 = EDGE_CURVE('',#2815,#2817,#2819,.T.);
#2815 = VERTEX_POINT('',#2816);
#2816 = CARTESIAN_POINT('',(-2.1825,-4.69,-6.4675));
#2817 = VERTEX_POINT('',#2818);
#2818 = CARTESIAN_POINT('',(-2.1825,-0.6175,-6.4675));
#2819 = LINE('',#2820,#2821);
#2820 = CARTESIAN_POINT('',(-2.1825,-4.69,-6.4675));
#2821 = VECTOR('',#2822,1.);
#2822 = DIRECTION('',(0.,1.,0.));
#2823 = ORIENTED_EDGE('',*,*,#2824,.T.);
#2824 = EDGE_CURVE('',#2817,#2825,#2827,.T.);
#2825 = VERTEX_POINT('',#2826);
#2826 = CARTESIAN_POINT('',(-2.1825,0.3175,-5.5325));
#2827 = CIRCLE('',#2828,0.935);
#2828 = AXIS2_PLACEMENT_3D('',#2829,#2830,#2831);
#2829 = CARTESIAN_POINT('',(-2.1825,-0.6175,-5.5325));
#2830 = DIRECTION('',(1.,0.,0.));
#2831 = DIRECTION('',(0.,0.,-1.));
#2832 = ORIENTED_EDGE('',*,*,#2833,.T.);
#2833 = EDGE_CURVE('',#2825,#1855,#2834,.T.);
#2834 = LINE('',#2835,#2836);
#2835 = CARTESIAN_POINT('',(-2.1825,0.3175,-5.5325));
#2836 = VECTOR('',#2837,1.);
#2837 = DIRECTION('',(0.,0.,1.));
#2838 = ORIENTED_EDGE('',*,*,#1854,.F.);
#2839 = ORIENTED_EDGE('',*,*,#2775,.T.);
#2840 = ORIENTED_EDGE('',*,*,#2757,.T.);
#2841 = ORIENTED_EDGE('',*,*,#2724,.T.);
#2842 = ORIENTED_EDGE('',*,*,#2843,.T.);
#2843 = EDGE_CURVE('',#2702,#2815,#2844,.T.);
#2844 = LINE('',#2845,#2846);
#2845 = CARTESIAN_POINT('',(-2.1825,-4.69,-5.8325));
#2846 = VECTOR('',#2847,1.);
#2847 = DIRECTION('',(0.,0.,-1.));
#2848 = PLANE('',#2849);
#2849 = AXIS2_PLACEMENT_3D('',#2850,#2851,#2852);
#2850 = CARTESIAN_POINT('',(-2.1825,-1.74,0.));
#2851 = DIRECTION('',(1.,0.,0.));
#2852 = DIRECTION('',(-0.,1.,0.));
#2853 = ADVANCED_FACE('',(#2854),#2872,.T.);
#2854 = FACE_BOUND('',#2855,.T.);
#2855 = EDGE_LOOP('',(#2856,#2857,#2858,#2866));
#2856 = ORIENTED_EDGE('',*,*,#2792,.T.);
#2857 = ORIENTED_EDGE('',*,*,#2536,.T.);
#2858 = ORIENTED_EDGE('',*,*,#2859,.T.);
#2859 = EDGE_CURVE('',#2529,#2860,#2862,.T.);
#2860 = VERTEX_POINT('',#2861);
#2861 = CARTESIAN_POINT('',(-2.1825,0.3175,2.25));
#2862 = LINE('',#2863,#2864);
#2863 = CARTESIAN_POINT('',(-2.1825,0.3175,-1.77));
#2864 = VECTOR('',#2865,1.);
#2865 = DIRECTION('',(0.,0.,1.));
#2866 = ORIENTED_EDGE('',*,*,#2867,.T.);
#2867 = EDGE_CURVE('',#2860,#2793,#2868,.T.);
#2868 = LINE('',#2869,#2870);
#2869 = CARTESIAN_POINT('',(-2.1825,0.3175,2.25));
#2870 = VECTOR('',#2871,1.);
#2871 = DIRECTION('',(0.,-1.,0.));
#2872 = PLANE('',#2873);
#2873 = AXIS2_PLACEMENT_3D('',#2874,#2875,#2876);
#2874 = CARTESIAN_POINT('',(-2.1825,-1.74,0.));
#2875 = DIRECTION('',(1.,0.,0.));
#2876 = DIRECTION('',(-0.,1.,0.));
#2877 = ADVANCED_FACE('',(#2878),#2896,.T.);
#2878 = FACE_BOUND('',#2879,.T.);
#2879 = EDGE_LOOP('',(#2880,#2888,#2894,#2895));
#2880 = ORIENTED_EDGE('',*,*,#2881,.T.);
#2881 = EDGE_CURVE('',#2694,#2882,#2884,.T.);
#2882 = VERTEX_POINT('',#2883);
#2883 = CARTESIAN_POINT('',(-2.3325,-5.24,-6.3175));
#2884 = LINE('',#2885,#2886);
#2885 = CARTESIAN_POINT('',(-2.3325,-5.24,-5.9825));
#2886 = VECTOR('',#2887,1.);
#2887 = DIRECTION('',(0.,0.,-1.));
#2888 = ORIENTED_EDGE('',*,*,#2889,.F.);
#2889 = EDGE_CURVE('',#2815,#2882,#2890,.T.);
#2890 = LINE('',#2891,#2892);
#2891 = CARTESIAN_POINT('',(-2.1825,-4.69,-6.4675));
#2892 = VECTOR('',#2893,1.);
#2893 = DIRECTION('',(-0.254456678904,-0.933007822648,0.254456678904));
#2894 = ORIENTED_EDGE('',*,*,#2843,.F.);
#2895 = ORIENTED_EDGE('',*,*,#2701,.F.);
#2896 = PLANE('',#2897);
#2897 = AXIS2_PLACEMENT_3D('',#2898,#2899,#2900);
#2898 = CARTESIAN_POINT('',(-2.2575,-4.965,-6.15));
#2899 = DIRECTION('',(0.964763821238,-0.263117405792,0.));
#2900 = DIRECTION('',(0.,0.,-1.));
#2901 = ADVANCED_FACE('',(#2902),#2918,.T.);
#2902 = FACE_BOUND('',#2903,.T.);
#2903 = EDGE_LOOP('',(#2904,#2910,#2911,#2917));
#2904 = ORIENTED_EDGE('',*,*,#2905,.F.);
#2905 = EDGE_CURVE('',#2815,#2610,#2906,.T.);
#2906 = LINE('',#2907,#2908);
#2907 = CARTESIAN_POINT('',(-2.1825,-4.69,-6.4675));
#2908 = VECTOR('',#2909,1.);
#2909 = DIRECTION('',(-1.,0.,0.));
#2910 = ORIENTED_EDGE('',*,*,#2889,.T.);
#2911 = ORIENTED_EDGE('',*,*,#2912,.T.);
#2912 = EDGE_CURVE('',#2882,#2664,#2913,.T.);
#2913 = LINE('',#2914,#2915);
#2914 = CARTESIAN_POINT('',(-2.3325,-5.24,-6.3175));
#2915 = VECTOR('',#2916,1.);
#2916 = DIRECTION('',(-1.,0.,0.));
#2917 = ORIENTED_EDGE('',*,*,#2663,.T.);
#2918 = PLANE('',#2919);
#2919 = AXIS2_PLACEMENT_3D('',#2920,#2921,#2922);
#2920 = CARTESIAN_POINT('',(-2.5,-4.965,-6.3925));
#2921 = DIRECTION('',(0.,-0.263117405792,-0.964763821238));
#2922 = DIRECTION('',(0.,-0.964763821238,0.263117405792));
#2923 = ADVANCED_FACE('',(#2924),#2930,.T.);
#2924 = FACE_BOUND('',#2925,.T.);
#2925 = EDGE_LOOP('',(#2926,#2927,#2928,#2929));
#2926 = ORIENTED_EDGE('',*,*,#2881,.F.);
#2927 = ORIENTED_EDGE('',*,*,#2693,.T.);
#2928 = ORIENTED_EDGE('',*,*,#2671,.F.);
#2929 = ORIENTED_EDGE('',*,*,#2912,.F.);
#2930 = PLANE('',#2931);
#2931 = AXIS2_PLACEMENT_3D('',#2932,#2933,#2934);
#2932 = CARTESIAN_POINT('',(-2.8175,-5.24,-5.8325));
#2933 = DIRECTION('',(0.,-1.,0.));
#2934 = DIRECTION('',(0.,0.,-1.));
#2935 = ADVANCED_FACE('',(#2936),#2947,.T.);
#2936 = FACE_BOUND('',#2937,.T.);
#2937 = EDGE_LOOP('',(#2938,#2939,#2945,#2946));
#2938 = ORIENTED_EDGE('',*,*,#2609,.T.);
#2939 = ORIENTED_EDGE('',*,*,#2940,.T.);
#2940 = EDGE_CURVE('',#2601,#2817,#2941,.T.);
#2941 = LINE('',#2942,#2943);
#2942 = CARTESIAN_POINT('',(-2.8175,-0.6175,-6.4675));
#2943 = VECTOR('',#2944,1.);
#2944 = DIRECTION('',(1.,0.,0.));
#2945 = ORIENTED_EDGE('',*,*,#2814,.F.);
#2946 = ORIENTED_EDGE('',*,*,#2905,.T.);
#2947 = PLANE('',#2948);
#2948 = AXIS2_PLACEMENT_3D('',#2949,#2950,#2951);
#2949 = CARTESIAN_POINT('',(-2.8175,-5.24,-6.4675));
#2950 = DIRECTION('',(0.,0.,-1.));
#2951 = DIRECTION('',(0.,-1.,0.));
#2952 = ADVANCED_FACE('',(#2953),#2964,.T.);
#2953 = FACE_BOUND('',#2954,.T.);
#2954 = EDGE_LOOP('',(#2955,#2961,#2962,#2963));
#2955 = ORIENTED_EDGE('',*,*,#2956,.T.);
#2956 = EDGE_CURVE('',#2593,#2825,#2957,.T.);
#2957 = LINE('',#2958,#2959);
#2958 = CARTESIAN_POINT('',(-2.8175,0.3175,-5.5325));
#2959 = VECTOR('',#2960,1.);
#2960 = DIRECTION('',(1.,0.,0.));
#2961 = ORIENTED_EDGE('',*,*,#2824,.F.);
#2962 = ORIENTED_EDGE('',*,*,#2940,.F.);
#2963 = ORIENTED_EDGE('',*,*,#2600,.T.);
#2964 = CYLINDRICAL_SURFACE('',#2965,0.935);
#2965 = AXIS2_PLACEMENT_3D('',#2966,#2967,#2968);
#2966 = CARTESIAN_POINT('',(-2.8175,-0.6175,-5.5325));
#2967 = DIRECTION('',(-1.,0.,-0.));
#2968 = DIRECTION('',(0.,0.,-1.));
#2969 = ADVANCED_FACE('',(#2970),#2976,.T.);
#2970 = FACE_BOUND('',#2971,.T.);
#2971 = EDGE_LOOP('',(#2972,#2973,#2974,#2975));
#2972 = ORIENTED_EDGE('',*,*,#2833,.F.);
#2973 = ORIENTED_EDGE('',*,*,#2956,.F.);
#2974 = ORIENTED_EDGE('',*,*,#2592,.T.);
#2975 = ORIENTED_EDGE('',*,*,#1862,.T.);
#2976 = PLANE('',#2977);
#2977 = AXIS2_PLACEMENT_3D('',#2978,#2979,#2980);
#2978 = CARTESIAN_POINT('',(-2.8175,0.3175,-5.5325));
#2979 = DIRECTION('',(-0.,1.,0.));
#2980 = DIRECTION('',(1.,0.,0.));
#2981 = ADVANCED_FACE('',(#2982),#2993,.T.);
#2982 = FACE_BOUND('',#2983,.T.);
#2983 = EDGE_LOOP('',(#2984,#2985,#2986,#2987));
#2984 = ORIENTED_EDGE('',*,*,#2859,.F.);
#2985 = ORIENTED_EDGE('',*,*,#2526,.F.);
#2986 = ORIENTED_EDGE('',*,*,#2631,.T.);
#2987 = ORIENTED_EDGE('',*,*,#2988,.F.);
#2988 = EDGE_CURVE('',#2860,#2632,#2989,.T.);
#2989 = LINE('',#2990,#2991);
#2990 = CARTESIAN_POINT('',(-2.1825,0.3175,2.25));
#2991 = VECTOR('',#2992,1.);
#2992 = DIRECTION('',(-1.,0.,0.));
#2993 = PLANE('',#2994);
#2994 = AXIS2_PLACEMENT_3D('',#2995,#2996,#2997);
#2995 = CARTESIAN_POINT('',(-2.8175,0.3175,-5.5325));
#2996 = DIRECTION('',(-0.,1.,0.));
#2997 = DIRECTION('',(1.,0.,0.));
#2998 = ADVANCED_FACE('',(#2999),#3024,.T.);
#2999 = FACE_BOUND('',#3000,.T.);
#3000 = EDGE_LOOP('',(#3001,#3011,#3017,#3018));
#3001 = ORIENTED_EDGE('',*,*,#3002,.F.);
#3002 = EDGE_CURVE('',#3003,#3005,#3007,.T.);
#3003 = VERTEX_POINT('',#3004);
#3004 = CARTESIAN_POINT('',(-2.3325,0.1675,2.8));
#3005 = VERTEX_POINT('',#3006);
#3006 = CARTESIAN_POINT('',(-2.6675,0.1675,2.8));
#3007 = LINE('',#3008,#3009);
#3008 = CARTESIAN_POINT('',(-2.3325,0.1675,2.8));
#3009 = VECTOR('',#3010,1.);
#3010 = DIRECTION('',(-1.,0.,0.));
#3011 = ORIENTED_EDGE('',*,*,#3012,.T.);
#3012 = EDGE_CURVE('',#3003,#2860,#3013,.T.);
#3013 = LINE('',#3014,#3015);
#3014 = CARTESIAN_POINT('',(-2.3325,0.1675,2.8));
#3015 = VECTOR('',#3016,1.);
#3016 = DIRECTION('',(0.254456678904,0.254456678904,-0.933007822648));
#3017 = ORIENTED_EDGE('',*,*,#2988,.T.);
#3018 = ORIENTED_EDGE('',*,*,#3019,.T.);
#3019 = EDGE_CURVE('',#2632,#3005,#3020,.T.);
#3020 = LINE('',#3021,#3022);
#3021 = CARTESIAN_POINT('',(-2.8175,0.3175,2.25));
#3022 = VECTOR('',#3023,1.);
#3023 = DIRECTION('',(0.254456678904,-0.254456678904,0.933007822648));
#3024 = PLANE('',#3025);
#3025 = AXIS2_PLACEMENT_3D('',#3026,#3027,#3028);
#3026 = CARTESIAN_POINT('',(-2.5,0.2425,2.525));
#3027 = DIRECTION('',(0.,0.964763821238,0.263117405792));
#3028 = DIRECTION('',(1.,0.,-0.));
#3029 = ADVANCED_FACE('',(#3030),#3048,.T.);
#3030 = FACE_BOUND('',#3031,.T.);
#3031 = EDGE_LOOP('',(#3032,#3040,#3041,#3042));
#3032 = ORIENTED_EDGE('',*,*,#3033,.T.);
#3033 = EDGE_CURVE('',#3034,#3005,#3036,.T.);
#3034 = VERTEX_POINT('',#3035);
#3035 = CARTESIAN_POINT('',(-2.6675,-0.1675,2.8));
#3036 = LINE('',#3037,#3038);
#3037 = CARTESIAN_POINT('',(-2.6675,-0.1675,2.8));
#3038 = VECTOR('',#3039,1.);
#3039 = DIRECTION('',(0.,1.,0.));
#3040 = ORIENTED_EDGE('',*,*,#3019,.F.);
#3041 = ORIENTED_EDGE('',*,*,#2648,.F.);
#3042 = ORIENTED_EDGE('',*,*,#3043,.F.);
#3043 = EDGE_CURVE('',#3034,#2641,#3044,.T.);
#3044 = LINE('',#3045,#3046);
#3045 = CARTESIAN_POINT('',(-2.6675,-0.1675,2.8));
#3046 = VECTOR('',#3047,1.);
#3047 = DIRECTION('',(-0.254456678904,-0.254456678904,-0.933007822648));
#3048 = PLANE('',#3049);
#3049 = AXIS2_PLACEMENT_3D('',#3050,#3051,#3052);
#3050 = CARTESIAN_POINT('',(-2.7425,0.,2.525));
#3051 = DIRECTION('',(-0.964763821238,0.,0.263117405792));
#3052 = DIRECTION('',(0.,1.,0.));
#3053 = ADVANCED_FACE('',(#3054),#3072,.T.);
#3054 = FACE_BOUND('',#3055,.T.);
#3055 = EDGE_LOOP('',(#3056,#3057,#3065,#3071));
#3056 = ORIENTED_EDGE('',*,*,#2800,.F.);
#3057 = ORIENTED_EDGE('',*,*,#3058,.T.);
#3058 = EDGE_CURVE('',#2793,#3059,#3061,.T.);
#3059 = VERTEX_POINT('',#3060);
#3060 = CARTESIAN_POINT('',(-2.3325,-0.1675,2.8));
#3061 = LINE('',#3062,#3063);
#3062 = CARTESIAN_POINT('',(-2.1825,-0.3175,2.25));
#3063 = VECTOR('',#3064,1.);
#3064 = DIRECTION('',(-0.254456678904,0.254456678904,0.933007822648));
#3065 = ORIENTED_EDGE('',*,*,#3066,.T.);
#3066 = EDGE_CURVE('',#3059,#3034,#3067,.T.);
#3067 = LINE('',#3068,#3069);
#3068 = CARTESIAN_POINT('',(-2.3325,-0.1675,2.8));
#3069 = VECTOR('',#3070,1.);
#3070 = DIRECTION('',(-1.,0.,0.));
#3071 = ORIENTED_EDGE('',*,*,#3043,.T.);
#3072 = PLANE('',#3073);
#3073 = AXIS2_PLACEMENT_3D('',#3074,#3075,#3076);
#3074 = CARTESIAN_POINT('',(-2.5,-0.2425,2.525));
#3075 = DIRECTION('',(0.,-0.964763821238,0.263117405792));
#3076 = DIRECTION('',(-1.,0.,0.));
#3077 = ADVANCED_FACE('',(#3078),#3089,.T.);
#3078 = FACE_BOUND('',#3079,.T.);
#3079 = EDGE_LOOP('',(#3080,#3081,#3082,#3088));
#3080 = ORIENTED_EDGE('',*,*,#3033,.F.);
#3081 = ORIENTED_EDGE('',*,*,#3066,.F.);
#3082 = ORIENTED_EDGE('',*,*,#3083,.F.);
#3083 = EDGE_CURVE('',#3003,#3059,#3084,.T.);
#3084 = LINE('',#3085,#3086);
#3085 = CARTESIAN_POINT('',(-2.3325,0.1675,2.8));
#3086 = VECTOR('',#3087,1.);
#3087 = DIRECTION('',(0.,-1.,0.));
#3088 = ORIENTED_EDGE('',*,*,#3002,.T.);
#3089 = PLANE('',#3090);
#3090 = AXIS2_PLACEMENT_3D('',#3091,#3092,#3093);
#3091 = CARTESIAN_POINT('',(-2.8175,0.3175,2.8));
#3092 = DIRECTION('',(0.,0.,1.));
#3093 = DIRECTION('',(1.,0.,-0.));
#3094 = ADVANCED_FACE('',(#3095),#3101,.T.);
#3095 = FACE_BOUND('',#3096,.T.);
#3096 = EDGE_LOOP('',(#3097,#3098,#3099,#3100));
#3097 = ORIENTED_EDGE('',*,*,#2867,.F.);
#3098 = ORIENTED_EDGE('',*,*,#3012,.F.);
#3099 = ORIENTED_EDGE('',*,*,#3083,.T.);
#3100 = ORIENTED_EDGE('',*,*,#3058,.F.);
#3101 = PLANE('',#3102);
#3102 = AXIS2_PLACEMENT_3D('',#3103,#3104,#3105);
#3103 = CARTESIAN_POINT('',(-2.2575,0.,2.525));
#3104 = DIRECTION('',(0.964763821238,0.,0.263117405792));
#3105 = DIRECTION('',(0.,-1.,0.));
#3106 = ADVANCED_FACE('',(#3107),#3118,.F.);
#3107 = FACE_BOUND('',#3108,.T.);
#3108 = EDGE_LOOP('',(#3109,#3115,#3116,#3117));
#3109 = ORIENTED_EDGE('',*,*,#3110,.T.);
#3110 = EDGE_CURVE('',#1212,#2295,#3111,.T.);
#3111 = LINE('',#3112,#3113);
#3112 = CARTESIAN_POINT('',(1.39,1.37,4.23));
#3113 = VECTOR('',#3114,1.);
#3114 = DIRECTION('',(0.,0.,-1.));
#3115 = ORIENTED_EDGE('',*,*,#2294,.F.);
#3116 = ORIENTED_EDGE('',*,*,#2448,.F.);
#3117 = ORIENTED_EDGE('',*,*,#1219,.T.);
#3118 = PLANE('',#3119);
#3119 = AXIS2_PLACEMENT_3D('',#3120,#3121,#3122);
#3120 = CARTESIAN_POINT('',(-1.39,1.37,5.69));
#3121 = DIRECTION('',(0.,-1.,0.));
#3122 = DIRECTION('',(0.,0.,-1.));
#3123 = ADVANCED_FACE('',(#3124),#3151,.F.);
#3124 = FACE_BOUND('',#3125,.T.);
#3125 = EDGE_LOOP('',(#3126,#3127,#3128,#3136,#3144,#3150));
#3126 = ORIENTED_EDGE('',*,*,#3110,.F.);
#3127 = ORIENTED_EDGE('',*,*,#1211,.F.);
#3128 = ORIENTED_EDGE('',*,*,#3129,.T.);
#3129 = EDGE_CURVE('',#1204,#3130,#3132,.T.);
#3130 = VERTEX_POINT('',#3131);
#3131 = CARTESIAN_POINT('',(1.39,-1.095,-1.77));
#3132 = LINE('',#3133,#3134);
#3133 = CARTESIAN_POINT('',(1.39,-1.095,4.23));
#3134 = VECTOR('',#3135,1.);
#3135 = DIRECTION('',(0.,0.,-1.));
#3136 = ORIENTED_EDGE('',*,*,#3137,.F.);
#3137 = EDGE_CURVE('',#3138,#3130,#3140,.T.);
#3138 = VERTEX_POINT('',#3139);
#3139 = CARTESIAN_POINT('',(1.39,1.095,-1.77));
#3140 = LINE('',#3141,#3142);
#3141 = CARTESIAN_POINT('',(1.39,1.095,-1.77));
#3142 = VECTOR('',#3143,1.);
#3143 = DIRECTION('',(0.,-1.,0.));
#3144 = ORIENTED_EDGE('',*,*,#3145,.F.);
#3145 = EDGE_CURVE('',#2303,#3138,#3146,.T.);
#3146 = LINE('',#3147,#3148);
#3147 = CARTESIAN_POINT('',(1.39,1.095,-0.31));
#3148 = VECTOR('',#3149,1.);
#3149 = DIRECTION('',(0.,0.,-1.));
#3150 = ORIENTED_EDGE('',*,*,#2302,.F.);
#3151 = PLANE('',#3152);
#3152 = AXIS2_PLACEMENT_3D('',#3153,#3154,#3155);
#3153 = CARTESIAN_POINT('',(1.39,1.37,5.69));
#3154 = DIRECTION('',(-1.,0.,0.));
#3155 = DIRECTION('',(0.,0.,1.));
#3156 = ADVANCED_FACE('',(#3157),#3177,.F.);
#3157 = FACE_BOUND('',#3158,.T.);
#3158 = EDGE_LOOP('',(#3159,#3160,#3168,#3174,#3175,#3176));
#3159 = ORIENTED_EDGE('',*,*,#3145,.T.);
#3160 = ORIENTED_EDGE('',*,*,#3161,.F.);
#3161 = EDGE_CURVE('',#3162,#3138,#3164,.T.);
#3162 = VERTEX_POINT('',#3163);
#3163 = CARTESIAN_POINT('',(3.61,1.095,-1.77));
#3164 = LINE('',#3165,#3166);
#3165 = CARTESIAN_POINT('',(3.61,1.095,-1.77));
#3166 = VECTOR('',#3167,1.);
#3167 = DIRECTION('',(-1.,0.,0.));
#3168 = ORIENTED_EDGE('',*,*,#3169,.F.);
#3169 = EDGE_CURVE('',#1156,#3162,#3170,.T.);
#3170 = LINE('',#3171,#3172);
#3171 = CARTESIAN_POINT('',(3.61,1.095,4.23));
#3172 = VECTOR('',#3173,1.);
#3173 = DIRECTION('',(0.,0.,-1.));
#3174 = ORIENTED_EDGE('',*,*,#1155,.T.);
#3175 = ORIENTED_EDGE('',*,*,#2336,.T.);
#3176 = ORIENTED_EDGE('',*,*,#2310,.T.);
#3177 = PLANE('',#3178);
#3178 = AXIS2_PLACEMENT_3D('',#3179,#3180,#3181);
#3179 = CARTESIAN_POINT('',(3.61,1.095,4.23));
#3180 = DIRECTION('',(-0.,1.,0.));
#3181 = DIRECTION('',(1.,0.,0.));
#3182 = ADVANCED_FACE('',(#3183),#3225,.F.);
#3183 = FACE_BOUND('',#3184,.T.);
#3184 = EDGE_LOOP('',(#3185,#3195,#3201,#3202,#3203,#3211,#3219));
#3185 = ORIENTED_EDGE('',*,*,#3186,.T.);
#3186 = EDGE_CURVE('',#3187,#3189,#3191,.T.);
#3187 = VERTEX_POINT('',#3188);
#3188 = CARTESIAN_POINT('',(3.61,-0.385,-7.E-02));
#3189 = VERTEX_POINT('',#3190);
#3190 = CARTESIAN_POINT('',(3.61,-0.385,3.63));
#3191 = LINE('',#3192,#3193);
#3192 = CARTESIAN_POINT('',(3.61,-0.385,-7.E-02));
#3193 = VECTOR('',#3194,1.);
#3194 = DIRECTION('',(0.,0.,1.));
#3195 = ORIENTED_EDGE('',*,*,#3196,.T.);
#3196 = EDGE_CURVE('',#3189,#1164,#3197,.T.);
#3197 = LINE('',#3198,#3199);
#3198 = CARTESIAN_POINT('',(3.61,-0.385,3.63));
#3199 = VECTOR('',#3200,1.);
#3200 = DIRECTION('',(0.,0.707106781187,0.707106781187));
#3201 = ORIENTED_EDGE('',*,*,#1163,.T.);
#3202 = ORIENTED_EDGE('',*,*,#3169,.T.);
#3203 = ORIENTED_EDGE('',*,*,#3204,.F.);
#3204 = EDGE_CURVE('',#3205,#3162,#3207,.T.);
#3205 = VERTEX_POINT('',#3206);
#3206 = CARTESIAN_POINT('',(3.61,-1.095,-1.77));
#3207 = LINE('',#3208,#3209);
#3208 = CARTESIAN_POINT('',(3.61,-1.095,-1.77));
#3209 = VECTOR('',#3210,1.);
#3210 = DIRECTION('',(0.,1.,0.));
#3211 = ORIENTED_EDGE('',*,*,#3212,.F.);
#3212 = EDGE_CURVE('',#3213,#3205,#3215,.T.);
#3213 = VERTEX_POINT('',#3214);
#3214 = CARTESIAN_POINT('',(3.61,-1.095,-7.E-02));
#3215 = LINE('',#3216,#3217);
#3216 = CARTESIAN_POINT('',(3.61,-1.095,-7.E-02));
#3217 = VECTOR('',#3218,1.);
#3218 = DIRECTION('',(0.,0.,-1.));
#3219 = ORIENTED_EDGE('',*,*,#3220,.T.);
#3220 = EDGE_CURVE('',#3213,#3187,#3221,.T.);
#3221 = LINE('',#3222,#3223);
#3222 = CARTESIAN_POINT('',(3.61,-1.095,-7.E-02));
#3223 = VECTOR('',#3224,1.);
#3224 = DIRECTION('',(0.,1.,0.));
#3225 = PLANE('',#3226);
#3226 = AXIS2_PLACEMENT_3D('',#3227,#3228,#3229);
#3227 = CARTESIAN_POINT('',(3.61,-1.095,4.23));
#3228 = DIRECTION('',(1.,0.,0.));
#3229 = DIRECTION('',(-0.,1.,0.));
#3230 = ADVANCED_FACE('',(#3231),#3256,.F.);
#3231 = FACE_BOUND('',#3232,.T.);
#3232 = EDGE_LOOP('',(#3233,#3241,#3242,#3250));
#3233 = ORIENTED_EDGE('',*,*,#3234,.T.);
#3234 = EDGE_CURVE('',#3235,#3187,#3237,.T.);
#3235 = VERTEX_POINT('',#3236);
#3236 = CARTESIAN_POINT('',(3.89,-0.385,-7.E-02));
#3237 = LINE('',#3238,#3239);
#3238 = CARTESIAN_POINT('',(3.89,-0.385,-7.E-02));
#3239 = VECTOR('',#3240,1.);
#3240 = DIRECTION('',(-1.,0.,0.));
#3241 = ORIENTED_EDGE('',*,*,#3220,.F.);
#3242 = ORIENTED_EDGE('',*,*,#3243,.F.);
#3243 = EDGE_CURVE('',#3244,#3213,#3246,.T.);
#3244 = VERTEX_POINT('',#3245);
#3245 = CARTESIAN_POINT('',(3.89,-1.095,-7.E-02));
#3246 = LINE('',#3247,#3248);
#3247 = CARTESIAN_POINT('',(3.89,-1.095,-7.E-02));
#3248 = VECTOR('',#3249,1.);
#3249 = DIRECTION('',(-1.,0.,0.));
#3250 = ORIENTED_EDGE('',*,*,#3251,.T.);
#3251 = EDGE_CURVE('',#3244,#3235,#3252,.T.);
#3252 = LINE('',#3253,#3254);
#3253 = CARTESIAN_POINT('',(3.89,-1.095,-7.E-02));
#3254 = VECTOR('',#3255,1.);
#3255 = DIRECTION('',(0.,1.,0.));
#3256 = PLANE('',#3257);
#3257 = AXIS2_PLACEMENT_3D('',#3258,#3259,#3260);
#3258 = CARTESIAN_POINT('',(5.,-1.095,-7.E-02));
#3259 = DIRECTION('',(0.,0.,-1.));
#3260 = DIRECTION('',(0.,-1.,0.));
#3261 = ADVANCED_FACE('',(#3262),#3302,.F.);
#3262 = FACE_BOUND('',#3263,.T.);
#3263 = EDGE_LOOP('',(#3264,#3272,#3280,#3286,#3287,#3295,#3301));
#3264 = ORIENTED_EDGE('',*,*,#3265,.T.);
#3265 = EDGE_CURVE('',#3244,#3266,#3268,.T.);
#3266 = VERTEX_POINT('',#3267);
#3267 = CARTESIAN_POINT('',(3.89,-1.095,-1.77));
#3268 = LINE('',#3269,#3270);
#3269 = CARTESIAN_POINT('',(3.89,-1.095,-7.E-02));
#3270 = VECTOR('',#3271,1.);
#3271 = DIRECTION('',(0.,0.,-1.));
#3272 = ORIENTED_EDGE('',*,*,#3273,.F.);
#3273 = EDGE_CURVE('',#3274,#3266,#3276,.T.);
#3274 = VERTEX_POINT('',#3275);
#3275 = CARTESIAN_POINT('',(3.89,1.095,-1.77));
#3276 = LINE('',#3277,#3278);
#3277 = CARTESIAN_POINT('',(3.89,1.095,-1.77));
#3278 = VECTOR('',#3279,1.);
#3279 = DIRECTION('',(0.,-1.,0.));
#3280 = ORIENTED_EDGE('',*,*,#3281,.F.);
#3281 = EDGE_CURVE('',#1180,#3274,#3282,.T.);
#3282 = LINE('',#3283,#3284);
#3283 = CARTESIAN_POINT('',(3.89,1.095,4.23));
#3284 = VECTOR('',#3285,1.);
#3285 = DIRECTION('',(0.,0.,-1.));
#3286 = ORIENTED_EDGE('',*,*,#1179,.T.);
#3287 = ORIENTED_EDGE('',*,*,#3288,.F.);
#3288 = EDGE_CURVE('',#3289,#1172,#3291,.T.);
#3289 = VERTEX_POINT('',#3290);
#3290 = CARTESIAN_POINT('',(3.89,-0.385,3.63));
#3291 = LINE('',#3292,#3293);
#3292 = CARTESIAN_POINT('',(3.89,-0.385,3.63));
#3293 = VECTOR('',#3294,1.);
#3294 = DIRECTION('',(0.,0.707106781187,0.707106781187));
#3295 = ORIENTED_EDGE('',*,*,#3296,.F.);
#3296 = EDGE_CURVE('',#3235,#3289,#3297,.T.);
#3297 = LINE('',#3298,#3299);
#3298 = CARTESIAN_POINT('',(3.89,-0.385,-7.E-02));
#3299 = VECTOR('',#3300,1.);
#3300 = DIRECTION('',(0.,0.,1.));
#3301 = ORIENTED_EDGE('',*,*,#3251,.F.);
#3302 = PLANE('',#3303);
#3303 = AXIS2_PLACEMENT_3D('',#3304,#3305,#3306);
#3304 = CARTESIAN_POINT('',(3.89,1.095,4.23));
#3305 = DIRECTION('',(-1.,0.,0.));
#3306 = DIRECTION('',(0.,0.,1.));
#3307 = ADVANCED_FACE('',(#3308),#3319,.F.);
#3308 = FACE_BOUND('',#3309,.T.);
#3309 = EDGE_LOOP('',(#3310,#3316,#3317,#3318));
#3310 = ORIENTED_EDGE('',*,*,#3311,.T.);
#3311 = EDGE_CURVE('',#3289,#3189,#3312,.T.);
#3312 = LINE('',#3313,#3314);
#3313 = CARTESIAN_POINT('',(3.89,-0.385,3.63));
#3314 = VECTOR('',#3315,1.);
#3315 = DIRECTION('',(-1.,0.,0.));
#3316 = ORIENTED_EDGE('',*,*,#3186,.F.);
#3317 = ORIENTED_EDGE('',*,*,#3234,.F.);
#3318 = ORIENTED_EDGE('',*,*,#3296,.T.);
#3319 = PLANE('',#3320);
#3320 = AXIS2_PLACEMENT_3D('',#3321,#3322,#3323);
#3321 = CARTESIAN_POINT('',(5.,-0.385,-7.E-02));
#3322 = DIRECTION('',(-0.,1.,0.));
#3323 = DIRECTION('',(1.,0.,0.));
#3324 = ADVANCED_FACE('',(#3325),#3331,.F.);
#3325 = FACE_BOUND('',#3326,.T.);
#3326 = EDGE_LOOP('',(#3327,#3328,#3329,#3330));
#3327 = ORIENTED_EDGE('',*,*,#3196,.F.);
#3328 = ORIENTED_EDGE('',*,*,#3311,.F.);
#3329 = ORIENTED_EDGE('',*,*,#3288,.T.);
#3330 = ORIENTED_EDGE('',*,*,#1171,.F.);
#3331 = PLANE('',#3332);
#3332 = AXIS2_PLACEMENT_3D('',#3333,#3334,#3335);
#3333 = CARTESIAN_POINT('',(5.,-0.385,3.63));
#3334 = DIRECTION('',(0.,0.707106781187,-0.707106781187));
#3335 = DIRECTION('',(-1.,0.,0.));
#3336 = ADVANCED_FACE('',(#3337),#3355,.F.);
#3337 = FACE_BOUND('',#3338,.T.);
#3338 = EDGE_LOOP('',(#3339,#3340,#3348,#3354));
#3339 = ORIENTED_EDGE('',*,*,#3281,.T.);
#3340 = ORIENTED_EDGE('',*,*,#3341,.F.);
#3341 = EDGE_CURVE('',#3342,#3274,#3344,.T.);
#3342 = VERTEX_POINT('',#3343);
#3343 = CARTESIAN_POINT('',(6.11,1.095,-1.77));
#3344 = LINE('',#3345,#3346);
#3345 = CARTESIAN_POINT('',(6.11,1.095,-1.77));
#3346 = VECTOR('',#3347,1.);
#3347 = DIRECTION('',(-1.,0.,0.));
#3348 = ORIENTED_EDGE('',*,*,#3349,.F.);
#3349 = EDGE_CURVE('',#1188,#3342,#3350,.T.);
#3350 = LINE('',#3351,#3352);
#3351 = CARTESIAN_POINT('',(6.11,1.095,4.23));
#3352 = VECTOR('',#3353,1.);
#3353 = DIRECTION('',(0.,0.,-1.));
#3354 = ORIENTED_EDGE('',*,*,#1187,.T.);
#3355 = PLANE('',#3356);
#3356 = AXIS2_PLACEMENT_3D('',#3357,#3358,#3359);
#3357 = CARTESIAN_POINT('',(6.11,1.095,4.23));
#3358 = DIRECTION('',(-0.,1.,0.));
#3359 = DIRECTION('',(1.,0.,0.));
#3360 = ADVANCED_FACE('',(#3361),#3379,.F.);
#3361 = FACE_BOUND('',#3362,.T.);
#3362 = EDGE_LOOP('',(#3363,#3364,#3372,#3378));
#3363 = ORIENTED_EDGE('',*,*,#3349,.T.);
#3364 = ORIENTED_EDGE('',*,*,#3365,.F.);
#3365 = EDGE_CURVE('',#3366,#3342,#3368,.T.);
#3366 = VERTEX_POINT('',#3367);
#3367 = CARTESIAN_POINT('',(6.11,-1.095,-1.77));
#3368 = LINE('',#3369,#3370);
#3369 = CARTESIAN_POINT('',(6.11,-1.095,-1.77));
#3370 = VECTOR('',#3371,1.);
#3371 = DIRECTION('',(0.,1.,0.));
#3372 = ORIENTED_EDGE('',*,*,#3373,.F.);
#3373 = EDGE_CURVE('',#1196,#3366,#3374,.T.);
#3374 = LINE('',#3375,#3376);
#3375 = CARTESIAN_POINT('',(6.11,-1.095,4.23));
#3376 = VECTOR('',#3377,1.);
#3377 = DIRECTION('',(0.,0.,-1.));
#3378 = ORIENTED_EDGE('',*,*,#1195,.T.);
#3379 = PLANE('',#3380);
#3380 = AXIS2_PLACEMENT_3D('',#3381,#3382,#3383);
#3381 = CARTESIAN_POINT('',(6.11,-1.095,4.23));
#3382 = DIRECTION('',(1.,0.,0.));
#3383 = DIRECTION('',(-0.,1.,0.));
#3384 = ADVANCED_FACE('',(#3385),#3405,.F.);
#3385 = FACE_BOUND('',#3386,.T.);
#3386 = EDGE_LOOP('',(#3387,#3388,#3394,#3395,#3396,#3397,#3403,#3404));
#3387 = ORIENTED_EDGE('',*,*,#3373,.T.);
#3388 = ORIENTED_EDGE('',*,*,#3389,.F.);
#3389 = EDGE_CURVE('',#3266,#3366,#3390,.T.);
#3390 = LINE('',#3391,#3392);
#3391 = CARTESIAN_POINT('',(3.89,-1.095,-1.77));
#3392 = VECTOR('',#3393,1.);
#3393 = DIRECTION('',(1.,0.,0.));
#3394 = ORIENTED_EDGE('',*,*,#3265,.F.);
#3395 = ORIENTED_EDGE('',*,*,#3243,.T.);
#3396 = ORIENTED_EDGE('',*,*,#3212,.T.);
#3397 = ORIENTED_EDGE('',*,*,#3398,.F.);
#3398 = EDGE_CURVE('',#3130,#3205,#3399,.T.);
#3399 = LINE('',#3400,#3401);
#3400 = CARTESIAN_POINT('',(1.39,-1.095,-1.77));
#3401 = VECTOR('',#3402,1.);
#3402 = DIRECTION('',(1.,0.,0.));
#3403 = ORIENTED_EDGE('',*,*,#3129,.F.);
#3404 = ORIENTED_EDGE('',*,*,#1203,.F.);
#3405 = PLANE('',#3406);
#3406 = AXIS2_PLACEMENT_3D('',#3407,#3408,#3409);
#3407 = CARTESIAN_POINT('',(3.89,-1.095,4.23));
#3408 = DIRECTION('',(0.,-1.,0.));
#3409 = DIRECTION('',(0.,0.,-1.));
#3410 = ADVANCED_FACE('',(#3411,#3417),#3451,.T.);
#3411 = FACE_BOUND('',#3412,.T.);
#3412 = EDGE_LOOP('',(#3413,#3414,#3415,#3416));
#3413 = ORIENTED_EDGE('',*,*,#3398,.T.);
#3414 = ORIENTED_EDGE('',*,*,#3204,.T.);
#3415 = ORIENTED_EDGE('',*,*,#3161,.T.);
#3416 = ORIENTED_EDGE('',*,*,#3137,.T.);
#3417 = FACE_BOUND('',#3418,.T.);
#3418 = EDGE_LOOP('',(#3419,#3429,#3437,#3445));
#3419 = ORIENTED_EDGE('',*,*,#3420,.T.);
#3420 = EDGE_CURVE('',#3421,#3423,#3425,.T.);
#3421 = VERTEX_POINT('',#3422);
#3422 = CARTESIAN_POINT('',(2.1825,0.3175,-1.77));
#3423 = VERTEX_POINT('',#3424);
#3424 = CARTESIAN_POINT('',(2.8175,0.3175,-1.77));
#3425 = LINE('',#3426,#3427);
#3426 = CARTESIAN_POINT('',(2.1825,0.3175,-1.77));
#3427 = VECTOR('',#3428,1.);
#3428 = DIRECTION('',(1.,0.,0.));
#3429 = ORIENTED_EDGE('',*,*,#3430,.F.);
#3430 = EDGE_CURVE('',#3431,#3423,#3433,.T.);
#3431 = VERTEX_POINT('',#3432);
#3432 = CARTESIAN_POINT('',(2.8175,-0.3175,-1.77));
#3433 = LINE('',#3434,#3435);
#3434 = CARTESIAN_POINT('',(2.8175,-0.3175,-1.77));
#3435 = VECTOR('',#3436,1.);
#3436 = DIRECTION('',(0.,1.,0.));
#3437 = ORIENTED_EDGE('',*,*,#3438,.F.);
#3438 = EDGE_CURVE('',#3439,#3431,#3441,.T.);
#3439 = VERTEX_POINT('',#3440);
#3440 = CARTESIAN_POINT('',(2.1825,-0.3175,-1.77));
#3441 = LINE('',#3442,#3443);
#3442 = CARTESIAN_POINT('',(2.1825,-0.3175,-1.77));
#3443 = VECTOR('',#3444,1.);
#3444 = DIRECTION('',(1.,0.,0.));
#3445 = ORIENTED_EDGE('',*,*,#3446,.T.);
#3446 = EDGE_CURVE('',#3439,#3421,#3447,.T.);
#3447 = LINE('',#3448,#3449);
#3448 = CARTESIAN_POINT('',(2.1825,-0.3175,-1.77));
#3449 = VECTOR('',#3450,1.);
#3450 = DIRECTION('',(0.,1.,0.));
#3451 = PLANE('',#3452);
#3452 = AXIS2_PLACEMENT_3D('',#3453,#3454,#3455);
#3453 = CARTESIAN_POINT('',(0.,-1.74,-1.77));
#3454 = DIRECTION('',(0.,0.,1.));
#3455 = DIRECTION('',(1.,0.,-0.));
#3456 = ADVANCED_FACE('',(#3457),#3516,.F.);
#3457 = FACE_BOUND('',#3458,.T.);
#3458 = EDGE_LOOP('',(#3459,#3469,#3478,#3484,#3485,#3493,#3502,#3510));
#3459 = ORIENTED_EDGE('',*,*,#3460,.F.);
#3460 = EDGE_CURVE('',#3461,#3463,#3465,.T.);
#3461 = VERTEX_POINT('',#3462);
#3462 = CARTESIAN_POINT('',(2.1825,-0.6175,-5.8325));
#3463 = VERTEX_POINT('',#3464);
#3464 = CARTESIAN_POINT('',(2.1825,-4.69,-5.8325));
#3465 = LINE('',#3466,#3467);
#3466 = CARTESIAN_POINT('',(2.1825,-0.6175,-5.8325));
#3467 = VECTOR('',#3468,1.);
#3468 = DIRECTION('',(0.,-1.,0.));
#3469 = ORIENTED_EDGE('',*,*,#3470,.F.);
#3470 = EDGE_CURVE('',#3471,#3461,#3473,.T.);
#3471 = VERTEX_POINT('',#3472);
#3472 = CARTESIAN_POINT('',(2.1825,-0.3175,-5.5325));
#3473 = CIRCLE('',#3474,0.3);
#3474 = AXIS2_PLACEMENT_3D('',#3475,#3476,#3477);
#3475 = CARTESIAN_POINT('',(2.1825,-0.6175,-5.5325));
#3476 = DIRECTION('',(-1.,0.,0.));
#3477 = DIRECTION('',(0.,1.,0.));
#3478 = ORIENTED_EDGE('',*,*,#3479,.F.);
#3479 = EDGE_CURVE('',#1793,#3471,#3480,.T.);
#3480 = LINE('',#3481,#3482);
#3481 = CARTESIAN_POINT('',(2.1825,-0.3175,-4.23));
#3482 = VECTOR('',#3483,1.);
#3483 = DIRECTION('',(0.,0.,-1.));
#3484 = ORIENTED_EDGE('',*,*,#1818,.T.);
#3485 = ORIENTED_EDGE('',*,*,#3486,.F.);
#3486 = EDGE_CURVE('',#3487,#1811,#3489,.T.);
#3487 = VERTEX_POINT('',#3488);
#3488 = CARTESIAN_POINT('',(2.1825,0.3175,-5.5325));
#3489 = LINE('',#3490,#3491);
#3490 = CARTESIAN_POINT('',(2.1825,0.3175,-5.5325));
#3491 = VECTOR('',#3492,1.);
#3492 = DIRECTION('',(0.,0.,1.));
#3493 = ORIENTED_EDGE('',*,*,#3494,.F.);
#3494 = EDGE_CURVE('',#3495,#3487,#3497,.T.);
#3495 = VERTEX_POINT('',#3496);
#3496 = CARTESIAN_POINT('',(2.1825,-0.6175,-6.4675));
#3497 = CIRCLE('',#3498,0.935);
#3498 = AXIS2_PLACEMENT_3D('',#3499,#3500,#3501);
#3499 = CARTESIAN_POINT('',(2.1825,-0.6175,-5.5325));
#3500 = DIRECTION('',(1.,0.,0.));
#3501 = DIRECTION('',(0.,0.,-1.));
#3502 = ORIENTED_EDGE('',*,*,#3503,.F.);
#3503 = EDGE_CURVE('',#3504,#3495,#3506,.T.);
#3504 = VERTEX_POINT('',#3505);
#3505 = CARTESIAN_POINT('',(2.1825,-4.69,-6.4675));
#3506 = LINE('',#3507,#3508);
#3507 = CARTESIAN_POINT('',(2.1825,-4.69,-6.4675));
#3508 = VECTOR('',#3509,1.);
#3509 = DIRECTION('',(0.,1.,0.));
#3510 = ORIENTED_EDGE('',*,*,#3511,.T.);
#3511 = EDGE_CURVE('',#3504,#3463,#3512,.T.);
#3512 = LINE('',#3513,#3514);
#3513 = CARTESIAN_POINT('',(2.1825,-4.69,-6.4675));
#3514 = VECTOR('',#3515,1.);
#3515 = DIRECTION('',(0.,0.,1.));
#3516 = PLANE('',#3517);
#3517 = AXIS2_PLACEMENT_3D('',#3518,#3519,#3520);
#3518 = CARTESIAN_POINT('',(2.1825,-1.74,0.));
#3519 = DIRECTION('',(1.,0.,0.));
#3520 = DIRECTION('',(-0.,1.,0.));
#3521 = ADVANCED_FACE('',(#3522),#3547,.F.);
#3522 = FACE_BOUND('',#3523,.T.);
#3523 = EDGE_LOOP('',(#3524,#3532,#3533,#3541));
#3524 = ORIENTED_EDGE('',*,*,#3525,.F.);
#3525 = EDGE_CURVE('',#3421,#3526,#3528,.T.);
#3526 = VERTEX_POINT('',#3527);
#3527 = CARTESIAN_POINT('',(2.1825,0.3175,2.25));
#3528 = LINE('',#3529,#3530);
#3529 = CARTESIAN_POINT('',(2.1825,0.3175,-1.77));
#3530 = VECTOR('',#3531,1.);
#3531 = DIRECTION('',(0.,0.,1.));
#3532 = ORIENTED_EDGE('',*,*,#3446,.F.);
#3533 = ORIENTED_EDGE('',*,*,#3534,.F.);
#3534 = EDGE_CURVE('',#3535,#3439,#3537,.T.);
#3535 = VERTEX_POINT('',#3536);
#3536 = CARTESIAN_POINT('',(2.1825,-0.3175,2.25));
#3537 = LINE('',#3538,#3539);
#3538 = CARTESIAN_POINT('',(2.1825,-0.3175,2.25));
#3539 = VECTOR('',#3540,1.);
#3540 = DIRECTION('',(0.,0.,-1.));
#3541 = ORIENTED_EDGE('',*,*,#3542,.T.);
#3542 = EDGE_CURVE('',#3535,#3526,#3543,.T.);
#3543 = LINE('',#3544,#3545);
#3544 = CARTESIAN_POINT('',(2.1825,-0.3175,2.25));
#3545 = VECTOR('',#3546,1.);
#3546 = DIRECTION('',(0.,1.,0.));
#3547 = PLANE('',#3548);
#3548 = AXIS2_PLACEMENT_3D('',#3549,#3550,#3551);
#3549 = CARTESIAN_POINT('',(2.1825,-1.74,0.));
#3550 = DIRECTION('',(1.,0.,0.));
#3551 = DIRECTION('',(-0.,1.,0.));
#3552 = ADVANCED_FACE('',(#3553),#3578,.T.);
#3553 = FACE_BOUND('',#3554,.T.);
#3554 = EDGE_LOOP('',(#3555,#3556,#3564,#3572));
#3555 = ORIENTED_EDGE('',*,*,#3511,.F.);
#3556 = ORIENTED_EDGE('',*,*,#3557,.F.);
#3557 = EDGE_CURVE('',#3558,#3504,#3560,.T.);
#3558 = VERTEX_POINT('',#3559);
#3559 = CARTESIAN_POINT('',(2.3325,-5.24,-6.3175));
#3560 = LINE('',#3561,#3562);
#3561 = CARTESIAN_POINT('',(2.3325,-5.24,-6.3175));
#3562 = VECTOR('',#3563,1.);
#3563 = DIRECTION('',(-0.254456678904,0.933007822648,-0.254456678904));
#3564 = ORIENTED_EDGE('',*,*,#3565,.T.);
#3565 = EDGE_CURVE('',#3558,#3566,#3568,.T.);
#3566 = VERTEX_POINT('',#3567);
#3567 = CARTESIAN_POINT('',(2.3325,-5.24,-5.9825));
#3568 = LINE('',#3569,#3570);
#3569 = CARTESIAN_POINT('',(2.3325,-5.24,-6.3175));
#3570 = VECTOR('',#3571,1.);
#3571 = DIRECTION('',(0.,0.,1.));
#3572 = ORIENTED_EDGE('',*,*,#3573,.T.);
#3573 = EDGE_CURVE('',#3566,#3463,#3574,.T.);
#3574 = LINE('',#3575,#3576);
#3575 = CARTESIAN_POINT('',(2.3325,-5.24,-5.9825));
#3576 = VECTOR('',#3577,1.);
#3577 = DIRECTION('',(-0.254456678904,0.933007822648,0.254456678904));
#3578 = PLANE('',#3579);
#3579 = AXIS2_PLACEMENT_3D('',#3580,#3581,#3582);
#3580 = CARTESIAN_POINT('',(2.2575,-4.965,-6.15));
#3581 = DIRECTION('',(-0.964763821238,-0.263117405792,0.));
#3582 = DIRECTION('',(-0.263117405792,0.964763821238,0.));
#3583 = ADVANCED_FACE('',(#3584),#3609,.T.);
#3584 = FACE_BOUND('',#3585,.T.);
#3585 = EDGE_LOOP('',(#3586,#3594,#3602,#3608));
#3586 = ORIENTED_EDGE('',*,*,#3587,.F.);
#3587 = EDGE_CURVE('',#3588,#3566,#3590,.T.);
#3588 = VERTEX_POINT('',#3589);
#3589 = CARTESIAN_POINT('',(2.6675,-5.24,-5.9825));
#3590 = LINE('',#3591,#3592);
#3591 = CARTESIAN_POINT('',(2.6675,-5.24,-5.9825));
#3592 = VECTOR('',#3593,1.);
#3593 = DIRECTION('',(-1.,0.,0.));
#3594 = ORIENTED_EDGE('',*,*,#3595,.T.);
#3595 = EDGE_CURVE('',#3588,#3596,#3598,.T.);
#3596 = VERTEX_POINT('',#3597);
#3597 = CARTESIAN_POINT('',(2.8175,-4.69,-5.8325));
#3598 = LINE('',#3599,#3600);
#3599 = CARTESIAN_POINT('',(2.6675,-5.24,-5.9825));
#3600 = VECTOR('',#3601,1.);
#3601 = DIRECTION('',(0.254456678904,0.933007822648,0.254456678904));
#3602 = ORIENTED_EDGE('',*,*,#3603,.T.);
#3603 = EDGE_CURVE('',#3596,#3463,#3604,.T.);
#3604 = LINE('',#3605,#3606);
#3605 = CARTESIAN_POINT('',(2.8175,-4.69,-5.8325));
#3606 = VECTOR('',#3607,1.);
#3607 = DIRECTION('',(-1.,0.,0.));
#3608 = ORIENTED_EDGE('',*,*,#3573,.F.);
#3609 = PLANE('',#3610);
#3610 = AXIS2_PLACEMENT_3D('',#3611,#3612,#3613);
#3611 = CARTESIAN_POINT('',(2.5,-4.965,-5.9075));
#3612 = DIRECTION('',(0.,-0.263117405792,0.964763821238));
#3613 = DIRECTION('',(-1.,0.,0.));
#3614 = ADVANCED_FACE('',(#3615),#3633,.T.);
#3615 = FACE_BOUND('',#3616,.T.);
#3616 = EDGE_LOOP('',(#3617,#3625,#3631,#3632));
#3617 = ORIENTED_EDGE('',*,*,#3618,.F.);
#3618 = EDGE_CURVE('',#3619,#3596,#3621,.T.);
#3619 = VERTEX_POINT('',#3620);
#3620 = CARTESIAN_POINT('',(2.8175,-0.6175,-5.8325));
#3621 = LINE('',#3622,#3623);
#3622 = CARTESIAN_POINT('',(2.8175,-0.6175,-5.8325));
#3623 = VECTOR('',#3624,1.);
#3624 = DIRECTION('',(0.,-1.,0.));
#3625 = ORIENTED_EDGE('',*,*,#3626,.F.);
#3626 = EDGE_CURVE('',#3461,#3619,#3627,.T.);
#3627 = LINE('',#3628,#3629);
#3628 = CARTESIAN_POINT('',(2.1825,-0.6175,-5.8325));
#3629 = VECTOR('',#3630,1.);
#3630 = DIRECTION('',(1.,0.,0.));
#3631 = ORIENTED_EDGE('',*,*,#3460,.T.);
#3632 = ORIENTED_EDGE('',*,*,#3603,.F.);
#3633 = PLANE('',#3634);
#3634 = AXIS2_PLACEMENT_3D('',#3635,#3636,#3637);
#3635 = CARTESIAN_POINT('',(2.1825,-0.6175,-5.8325));
#3636 = DIRECTION('',(0.,0.,1.));
#3637 = DIRECTION('',(1.,0.,-0.));
#3638 = ADVANCED_FACE('',(#3639),#3658,.F.);
#3639 = FACE_BOUND('',#3640,.F.);
#3640 = EDGE_LOOP('',(#3641,#3642,#3650,#3657));
#3641 = ORIENTED_EDGE('',*,*,#3470,.F.);
#3642 = ORIENTED_EDGE('',*,*,#3643,.T.);
#3643 = EDGE_CURVE('',#3471,#3644,#3646,.T.);
#3644 = VERTEX_POINT('',#3645);
#3645 = CARTESIAN_POINT('',(2.8175,-0.3175,-5.5325));
#3646 = LINE('',#3647,#3648);
#3647 = CARTESIAN_POINT('',(2.1825,-0.3175,-5.5325));
#3648 = VECTOR('',#3649,1.);
#3649 = DIRECTION('',(1.,0.,0.));
#3650 = ORIENTED_EDGE('',*,*,#3651,.T.);
#3651 = EDGE_CURVE('',#3644,#3619,#3652,.T.);
#3652 = CIRCLE('',#3653,0.3);
#3653 = AXIS2_PLACEMENT_3D('',#3654,#3655,#3656);
#3654 = CARTESIAN_POINT('',(2.8175,-0.6175,-5.5325));
#3655 = DIRECTION('',(-1.,0.,0.));
#3656 = DIRECTION('',(0.,1.,0.));
#3657 = ORIENTED_EDGE('',*,*,#3626,.F.);
#3658 = CYLINDRICAL_SURFACE('',#3659,0.3);
#3659 = AXIS2_PLACEMENT_3D('',#3660,#3661,#3662);
#3660 = CARTESIAN_POINT('',(2.1825,-0.6175,-5.5325));
#3661 = DIRECTION('',(-1.,0.,-0.));
#3662 = DIRECTION('',(0.,0.,-1.));
#3663 = ADVANCED_FACE('',(#3664),#3675,.T.);
#3664 = FACE_BOUND('',#3665,.T.);
#3665 = EDGE_LOOP('',(#3666,#3667,#3668,#3674));
#3666 = ORIENTED_EDGE('',*,*,#3479,.T.);
#3667 = ORIENTED_EDGE('',*,*,#3643,.T.);
#3668 = ORIENTED_EDGE('',*,*,#3669,.F.);
#3669 = EDGE_CURVE('',#1795,#3644,#3670,.T.);
#3670 = LINE('',#3671,#3672);
#3671 = CARTESIAN_POINT('',(2.8175,-0.3175,-4.23));
#3672 = VECTOR('',#3673,1.);
#3673 = DIRECTION('',(0.,0.,-1.));
#3674 = ORIENTED_EDGE('',*,*,#1792,.F.);
#3675 = PLANE('',#3676);
#3676 = AXIS2_PLACEMENT_3D('',#3677,#3678,#3679);
#3677 = CARTESIAN_POINT('',(2.1825,-0.3175,2.8));
#3678 = DIRECTION('',(0.,-1.,0.));
#3679 = DIRECTION('',(0.,0.,-1.));
#3680 = ADVANCED_FACE('',(#3681),#3699,.T.);
#3681 = FACE_BOUND('',#3682,.T.);
#3682 = EDGE_LOOP('',(#3683,#3684,#3685,#3693));
#3683 = ORIENTED_EDGE('',*,*,#3534,.T.);
#3684 = ORIENTED_EDGE('',*,*,#3438,.T.);
#3685 = ORIENTED_EDGE('',*,*,#3686,.F.);
#3686 = EDGE_CURVE('',#3687,#3431,#3689,.T.);
#3687 = VERTEX_POINT('',#3688);
#3688 = CARTESIAN_POINT('',(2.8175,-0.3175,2.25));
#3689 = LINE('',#3690,#3691);
#3690 = CARTESIAN_POINT('',(2.8175,-0.3175,2.25));
#3691 = VECTOR('',#3692,1.);
#3692 = DIRECTION('',(0.,0.,-1.));
#3693 = ORIENTED_EDGE('',*,*,#3694,.T.);
#3694 = EDGE_CURVE('',#3687,#3535,#3695,.T.);
#3695 = LINE('',#3696,#3697);
#3696 = CARTESIAN_POINT('',(2.8175,-0.3175,2.25));
#3697 = VECTOR('',#3698,1.);
#3698 = DIRECTION('',(-1.,0.,0.));
#3699 = PLANE('',#3700);
#3700 = AXIS2_PLACEMENT_3D('',#3701,#3702,#3703);
#3701 = CARTESIAN_POINT('',(2.1825,-0.3175,2.8));
#3702 = DIRECTION('',(0.,-1.,0.));
#3703 = DIRECTION('',(0.,0.,-1.));
#3704 = ADVANCED_FACE('',(#3705),#3742,.T.);
#3705 = FACE_BOUND('',#3706,.T.);
#3706 = EDGE_LOOP('',(#3707,#3717,#3726,#3732,#3733,#3734,#3735,#3736));
#3707 = ORIENTED_EDGE('',*,*,#3708,.T.);
#3708 = EDGE_CURVE('',#3709,#3711,#3713,.T.);
#3709 = VERTEX_POINT('',#3710);
#3710 = CARTESIAN_POINT('',(2.8175,-4.69,-6.4675));
#3711 = VERTEX_POINT('',#3712);
#3712 = CARTESIAN_POINT('',(2.8175,-0.6175,-6.4675));
#3713 = LINE('',#3714,#3715);
#3714 = CARTESIAN_POINT('',(2.8175,-4.69,-6.4675));
#3715 = VECTOR('',#3716,1.);
#3716 = DIRECTION('',(0.,1.,0.));
#3717 = ORIENTED_EDGE('',*,*,#3718,.T.);
#3718 = EDGE_CURVE('',#3711,#3719,#3721,.T.);
#3719 = VERTEX_POINT('',#3720);
#3720 = CARTESIAN_POINT('',(2.8175,0.3175,-5.5325));
#3721 = CIRCLE('',#3722,0.935);
#3722 = AXIS2_PLACEMENT_3D('',#3723,#3724,#3725);
#3723 = CARTESIAN_POINT('',(2.8175,-0.6175,-5.5325));
#3724 = DIRECTION('',(1.,0.,0.));
#3725 = DIRECTION('',(0.,0.,-1.));
#3726 = ORIENTED_EDGE('',*,*,#3727,.T.);
#3727 = EDGE_CURVE('',#3719,#1803,#3728,.T.);
#3728 = LINE('',#3729,#3730);
#3729 = CARTESIAN_POINT('',(2.8175,0.3175,-5.5325));
#3730 = VECTOR('',#3731,1.);
#3731 = DIRECTION('',(0.,0.,1.));
#3732 = ORIENTED_EDGE('',*,*,#1802,.F.);
#3733 = ORIENTED_EDGE('',*,*,#3669,.T.);
#3734 = ORIENTED_EDGE('',*,*,#3651,.T.);
#3735 = ORIENTED_EDGE('',*,*,#3618,.T.);
#3736 = ORIENTED_EDGE('',*,*,#3737,.T.);
#3737 = EDGE_CURVE('',#3596,#3709,#3738,.T.);
#3738 = LINE('',#3739,#3740);
#3739 = CARTESIAN_POINT('',(2.8175,-4.69,-5.8325));
#3740 = VECTOR('',#3741,1.);
#3741 = DIRECTION('',(0.,0.,-1.));
#3742 = PLANE('',#3743);
#3743 = AXIS2_PLACEMENT_3D('',#3744,#3745,#3746);
#3744 = CARTESIAN_POINT('',(2.8175,-1.74,0.));
#3745 = DIRECTION('',(1.,0.,0.));
#3746 = DIRECTION('',(-0.,1.,0.));
#3747 = ADVANCED_FACE('',(#3748),#3766,.T.);
#3748 = FACE_BOUND('',#3749,.T.);
#3749 = EDGE_LOOP('',(#3750,#3751,#3752,#3760));
#3750 = ORIENTED_EDGE('',*,*,#3686,.T.);
#3751 = ORIENTED_EDGE('',*,*,#3430,.T.);
#3752 = ORIENTED_EDGE('',*,*,#3753,.T.);
#3753 = EDGE_CURVE('',#3423,#3754,#3756,.T.);
#3754 = VERTEX_POINT('',#3755);
#3755 = CARTESIAN_POINT('',(2.8175,0.3175,2.25));
#3756 = LINE('',#3757,#3758);
#3757 = CARTESIAN_POINT('',(2.8175,0.3175,-1.77));
#3758 = VECTOR('',#3759,1.);
#3759 = DIRECTION('',(0.,0.,1.));
#3760 = ORIENTED_EDGE('',*,*,#3761,.T.);
#3761 = EDGE_CURVE('',#3754,#3687,#3762,.T.);
#3762 = LINE('',#3763,#3764);
#3763 = CARTESIAN_POINT('',(2.8175,0.3175,2.25));
#3764 = VECTOR('',#3765,1.);
#3765 = DIRECTION('',(0.,-1.,0.));
#3766 = PLANE('',#3767);
#3767 = AXIS2_PLACEMENT_3D('',#3768,#3769,#3770);
#3768 = CARTESIAN_POINT('',(2.8175,-1.74,0.));
#3769 = DIRECTION('',(1.,0.,0.));
#3770 = DIRECTION('',(-0.,1.,0.));
#3771 = ADVANCED_FACE('',(#3772),#3790,.T.);
#3772 = FACE_BOUND('',#3773,.T.);
#3773 = EDGE_LOOP('',(#3774,#3782,#3788,#3789));
#3774 = ORIENTED_EDGE('',*,*,#3775,.T.);
#3775 = EDGE_CURVE('',#3588,#3776,#3778,.T.);
#3776 = VERTEX_POINT('',#3777);
#3777 = CARTESIAN_POINT('',(2.6675,-5.24,-6.3175));
#3778 = LINE('',#3779,#3780);
#3779 = CARTESIAN_POINT('',(2.6675,-5.24,-5.9825));
#3780 = VECTOR('',#3781,1.);
#3781 = DIRECTION('',(0.,0.,-1.));
#3782 = ORIENTED_EDGE('',*,*,#3783,.F.);
#3783 = EDGE_CURVE('',#3709,#3776,#3784,.T.);
#3784 = LINE('',#3785,#3786);
#3785 = CARTESIAN_POINT('',(2.8175,-4.69,-6.4675));
#3786 = VECTOR('',#3787,1.);
#3787 = DIRECTION('',(-0.254456678904,-0.933007822648,0.254456678904));
#3788 = ORIENTED_EDGE('',*,*,#3737,.F.);
#3789 = ORIENTED_EDGE('',*,*,#3595,.F.);
#3790 = PLANE('',#3791);
#3791 = AXIS2_PLACEMENT_3D('',#3792,#3793,#3794);
#3792 = CARTESIAN_POINT('',(2.7425,-4.965,-6.15));
#3793 = DIRECTION('',(0.964763821238,-0.263117405792,0.));
#3794 = DIRECTION('',(0.,0.,-1.));
#3795 = ADVANCED_FACE('',(#3796),#3812,.T.);
#3796 = FACE_BOUND('',#3797,.T.);
#3797 = EDGE_LOOP('',(#3798,#3804,#3805,#3811));
#3798 = ORIENTED_EDGE('',*,*,#3799,.F.);
#3799 = EDGE_CURVE('',#3709,#3504,#3800,.T.);
#3800 = LINE('',#3801,#3802);
#3801 = CARTESIAN_POINT('',(2.8175,-4.69,-6.4675));
#3802 = VECTOR('',#3803,1.);
#3803 = DIRECTION('',(-1.,0.,0.));
#3804 = ORIENTED_EDGE('',*,*,#3783,.T.);
#3805 = ORIENTED_EDGE('',*,*,#3806,.T.);
#3806 = EDGE_CURVE('',#3776,#3558,#3807,.T.);
#3807 = LINE('',#3808,#3809);
#3808 = CARTESIAN_POINT('',(2.6675,-5.24,-6.3175));
#3809 = VECTOR('',#3810,1.);
#3810 = DIRECTION('',(-1.,0.,0.));
#3811 = ORIENTED_EDGE('',*,*,#3557,.T.);
#3812 = PLANE('',#3813);
#3813 = AXIS2_PLACEMENT_3D('',#3814,#3815,#3816);
#3814 = CARTESIAN_POINT('',(2.5,-4.965,-6.3925));
#3815 = DIRECTION('',(0.,-0.263117405792,-0.964763821238));
#3816 = DIRECTION('',(0.,-0.964763821238,0.263117405792));
#3817 = ADVANCED_FACE('',(#3818),#3824,.T.);
#3818 = FACE_BOUND('',#3819,.T.);
#3819 = EDGE_LOOP('',(#3820,#3821,#3822,#3823));
#3820 = ORIENTED_EDGE('',*,*,#3775,.F.);
#3821 = ORIENTED_EDGE('',*,*,#3587,.T.);
#3822 = ORIENTED_EDGE('',*,*,#3565,.F.);
#3823 = ORIENTED_EDGE('',*,*,#3806,.F.);
#3824 = PLANE('',#3825);
#3825 = AXIS2_PLACEMENT_3D('',#3826,#3827,#3828);
#3826 = CARTESIAN_POINT('',(2.1825,-5.24,-5.8325));
#3827 = DIRECTION('',(0.,-1.,0.));
#3828 = DIRECTION('',(0.,0.,-1.));
#3829 = ADVANCED_FACE('',(#3830),#3841,.T.);
#3830 = FACE_BOUND('',#3831,.T.);
#3831 = EDGE_LOOP('',(#3832,#3833,#3839,#3840));
#3832 = ORIENTED_EDGE('',*,*,#3503,.T.);
#3833 = ORIENTED_EDGE('',*,*,#3834,.T.);
#3834 = EDGE_CURVE('',#3495,#3711,#3835,.T.);
#3835 = LINE('',#3836,#3837);
#3836 = CARTESIAN_POINT('',(2.1825,-0.6175,-6.4675));
#3837 = VECTOR('',#3838,1.);
#3838 = DIRECTION('',(1.,0.,0.));
#3839 = ORIENTED_EDGE('',*,*,#3708,.F.);
#3840 = ORIENTED_EDGE('',*,*,#3799,.T.);
#3841 = PLANE('',#3842);
#3842 = AXIS2_PLACEMENT_3D('',#3843,#3844,#3845);
#3843 = CARTESIAN_POINT('',(2.1825,-5.24,-6.4675));
#3844 = DIRECTION('',(0.,0.,-1.));
#3845 = DIRECTION('',(0.,-1.,0.));
#3846 = ADVANCED_FACE('',(#3847),#3858,.T.);
#3847 = FACE_BOUND('',#3848,.T.);
#3848 = EDGE_LOOP('',(#3849,#3855,#3856,#3857));
#3849 = ORIENTED_EDGE('',*,*,#3850,.T.);
#3850 = EDGE_CURVE('',#3487,#3719,#3851,.T.);
#3851 = LINE('',#3852,#3853);
#3852 = CARTESIAN_POINT('',(2.1825,0.3175,-5.5325));
#3853 = VECTOR('',#3854,1.);
#3854 = DIRECTION('',(1.,0.,0.));
#3855 = ORIENTED_EDGE('',*,*,#3718,.F.);
#3856 = ORIENTED_EDGE('',*,*,#3834,.F.);
#3857 = ORIENTED_EDGE('',*,*,#3494,.T.);
#3858 = CYLINDRICAL_SURFACE('',#3859,0.935);
#3859 = AXIS2_PLACEMENT_3D('',#3860,#3861,#3862);
#3860 = CARTESIAN_POINT('',(2.1825,-0.6175,-5.5325));
#3861 = DIRECTION('',(-1.,0.,-0.));
#3862 = DIRECTION('',(0.,0.,-1.));
#3863 = ADVANCED_FACE('',(#3864),#3870,.T.);
#3864 = FACE_BOUND('',#3865,.T.);
#3865 = EDGE_LOOP('',(#3866,#3867,#3868,#3869));
#3866 = ORIENTED_EDGE('',*,*,#3727,.F.);
#3867 = ORIENTED_EDGE('',*,*,#3850,.F.);
#3868 = ORIENTED_EDGE('',*,*,#3486,.T.);
#3869 = ORIENTED_EDGE('',*,*,#1810,.T.);
#3870 = PLANE('',#3871);
#3871 = AXIS2_PLACEMENT_3D('',#3872,#3873,#3874);
#3872 = CARTESIAN_POINT('',(2.1825,0.3175,-5.5325));
#3873 = DIRECTION('',(-0.,1.,0.));
#3874 = DIRECTION('',(1.,0.,0.));
#3875 = ADVANCED_FACE('',(#3876),#3887,.T.);
#3876 = FACE_BOUND('',#3877,.T.);
#3877 = EDGE_LOOP('',(#3878,#3879,#3880,#3881));
#3878 = ORIENTED_EDGE('',*,*,#3753,.F.);
#3879 = ORIENTED_EDGE('',*,*,#3420,.F.);
#3880 = ORIENTED_EDGE('',*,*,#3525,.T.);
#3881 = ORIENTED_EDGE('',*,*,#3882,.F.);
#3882 = EDGE_CURVE('',#3754,#3526,#3883,.T.);
#3883 = LINE('',#3884,#3885);
#3884 = CARTESIAN_POINT('',(2.8175,0.3175,2.25));
#3885 = VECTOR('',#3886,1.);
#3886 = DIRECTION('',(-1.,0.,0.));
#3887 = PLANE('',#3888);
#3888 = AXIS2_PLACEMENT_3D('',#3889,#3890,#3891);
#3889 = CARTESIAN_POINT('',(2.1825,0.3175,-5.5325));
#3890 = DIRECTION('',(-0.,1.,0.));
#3891 = DIRECTION('',(1.,0.,0.));
#3892 = ADVANCED_FACE('',(#3893),#3918,.T.);
#3893 = FACE_BOUND('',#3894,.T.);
#3894 = EDGE_LOOP('',(#3895,#3905,#3911,#3912));
#3895 = ORIENTED_EDGE('',*,*,#3896,.F.);
#3896 = EDGE_CURVE('',#3897,#3899,#3901,.T.);
#3897 = VERTEX_POINT('',#3898);
#3898 = CARTESIAN_POINT('',(2.6675,0.1675,2.8));
#3899 = VERTEX_POINT('',#3900);
#3900 = CARTESIAN_POINT('',(2.3325,0.1675,2.8));
#3901 = LINE('',#3902,#3903);
#3902 = CARTESIAN_POINT('',(2.6675,0.1675,2.8));
#3903 = VECTOR('',#3904,1.);
#3904 = DIRECTION('',(-1.,0.,0.));
#3905 = ORIENTED_EDGE('',*,*,#3906,.T.);
#3906 = EDGE_CURVE('',#3897,#3754,#3907,.T.);
#3907 = LINE('',#3908,#3909);
#3908 = CARTESIAN_POINT('',(2.6675,0.1675,2.8));
#3909 = VECTOR('',#3910,1.);
#3910 = DIRECTION('',(0.254456678904,0.254456678904,-0.933007822648));
#3911 = ORIENTED_EDGE('',*,*,#3882,.T.);
#3912 = ORIENTED_EDGE('',*,*,#3913,.T.);
#3913 = EDGE_CURVE('',#3526,#3899,#3914,.T.);
#3914 = LINE('',#3915,#3916);
#3915 = CARTESIAN_POINT('',(2.1825,0.3175,2.25));
#3916 = VECTOR('',#3917,1.);
#3917 = DIRECTION('',(0.254456678904,-0.254456678904,0.933007822648));
#3918 = PLANE('',#3919);
#3919 = AXIS2_PLACEMENT_3D('',#3920,#3921,#3922);
#3920 = CARTESIAN_POINT('',(2.5,0.2425,2.525));
#3921 = DIRECTION('',(0.,0.964763821238,0.263117405792));
#3922 = DIRECTION('',(1.,0.,-0.));
#3923 = ADVANCED_FACE('',(#3924),#3942,.T.);
#3924 = FACE_BOUND('',#3925,.T.);
#3925 = EDGE_LOOP('',(#3926,#3934,#3935,#3936));
#3926 = ORIENTED_EDGE('',*,*,#3927,.T.);
#3927 = EDGE_CURVE('',#3928,#3899,#3930,.T.);
#3928 = VERTEX_POINT('',#3929);
#3929 = CARTESIAN_POINT('',(2.3325,-0.1675,2.8));
#3930 = LINE('',#3931,#3932);
#3931 = CARTESIAN_POINT('',(2.3325,-0.1675,2.8));
#3932 = VECTOR('',#3933,1.);
#3933 = DIRECTION('',(0.,1.,0.));
#3934 = ORIENTED_EDGE('',*,*,#3913,.F.);
#3935 = ORIENTED_EDGE('',*,*,#3542,.F.);
#3936 = ORIENTED_EDGE('',*,*,#3937,.F.);
#3937 = EDGE_CURVE('',#3928,#3535,#3938,.T.);
#3938 = LINE('',#3939,#3940);
#3939 = CARTESIAN_POINT('',(2.3325,-0.1675,2.8));
#3940 = VECTOR('',#3941,1.);
#3941 = DIRECTION('',(-0.254456678904,-0.254456678904,-0.933007822648));
#3942 = PLANE('',#3943);
#3943 = AXIS2_PLACEMENT_3D('',#3944,#3945,#3946);
#3944 = CARTESIAN_POINT('',(2.2575,0.,2.525));
#3945 = DIRECTION('',(-0.964763821238,0.,0.263117405792));
#3946 = DIRECTION('',(0.,1.,0.));
#3947 = ADVANCED_FACE('',(#3948),#3966,.T.);
#3948 = FACE_BOUND('',#3949,.T.);
#3949 = EDGE_LOOP('',(#3950,#3951,#3959,#3965));
#3950 = ORIENTED_EDGE('',*,*,#3694,.F.);
#3951 = ORIENTED_EDGE('',*,*,#3952,.T.);
#3952 = EDGE_CURVE('',#3687,#3953,#3955,.T.);
#3953 = VERTEX_POINT('',#3954);
#3954 = CARTESIAN_POINT('',(2.6675,-0.1675,2.8));
#3955 = LINE('',#3956,#3957);
#3956 = CARTESIAN_POINT('',(2.8175,-0.3175,2.25));
#3957 = VECTOR('',#3958,1.);
#3958 = DIRECTION('',(-0.254456678904,0.254456678904,0.933007822648));
#3959 = ORIENTED_EDGE('',*,*,#3960,.T.);
#3960 = EDGE_CURVE('',#3953,#3928,#3961,.T.);
#3961 = LINE('',#3962,#3963);
#3962 = CARTESIAN_POINT('',(2.6675,-0.1675,2.8));
#3963 = VECTOR('',#3964,1.);
#3964 = DIRECTION('',(-1.,0.,0.));
#3965 = ORIENTED_EDGE('',*,*,#3937,.T.);
#3966 = PLANE('',#3967);
#3967 = AXIS2_PLACEMENT_3D('',#3968,#3969,#3970);
#3968 = CARTESIAN_POINT('',(2.5,-0.2425,2.525));
#3969 = DIRECTION('',(0.,-0.964763821238,0.263117405792));
#3970 = DIRECTION('',(-1.,0.,0.));
#3971 = ADVANCED_FACE('',(#3972),#3983,.T.);
#3972 = FACE_BOUND('',#3973,.T.);
#3973 = EDGE_LOOP('',(#3974,#3975,#3976,#3982));
#3974 = ORIENTED_EDGE('',*,*,#3927,.F.);
#3975 = ORIENTED_EDGE('',*,*,#3960,.F.);
#3976 = ORIENTED_EDGE('',*,*,#3977,.F.);
#3977 = EDGE_CURVE('',#3897,#3953,#3978,.T.);
#3978 = LINE('',#3979,#3980);
#3979 = CARTESIAN_POINT('',(2.6675,0.1675,2.8));
#3980 = VECTOR('',#3981,1.);
#3981 = DIRECTION('',(0.,-1.,0.));
#3982 = ORIENTED_EDGE('',*,*,#3896,.T.);
#3983 = PLANE('',#3984);
#3984 = AXIS2_PLACEMENT_3D('',#3985,#3986,#3987);
#3985 = CARTESIAN_POINT('',(2.1825,0.3175,2.8));
#3986 = DIRECTION('',(0.,0.,1.));
#3987 = DIRECTION('',(1.,0.,-0.));
#3988 = ADVANCED_FACE('',(#3989),#3995,.T.);
#3989 = FACE_BOUND('',#3990,.T.);
#3990 = EDGE_LOOP('',(#3991,#3992,#3993,#3994));
#3991 = ORIENTED_EDGE('',*,*,#3761,.F.);
#3992 = ORIENTED_EDGE('',*,*,#3906,.F.);
#3993 = ORIENTED_EDGE('',*,*,#3977,.T.);
#3994 = ORIENTED_EDGE('',*,*,#3952,.F.);
#3995 = PLANE('',#3996);
#3996 = AXIS2_PLACEMENT_3D('',#3997,#3998,#3999);
#3997 = CARTESIAN_POINT('',(2.7425,0.,2.525));
#3998 = DIRECTION('',(0.964763821238,0.,0.263117405792));
#3999 = DIRECTION('',(0.,-1.,0.));
#4000 = ADVANCED_FACE('',(#4001,#4007),#4041,.T.);
#4001 = FACE_BOUND('',#4002,.T.);
#4002 = EDGE_LOOP('',(#4003,#4004,#4005,#4006));
#4003 = ORIENTED_EDGE('',*,*,#3389,.T.);
#4004 = ORIENTED_EDGE('',*,*,#3365,.T.);
#4005 = ORIENTED_EDGE('',*,*,#3341,.T.);
#4006 = ORIENTED_EDGE('',*,*,#3273,.T.);
#4007 = FACE_BOUND('',#4008,.T.);
#4008 = EDGE_LOOP('',(#4009,#4019,#4027,#4035));
#4009 = ORIENTED_EDGE('',*,*,#4010,.T.);
#4010 = EDGE_CURVE('',#4011,#4013,#4015,.T.);
#4011 = VERTEX_POINT('',#4012);
#4012 = CARTESIAN_POINT('',(4.6825,0.3175,-1.77));
#4013 = VERTEX_POINT('',#4014);
#4014 = CARTESIAN_POINT('',(5.3175,0.3175,-1.77));
#4015 = LINE('',#4016,#4017);
#4016 = CARTESIAN_POINT('',(4.6825,0.3175,-1.77));
#4017 = VECTOR('',#4018,1.);
#4018 = DIRECTION('',(1.,0.,0.));
#4019 = ORIENTED_EDGE('',*,*,#4020,.F.);
#4020 = EDGE_CURVE('',#4021,#4013,#4023,.T.);
#4021 = VERTEX_POINT('',#4022);
#4022 = CARTESIAN_POINT('',(5.3175,-0.3175,-1.77));
#4023 = LINE('',#4024,#4025);
#4024 = CARTESIAN_POINT('',(5.3175,-0.3175,-1.77));
#4025 = VECTOR('',#4026,1.);
#4026 = DIRECTION('',(0.,1.,0.));
#4027 = ORIENTED_EDGE('',*,*,#4028,.F.);
#4028 = EDGE_CURVE('',#4029,#4021,#4031,.T.);
#4029 = VERTEX_POINT('',#4030);
#4030 = CARTESIAN_POINT('',(4.6825,-0.3175,-1.77));
#4031 = LINE('',#4032,#4033);
#4032 = CARTESIAN_POINT('',(4.6825,-0.3175,-1.77));
#4033 = VECTOR('',#4034,1.);
#4034 = DIRECTION('',(1.,0.,0.));
#4035 = ORIENTED_EDGE('',*,*,#4036,.T.);
#4036 = EDGE_CURVE('',#4029,#4011,#4037,.T.);
#4037 = LINE('',#4038,#4039);
#4038 = CARTESIAN_POINT('',(4.6825,-0.3175,-1.77));
#4039 = VECTOR('',#4040,1.);
#4040 = DIRECTION('',(0.,1.,0.));
#4041 = PLANE('',#4042);
#4042 = AXIS2_PLACEMENT_3D('',#4043,#4044,#4045);
#4043 = CARTESIAN_POINT('',(0.,-1.74,-1.77));
#4044 = DIRECTION('',(0.,0.,1.));
#4045 = DIRECTION('',(1.,0.,-0.));
#4046 = ADVANCED_FACE('',(#4047),#4072,.F.);
#4047 = FACE_BOUND('',#4048,.T.);
#4048 = EDGE_LOOP('',(#4049,#4057,#4058,#4066));
#4049 = ORIENTED_EDGE('',*,*,#4050,.F.);
#4050 = EDGE_CURVE('',#4011,#4051,#4053,.T.);
#4051 = VERTEX_POINT('',#4052);
#4052 = CARTESIAN_POINT('',(4.6825,0.3175,2.25));
#4053 = LINE('',#4054,#4055);
#4054 = CARTESIAN_POINT('',(4.6825,0.3175,-1.77));
#4055 = VECTOR('',#4056,1.);
#4056 = DIRECTION('',(0.,0.,1.));
#4057 = ORIENTED_EDGE('',*,*,#4036,.F.);
#4058 = ORIENTED_EDGE('',*,*,#4059,.F.);
#4059 = EDGE_CURVE('',#4060,#4029,#4062,.T.);
#4060 = VERTEX_POINT('',#4061);
#4061 = CARTESIAN_POINT('',(4.6825,-0.3175,2.25));
#4062 = LINE('',#4063,#4064);
#4063 = CARTESIAN_POINT('',(4.6825,-0.3175,2.25));
#4064 = VECTOR('',#4065,1.);
#4065 = DIRECTION('',(0.,0.,-1.));
#4066 = ORIENTED_EDGE('',*,*,#4067,.T.);
#4067 = EDGE_CURVE('',#4060,#4051,#4068,.T.);
#4068 = LINE('',#4069,#4070);
#4069 = CARTESIAN_POINT('',(4.6825,-0.3175,2.25));
#4070 = VECTOR('',#4071,1.);
#4071 = DIRECTION('',(0.,1.,0.));
#4072 = PLANE('',#4073);
#4073 = AXIS2_PLACEMENT_3D('',#4074,#4075,#4076);
#4074 = CARTESIAN_POINT('',(4.6825,-1.74,0.));
#4075 = DIRECTION('',(1.,0.,0.));
#4076 = DIRECTION('',(-0.,1.,0.));
#4077 = ADVANCED_FACE('',(#4078),#4137,.F.);
#4078 = FACE_BOUND('',#4079,.T.);
#4079 = EDGE_LOOP('',(#4080,#4090,#4099,#4105,#4106,#4114,#4123,#4131));
#4080 = ORIENTED_EDGE('',*,*,#4081,.F.);
#4081 = EDGE_CURVE('',#4082,#4084,#4086,.T.);
#4082 = VERTEX_POINT('',#4083);
#4083 = CARTESIAN_POINT('',(4.6825,-0.6175,-5.8325));
#4084 = VERTEX_POINT('',#4085);
#4085 = CARTESIAN_POINT('',(4.6825,-4.69,-5.8325));
#4086 = LINE('',#4087,#4088);
#4087 = CARTESIAN_POINT('',(4.6825,-0.6175,-5.8325));
#4088 = VECTOR('',#4089,1.);
#4089 = DIRECTION('',(0.,-1.,0.));
#4090 = ORIENTED_EDGE('',*,*,#4091,.F.);
#4091 = EDGE_CURVE('',#4092,#4082,#4094,.T.);
#4092 = VERTEX_POINT('',#4093);
#4093 = CARTESIAN_POINT('',(4.6825,-0.3175,-5.5325));
#4094 = CIRCLE('',#4095,0.3);
#4095 = AXIS2_PLACEMENT_3D('',#4096,#4097,#4098);
#4096 = CARTESIAN_POINT('',(4.6825,-0.6175,-5.5325));
#4097 = DIRECTION('',(-1.,0.,0.));
#4098 = DIRECTION('',(0.,1.,0.));
#4099 = ORIENTED_EDGE('',*,*,#4100,.F.);
#4100 = EDGE_CURVE('',#1759,#4092,#4101,.T.);
#4101 = LINE('',#4102,#4103);
#4102 = CARTESIAN_POINT('',(4.6825,-0.3175,-4.23));
#4103 = VECTOR('',#4104,1.);
#4104 = DIRECTION('',(0.,0.,-1.));
#4105 = ORIENTED_EDGE('',*,*,#1784,.T.);
#4106 = ORIENTED_EDGE('',*,*,#4107,.F.);
#4107 = EDGE_CURVE('',#4108,#1777,#4110,.T.);
#4108 = VERTEX_POINT('',#4109);
#4109 = CARTESIAN_POINT('',(4.6825,0.3175,-5.5325));
#4110 = LINE('',#4111,#4112);
#4111 = CARTESIAN_POINT('',(4.6825,0.3175,-5.5325));
#4112 = VECTOR('',#4113,1.);
#4113 = DIRECTION('',(0.,0.,1.));
#4114 = ORIENTED_EDGE('',*,*,#4115,.F.);
#4115 = EDGE_CURVE('',#4116,#4108,#4118,.T.);
#4116 = VERTEX_POINT('',#4117);
#4117 = CARTESIAN_POINT('',(4.6825,-0.6175,-6.4675));
#4118 = CIRCLE('',#4119,0.935);
#4119 = AXIS2_PLACEMENT_3D('',#4120,#4121,#4122);
#4120 = CARTESIAN_POINT('',(4.6825,-0.6175,-5.5325));
#4121 = DIRECTION('',(1.,0.,0.));
#4122 = DIRECTION('',(0.,0.,-1.));
#4123 = ORIENTED_EDGE('',*,*,#4124,.F.);
#4124 = EDGE_CURVE('',#4125,#4116,#4127,.T.);
#4125 = VERTEX_POINT('',#4126);
#4126 = CARTESIAN_POINT('',(4.6825,-4.69,-6.4675));
#4127 = LINE('',#4128,#4129);
#4128 = CARTESIAN_POINT('',(4.6825,-4.69,-6.4675));
#4129 = VECTOR('',#4130,1.);
#4130 = DIRECTION('',(0.,1.,0.));
#4131 = ORIENTED_EDGE('',*,*,#4132,.T.);
#4132 = EDGE_CURVE('',#4125,#4084,#4133,.T.);
#4133 = LINE('',#4134,#4135);
#4134 = CARTESIAN_POINT('',(4.6825,-4.69,-6.4675));
#4135 = VECTOR('',#4136,1.);
#4136 = DIRECTION('',(0.,0.,1.));
#4137 = PLANE('',#4138);
#4138 = AXIS2_PLACEMENT_3D('',#4139,#4140,#4141);
#4139 = CARTESIAN_POINT('',(4.6825,-1.74,0.));
#4140 = DIRECTION('',(1.,0.,0.));
#4141 = DIRECTION('',(-0.,1.,0.));
#4142 = ADVANCED_FACE('',(#4143),#4168,.T.);
#4143 = FACE_BOUND('',#4144,.T.);
#4144 = EDGE_LOOP('',(#4145,#4153,#4154,#4162));
#4145 = ORIENTED_EDGE('',*,*,#4146,.F.);
#4146 = EDGE_CURVE('',#4051,#4147,#4149,.T.);
#4147 = VERTEX_POINT('',#4148);
#4148 = CARTESIAN_POINT('',(4.8325,0.1675,2.8));
#4149 = LINE('',#4150,#4151);
#4150 = CARTESIAN_POINT('',(4.6825,0.3175,2.25));
#4151 = VECTOR('',#4152,1.);
#4152 = DIRECTION('',(0.254456678904,-0.254456678904,0.933007822648));
#4153 = ORIENTED_EDGE('',*,*,#4067,.F.);
#4154 = ORIENTED_EDGE('',*,*,#4155,.F.);
#4155 = EDGE_CURVE('',#4156,#4060,#4158,.T.);
#4156 = VERTEX_POINT('',#4157);
#4157 = CARTESIAN_POINT('',(4.8325,-0.1675,2.8));
#4158 = LINE('',#4159,#4160);
#4159 = CARTESIAN_POINT('',(4.8325,-0.1675,2.8));
#4160 = VECTOR('',#4161,1.);
#4161 = DIRECTION('',(-0.254456678904,-0.254456678904,-0.933007822648));
#4162 = ORIENTED_EDGE('',*,*,#4163,.T.);
#4163 = EDGE_CURVE('',#4156,#4147,#4164,.T.);
#4164 = LINE('',#4165,#4166);
#4165 = CARTESIAN_POINT('',(4.8325,-0.1675,2.8));
#4166 = VECTOR('',#4167,1.);
#4167 = DIRECTION('',(0.,1.,0.));
#4168 = PLANE('',#4169);
#4169 = AXIS2_PLACEMENT_3D('',#4170,#4171,#4172);
#4170 = CARTESIAN_POINT('',(4.7575,0.,2.525));
#4171 = DIRECTION('',(-0.964763821238,0.,0.263117405792));
#4172 = DIRECTION('',(0.,1.,0.));
#4173 = ADVANCED_FACE('',(#4174),#4199,.T.);
#4174 = FACE_BOUND('',#4175,.T.);
#4175 = EDGE_LOOP('',(#4176,#4177,#4185,#4193));
#4176 = ORIENTED_EDGE('',*,*,#4163,.F.);
#4177 = ORIENTED_EDGE('',*,*,#4178,.F.);
#4178 = EDGE_CURVE('',#4179,#4156,#4181,.T.);
#4179 = VERTEX_POINT('',#4180);
#4180 = CARTESIAN_POINT('',(5.1675,-0.1675,2.8));
#4181 = LINE('',#4182,#4183);
#4182 = CARTESIAN_POINT('',(5.1675,-0.1675,2.8));
#4183 = VECTOR('',#4184,1.);
#4184 = DIRECTION('',(-1.,0.,0.));
#4185 = ORIENTED_EDGE('',*,*,#4186,.F.);
#4186 = EDGE_CURVE('',#4187,#4179,#4189,.T.);
#4187 = VERTEX_POINT('',#4188);
#4188 = CARTESIAN_POINT('',(5.1675,0.1675,2.8));
#4189 = LINE('',#4190,#4191);
#4190 = CARTESIAN_POINT('',(5.1675,0.1675,2.8));
#4191 = VECTOR('',#4192,1.);
#4192 = DIRECTION('',(0.,-1.,0.));
#4193 = ORIENTED_EDGE('',*,*,#4194,.T.);
#4194 = EDGE_CURVE('',#4187,#4147,#4195,.T.);
#4195 = LINE('',#4196,#4197);
#4196 = CARTESIAN_POINT('',(5.1675,0.1675,2.8));
#4197 = VECTOR('',#4198,1.);
#4198 = DIRECTION('',(-1.,0.,0.));
#4199 = PLANE('',#4200);
#4200 = AXIS2_PLACEMENT_3D('',#4201,#4202,#4203);
#4201 = CARTESIAN_POINT('',(4.6825,0.3175,2.8));
#4202 = DIRECTION('',(0.,0.,1.));
#4203 = DIRECTION('',(1.,0.,-0.));
#4204 = ADVANCED_FACE('',(#4205),#4223,.T.);
#4205 = FACE_BOUND('',#4206,.T.);
#4206 = EDGE_LOOP('',(#4207,#4215,#4221,#4222));
#4207 = ORIENTED_EDGE('',*,*,#4208,.T.);
#4208 = EDGE_CURVE('',#4187,#4209,#4211,.T.);
#4209 = VERTEX_POINT('',#4210);
#4210 = CARTESIAN_POINT('',(5.3175,0.3175,2.25));
#4211 = LINE('',#4212,#4213);
#4212 = CARTESIAN_POINT('',(5.1675,0.1675,2.8));
#4213 = VECTOR('',#4214,1.);
#4214 = DIRECTION('',(0.254456678904,0.254456678904,-0.933007822648));
#4215 = ORIENTED_EDGE('',*,*,#4216,.T.);
#4216 = EDGE_CURVE('',#4209,#4051,#4217,.T.);
#4217 = LINE('',#4218,#4219);
#4218 = CARTESIAN_POINT('',(5.3175,0.3175,2.25));
#4219 = VECTOR('',#4220,1.);
#4220 = DIRECTION('',(-1.,0.,0.));
#4221 = ORIENTED_EDGE('',*,*,#4146,.T.);
#4222 = ORIENTED_EDGE('',*,*,#4194,.F.);
#4223 = PLANE('',#4224);
#4224 = AXIS2_PLACEMENT_3D('',#4225,#4226,#4227);
#4225 = CARTESIAN_POINT('',(5.,0.2425,2.525));
#4226 = DIRECTION('',(0.,0.964763821238,0.263117405792));
#4227 = DIRECTION('',(1.,0.,-0.));
#4228 = ADVANCED_FACE('',(#4229),#4247,.T.);
#4229 = FACE_BOUND('',#4230,.T.);
#4230 = EDGE_LOOP('',(#4231,#4239,#4245,#4246));
#4231 = ORIENTED_EDGE('',*,*,#4232,.F.);
#4232 = EDGE_CURVE('',#4233,#1769,#4235,.T.);
#4233 = VERTEX_POINT('',#4234);
#4234 = CARTESIAN_POINT('',(5.3175,0.3175,-5.5325));
#4235 = LINE('',#4236,#4237);
#4236 = CARTESIAN_POINT('',(5.3175,0.3175,-5.5325));
#4237 = VECTOR('',#4238,1.);
#4238 = DIRECTION('',(0.,0.,1.));
#4239 = ORIENTED_EDGE('',*,*,#4240,.F.);
#4240 = EDGE_CURVE('',#4108,#4233,#4241,.T.);
#4241 = LINE('',#4242,#4243);
#4242 = CARTESIAN_POINT('',(4.6825,0.3175,-5.5325));
#4243 = VECTOR('',#4244,1.);
#4244 = DIRECTION('',(1.,0.,0.));
#4245 = ORIENTED_EDGE('',*,*,#4107,.T.);
#4246 = ORIENTED_EDGE('',*,*,#1776,.T.);
#4247 = PLANE('',#4248);
#4248 = AXIS2_PLACEMENT_3D('',#4249,#4250,#4251);
#4249 = CARTESIAN_POINT('',(4.6825,0.3175,-5.5325));
#4250 = DIRECTION('',(-0.,1.,0.));
#4251 = DIRECTION('',(1.,0.,0.));
#4252 = ADVANCED_FACE('',(#4253),#4264,.T.);
#4253 = FACE_BOUND('',#4254,.T.);
#4254 = EDGE_LOOP('',(#4255,#4261,#4262,#4263));
#4255 = ORIENTED_EDGE('',*,*,#4256,.F.);
#4256 = EDGE_CURVE('',#4013,#4209,#4257,.T.);
#4257 = LINE('',#4258,#4259);
#4258 = CARTESIAN_POINT('',(5.3175,0.3175,-1.77));
#4259 = VECTOR('',#4260,1.);
#4260 = DIRECTION('',(0.,0.,1.));
#4261 = ORIENTED_EDGE('',*,*,#4010,.F.);
#4262 = ORIENTED_EDGE('',*,*,#4050,.T.);
#4263 = ORIENTED_EDGE('',*,*,#4216,.F.);
#4264 = PLANE('',#4265);
#4265 = AXIS2_PLACEMENT_3D('',#4266,#4267,#4268);
#4266 = CARTESIAN_POINT('',(4.6825,0.3175,-5.5325));
#4267 = DIRECTION('',(-0.,1.,0.));
#4268 = DIRECTION('',(1.,0.,0.));
#4269 = ADVANCED_FACE('',(#4270),#4289,.T.);
#4270 = FACE_BOUND('',#4271,.T.);
#4271 = EDGE_LOOP('',(#4272,#4273,#4282,#4288));
#4272 = ORIENTED_EDGE('',*,*,#4240,.T.);
#4273 = ORIENTED_EDGE('',*,*,#4274,.F.);
#4274 = EDGE_CURVE('',#4275,#4233,#4277,.T.);
#4275 = VERTEX_POINT('',#4276);
#4276 = CARTESIAN_POINT('',(5.3175,-0.6175,-6.4675));
#4277 = CIRCLE('',#4278,0.935);
#4278 = AXIS2_PLACEMENT_3D('',#4279,#4280,#4281);
#4279 = CARTESIAN_POINT('',(5.3175,-0.6175,-5.5325));
#4280 = DIRECTION('',(1.,0.,0.));
#4281 = DIRECTION('',(0.,0.,-1.));
#4282 = ORIENTED_EDGE('',*,*,#4283,.F.);
#4283 = EDGE_CURVE('',#4116,#4275,#4284,.T.);
#4284 = LINE('',#4285,#4286);
#4285 = CARTESIAN_POINT('',(4.6825,-0.6175,-6.4675));
#4286 = VECTOR('',#4287,1.);
#4287 = DIRECTION('',(1.,0.,0.));
#4288 = ORIENTED_EDGE('',*,*,#4115,.T.);
#4289 = CYLINDRICAL_SURFACE('',#4290,0.935);
#4290 = AXIS2_PLACEMENT_3D('',#4291,#4292,#4293);
#4291 = CARTESIAN_POINT('',(4.6825,-0.6175,-5.5325));
#4292 = DIRECTION('',(-1.,0.,-0.));
#4293 = DIRECTION('',(0.,0.,-1.));
#4294 = ADVANCED_FACE('',(#4295),#4313,.T.);
#4295 = FACE_BOUND('',#4296,.T.);
#4296 = EDGE_LOOP('',(#4297,#4298,#4299,#4307));
#4297 = ORIENTED_EDGE('',*,*,#4124,.T.);
#4298 = ORIENTED_EDGE('',*,*,#4283,.T.);
#4299 = ORIENTED_EDGE('',*,*,#4300,.F.);
#4300 = EDGE_CURVE('',#4301,#4275,#4303,.T.);
#4301 = VERTEX_POINT('',#4302);
#4302 = CARTESIAN_POINT('',(5.3175,-4.69,-6.4675));
#4303 = LINE('',#4304,#4305);
#4304 = CARTESIAN_POINT('',(5.3175,-4.69,-6.4675));
#4305 = VECTOR('',#4306,1.);
#4306 = DIRECTION('',(0.,1.,0.));
#4307 = ORIENTED_EDGE('',*,*,#4308,.T.);
#4308 = EDGE_CURVE('',#4301,#4125,#4309,.T.);
#4309 = LINE('',#4310,#4311);
#4310 = CARTESIAN_POINT('',(5.3175,-4.69,-6.4675));
#4311 = VECTOR('',#4312,1.);
#4312 = DIRECTION('',(-1.,0.,0.));
#4313 = PLANE('',#4314);
#4314 = AXIS2_PLACEMENT_3D('',#4315,#4316,#4317);
#4315 = CARTESIAN_POINT('',(4.6825,-5.24,-6.4675));
#4316 = DIRECTION('',(0.,0.,-1.));
#4317 = DIRECTION('',(0.,-1.,0.));
#4318 = ADVANCED_FACE('',(#4319),#4344,.T.);
#4319 = FACE_BOUND('',#4320,.T.);
#4320 = EDGE_LOOP('',(#4321,#4322,#4330,#4338));
#4321 = ORIENTED_EDGE('',*,*,#4308,.F.);
#4322 = ORIENTED_EDGE('',*,*,#4323,.F.);
#4323 = EDGE_CURVE('',#4324,#4301,#4326,.T.);
#4324 = VERTEX_POINT('',#4325);
#4325 = CARTESIAN_POINT('',(5.1675,-5.24,-6.3175));
#4326 = LINE('',#4327,#4328);
#4327 = CARTESIAN_POINT('',(5.1675,-5.24,-6.3175));
#4328 = VECTOR('',#4329,1.);
#4329 = DIRECTION('',(0.254456678904,0.933007822648,-0.254456678904));
#4330 = ORIENTED_EDGE('',*,*,#4331,.T.);
#4331 = EDGE_CURVE('',#4324,#4332,#4334,.T.);
#4332 = VERTEX_POINT('',#4333);
#4333 = CARTESIAN_POINT('',(4.8325,-5.24,-6.3175));
#4334 = LINE('',#4335,#4336);
#4335 = CARTESIAN_POINT('',(5.1675,-5.24,-6.3175));
#4336 = VECTOR('',#4337,1.);
#4337 = DIRECTION('',(-1.,0.,0.));
#4338 = ORIENTED_EDGE('',*,*,#4339,.T.);
#4339 = EDGE_CURVE('',#4332,#4125,#4340,.T.);
#4340 = LINE('',#4341,#4342);
#4341 = CARTESIAN_POINT('',(4.8325,-5.24,-6.3175));
#4342 = VECTOR('',#4343,1.);
#4343 = DIRECTION('',(-0.254456678904,0.933007822648,-0.254456678904));
#4344 = PLANE('',#4345);
#4345 = AXIS2_PLACEMENT_3D('',#4346,#4347,#4348);
#4346 = CARTESIAN_POINT('',(5.,-4.965,-6.3925));
#4347 = DIRECTION('',(0.,-0.263117405792,-0.964763821238));
#4348 = DIRECTION('',(0.,-0.964763821238,0.263117405792));
#4349 = ADVANCED_FACE('',(#4350),#4368,.T.);
#4350 = FACE_BOUND('',#4351,.T.);
#4351 = EDGE_LOOP('',(#4352,#4360,#4366,#4367));
#4352 = ORIENTED_EDGE('',*,*,#4353,.T.);
#4353 = EDGE_CURVE('',#4332,#4354,#4356,.T.);
#4354 = VERTEX_POINT('',#4355);
#4355 = CARTESIAN_POINT('',(4.8325,-5.24,-5.9825));
#4356 = LINE('',#4357,#4358);
#4357 = CARTESIAN_POINT('',(4.8325,-5.24,-6.3175));
#4358 = VECTOR('',#4359,1.);
#4359 = DIRECTION('',(0.,0.,1.));
#4360 = ORIENTED_EDGE('',*,*,#4361,.T.);
#4361 = EDGE_CURVE('',#4354,#4084,#4362,.T.);
#4362 = LINE('',#4363,#4364);
#4363 = CARTESIAN_POINT('',(4.8325,-5.24,-5.9825));
#4364 = VECTOR('',#4365,1.);
#4365 = DIRECTION('',(-0.254456678904,0.933007822648,0.254456678904));
#4366 = ORIENTED_EDGE('',*,*,#4132,.F.);
#4367 = ORIENTED_EDGE('',*,*,#4339,.F.);
#4368 = PLANE('',#4369);
#4369 = AXIS2_PLACEMENT_3D('',#4370,#4371,#4372);
#4370 = CARTESIAN_POINT('',(4.7575,-4.965,-6.15));
#4371 = DIRECTION('',(-0.964763821238,-0.263117405792,0.));
#4372 = DIRECTION('',(-0.263117405792,0.964763821238,0.));
#4373 = ADVANCED_FACE('',(#4374),#4399,.T.);
#4374 = FACE_BOUND('',#4375,.T.);
#4375 = EDGE_LOOP('',(#4376,#4377,#4385,#4393));
#4376 = ORIENTED_EDGE('',*,*,#4361,.F.);
#4377 = ORIENTED_EDGE('',*,*,#4378,.F.);
#4378 = EDGE_CURVE('',#4379,#4354,#4381,.T.);
#4379 = VERTEX_POINT('',#4380);
#4380 = CARTESIAN_POINT('',(5.1675,-5.24,-5.9825));
#4381 = LINE('',#4382,#4383);
#4382 = CARTESIAN_POINT('',(5.1675,-5.24,-5.9825));
#4383 = VECTOR('',#4384,1.);
#4384 = DIRECTION('',(-1.,0.,0.));
#4385 = ORIENTED_EDGE('',*,*,#4386,.T.);
#4386 = EDGE_CURVE('',#4379,#4387,#4389,.T.);
#4387 = VERTEX_POINT('',#4388);
#4388 = CARTESIAN_POINT('',(5.3175,-4.69,-5.8325));
#4389 = LINE('',#4390,#4391);
#4390 = CARTESIAN_POINT('',(5.1675,-5.24,-5.9825));
#4391 = VECTOR('',#4392,1.);
#4392 = DIRECTION('',(0.254456678904,0.933007822648,0.254456678904));
#4393 = ORIENTED_EDGE('',*,*,#4394,.T.);
#4394 = EDGE_CURVE('',#4387,#4084,#4395,.T.);
#4395 = LINE('',#4396,#4397);
#4396 = CARTESIAN_POINT('',(5.3175,-4.69,-5.8325));
#4397 = VECTOR('',#4398,1.);
#4398 = DIRECTION('',(-1.,0.,0.));
#4399 = PLANE('',#4400);
#4400 = AXIS2_PLACEMENT_3D('',#4401,#4402,#4403);
#4401 = CARTESIAN_POINT('',(5.,-4.965,-5.9075));
#4402 = DIRECTION('',(0.,-0.263117405792,0.964763821238));
#4403 = DIRECTION('',(-1.,0.,0.));
#4404 = ADVANCED_FACE('',(#4405),#4423,.T.);
#4405 = FACE_BOUND('',#4406,.T.);
#4406 = EDGE_LOOP('',(#4407,#4415,#4421,#4422));
#4407 = ORIENTED_EDGE('',*,*,#4408,.F.);
#4408 = EDGE_CURVE('',#4409,#4387,#4411,.T.);
#4409 = VERTEX_POINT('',#4410);
#4410 = CARTESIAN_POINT('',(5.3175,-0.6175,-5.8325));
#4411 = LINE('',#4412,#4413);
#4412 = CARTESIAN_POINT('',(5.3175,-0.6175,-5.8325));
#4413 = VECTOR('',#4414,1.);
#4414 = DIRECTION('',(0.,-1.,0.));
#4415 = ORIENTED_EDGE('',*,*,#4416,.F.);
#4416 = EDGE_CURVE('',#4082,#4409,#4417,.T.);
#4417 = LINE('',#4418,#4419);
#4418 = CARTESIAN_POINT('',(4.6825,-0.6175,-5.8325));
#4419 = VECTOR('',#4420,1.);
#4420 = DIRECTION('',(1.,0.,0.));
#4421 = ORIENTED_EDGE('',*,*,#4081,.T.);
#4422 = ORIENTED_EDGE('',*,*,#4394,.F.);
#4423 = PLANE('',#4424);
#4424 = AXIS2_PLACEMENT_3D('',#4425,#4426,#4427);
#4425 = CARTESIAN_POINT('',(4.6825,-0.6175,-5.8325));
#4426 = DIRECTION('',(0.,0.,1.));
#4427 = DIRECTION('',(1.,0.,-0.));
#4428 = ADVANCED_FACE('',(#4429),#4448,.F.);
#4429 = FACE_BOUND('',#4430,.F.);
#4430 = EDGE_LOOP('',(#4431,#4432,#4440,#4447));
#4431 = ORIENTED_EDGE('',*,*,#4091,.F.);
#4432 = ORIENTED_EDGE('',*,*,#4433,.T.);
#4433 = EDGE_CURVE('',#4092,#4434,#4436,.T.);
#4434 = VERTEX_POINT('',#4435);
#4435 = CARTESIAN_POINT('',(5.3175,-0.3175,-5.5325));
#4436 = LINE('',#4437,#4438);
#4437 = CARTESIAN_POINT('',(4.6825,-0.3175,-5.5325));
#4438 = VECTOR('',#4439,1.);
#4439 = DIRECTION('',(1.,0.,0.));
#4440 = ORIENTED_EDGE('',*,*,#4441,.T.);
#4441 = EDGE_CURVE('',#4434,#4409,#4442,.T.);
#4442 = CIRCLE('',#4443,0.3);
#4443 = AXIS2_PLACEMENT_3D('',#4444,#4445,#4446);
#4444 = CARTESIAN_POINT('',(5.3175,-0.6175,-5.5325));
#4445 = DIRECTION('',(-1.,0.,0.));
#4446 = DIRECTION('',(0.,1.,0.));
#4447 = ORIENTED_EDGE('',*,*,#4416,.F.);
#4448 = CYLINDRICAL_SURFACE('',#4449,0.3);
#4449 = AXIS2_PLACEMENT_3D('',#4450,#4451,#4452);
#4450 = CARTESIAN_POINT('',(4.6825,-0.6175,-5.5325));
#4451 = DIRECTION('',(-1.,0.,-0.));
#4452 = DIRECTION('',(0.,0.,-1.));
#4453 = ADVANCED_FACE('',(#4454),#4465,.T.);
#4454 = FACE_BOUND('',#4455,.T.);
#4455 = EDGE_LOOP('',(#4456,#4457,#4458,#4464));
#4456 = ORIENTED_EDGE('',*,*,#4100,.T.);
#4457 = ORIENTED_EDGE('',*,*,#4433,.T.);
#4458 = ORIENTED_EDGE('',*,*,#4459,.F.);
#4459 = EDGE_CURVE('',#1761,#4434,#4460,.T.);
#4460 = LINE('',#4461,#4462);
#4461 = CARTESIAN_POINT('',(5.3175,-0.3175,-4.23));
#4462 = VECTOR('',#4463,1.);
#4463 = DIRECTION('',(0.,0.,-1.));
#4464 = ORIENTED_EDGE('',*,*,#1758,.F.);
#4465 = PLANE('',#4466);
#4466 = AXIS2_PLACEMENT_3D('',#4467,#4468,#4469);
#4467 = CARTESIAN_POINT('',(4.6825,-0.3175,2.8));
#4468 = DIRECTION('',(0.,-1.,0.));
#4469 = DIRECTION('',(0.,0.,-1.));
#4470 = ADVANCED_FACE('',(#4471),#4489,.T.);
#4471 = FACE_BOUND('',#4472,.T.);
#4472 = EDGE_LOOP('',(#4473,#4474,#4475,#4483));
#4473 = ORIENTED_EDGE('',*,*,#4059,.T.);
#4474 = ORIENTED_EDGE('',*,*,#4028,.T.);
#4475 = ORIENTED_EDGE('',*,*,#4476,.F.);
#4476 = EDGE_CURVE('',#4477,#4021,#4479,.T.);
#4477 = VERTEX_POINT('',#4478);
#4478 = CARTESIAN_POINT('',(5.3175,-0.3175,2.25));
#4479 = LINE('',#4480,#4481);
#4480 = CARTESIAN_POINT('',(5.3175,-0.3175,2.25));
#4481 = VECTOR('',#4482,1.);
#4482 = DIRECTION('',(0.,0.,-1.));
#4483 = ORIENTED_EDGE('',*,*,#4484,.T.);
#4484 = EDGE_CURVE('',#4477,#4060,#4485,.T.);
#4485 = LINE('',#4486,#4487);
#4486 = CARTESIAN_POINT('',(5.3175,-0.3175,2.25));
#4487 = VECTOR('',#4488,1.);
#4488 = DIRECTION('',(-1.,0.,0.));
#4489 = PLANE('',#4490);
#4490 = AXIS2_PLACEMENT_3D('',#4491,#4492,#4493);
#4491 = CARTESIAN_POINT('',(4.6825,-0.3175,2.8));
#4492 = DIRECTION('',(0.,-1.,0.));
#4493 = DIRECTION('',(0.,0.,-1.));
#4494 = ADVANCED_FACE('',(#4495),#4506,.T.);
#4495 = FACE_BOUND('',#4496,.T.);
#4496 = EDGE_LOOP('',(#4497,#4498,#4499,#4500));
#4497 = ORIENTED_EDGE('',*,*,#4476,.T.);
#4498 = ORIENTED_EDGE('',*,*,#4020,.T.);
#4499 = ORIENTED_EDGE('',*,*,#4256,.T.);
#4500 = ORIENTED_EDGE('',*,*,#4501,.T.);
#4501 = EDGE_CURVE('',#4209,#4477,#4502,.T.);
#4502 = LINE('',#4503,#4504);
#4503 = CARTESIAN_POINT('',(5.3175,0.3175,2.25));
#4504 = VECTOR('',#4505,1.);
#4505 = DIRECTION('',(0.,-1.,0.));
#4506 = PLANE('',#4507);
#4507 = AXIS2_PLACEMENT_3D('',#4508,#4509,#4510);
#4508 = CARTESIAN_POINT('',(5.3175,-1.74,0.));
#4509 = DIRECTION('',(1.,0.,0.));
#4510 = DIRECTION('',(-0.,1.,0.));
#4511 = ADVANCED_FACE('',(#4512),#4527,.T.);
#4512 = FACE_BOUND('',#4513,.T.);
#4513 = EDGE_LOOP('',(#4514,#4515,#4516,#4517,#4518,#4519,#4520,#4521));
#4514 = ORIENTED_EDGE('',*,*,#4300,.T.);
#4515 = ORIENTED_EDGE('',*,*,#4274,.T.);
#4516 = ORIENTED_EDGE('',*,*,#4232,.T.);
#4517 = ORIENTED_EDGE('',*,*,#1768,.F.);
#4518 = ORIENTED_EDGE('',*,*,#4459,.T.);
#4519 = ORIENTED_EDGE('',*,*,#4441,.T.);
#4520 = ORIENTED_EDGE('',*,*,#4408,.T.);
#4521 = ORIENTED_EDGE('',*,*,#4522,.T.);
#4522 = EDGE_CURVE('',#4387,#4301,#4523,.T.);
#4523 = LINE('',#4524,#4525);
#4524 = CARTESIAN_POINT('',(5.3175,-4.69,-5.8325));
#4525 = VECTOR('',#4526,1.);
#4526 = DIRECTION('',(0.,0.,-1.));
#4527 = PLANE('',#4528);
#4528 = AXIS2_PLACEMENT_3D('',#4529,#4530,#4531);
#4529 = CARTESIAN_POINT('',(5.3175,-1.74,0.));
#4530 = DIRECTION('',(1.,0.,0.));
#4531 = DIRECTION('',(-0.,1.,0.));
#4532 = ADVANCED_FACE('',(#4533),#4544,.T.);
#4533 = FACE_BOUND('',#4534,.T.);
#4534 = EDGE_LOOP('',(#4535,#4541,#4542,#4543));
#4535 = ORIENTED_EDGE('',*,*,#4536,.F.);
#4536 = EDGE_CURVE('',#4477,#4179,#4537,.T.);
#4537 = LINE('',#4538,#4539);
#4538 = CARTESIAN_POINT('',(5.3175,-0.3175,2.25));
#4539 = VECTOR('',#4540,1.);
#4540 = DIRECTION('',(-0.254456678904,0.254456678904,0.933007822648));
#4541 = ORIENTED_EDGE('',*,*,#4501,.F.);
#4542 = ORIENTED_EDGE('',*,*,#4208,.F.);
#4543 = ORIENTED_EDGE('',*,*,#4186,.T.);
#4544 = PLANE('',#4545);
#4545 = AXIS2_PLACEMENT_3D('',#4546,#4547,#4548);
#4546 = CARTESIAN_POINT('',(5.2425,0.,2.525));
#4547 = DIRECTION('',(0.964763821238,0.,0.263117405792));
#4548 = DIRECTION('',(0.,-1.,0.));
#4549 = ADVANCED_FACE('',(#4550),#4556,.T.);
#4550 = FACE_BOUND('',#4551,.T.);
#4551 = EDGE_LOOP('',(#4552,#4553,#4554,#4555));
#4552 = ORIENTED_EDGE('',*,*,#4536,.T.);
#4553 = ORIENTED_EDGE('',*,*,#4178,.T.);
#4554 = ORIENTED_EDGE('',*,*,#4155,.T.);
#4555 = ORIENTED_EDGE('',*,*,#4484,.F.);
#4556 = PLANE('',#4557);
#4557 = AXIS2_PLACEMENT_3D('',#4558,#4559,#4560);
#4558 = CARTESIAN_POINT('',(5.,-0.2425,2.525));
#4559 = DIRECTION('',(0.,-0.964763821238,0.263117405792));
#4560 = DIRECTION('',(-1.,0.,0.));
#4561 = ADVANCED_FACE('',(#4562),#4573,.T.);
#4562 = FACE_BOUND('',#4563,.T.);
#4563 = EDGE_LOOP('',(#4564,#4565,#4566,#4572));
#4564 = ORIENTED_EDGE('',*,*,#4522,.F.);
#4565 = ORIENTED_EDGE('',*,*,#4386,.F.);
#4566 = ORIENTED_EDGE('',*,*,#4567,.T.);
#4567 = EDGE_CURVE('',#4379,#4324,#4568,.T.);
#4568 = LINE('',#4569,#4570);
#4569 = CARTESIAN_POINT('',(5.1675,-5.24,-5.9825));
#4570 = VECTOR('',#4571,1.);
#4571 = DIRECTION('',(0.,0.,-1.));
#4572 = ORIENTED_EDGE('',*,*,#4323,.T.);
#4573 = PLANE('',#4574);
#4574 = AXIS2_PLACEMENT_3D('',#4575,#4576,#4577);
#4575 = CARTESIAN_POINT('',(5.2425,-4.965,-6.15));
#4576 = DIRECTION('',(0.964763821238,-0.263117405792,0.));
#4577 = DIRECTION('',(0.,0.,-1.));
#4578 = ADVANCED_FACE('',(#4579),#4585,.T.);
#4579 = FACE_BOUND('',#4580,.T.);
#4580 = EDGE_LOOP('',(#4581,#4582,#4583,#4584));
#4581 = ORIENTED_EDGE('',*,*,#4567,.F.);
#4582 = ORIENTED_EDGE('',*,*,#4378,.T.);
#4583 = ORIENTED_EDGE('',*,*,#4353,.F.);
#4584 = ORIENTED_EDGE('',*,*,#4331,.F.);
#4585 = PLANE('',#4586);
#4586 = AXIS2_PLACEMENT_3D('',#4587,#4588,#4589);
#4587 = CARTESIAN_POINT('',(4.6825,-5.24,-5.8325));
#4588 = DIRECTION('',(0.,-1.,0.));
#4589 = DIRECTION('',(0.,0.,-1.));
#4590 = ADVANCED_FACE('',(#4591),#4618,.F.);
#4591 = FACE_BOUND('',#4592,.T.);
#4592 = EDGE_LOOP('',(#4593,#4594,#4595,#4596,#4604,#4612));
#4593 = ORIENTED_EDGE('',*,*,#1940,.F.);
#4594 = ORIENTED_EDGE('',*,*,#1106,.F.);
#4595 = ORIENTED_EDGE('',*,*,#2376,.F.);
#4596 = ORIENTED_EDGE('',*,*,#4597,.F.);
#4597 = EDGE_CURVE('',#4598,#2369,#4600,.T.);
#4598 = VERTEX_POINT('',#4599);
#4599 = CARTESIAN_POINT('',(-2.6,4.35,5.69));
#4600 = LINE('',#4601,#4602);
#4601 = CARTESIAN_POINT('',(-2.6,4.35,5.69));
#4602 = VECTOR('',#4603,1.);
#4603 = DIRECTION('',(0.,-1.,0.));
#4604 = ORIENTED_EDGE('',*,*,#4605,.T.);
#4605 = EDGE_CURVE('',#4598,#4606,#4608,.T.);
#4606 = VERTEX_POINT('',#4607);
#4607 = CARTESIAN_POINT('',(-2.6,4.35,-0.52));
#4608 = LINE('',#4609,#4610);
#4609 = CARTESIAN_POINT('',(-2.6,4.35,5.69));
#4610 = VECTOR('',#4611,1.);
#4611 = DIRECTION('',(0.,0.,-1.));
#4612 = ORIENTED_EDGE('',*,*,#4613,.T.);
#4613 = EDGE_CURVE('',#4606,#1941,#4614,.T.);
#4614 = LINE('',#4615,#4616);
#4615 = CARTESIAN_POINT('',(-2.6,4.35,-0.52));
#4616 = VECTOR('',#4617,1.);
#4617 = DIRECTION('',(0.,-1.,0.));
#4618 = PLANE('',#4619);
#4619 = AXIS2_PLACEMENT_3D('',#4620,#4621,#4622);
#4620 = CARTESIAN_POINT('',(-2.6,0.,0.));
#4621 = DIRECTION('',(1.,0.,0.));
#4622 = DIRECTION('',(-0.,1.,0.));
#4623 = ADVANCED_FACE('',(#4624),#4636,.T.);
#4624 = FACE_BOUND('',#4625,.T.);
#4625 = EDGE_LOOP('',(#4626,#4627,#4628,#4635));
#4626 = ORIENTED_EDGE('',*,*,#1948,.F.);
#4627 = ORIENTED_EDGE('',*,*,#4613,.F.);
#4628 = ORIENTED_EDGE('',*,*,#4629,.T.);
#4629 = EDGE_CURVE('',#4606,#1997,#4630,.T.);
#4630 = CIRCLE('',#4631,0.25);
#4631 = AXIS2_PLACEMENT_3D('',#4632,#4633,#4634);
#4632 = CARTESIAN_POINT('',(-2.35,4.35,-0.52));
#4633 = DIRECTION('',(0.,-1.,0.));
#4634 = DIRECTION('',(-1.,0.,0.));
#4635 = ORIENTED_EDGE('',*,*,#1996,.T.);
#4636 = CYLINDRICAL_SURFACE('',#4637,0.25);
#4637 = AXIS2_PLACEMENT_3D('',#4638,#4639,#4640);
#4638 = CARTESIAN_POINT('',(-2.35,4.39537208165,-0.52));
#4639 = DIRECTION('',(0.,1.,-0.));
#4640 = DIRECTION('',(-1.,0.,0.));
#4641 = ADVANCED_FACE('',(#4642),#4653,.T.);
#4642 = FACE_BOUND('',#4643,.T.);
#4643 = EDGE_LOOP('',(#4644,#4645,#4652));
#4644 = ORIENTED_EDGE('',*,*,#4629,.F.);
#4645 = ORIENTED_EDGE('',*,*,#4646,.T.);
#4646 = EDGE_CURVE('',#4606,#2108,#4647,.T.);
#4647 = CIRCLE('',#4648,0.25);
#4648 = AXIS2_PLACEMENT_3D('',#4649,#4650,#4651);
#4649 = CARTESIAN_POINT('',(-2.35,4.35,-0.52));
#4650 = DIRECTION('',(0.,0.,-1.));
#4651 = DIRECTION('',(-1.,0.,0.));
#4652 = ORIENTED_EDGE('',*,*,#2107,.T.);
#4653 = SPHERICAL_SURFACE('',#4654,0.25);
#4654 = AXIS2_PLACEMENT_3D('',#4655,#4656,#4657);
#4655 = CARTESIAN_POINT('',(-2.35,4.35,-0.52));
#4656 = DIRECTION('',(0.,0.707106786488,0.707106775885));
#4657 = DIRECTION('',(0.,0.707106775885,-0.707106786488));
#4658 = ADVANCED_FACE('',(#4659),#4678,.T.);
#4659 = FACE_BOUND('',#4660,.T.);
#4660 = EDGE_LOOP('',(#4661,#4669,#4670,#4671));
#4661 = ORIENTED_EDGE('',*,*,#4662,.T.);
#4662 = EDGE_CURVE('',#4663,#2108,#4665,.T.);
#4663 = VERTEX_POINT('',#4664);
#4664 = CARTESIAN_POINT('',(-2.35,4.6,5.69));
#4665 = LINE('',#4666,#4667);
#4666 = CARTESIAN_POINT('',(-2.35,4.6,5.69));
#4667 = VECTOR('',#4668,1.);
#4668 = DIRECTION('',(0.,0.,-1.));
#4669 = ORIENTED_EDGE('',*,*,#4646,.F.);
#4670 = ORIENTED_EDGE('',*,*,#4605,.F.);
#4671 = ORIENTED_EDGE('',*,*,#4672,.F.);
#4672 = EDGE_CURVE('',#4663,#4598,#4673,.T.);
#4673 = CIRCLE('',#4674,0.25);
#4674 = AXIS2_PLACEMENT_3D('',#4675,#4676,#4677);
#4675 = CARTESIAN_POINT('',(-2.35,4.35,5.69));
#4676 = DIRECTION('',(0.,-0.,1.));
#4677 = DIRECTION('',(0.,1.,0.));
#4678 = CYLINDRICAL_SURFACE('',#4679,0.25);
#4679 = AXIS2_PLACEMENT_3D('',#4680,#4681,#4682);
#4680 = CARTESIAN_POINT('',(-2.35,4.35,21.86850236479));
#4681 = DIRECTION('',(0.,0.,1.));
#4682 = DIRECTION('',(-1.,0.,0.));
#4683 = ADVANCED_FACE('',(#4684),#4712,.T.);
#4684 = FACE_BOUND('',#4685,.T.);
#4685 = EDGE_LOOP('',(#4686,#4694,#4695,#4696,#4697,#4705));
#4686 = ORIENTED_EDGE('',*,*,#4687,.F.);
#4687 = EDGE_CURVE('',#4663,#4688,#4690,.T.);
#4688 = VERTEX_POINT('',#4689);
#4689 = CARTESIAN_POINT('',(2.35,4.6,5.69));
#4690 = LINE('',#4691,#4692);
#4691 = CARTESIAN_POINT('',(-2.35,4.6,5.69));
#4692 = VECTOR('',#4693,1.);
#4693 = DIRECTION('',(1.,0.,0.));
#4694 = ORIENTED_EDGE('',*,*,#4672,.T.);
#4695 = ORIENTED_EDGE('',*,*,#4597,.T.);
#4696 = ORIENTED_EDGE('',*,*,#2368,.T.);
#4697 = ORIENTED_EDGE('',*,*,#4698,.F.);
#4698 = EDGE_CURVE('',#4699,#2361,#4701,.T.);
#4699 = VERTEX_POINT('',#4700);
#4700 = CARTESIAN_POINT('',(2.6,4.35,5.69));
#4701 = LINE('',#4702,#4703);
#4702 = CARTESIAN_POINT('',(2.6,4.35,5.69));
#4703 = VECTOR('',#4704,1.);
#4704 = DIRECTION('',(0.,-1.,0.));
#4705 = ORIENTED_EDGE('',*,*,#4706,.T.);
#4706 = EDGE_CURVE('',#4699,#4688,#4707,.T.);
#4707 = CIRCLE('',#4708,0.25);
#4708 = AXIS2_PLACEMENT_3D('',#4709,#4710,#4711);
#4709 = CARTESIAN_POINT('',(2.35,4.35,5.69));
#4710 = DIRECTION('',(0.,0.,1.));
#4711 = DIRECTION('',(1.,0.,-0.));
#4712 = PLANE('',#4713);
#4713 = AXIS2_PLACEMENT_3D('',#4714,#4715,#4716);
#4714 = CARTESIAN_POINT('',(-2.6,4.6,5.69));
#4715 = DIRECTION('',(0.,0.,1.));
#4716 = DIRECTION('',(1.,0.,-0.));
#4717 = ADVANCED_FACE('',(#4718),#4742,.T.);
#4718 = FACE_BOUND('',#4719,.T.);
#4719 = EDGE_LOOP('',(#4720,#4728,#4735,#4741));
#4720 = ORIENTED_EDGE('',*,*,#4721,.F.);
#4721 = EDGE_CURVE('',#4722,#4699,#4724,.T.);
#4722 = VERTEX_POINT('',#4723);
#4723 = CARTESIAN_POINT('',(2.6,4.35,-0.52));
#4724 = LINE('',#4725,#4726);
#4725 = CARTESIAN_POINT('',(2.6,4.35,-0.52));
#4726 = VECTOR('',#4727,1.);
#4727 = DIRECTION('',(0.,0.,1.));
#4728 = ORIENTED_EDGE('',*,*,#4729,.T.);
#4729 = EDGE_CURVE('',#4722,#2140,#4730,.T.);
#4730 = CIRCLE('',#4731,0.25);
#4731 = AXIS2_PLACEMENT_3D('',#4732,#4733,#4734);
#4732 = CARTESIAN_POINT('',(2.35,4.35,-0.52));
#4733 = DIRECTION('',(0.,0.,1.));
#4734 = DIRECTION('',(1.,0.,-0.));
#4735 = ORIENTED_EDGE('',*,*,#4736,.T.);
#4736 = EDGE_CURVE('',#2140,#4688,#4737,.T.);
#4737 = LINE('',#4738,#4739);
#4738 = CARTESIAN_POINT('',(2.35,4.6,-0.520000000288));
#4739 = VECTOR('',#4740,1.);
#4740 = DIRECTION('',(0.,0.,1.));
#4741 = ORIENTED_EDGE('',*,*,#4706,.F.);
#4742 = CYLINDRICAL_SURFACE('',#4743,0.25);
#4743 = AXIS2_PLACEMENT_3D('',#4744,#4745,#4746);
#4744 = CARTESIAN_POINT('',(2.35,4.35,-0.551939672266));
#4745 = DIRECTION('',(0.,0.,-1.));
#4746 = DIRECTION('',(1.,0.,0.));
#4747 = ADVANCED_FACE('',(#4748),#4781,.T.);
#4748 = FACE_BOUND('',#4749,.T.);
#4749 = EDGE_LOOP('',(#4750,#4751,#4752,#4753,#4754,#4755,#4756,#4765,
    #4773,#4780));
#4750 = ORIENTED_EDGE('',*,*,#2116,.F.);
#4751 = ORIENTED_EDGE('',*,*,#4662,.F.);
#4752 = ORIENTED_EDGE('',*,*,#4687,.T.);
#4753 = ORIENTED_EDGE('',*,*,#4736,.F.);
#4754 = ORIENTED_EDGE('',*,*,#2139,.F.);
#4755 = ORIENTED_EDGE('',*,*,#2082,.T.);
#4756 = ORIENTED_EDGE('',*,*,#4757,.F.);
#4757 = EDGE_CURVE('',#4758,#2075,#4760,.T.);
#4758 = VERTEX_POINT('',#4759);
#4759 = CARTESIAN_POINT('',(0.85,4.6,4.39));
#4760 = CIRCLE('',#4761,0.3);
#4761 = AXIS2_PLACEMENT_3D('',#4762,#4763,#4764);
#4762 = CARTESIAN_POINT('',(0.85,4.6,4.09));
#4763 = DIRECTION('',(0.,1.,0.));
#4764 = DIRECTION('',(0.,-0.,1.));
#4765 = ORIENTED_EDGE('',*,*,#4766,.F.);
#4766 = EDGE_CURVE('',#4767,#4758,#4769,.T.);
#4767 = VERTEX_POINT('',#4768);
#4768 = CARTESIAN_POINT('',(-0.85,4.6,4.39));
#4769 = LINE('',#4770,#4771);
#4770 = CARTESIAN_POINT('',(-0.85,4.6,4.39));
#4771 = VECTOR('',#4772,1.);
#4772 = DIRECTION('',(1.,0.,0.));
#4773 = ORIENTED_EDGE('',*,*,#4774,.F.);
#4774 = EDGE_CURVE('',#2166,#4767,#4775,.T.);
#4775 = CIRCLE('',#4776,0.3);
#4776 = AXIS2_PLACEMENT_3D('',#4777,#4778,#4779);
#4777 = CARTESIAN_POINT('',(-0.85,4.6,4.09));
#4778 = DIRECTION('',(0.,1.,0.));
#4779 = DIRECTION('',(-1.,0.,0.));
#4780 = ORIENTED_EDGE('',*,*,#2165,.F.);
#4781 = PLANE('',#4782);
#4782 = AXIS2_PLACEMENT_3D('',#4783,#4784,#4785);
#4783 = CARTESIAN_POINT('',(-2.6,4.6,-0.52));
#4784 = DIRECTION('',(-0.,1.,0.));
#4785 = DIRECTION('',(1.,0.,0.));
#4786 = ADVANCED_FACE('',(#4787),#4798,.F.);
#4787 = FACE_BOUND('',#4788,.F.);
#4788 = EDGE_LOOP('',(#4789,#4790,#4791,#4792));
#4789 = ORIENTED_EDGE('',*,*,#4774,.F.);
#4790 = ORIENTED_EDGE('',*,*,#2173,.T.);
#4791 = ORIENTED_EDGE('',*,*,#2197,.T.);
#4792 = ORIENTED_EDGE('',*,*,#4793,.F.);
#4793 = EDGE_CURVE('',#4767,#2198,#4794,.T.);
#4794 = LINE('',#4795,#4796);
#4795 = CARTESIAN_POINT('',(-0.85,4.6,4.39));
#4796 = VECTOR('',#4797,1.);
#4797 = DIRECTION('',(0.,-1.,0.));
#4798 = CYLINDRICAL_SURFACE('',#4799,0.3);
#4799 = AXIS2_PLACEMENT_3D('',#4800,#4801,#4802);
#4800 = CARTESIAN_POINT('',(-0.85,4.6,4.09));
#4801 = DIRECTION('',(0.,-1.,0.));
#4802 = DIRECTION('',(1.,0.,0.));
#4803 = ADVANCED_FACE('',(#4804),#4815,.F.);
#4804 = FACE_BOUND('',#4805,.T.);
#4805 = EDGE_LOOP('',(#4806,#4812,#4813,#4814));
#4806 = ORIENTED_EDGE('',*,*,#4807,.T.);
#4807 = EDGE_CURVE('',#4758,#2207,#4808,.T.);
#4808 = LINE('',#4809,#4810);
#4809 = CARTESIAN_POINT('',(0.85,4.6,4.39));
#4810 = VECTOR('',#4811,1.);
#4811 = DIRECTION('',(0.,-1.,0.));
#4812 = ORIENTED_EDGE('',*,*,#2206,.F.);
#4813 = ORIENTED_EDGE('',*,*,#4793,.F.);
#4814 = ORIENTED_EDGE('',*,*,#4766,.T.);
#4815 = PLANE('',#4816);
#4816 = AXIS2_PLACEMENT_3D('',#4817,#4818,#4819);
#4817 = CARTESIAN_POINT('',(-0.85,4.6,4.39));
#4818 = DIRECTION('',(0.,0.,1.));
#4819 = DIRECTION('',(1.,0.,-0.));
#4820 = ADVANCED_FACE('',(#4821),#4827,.F.);
#4821 = FACE_BOUND('',#4822,.F.);
#4822 = EDGE_LOOP('',(#4823,#4824,#4825,#4826));
#4823 = ORIENTED_EDGE('',*,*,#4757,.F.);
#4824 = ORIENTED_EDGE('',*,*,#4807,.T.);
#4825 = ORIENTED_EDGE('',*,*,#2214,.T.);
#4826 = ORIENTED_EDGE('',*,*,#2074,.F.);
#4827 = CYLINDRICAL_SURFACE('',#4828,0.3);
#4828 = AXIS2_PLACEMENT_3D('',#4829,#4830,#4831);
#4829 = CARTESIAN_POINT('',(0.85,4.6,4.09));
#4830 = DIRECTION('',(0.,-1.,0.));
#4831 = DIRECTION('',(1.,0.,0.));
#4832 = ADVANCED_FACE('',(#4833),#4844,.T.);
#4833 = FACE_BOUND('',#4834,.T.);
#4834 = EDGE_LOOP('',(#4835,#4836,#4843));
#4835 = ORIENTED_EDGE('',*,*,#4729,.F.);
#4836 = ORIENTED_EDGE('',*,*,#4837,.T.);
#4837 = EDGE_CURVE('',#4722,#1982,#4838,.T.);
#4838 = CIRCLE('',#4839,0.25);
#4839 = AXIS2_PLACEMENT_3D('',#4840,#4841,#4842);
#4840 = CARTESIAN_POINT('',(2.35,4.35,-0.52));
#4841 = DIRECTION('',(-0.,1.,0.));
#4842 = DIRECTION('',(1.,0.,0.));
#4843 = ORIENTED_EDGE('',*,*,#2147,.T.);
#4844 = SPHERICAL_SURFACE('',#4845,0.25);
#4845 = AXIS2_PLACEMENT_3D('',#4846,#4847,#4848);
#4846 = CARTESIAN_POINT('',(2.35,4.35,-0.52));
#4847 = DIRECTION('',(0.,-0.707106786488,-0.707106775885));
#4848 = DIRECTION('',(0.,0.707106775885,-0.707106786488));
#4849 = ADVANCED_FACE('',(#4850),#4861,.T.);
#4850 = FACE_BOUND('',#4851,.T.);
#4851 = EDGE_LOOP('',(#4852,#4853,#4854,#4855));
#4852 = ORIENTED_EDGE('',*,*,#1918,.F.);
#4853 = ORIENTED_EDGE('',*,*,#1989,.T.);
#4854 = ORIENTED_EDGE('',*,*,#4837,.F.);
#4855 = ORIENTED_EDGE('',*,*,#4856,.F.);
#4856 = EDGE_CURVE('',#1921,#4722,#4857,.T.);
#4857 = LINE('',#4858,#4859);
#4858 = CARTESIAN_POINT('',(2.6,1.74,-0.52));
#4859 = VECTOR('',#4860,1.);
#4860 = DIRECTION('',(0.,1.,0.));
#4861 = CYLINDRICAL_SURFACE('',#4862,0.25);
#4862 = AXIS2_PLACEMENT_3D('',#4863,#4864,#4865);
#4863 = CARTESIAN_POINT('',(2.35,-18.067424,-0.52));
#4864 = DIRECTION('',(0.,-1.,0.));
#4865 = DIRECTION('',(1.,0.,0.));
#4866 = ADVANCED_FACE('',(#4867),#4875,.T.);
#4867 = FACE_BOUND('',#4868,.T.);
#4868 = EDGE_LOOP('',(#4869,#4870,#4871,#4872,#4873,#4874));
#4869 = ORIENTED_EDGE('',*,*,#4698,.T.);
#4870 = ORIENTED_EDGE('',*,*,#2360,.T.);
#4871 = ORIENTED_EDGE('',*,*,#1131,.T.);
#4872 = ORIENTED_EDGE('',*,*,#1929,.T.);
#4873 = ORIENTED_EDGE('',*,*,#4856,.T.);
#4874 = ORIENTED_EDGE('',*,*,#4721,.T.);
#4875 = PLANE('',#4876);
#4876 = AXIS2_PLACEMENT_3D('',#4877,#4878,#4879);
#4877 = CARTESIAN_POINT('',(2.6,0.,0.));
#4878 = DIRECTION('',(1.,0.,0.));
#4879 = DIRECTION('',(-0.,1.,0.));
#4880 = ADVANCED_FACE('',(#4881),#4899,.T.);
#4881 = FACE_BOUND('',#4882,.T.);
#4882 = EDGE_LOOP('',(#4883,#4891,#4897,#4898));
#4883 = ORIENTED_EDGE('',*,*,#4884,.F.);
#4884 = EDGE_CURVE('',#4885,#1828,#4887,.T.);
#4885 = VERTEX_POINT('',#4886);
#4886 = CARTESIAN_POINT('',(0.3175,0.3175,-5.5325));
#4887 = LINE('',#4888,#4889);
#4888 = CARTESIAN_POINT('',(0.3175,0.3175,-5.5325));
#4889 = VECTOR('',#4890,1.);
#4890 = DIRECTION('',(0.,0.,1.));
#4891 = ORIENTED_EDGE('',*,*,#4892,.F.);
#4892 = EDGE_CURVE('',#1519,#4885,#4893,.T.);
#4893 = LINE('',#4894,#4895);
#4894 = CARTESIAN_POINT('',(-0.3175,0.3175,-5.5325));
#4895 = VECTOR('',#4896,1.);
#4896 = DIRECTION('',(1.,0.,0.));
#4897 = ORIENTED_EDGE('',*,*,#1518,.T.);
#4898 = ORIENTED_EDGE('',*,*,#1835,.T.);
#4899 = PLANE('',#4900);
#4900 = AXIS2_PLACEMENT_3D('',#4901,#4902,#4903);
#4901 = CARTESIAN_POINT('',(-0.3175,0.3175,-5.5325));
#4902 = DIRECTION('',(-0.,1.,0.));
#4903 = DIRECTION('',(1.,0.,0.));
#4904 = ADVANCED_FACE('',(#4905),#4923,.T.);
#4905 = FACE_BOUND('',#4906,.T.);
#4906 = EDGE_LOOP('',(#4907,#4915,#4916,#4917));
#4907 = ORIENTED_EDGE('',*,*,#4908,.F.);
#4908 = EDGE_CURVE('',#1446,#4909,#4911,.T.);
#4909 = VERTEX_POINT('',#4910);
#4910 = CARTESIAN_POINT('',(0.3175,0.3175,2.25));
#4911 = LINE('',#4912,#4913);
#4912 = CARTESIAN_POINT('',(0.3175,0.3175,-1.77));
#4913 = VECTOR('',#4914,1.);
#4914 = DIRECTION('',(0.,0.,1.));
#4915 = ORIENTED_EDGE('',*,*,#1443,.F.);
#4916 = ORIENTED_EDGE('',*,*,#1557,.T.);
#4917 = ORIENTED_EDGE('',*,*,#4918,.F.);
#4918 = EDGE_CURVE('',#4909,#1558,#4919,.T.);
#4919 = LINE('',#4920,#4921);
#4920 = CARTESIAN_POINT('',(0.3175,0.3175,2.25));
#4921 = VECTOR('',#4922,1.);
#4922 = DIRECTION('',(-1.,0.,0.));
#4923 = PLANE('',#4924);
#4924 = AXIS2_PLACEMENT_3D('',#4925,#4926,#4927);
#4925 = CARTESIAN_POINT('',(-0.3175,0.3175,-5.5325));
#4926 = DIRECTION('',(-0.,1.,0.));
#4927 = DIRECTION('',(1.,0.,0.));
#4928 = ADVANCED_FACE('',(#4929),#4948,.T.);
#4929 = FACE_BOUND('',#4930,.T.);
#4930 = EDGE_LOOP('',(#4931,#4932,#4941,#4947));
#4931 = ORIENTED_EDGE('',*,*,#4892,.T.);
#4932 = ORIENTED_EDGE('',*,*,#4933,.F.);
#4933 = EDGE_CURVE('',#4934,#4885,#4936,.T.);
#4934 = VERTEX_POINT('',#4935);
#4935 = CARTESIAN_POINT('',(0.3175,-0.6175,-6.4675));
#4936 = CIRCLE('',#4937,0.935);
#4937 = AXIS2_PLACEMENT_3D('',#4938,#4939,#4940);
#4938 = CARTESIAN_POINT('',(0.3175,-0.6175,-5.5325));
#4939 = DIRECTION('',(1.,0.,0.));
#4940 = DIRECTION('',(0.,0.,-1.));
#4941 = ORIENTED_EDGE('',*,*,#4942,.F.);
#4942 = EDGE_CURVE('',#1527,#4934,#4943,.T.);
#4943 = LINE('',#4944,#4945);
#4944 = CARTESIAN_POINT('',(-0.3175,-0.6175,-6.4675));
#4945 = VECTOR('',#4946,1.);
#4946 = DIRECTION('',(1.,0.,0.));
#4947 = ORIENTED_EDGE('',*,*,#1526,.T.);
#4948 = CYLINDRICAL_SURFACE('',#4949,0.935);
#4949 = AXIS2_PLACEMENT_3D('',#4950,#4951,#4952);
#4950 = CARTESIAN_POINT('',(-0.3175,-0.6175,-5.5325));
#4951 = DIRECTION('',(-1.,0.,-0.));
#4952 = DIRECTION('',(0.,0.,-1.));
#4953 = ADVANCED_FACE('',(#4954),#4972,.T.);
#4954 = FACE_BOUND('',#4955,.T.);
#4955 = EDGE_LOOP('',(#4956,#4957,#4958,#4966));
#4956 = ORIENTED_EDGE('',*,*,#1535,.T.);
#4957 = ORIENTED_EDGE('',*,*,#4942,.T.);
#4958 = ORIENTED_EDGE('',*,*,#4959,.F.);
#4959 = EDGE_CURVE('',#4960,#4934,#4962,.T.);
#4960 = VERTEX_POINT('',#4961);
#4961 = CARTESIAN_POINT('',(0.3175,-4.69,-6.4675));
#4962 = LINE('',#4963,#4964);
#4963 = CARTESIAN_POINT('',(0.3175,-4.69,-6.4675));
#4964 = VECTOR('',#4965,1.);
#4965 = DIRECTION('',(0.,1.,0.));
#4966 = ORIENTED_EDGE('',*,*,#4967,.T.);
#4967 = EDGE_CURVE('',#4960,#1536,#4968,.T.);
#4968 = LINE('',#4969,#4970);
#4969 = CARTESIAN_POINT('',(0.3175,-4.69,-6.4675));
#4970 = VECTOR('',#4971,1.);
#4971 = DIRECTION('',(-1.,0.,0.));
#4972 = PLANE('',#4973);
#4973 = AXIS2_PLACEMENT_3D('',#4974,#4975,#4976);
#4974 = CARTESIAN_POINT('',(-0.3175,-5.24,-6.4675));
#4975 = DIRECTION('',(0.,0.,-1.));
#4976 = DIRECTION('',(0.,-1.,0.));
#4977 = ADVANCED_FACE('',(#4978),#4996,.T.);
#4978 = FACE_BOUND('',#4979,.T.);
#4979 = EDGE_LOOP('',(#4980,#4981,#4989,#4995));
#4980 = ORIENTED_EDGE('',*,*,#4967,.F.);
#4981 = ORIENTED_EDGE('',*,*,#4982,.T.);
#4982 = EDGE_CURVE('',#4960,#4983,#4985,.T.);
#4983 = VERTEX_POINT('',#4984);
#4984 = CARTESIAN_POINT('',(0.1675,-5.24,-6.3175));
#4985 = LINE('',#4986,#4987);
#4986 = CARTESIAN_POINT('',(0.3175,-4.69,-6.4675));
#4987 = VECTOR('',#4988,1.);
#4988 = DIRECTION('',(-0.254456678904,-0.933007822648,0.254456678904));
#4989 = ORIENTED_EDGE('',*,*,#4990,.T.);
#4990 = EDGE_CURVE('',#4983,#1590,#4991,.T.);
#4991 = LINE('',#4992,#4993);
#4992 = CARTESIAN_POINT('',(0.1675,-5.24,-6.3175));
#4993 = VECTOR('',#4994,1.);
#4994 = DIRECTION('',(-1.,0.,0.));
#4995 = ORIENTED_EDGE('',*,*,#1589,.T.);
#4996 = PLANE('',#4997);
#4997 = AXIS2_PLACEMENT_3D('',#4998,#4999,#5000);
#4998 = CARTESIAN_POINT('',(0.,-4.965,-6.3925));
#4999 = DIRECTION('',(0.,-0.263117405792,-0.964763821238));
#5000 = DIRECTION('',(0.,-0.964763821238,0.263117405792));
#5001 = ADVANCED_FACE('',(#5002),#5013,.T.);
#5002 = FACE_BOUND('',#5003,.T.);
#5003 = EDGE_LOOP('',(#5004,#5010,#5011,#5012));
#5004 = ORIENTED_EDGE('',*,*,#5005,.F.);
#5005 = EDGE_CURVE('',#1620,#4983,#5006,.T.);
#5006 = LINE('',#5007,#5008);
#5007 = CARTESIAN_POINT('',(0.1675,-5.24,-5.9825));
#5008 = VECTOR('',#5009,1.);
#5009 = DIRECTION('',(0.,0.,-1.));
#5010 = ORIENTED_EDGE('',*,*,#1619,.T.);
#5011 = ORIENTED_EDGE('',*,*,#1597,.F.);
#5012 = ORIENTED_EDGE('',*,*,#4990,.F.);
#5013 = PLANE('',#5014);
#5014 = AXIS2_PLACEMENT_3D('',#5015,#5016,#5017);
#5015 = CARTESIAN_POINT('',(-0.3175,-5.24,-5.8325));
#5016 = DIRECTION('',(0.,-1.,0.));
#5017 = DIRECTION('',(0.,0.,-1.));
#5018 = ADVANCED_FACE('',(#5019),#5030,.T.);
#5019 = FACE_BOUND('',#5020,.T.);
#5020 = EDGE_LOOP('',(#5021,#5022,#5023,#5029));
#5021 = ORIENTED_EDGE('',*,*,#5005,.T.);
#5022 = ORIENTED_EDGE('',*,*,#4982,.F.);
#5023 = ORIENTED_EDGE('',*,*,#5024,.F.);
#5024 = EDGE_CURVE('',#1628,#4960,#5025,.T.);
#5025 = LINE('',#5026,#5027);
#5026 = CARTESIAN_POINT('',(0.3175,-4.69,-5.8325));
#5027 = VECTOR('',#5028,1.);
#5028 = DIRECTION('',(0.,0.,-1.));
#5029 = ORIENTED_EDGE('',*,*,#1627,.F.);
#5030 = PLANE('',#5031);
#5031 = AXIS2_PLACEMENT_3D('',#5032,#5033,#5034);
#5032 = CARTESIAN_POINT('',(0.2425,-4.965,-6.15));
#5033 = DIRECTION('',(0.964763821238,-0.263117405792,0.));
#5034 = DIRECTION('',(0.,0.,-1.));
#5035 = ADVANCED_FACE('',(#5036),#5046,.T.);
#5036 = FACE_BOUND('',#5037,.T.);
#5037 = EDGE_LOOP('',(#5038,#5039,#5040,#5041,#5042,#5043,#5044,#5045));
#5038 = ORIENTED_EDGE('',*,*,#4959,.T.);
#5039 = ORIENTED_EDGE('',*,*,#4933,.T.);
#5040 = ORIENTED_EDGE('',*,*,#4884,.T.);
#5041 = ORIENTED_EDGE('',*,*,#1827,.F.);
#5042 = ORIENTED_EDGE('',*,*,#1701,.T.);
#5043 = ORIENTED_EDGE('',*,*,#1683,.T.);
#5044 = ORIENTED_EDGE('',*,*,#1650,.T.);
#5045 = ORIENTED_EDGE('',*,*,#5024,.T.);
#5046 = PLANE('',#5047);
#5047 = AXIS2_PLACEMENT_3D('',#5048,#5049,#5050);
#5048 = CARTESIAN_POINT('',(0.3175,-1.74,0.));
#5049 = DIRECTION('',(1.,0.,0.));
#5050 = DIRECTION('',(-0.,1.,0.));
#5051 = ADVANCED_FACE('',(#5052),#5063,.T.);
#5052 = FACE_BOUND('',#5053,.T.);
#5053 = EDGE_LOOP('',(#5054,#5055,#5056,#5057));
#5054 = ORIENTED_EDGE('',*,*,#1725,.T.);
#5055 = ORIENTED_EDGE('',*,*,#1453,.T.);
#5056 = ORIENTED_EDGE('',*,*,#4908,.T.);
#5057 = ORIENTED_EDGE('',*,*,#5058,.T.);
#5058 = EDGE_CURVE('',#4909,#1726,#5059,.T.);
#5059 = LINE('',#5060,#5061);
#5060 = CARTESIAN_POINT('',(0.3175,0.3175,2.25));
#5061 = VECTOR('',#5062,1.);
#5062 = DIRECTION('',(0.,-1.,0.));
#5063 = PLANE('',#5064);
#5064 = AXIS2_PLACEMENT_3D('',#5065,#5066,#5067);
#5065 = CARTESIAN_POINT('',(0.3175,-1.74,0.));
#5066 = DIRECTION('',(1.,0.,0.));
#5067 = DIRECTION('',(-0.,1.,0.));
#5068 = ADVANCED_FACE('',(#5069),#5094,.T.);
#5069 = FACE_BOUND('',#5070,.T.);
#5070 = EDGE_LOOP('',(#5071,#5072,#5080,#5088));
#5071 = ORIENTED_EDGE('',*,*,#5058,.F.);
#5072 = ORIENTED_EDGE('',*,*,#5073,.F.);
#5073 = EDGE_CURVE('',#5074,#4909,#5076,.T.);
#5074 = VERTEX_POINT('',#5075);
#5075 = CARTESIAN_POINT('',(0.1675,0.1675,2.8));
#5076 = LINE('',#5077,#5078);
#5077 = CARTESIAN_POINT('',(0.1675,0.1675,2.8));
#5078 = VECTOR('',#5079,1.);
#5079 = DIRECTION('',(0.254456678904,0.254456678904,-0.933007822648));
#5080 = ORIENTED_EDGE('',*,*,#5081,.T.);
#5081 = EDGE_CURVE('',#5074,#5082,#5084,.T.);
#5082 = VERTEX_POINT('',#5083);
#5083 = CARTESIAN_POINT('',(0.1675,-0.1675,2.8));
#5084 = LINE('',#5085,#5086);
#5085 = CARTESIAN_POINT('',(0.1675,0.1675,2.8));
#5086 = VECTOR('',#5087,1.);
#5087 = DIRECTION('',(0.,-1.,0.));
#5088 = ORIENTED_EDGE('',*,*,#5089,.F.);
#5089 = EDGE_CURVE('',#1726,#5082,#5090,.T.);
#5090 = LINE('',#5091,#5092);
#5091 = CARTESIAN_POINT('',(0.3175,-0.3175,2.25));
#5092 = VECTOR('',#5093,1.);
#5093 = DIRECTION('',(-0.254456678904,0.254456678904,0.933007822648));
#5094 = PLANE('',#5095);
#5095 = AXIS2_PLACEMENT_3D('',#5096,#5097,#5098);
#5096 = CARTESIAN_POINT('',(0.2425,0.,2.525));
#5097 = DIRECTION('',(0.964763821238,0.,0.263117405792));
#5098 = DIRECTION('',(0.,-1.,0.));
#5099 = ADVANCED_FACE('',(#5100),#5118,.T.);
#5100 = FACE_BOUND('',#5101,.T.);
#5101 = EDGE_LOOP('',(#5102,#5103,#5104,#5112));
#5102 = ORIENTED_EDGE('',*,*,#1733,.F.);
#5103 = ORIENTED_EDGE('',*,*,#5089,.T.);
#5104 = ORIENTED_EDGE('',*,*,#5105,.T.);
#5105 = EDGE_CURVE('',#5082,#5106,#5108,.T.);
#5106 = VERTEX_POINT('',#5107);
#5107 = CARTESIAN_POINT('',(-0.1675,-0.1675,2.8));
#5108 = LINE('',#5109,#5110);
#5109 = CARTESIAN_POINT('',(0.1675,-0.1675,2.8));
#5110 = VECTOR('',#5111,1.);
#5111 = DIRECTION('',(-1.,0.,0.));
#5112 = ORIENTED_EDGE('',*,*,#5113,.T.);
#5113 = EDGE_CURVE('',#5106,#1567,#5114,.T.);
#5114 = LINE('',#5115,#5116);
#5115 = CARTESIAN_POINT('',(-0.1675,-0.1675,2.8));
#5116 = VECTOR('',#5117,1.);
#5117 = DIRECTION('',(-0.254456678904,-0.254456678904,-0.933007822648));
#5118 = PLANE('',#5119);
#5119 = AXIS2_PLACEMENT_3D('',#5120,#5121,#5122);
#5120 = CARTESIAN_POINT('',(0.,-0.2425,2.525));
#5121 = DIRECTION('',(0.,-0.964763821238,0.263117405792));
#5122 = DIRECTION('',(-1.,0.,0.));
#5123 = ADVANCED_FACE('',(#5124),#5142,.T.);
#5124 = FACE_BOUND('',#5125,.T.);
#5125 = EDGE_LOOP('',(#5126,#5134,#5140,#5141));
#5126 = ORIENTED_EDGE('',*,*,#5127,.T.);
#5127 = EDGE_CURVE('',#5106,#5128,#5130,.T.);
#5128 = VERTEX_POINT('',#5129);
#5129 = CARTESIAN_POINT('',(-0.1675,0.1675,2.8));
#5130 = LINE('',#5131,#5132);
#5131 = CARTESIAN_POINT('',(-0.1675,-0.1675,2.8));
#5132 = VECTOR('',#5133,1.);
#5133 = DIRECTION('',(0.,1.,0.));
#5134 = ORIENTED_EDGE('',*,*,#5135,.F.);
#5135 = EDGE_CURVE('',#1558,#5128,#5136,.T.);
#5136 = LINE('',#5137,#5138);
#5137 = CARTESIAN_POINT('',(-0.3175,0.3175,2.25));
#5138 = VECTOR('',#5139,1.);
#5139 = DIRECTION('',(0.254456678904,-0.254456678904,0.933007822648));
#5140 = ORIENTED_EDGE('',*,*,#1574,.F.);
#5141 = ORIENTED_EDGE('',*,*,#5113,.F.);
#5142 = PLANE('',#5143);
#5143 = AXIS2_PLACEMENT_3D('',#5144,#5145,#5146);
#5144 = CARTESIAN_POINT('',(-0.2425,0.,2.525));
#5145 = DIRECTION('',(-0.964763821238,0.,0.263117405792));
#5146 = DIRECTION('',(0.,1.,0.));
#5147 = ADVANCED_FACE('',(#5148),#5159,.T.);
#5148 = FACE_BOUND('',#5149,.T.);
#5149 = EDGE_LOOP('',(#5150,#5156,#5157,#5158));
#5150 = ORIENTED_EDGE('',*,*,#5151,.F.);
#5151 = EDGE_CURVE('',#5074,#5128,#5152,.T.);
#5152 = LINE('',#5153,#5154);
#5153 = CARTESIAN_POINT('',(0.1675,0.1675,2.8));
#5154 = VECTOR('',#5155,1.);
#5155 = DIRECTION('',(-1.,0.,0.));
#5156 = ORIENTED_EDGE('',*,*,#5073,.T.);
#5157 = ORIENTED_EDGE('',*,*,#4918,.T.);
#5158 = ORIENTED_EDGE('',*,*,#5135,.T.);
#5159 = PLANE('',#5160);
#5160 = AXIS2_PLACEMENT_3D('',#5161,#5162,#5163);
#5161 = CARTESIAN_POINT('',(0.,0.2425,2.525));
#5162 = DIRECTION('',(0.,0.964763821238,0.263117405792));
#5163 = DIRECTION('',(1.,0.,-0.));
#5164 = ADVANCED_FACE('',(#5165),#5171,.T.);
#5165 = FACE_BOUND('',#5166,.T.);
#5166 = EDGE_LOOP('',(#5167,#5168,#5169,#5170));
#5167 = ORIENTED_EDGE('',*,*,#5127,.F.);
#5168 = ORIENTED_EDGE('',*,*,#5105,.F.);
#5169 = ORIENTED_EDGE('',*,*,#5081,.F.);
#5170 = ORIENTED_EDGE('',*,*,#5151,.T.);
#5171 = PLANE('',#5172);
#5172 = AXIS2_PLACEMENT_3D('',#5173,#5174,#5175);
#5173 = CARTESIAN_POINT('',(-0.3175,0.3175,2.8));
#5174 = DIRECTION('',(0.,0.,1.));
#5175 = DIRECTION('',(1.,0.,-0.));
#5176 = ADVANCED_FACE('',(#5177),#5236,.F.);
#5177 = FACE_BOUND('',#5178,.T.);
#5178 = EDGE_LOOP('',(#5179,#5189,#5198,#5204,#5205,#5213,#5222,#5230));
#5179 = ORIENTED_EDGE('',*,*,#5180,.F.);
#5180 = EDGE_CURVE('',#5181,#5183,#5185,.T.);
#5181 = VERTEX_POINT('',#5182);
#5182 = CARTESIAN_POINT('',(-5.3175,-0.6175,-5.8325));
#5183 = VERTEX_POINT('',#5184);
#5184 = CARTESIAN_POINT('',(-5.3175,-4.69,-5.8325));
#5185 = LINE('',#5186,#5187);
#5186 = CARTESIAN_POINT('',(-5.3175,-0.6175,-5.8325));
#5187 = VECTOR('',#5188,1.);
#5188 = DIRECTION('',(0.,-1.,0.));
#5189 = ORIENTED_EDGE('',*,*,#5190,.F.);
#5190 = EDGE_CURVE('',#5191,#5181,#5193,.T.);
#5191 = VERTEX_POINT('',#5192);
#5192 = CARTESIAN_POINT('',(-5.3175,-0.3175,-5.5325));
#5193 = CIRCLE('',#5194,0.3);
#5194 = AXIS2_PLACEMENT_3D('',#5195,#5196,#5197);
#5195 = CARTESIAN_POINT('',(-5.3175,-0.6175,-5.5325));
#5196 = DIRECTION('',(-1.,0.,0.));
#5197 = DIRECTION('',(0.,1.,0.));
#5198 = ORIENTED_EDGE('',*,*,#5199,.F.);
#5199 = EDGE_CURVE('',#1879,#5191,#5200,.T.);
#5200 = LINE('',#5201,#5202);
#5201 = CARTESIAN_POINT('',(-5.3175,-0.3175,-4.23));
#5202 = VECTOR('',#5203,1.);
#5203 = DIRECTION('',(0.,0.,-1.));
#5204 = ORIENTED_EDGE('',*,*,#1904,.T.);
#5205 = ORIENTED_EDGE('',*,*,#5206,.F.);
#5206 = EDGE_CURVE('',#5207,#1897,#5209,.T.);
#5207 = VERTEX_POINT('',#5208);
#5208 = CARTESIAN_POINT('',(-5.3175,0.3175,-5.5325));
#5209 = LINE('',#5210,#5211);
#5210 = CARTESIAN_POINT('',(-5.3175,0.3175,-5.5325));
#5211 = VECTOR('',#5212,1.);
#5212 = DIRECTION('',(0.,0.,1.));
#5213 = ORIENTED_EDGE('',*,*,#5214,.F.);
#5214 = EDGE_CURVE('',#5215,#5207,#5217,.T.);
#5215 = VERTEX_POINT('',#5216);
#5216 = CARTESIAN_POINT('',(-5.3175,-0.6175,-6.4675));
#5217 = CIRCLE('',#5218,0.935);
#5218 = AXIS2_PLACEMENT_3D('',#5219,#5220,#5221);
#5219 = CARTESIAN_POINT('',(-5.3175,-0.6175,-5.5325));
#5220 = DIRECTION('',(1.,0.,0.));
#5221 = DIRECTION('',(0.,0.,-1.));
#5222 = ORIENTED_EDGE('',*,*,#5223,.F.);
#5223 = EDGE_CURVE('',#5224,#5215,#5226,.T.);
#5224 = VERTEX_POINT('',#5225);
#5225 = CARTESIAN_POINT('',(-5.3175,-4.69,-6.4675));
#5226 = LINE('',#5227,#5228);
#5227 = CARTESIAN_POINT('',(-5.3175,-4.69,-6.4675));
#5228 = VECTOR('',#5229,1.);
#5229 = DIRECTION('',(0.,1.,0.));
#5230 = ORIENTED_EDGE('',*,*,#5231,.T.);
#5231 = EDGE_CURVE('',#5224,#5183,#5232,.T.);
#5232 = LINE('',#5233,#5234);
#5233 = CARTESIAN_POINT('',(-5.3175,-4.69,-6.4675));
#5234 = VECTOR('',#5235,1.);
#5235 = DIRECTION('',(0.,0.,1.));
#5236 = PLANE('',#5237);
#5237 = AXIS2_PLACEMENT_3D('',#5238,#5239,#5240);
#5238 = CARTESIAN_POINT('',(-5.3175,-1.74,0.));
#5239 = DIRECTION('',(1.,0.,0.));
#5240 = DIRECTION('',(-0.,1.,0.));
#5241 = ADVANCED_FACE('',(#5242),#5276,.F.);
#5242 = FACE_BOUND('',#5243,.T.);
#5243 = EDGE_LOOP('',(#5244,#5254,#5262,#5270));
#5244 = ORIENTED_EDGE('',*,*,#5245,.F.);
#5245 = EDGE_CURVE('',#5246,#5248,#5250,.T.);
#5246 = VERTEX_POINT('',#5247);
#5247 = CARTESIAN_POINT('',(-5.3175,0.3175,-1.77));
#5248 = VERTEX_POINT('',#5249);
#5249 = CARTESIAN_POINT('',(-5.3175,0.3175,2.25));
#5250 = LINE('',#5251,#5252);
#5251 = CARTESIAN_POINT('',(-5.3175,0.3175,-1.77));
#5252 = VECTOR('',#5253,1.);
#5253 = DIRECTION('',(0.,0.,1.));
#5254 = ORIENTED_EDGE('',*,*,#5255,.F.);
#5255 = EDGE_CURVE('',#5256,#5246,#5258,.T.);
#5256 = VERTEX_POINT('',#5257);
#5257 = CARTESIAN_POINT('',(-5.3175,-0.3175,-1.77));
#5258 = LINE('',#5259,#5260);
#5259 = CARTESIAN_POINT('',(-5.3175,-0.3175,-1.77));
#5260 = VECTOR('',#5261,1.);
#5261 = DIRECTION('',(0.,1.,0.));
#5262 = ORIENTED_EDGE('',*,*,#5263,.F.);
#5263 = EDGE_CURVE('',#5264,#5256,#5266,.T.);
#5264 = VERTEX_POINT('',#5265);
#5265 = CARTESIAN_POINT('',(-5.3175,-0.3175,2.25));
#5266 = LINE('',#5267,#5268);
#5267 = CARTESIAN_POINT('',(-5.3175,-0.3175,2.25));
#5268 = VECTOR('',#5269,1.);
#5269 = DIRECTION('',(0.,0.,-1.));
#5270 = ORIENTED_EDGE('',*,*,#5271,.T.);
#5271 = EDGE_CURVE('',#5264,#5248,#5272,.T.);
#5272 = LINE('',#5273,#5274);
#5273 = CARTESIAN_POINT('',(-5.3175,-0.3175,2.25));
#5274 = VECTOR('',#5275,1.);
#5275 = DIRECTION('',(0.,1.,0.));
#5276 = PLANE('',#5277);
#5277 = AXIS2_PLACEMENT_3D('',#5278,#5279,#5280);
#5278 = CARTESIAN_POINT('',(-5.3175,-1.74,0.));
#5279 = DIRECTION('',(1.,0.,0.));
#5280 = DIRECTION('',(-0.,1.,0.));
#5281 = ADVANCED_FACE('',(#5282),#5307,.T.);
#5282 = FACE_BOUND('',#5283,.T.);
#5283 = EDGE_LOOP('',(#5284,#5285,#5293,#5301));
#5284 = ORIENTED_EDGE('',*,*,#5231,.F.);
#5285 = ORIENTED_EDGE('',*,*,#5286,.F.);
#5286 = EDGE_CURVE('',#5287,#5224,#5289,.T.);
#5287 = VERTEX_POINT('',#5288);
#5288 = CARTESIAN_POINT('',(-5.1675,-5.24,-6.3175));
#5289 = LINE('',#5290,#5291);
#5290 = CARTESIAN_POINT('',(-5.1675,-5.24,-6.3175));
#5291 = VECTOR('',#5292,1.);
#5292 = DIRECTION('',(-0.254456678904,0.933007822648,-0.254456678904));
#5293 = ORIENTED_EDGE('',*,*,#5294,.T.);
#5294 = EDGE_CURVE('',#5287,#5295,#5297,.T.);
#5295 = VERTEX_POINT('',#5296);
#5296 = CARTESIAN_POINT('',(-5.1675,-5.24,-5.9825));
#5297 = LINE('',#5298,#5299);
#5298 = CARTESIAN_POINT('',(-5.1675,-5.24,-6.3175));
#5299 = VECTOR('',#5300,1.);
#5300 = DIRECTION('',(0.,0.,1.));
#5301 = ORIENTED_EDGE('',*,*,#5302,.T.);
#5302 = EDGE_CURVE('',#5295,#5183,#5303,.T.);
#5303 = LINE('',#5304,#5305);
#5304 = CARTESIAN_POINT('',(-5.1675,-5.24,-5.9825));
#5305 = VECTOR('',#5306,1.);
#5306 = DIRECTION('',(-0.254456678904,0.933007822648,0.254456678904));
#5307 = PLANE('',#5308);
#5308 = AXIS2_PLACEMENT_3D('',#5309,#5310,#5311);
#5309 = CARTESIAN_POINT('',(-5.2425,-4.965,-6.15));
#5310 = DIRECTION('',(-0.964763821238,-0.263117405792,0.));
#5311 = DIRECTION('',(-0.263117405792,0.964763821238,0.));
#5312 = ADVANCED_FACE('',(#5313),#5338,.T.);
#5313 = FACE_BOUND('',#5314,.T.);
#5314 = EDGE_LOOP('',(#5315,#5323,#5331,#5337));
#5315 = ORIENTED_EDGE('',*,*,#5316,.F.);
#5316 = EDGE_CURVE('',#5317,#5295,#5319,.T.);
#5317 = VERTEX_POINT('',#5318);
#5318 = CARTESIAN_POINT('',(-4.8325,-5.24,-5.9825));
#5319 = LINE('',#5320,#5321);
#5320 = CARTESIAN_POINT('',(-4.8325,-5.24,-5.9825));
#5321 = VECTOR('',#5322,1.);
#5322 = DIRECTION('',(-1.,0.,0.));
#5323 = ORIENTED_EDGE('',*,*,#5324,.T.);
#5324 = EDGE_CURVE('',#5317,#5325,#5327,.T.);
#5325 = VERTEX_POINT('',#5326);
#5326 = CARTESIAN_POINT('',(-4.6825,-4.69,-5.8325));
#5327 = LINE('',#5328,#5329);
#5328 = CARTESIAN_POINT('',(-4.8325,-5.24,-5.9825));
#5329 = VECTOR('',#5330,1.);
#5330 = DIRECTION('',(0.254456678904,0.933007822648,0.254456678904));
#5331 = ORIENTED_EDGE('',*,*,#5332,.T.);
#5332 = EDGE_CURVE('',#5325,#5183,#5333,.T.);
#5333 = LINE('',#5334,#5335);
#5334 = CARTESIAN_POINT('',(-4.6825,-4.69,-5.8325));
#5335 = VECTOR('',#5336,1.);
#5336 = DIRECTION('',(-1.,0.,0.));
#5337 = ORIENTED_EDGE('',*,*,#5302,.F.);
#5338 = PLANE('',#5339);
#5339 = AXIS2_PLACEMENT_3D('',#5340,#5341,#5342);
#5340 = CARTESIAN_POINT('',(-5.,-4.965,-5.9075));
#5341 = DIRECTION('',(0.,-0.263117405792,0.964763821238));
#5342 = DIRECTION('',(-1.,0.,0.));
#5343 = ADVANCED_FACE('',(#5344),#5362,.T.);
#5344 = FACE_BOUND('',#5345,.T.);
#5345 = EDGE_LOOP('',(#5346,#5354,#5360,#5361));
#5346 = ORIENTED_EDGE('',*,*,#5347,.F.);
#5347 = EDGE_CURVE('',#5348,#5325,#5350,.T.);
#5348 = VERTEX_POINT('',#5349);
#5349 = CARTESIAN_POINT('',(-4.6825,-0.6175,-5.8325));
#5350 = LINE('',#5351,#5352);
#5351 = CARTESIAN_POINT('',(-4.6825,-0.6175,-5.8325));
#5352 = VECTOR('',#5353,1.);
#5353 = DIRECTION('',(0.,-1.,0.));
#5354 = ORIENTED_EDGE('',*,*,#5355,.F.);
#5355 = EDGE_CURVE('',#5181,#5348,#5356,.T.);
#5356 = LINE('',#5357,#5358);
#5357 = CARTESIAN_POINT('',(-5.3175,-0.6175,-5.8325));
#5358 = VECTOR('',#5359,1.);
#5359 = DIRECTION('',(1.,0.,0.));
#5360 = ORIENTED_EDGE('',*,*,#5180,.T.);
#5361 = ORIENTED_EDGE('',*,*,#5332,.F.);
#5362 = PLANE('',#5363);
#5363 = AXIS2_PLACEMENT_3D('',#5364,#5365,#5366);
#5364 = CARTESIAN_POINT('',(-5.3175,-0.6175,-5.8325));
#5365 = DIRECTION('',(0.,0.,1.));
#5366 = DIRECTION('',(1.,0.,-0.));
#5367 = ADVANCED_FACE('',(#5368),#5387,.F.);
#5368 = FACE_BOUND('',#5369,.F.);
#5369 = EDGE_LOOP('',(#5370,#5371,#5379,#5386));
#5370 = ORIENTED_EDGE('',*,*,#5190,.F.);
#5371 = ORIENTED_EDGE('',*,*,#5372,.T.);
#5372 = EDGE_CURVE('',#5191,#5373,#5375,.T.);
#5373 = VERTEX_POINT('',#5374);
#5374 = CARTESIAN_POINT('',(-4.6825,-0.3175,-5.5325));
#5375 = LINE('',#5376,#5377);
#5376 = CARTESIAN_POINT('',(-5.3175,-0.3175,-5.5325));
#5377 = VECTOR('',#5378,1.);
#5378 = DIRECTION('',(1.,0.,0.));
#5379 = ORIENTED_EDGE('',*,*,#5380,.T.);
#5380 = EDGE_CURVE('',#5373,#5348,#5381,.T.);
#5381 = CIRCLE('',#5382,0.3);
#5382 = AXIS2_PLACEMENT_3D('',#5383,#5384,#5385);
#5383 = CARTESIAN_POINT('',(-4.6825,-0.6175,-5.5325));
#5384 = DIRECTION('',(-1.,0.,0.));
#5385 = DIRECTION('',(0.,1.,0.));
#5386 = ORIENTED_EDGE('',*,*,#5355,.F.);
#5387 = CYLINDRICAL_SURFACE('',#5388,0.3);
#5388 = AXIS2_PLACEMENT_3D('',#5389,#5390,#5391);
#5389 = CARTESIAN_POINT('',(-5.3175,-0.6175,-5.5325));
#5390 = DIRECTION('',(-1.,0.,-0.));
#5391 = DIRECTION('',(0.,0.,-1.));
#5392 = ADVANCED_FACE('',(#5393),#5404,.T.);
#5393 = FACE_BOUND('',#5394,.T.);
#5394 = EDGE_LOOP('',(#5395,#5396,#5397,#5403));
#5395 = ORIENTED_EDGE('',*,*,#5199,.T.);
#5396 = ORIENTED_EDGE('',*,*,#5372,.T.);
#5397 = ORIENTED_EDGE('',*,*,#5398,.F.);
#5398 = EDGE_CURVE('',#1881,#5373,#5399,.T.);
#5399 = LINE('',#5400,#5401);
#5400 = CARTESIAN_POINT('',(-4.6825,-0.3175,-4.23));
#5401 = VECTOR('',#5402,1.);
#5402 = DIRECTION('',(0.,0.,-1.));
#5403 = ORIENTED_EDGE('',*,*,#1878,.F.);
#5404 = PLANE('',#5405);
#5405 = AXIS2_PLACEMENT_3D('',#5406,#5407,#5408);
#5406 = CARTESIAN_POINT('',(-5.3175,-0.3175,2.8));
#5407 = DIRECTION('',(0.,-1.,0.));
#5408 = DIRECTION('',(0.,0.,-1.));
#5409 = ADVANCED_FACE('',(#5410),#5435,.T.);
#5410 = FACE_BOUND('',#5411,.T.);
#5411 = EDGE_LOOP('',(#5412,#5413,#5421,#5429));
#5412 = ORIENTED_EDGE('',*,*,#5263,.T.);
#5413 = ORIENTED_EDGE('',*,*,#5414,.T.);
#5414 = EDGE_CURVE('',#5256,#5415,#5417,.T.);
#5415 = VERTEX_POINT('',#5416);
#5416 = CARTESIAN_POINT('',(-4.6825,-0.3175,-1.77));
#5417 = LINE('',#5418,#5419);
#5418 = CARTESIAN_POINT('',(-5.3175,-0.3175,-1.77));
#5419 = VECTOR('',#5420,1.);
#5420 = DIRECTION('',(1.,0.,0.));
#5421 = ORIENTED_EDGE('',*,*,#5422,.F.);
#5422 = EDGE_CURVE('',#5423,#5415,#5425,.T.);
#5423 = VERTEX_POINT('',#5424);
#5424 = CARTESIAN_POINT('',(-4.6825,-0.3175,2.25));
#5425 = LINE('',#5426,#5427);
#5426 = CARTESIAN_POINT('',(-4.6825,-0.3175,2.25));
#5427 = VECTOR('',#5428,1.);
#5428 = DIRECTION('',(0.,0.,-1.));
#5429 = ORIENTED_EDGE('',*,*,#5430,.T.);
#5430 = EDGE_CURVE('',#5423,#5264,#5431,.T.);
#5431 = LINE('',#5432,#5433);
#5432 = CARTESIAN_POINT('',(-4.6825,-0.3175,2.25));
#5433 = VECTOR('',#5434,1.);
#5434 = DIRECTION('',(-1.,0.,0.));
#5435 = PLANE('',#5436);
#5436 = AXIS2_PLACEMENT_3D('',#5437,#5438,#5439);
#5437 = CARTESIAN_POINT('',(-5.3175,-0.3175,2.8));
#5438 = DIRECTION('',(0.,-1.,0.));
#5439 = DIRECTION('',(0.,0.,-1.));
#5440 = ADVANCED_FACE('',(#5441),#5478,.T.);
#5441 = FACE_BOUND('',#5442,.T.);
#5442 = EDGE_LOOP('',(#5443,#5453,#5462,#5468,#5469,#5470,#5471,#5472));
#5443 = ORIENTED_EDGE('',*,*,#5444,.T.);
#5444 = EDGE_CURVE('',#5445,#5447,#5449,.T.);
#5445 = VERTEX_POINT('',#5446);
#5446 = CARTESIAN_POINT('',(-4.6825,-4.69,-6.4675));
#5447 = VERTEX_POINT('',#5448);
#5448 = CARTESIAN_POINT('',(-4.6825,-0.6175,-6.4675));
#5449 = LINE('',#5450,#5451);
#5450 = CARTESIAN_POINT('',(-4.6825,-4.69,-6.4675));
#5451 = VECTOR('',#5452,1.);
#5452 = DIRECTION('',(0.,1.,0.));
#5453 = ORIENTED_EDGE('',*,*,#5454,.T.);
#5454 = EDGE_CURVE('',#5447,#5455,#5457,.T.);
#5455 = VERTEX_POINT('',#5456);
#5456 = CARTESIAN_POINT('',(-4.6825,0.3175,-5.5325));
#5457 = CIRCLE('',#5458,0.935);
#5458 = AXIS2_PLACEMENT_3D('',#5459,#5460,#5461);
#5459 = CARTESIAN_POINT('',(-4.6825,-0.6175,-5.5325));
#5460 = DIRECTION('',(1.,0.,0.));
#5461 = DIRECTION('',(0.,0.,-1.));
#5462 = ORIENTED_EDGE('',*,*,#5463,.T.);
#5463 = EDGE_CURVE('',#5455,#1889,#5464,.T.);
#5464 = LINE('',#5465,#5466);
#5465 = CARTESIAN_POINT('',(-4.6825,0.3175,-5.5325));
#5466 = VECTOR('',#5467,1.);
#5467 = DIRECTION('',(0.,0.,1.));
#5468 = ORIENTED_EDGE('',*,*,#1888,.F.);
#5469 = ORIENTED_EDGE('',*,*,#5398,.T.);
#5470 = ORIENTED_EDGE('',*,*,#5380,.T.);
#5471 = ORIENTED_EDGE('',*,*,#5347,.T.);
#5472 = ORIENTED_EDGE('',*,*,#5473,.T.);
#5473 = EDGE_CURVE('',#5325,#5445,#5474,.T.);
#5474 = LINE('',#5475,#5476);
#5475 = CARTESIAN_POINT('',(-4.6825,-4.69,-5.8325));
#5476 = VECTOR('',#5477,1.);
#5477 = DIRECTION('',(0.,0.,-1.));
#5478 = PLANE('',#5479);
#5479 = AXIS2_PLACEMENT_3D('',#5480,#5481,#5482);
#5480 = CARTESIAN_POINT('',(-4.6825,-1.74,0.));
#5481 = DIRECTION('',(1.,0.,0.));
#5482 = DIRECTION('',(-0.,1.,0.));
#5483 = ADVANCED_FACE('',(#5484),#5509,.T.);
#5484 = FACE_BOUND('',#5485,.T.);
#5485 = EDGE_LOOP('',(#5486,#5487,#5495,#5503));
#5486 = ORIENTED_EDGE('',*,*,#5422,.T.);
#5487 = ORIENTED_EDGE('',*,*,#5488,.T.);
#5488 = EDGE_CURVE('',#5415,#5489,#5491,.T.);
#5489 = VERTEX_POINT('',#5490);
#5490 = CARTESIAN_POINT('',(-4.6825,0.3175,-1.77));
#5491 = LINE('',#5492,#5493);
#5492 = CARTESIAN_POINT('',(-4.6825,-0.3175,-1.77));
#5493 = VECTOR('',#5494,1.);
#5494 = DIRECTION('',(0.,1.,0.));
#5495 = ORIENTED_EDGE('',*,*,#5496,.T.);
#5496 = EDGE_CURVE('',#5489,#5497,#5499,.T.);
#5497 = VERTEX_POINT('',#5498);
#5498 = CARTESIAN_POINT('',(-4.6825,0.3175,2.25));
#5499 = LINE('',#5500,#5501);
#5500 = CARTESIAN_POINT('',(-4.6825,0.3175,-1.77));
#5501 = VECTOR('',#5502,1.);
#5502 = DIRECTION('',(0.,0.,1.));
#5503 = ORIENTED_EDGE('',*,*,#5504,.T.);
#5504 = EDGE_CURVE('',#5497,#5423,#5505,.T.);
#5505 = LINE('',#5506,#5507);
#5506 = CARTESIAN_POINT('',(-4.6825,0.3175,2.25));
#5507 = VECTOR('',#5508,1.);
#5508 = DIRECTION('',(0.,-1.,0.));
#5509 = PLANE('',#5510);
#5510 = AXIS2_PLACEMENT_3D('',#5511,#5512,#5513);
#5511 = CARTESIAN_POINT('',(-4.6825,-1.74,0.));
#5512 = DIRECTION('',(1.,0.,0.));
#5513 = DIRECTION('',(-0.,1.,0.));
#5514 = ADVANCED_FACE('',(#5515),#5533,.T.);
#5515 = FACE_BOUND('',#5516,.T.);
#5516 = EDGE_LOOP('',(#5517,#5525,#5531,#5532));
#5517 = ORIENTED_EDGE('',*,*,#5518,.T.);
#5518 = EDGE_CURVE('',#5317,#5519,#5521,.T.);
#5519 = VERTEX_POINT('',#5520);
#5520 = CARTESIAN_POINT('',(-4.8325,-5.24,-6.3175));
#5521 = LINE('',#5522,#5523);
#5522 = CARTESIAN_POINT('',(-4.8325,-5.24,-5.9825));
#5523 = VECTOR('',#5524,1.);
#5524 = DIRECTION('',(0.,0.,-1.));
#5525 = ORIENTED_EDGE('',*,*,#5526,.F.);
#5526 = EDGE_CURVE('',#5445,#5519,#5527,.T.);
#5527 = LINE('',#5528,#5529);
#5528 = CARTESIAN_POINT('',(-4.6825,-4.69,-6.4675));
#5529 = VECTOR('',#5530,1.);
#5530 = DIRECTION('',(-0.254456678904,-0.933007822648,0.254456678904));
#5531 = ORIENTED_EDGE('',*,*,#5473,.F.);
#5532 = ORIENTED_EDGE('',*,*,#5324,.F.);
#5533 = PLANE('',#5534);
#5534 = AXIS2_PLACEMENT_3D('',#5535,#5536,#5537);
#5535 = CARTESIAN_POINT('',(-4.7575,-4.965,-6.15));
#5536 = DIRECTION('',(0.964763821238,-0.263117405792,0.));
#5537 = DIRECTION('',(0.,0.,-1.));
#5538 = ADVANCED_FACE('',(#5539),#5555,.T.);
#5539 = FACE_BOUND('',#5540,.T.);
#5540 = EDGE_LOOP('',(#5541,#5547,#5548,#5554));
#5541 = ORIENTED_EDGE('',*,*,#5542,.F.);
#5542 = EDGE_CURVE('',#5445,#5224,#5543,.T.);
#5543 = LINE('',#5544,#5545);
#5544 = CARTESIAN_POINT('',(-4.6825,-4.69,-6.4675));
#5545 = VECTOR('',#5546,1.);
#5546 = DIRECTION('',(-1.,0.,0.));
#5547 = ORIENTED_EDGE('',*,*,#5526,.T.);
#5548 = ORIENTED_EDGE('',*,*,#5549,.T.);
#5549 = EDGE_CURVE('',#5519,#5287,#5550,.T.);
#5550 = LINE('',#5551,#5552);
#5551 = CARTESIAN_POINT('',(-4.8325,-5.24,-6.3175));
#5552 = VECTOR('',#5553,1.);
#5553 = DIRECTION('',(-1.,0.,0.));
#5554 = ORIENTED_EDGE('',*,*,#5286,.T.);
#5555 = PLANE('',#5556);
#5556 = AXIS2_PLACEMENT_3D('',#5557,#5558,#5559);
#5557 = CARTESIAN_POINT('',(-5.,-4.965,-6.3925));
#5558 = DIRECTION('',(0.,-0.263117405792,-0.964763821238));
#5559 = DIRECTION('',(0.,-0.964763821238,0.263117405792));
#5560 = ADVANCED_FACE('',(#5561),#5567,.T.);
#5561 = FACE_BOUND('',#5562,.T.);
#5562 = EDGE_LOOP('',(#5563,#5564,#5565,#5566));
#5563 = ORIENTED_EDGE('',*,*,#5518,.F.);
#5564 = ORIENTED_EDGE('',*,*,#5316,.T.);
#5565 = ORIENTED_EDGE('',*,*,#5294,.F.);
#5566 = ORIENTED_EDGE('',*,*,#5549,.F.);
#5567 = PLANE('',#5568);
#5568 = AXIS2_PLACEMENT_3D('',#5569,#5570,#5571);
#5569 = CARTESIAN_POINT('',(-5.3175,-5.24,-5.8325));
#5570 = DIRECTION('',(0.,-1.,0.));
#5571 = DIRECTION('',(0.,0.,-1.));
#5572 = ADVANCED_FACE('',(#5573),#5584,.T.);
#5573 = FACE_BOUND('',#5574,.T.);
#5574 = EDGE_LOOP('',(#5575,#5576,#5582,#5583));
#5575 = ORIENTED_EDGE('',*,*,#5223,.T.);
#5576 = ORIENTED_EDGE('',*,*,#5577,.T.);
#5577 = EDGE_CURVE('',#5215,#5447,#5578,.T.);
#5578 = LINE('',#5579,#5580);
#5579 = CARTESIAN_POINT('',(-5.3175,-0.6175,-6.4675));
#5580 = VECTOR('',#5581,1.);
#5581 = DIRECTION('',(1.,0.,0.));
#5582 = ORIENTED_EDGE('',*,*,#5444,.F.);
#5583 = ORIENTED_EDGE('',*,*,#5542,.T.);
#5584 = PLANE('',#5585);
#5585 = AXIS2_PLACEMENT_3D('',#5586,#5587,#5588);
#5586 = CARTESIAN_POINT('',(-5.3175,-5.24,-6.4675));
#5587 = DIRECTION('',(0.,0.,-1.));
#5588 = DIRECTION('',(0.,-1.,0.));
#5589 = ADVANCED_FACE('',(#5590),#5601,.T.);
#5590 = FACE_BOUND('',#5591,.T.);
#5591 = EDGE_LOOP('',(#5592,#5598,#5599,#5600));
#5592 = ORIENTED_EDGE('',*,*,#5593,.T.);
#5593 = EDGE_CURVE('',#5207,#5455,#5594,.T.);
#5594 = LINE('',#5595,#5596);
#5595 = CARTESIAN_POINT('',(-5.3175,0.3175,-5.5325));
#5596 = VECTOR('',#5597,1.);
#5597 = DIRECTION('',(1.,0.,0.));
#5598 = ORIENTED_EDGE('',*,*,#5454,.F.);
#5599 = ORIENTED_EDGE('',*,*,#5577,.F.);
#5600 = ORIENTED_EDGE('',*,*,#5214,.T.);
#5601 = CYLINDRICAL_SURFACE('',#5602,0.935);
#5602 = AXIS2_PLACEMENT_3D('',#5603,#5604,#5605);
#5603 = CARTESIAN_POINT('',(-5.3175,-0.6175,-5.5325));
#5604 = DIRECTION('',(-1.,0.,-0.));
#5605 = DIRECTION('',(0.,0.,-1.));
#5606 = ADVANCED_FACE('',(#5607),#5613,.T.);
#5607 = FACE_BOUND('',#5608,.T.);
#5608 = EDGE_LOOP('',(#5609,#5610,#5611,#5612));
#5609 = ORIENTED_EDGE('',*,*,#5463,.F.);
#5610 = ORIENTED_EDGE('',*,*,#5593,.F.);
#5611 = ORIENTED_EDGE('',*,*,#5206,.T.);
#5612 = ORIENTED_EDGE('',*,*,#1896,.T.);
#5613 = PLANE('',#5614);
#5614 = AXIS2_PLACEMENT_3D('',#5615,#5616,#5617);
#5615 = CARTESIAN_POINT('',(-5.3175,0.3175,-5.5325));
#5616 = DIRECTION('',(-0.,1.,0.));
#5617 = DIRECTION('',(1.,0.,0.));
#5618 = ADVANCED_FACE('',(#5619),#5635,.T.);
#5619 = FACE_BOUND('',#5620,.T.);
#5620 = EDGE_LOOP('',(#5621,#5622,#5628,#5629));
#5621 = ORIENTED_EDGE('',*,*,#5496,.F.);
#5622 = ORIENTED_EDGE('',*,*,#5623,.F.);
#5623 = EDGE_CURVE('',#5246,#5489,#5624,.T.);
#5624 = LINE('',#5625,#5626);
#5625 = CARTESIAN_POINT('',(-5.3175,0.3175,-1.77));
#5626 = VECTOR('',#5627,1.);
#5627 = DIRECTION('',(1.,0.,0.));
#5628 = ORIENTED_EDGE('',*,*,#5245,.T.);
#5629 = ORIENTED_EDGE('',*,*,#5630,.F.);
#5630 = EDGE_CURVE('',#5497,#5248,#5631,.T.);
#5631 = LINE('',#5632,#5633);
#5632 = CARTESIAN_POINT('',(-4.6825,0.3175,2.25));
#5633 = VECTOR('',#5634,1.);
#5634 = DIRECTION('',(-1.,0.,0.));
#5635 = PLANE('',#5636);
#5636 = AXIS2_PLACEMENT_3D('',#5637,#5638,#5639);
#5637 = CARTESIAN_POINT('',(-5.3175,0.3175,-5.5325));
#5638 = DIRECTION('',(-0.,1.,0.));
#5639 = DIRECTION('',(1.,0.,0.));
#5640 = ADVANCED_FACE('',(#5641),#5666,.T.);
#5641 = FACE_BOUND('',#5642,.T.);
#5642 = EDGE_LOOP('',(#5643,#5653,#5659,#5660));
#5643 = ORIENTED_EDGE('',*,*,#5644,.F.);
#5644 = EDGE_CURVE('',#5645,#5647,#5649,.T.);
#5645 = VERTEX_POINT('',#5646);
#5646 = CARTESIAN_POINT('',(-4.8325,0.1675,2.8));
#5647 = VERTEX_POINT('',#5648);
#5648 = CARTESIAN_POINT('',(-5.1675,0.1675,2.8));
#5649 = LINE('',#5650,#5651);
#5650 = CARTESIAN_POINT('',(-4.8325,0.1675,2.8));
#5651 = VECTOR('',#5652,1.);
#5652 = DIRECTION('',(-1.,0.,0.));
#5653 = ORIENTED_EDGE('',*,*,#5654,.T.);
#5654 = EDGE_CURVE('',#5645,#5497,#5655,.T.);
#5655 = LINE('',#5656,#5657);
#5656 = CARTESIAN_POINT('',(-4.8325,0.1675,2.8));
#5657 = VECTOR('',#5658,1.);
#5658 = DIRECTION('',(0.254456678904,0.254456678904,-0.933007822648));
#5659 = ORIENTED_EDGE('',*,*,#5630,.T.);
#5660 = ORIENTED_EDGE('',*,*,#5661,.T.);
#5661 = EDGE_CURVE('',#5248,#5647,#5662,.T.);
#5662 = LINE('',#5663,#5664);
#5663 = CARTESIAN_POINT('',(-5.3175,0.3175,2.25));
#5664 = VECTOR('',#5665,1.);
#5665 = DIRECTION('',(0.254456678904,-0.254456678904,0.933007822648));
#5666 = PLANE('',#5667);
#5667 = AXIS2_PLACEMENT_3D('',#5668,#5669,#5670);
#5668 = CARTESIAN_POINT('',(-5.,0.2425,2.525));
#5669 = DIRECTION('',(0.,0.964763821238,0.263117405792));
#5670 = DIRECTION('',(1.,0.,-0.));
#5671 = ADVANCED_FACE('',(#5672),#5690,.T.);
#5672 = FACE_BOUND('',#5673,.T.);
#5673 = EDGE_LOOP('',(#5674,#5682,#5683,#5684));
#5674 = ORIENTED_EDGE('',*,*,#5675,.T.);
#5675 = EDGE_CURVE('',#5676,#5647,#5678,.T.);
#5676 = VERTEX_POINT('',#5677);
#5677 = CARTESIAN_POINT('',(-5.1675,-0.1675,2.8));
#5678 = LINE('',#5679,#5680);
#5679 = CARTESIAN_POINT('',(-5.1675,-0.1675,2.8));
#5680 = VECTOR('',#5681,1.);
#5681 = DIRECTION('',(0.,1.,0.));
#5682 = ORIENTED_EDGE('',*,*,#5661,.F.);
#5683 = ORIENTED_EDGE('',*,*,#5271,.F.);
#5684 = ORIENTED_EDGE('',*,*,#5685,.F.);
#5685 = EDGE_CURVE('',#5676,#5264,#5686,.T.);
#5686 = LINE('',#5687,#5688);
#5687 = CARTESIAN_POINT('',(-5.1675,-0.1675,2.8));
#5688 = VECTOR('',#5689,1.);
#5689 = DIRECTION('',(-0.254456678904,-0.254456678904,-0.933007822648));
#5690 = PLANE('',#5691);
#5691 = AXIS2_PLACEMENT_3D('',#5692,#5693,#5694);
#5692 = CARTESIAN_POINT('',(-5.2425,0.,2.525));
#5693 = DIRECTION('',(-0.964763821238,0.,0.263117405792));
#5694 = DIRECTION('',(0.,1.,0.));
#5695 = ADVANCED_FACE('',(#5696),#5714,.T.);
#5696 = FACE_BOUND('',#5697,.T.);
#5697 = EDGE_LOOP('',(#5698,#5699,#5707,#5713));
#5698 = ORIENTED_EDGE('',*,*,#5430,.F.);
#5699 = ORIENTED_EDGE('',*,*,#5700,.T.);
#5700 = EDGE_CURVE('',#5423,#5701,#5703,.T.);
#5701 = VERTEX_POINT('',#5702);
#5702 = CARTESIAN_POINT('',(-4.8325,-0.1675,2.8));
#5703 = LINE('',#5704,#5705);
#5704 = CARTESIAN_POINT('',(-4.6825,-0.3175,2.25));
#5705 = VECTOR('',#5706,1.);
#5706 = DIRECTION('',(-0.254456678904,0.254456678904,0.933007822648));
#5707 = ORIENTED_EDGE('',*,*,#5708,.T.);
#5708 = EDGE_CURVE('',#5701,#5676,#5709,.T.);
#5709 = LINE('',#5710,#5711);
#5710 = CARTESIAN_POINT('',(-4.8325,-0.1675,2.8));
#5711 = VECTOR('',#5712,1.);
#5712 = DIRECTION('',(-1.,0.,0.));
#5713 = ORIENTED_EDGE('',*,*,#5685,.T.);
#5714 = PLANE('',#5715);
#5715 = AXIS2_PLACEMENT_3D('',#5716,#5717,#5718);
#5716 = CARTESIAN_POINT('',(-5.,-0.2425,2.525));
#5717 = DIRECTION('',(0.,-0.964763821238,0.263117405792));
#5718 = DIRECTION('',(-1.,0.,0.));
#5719 = ADVANCED_FACE('',(#5720),#5731,.T.);
#5720 = FACE_BOUND('',#5721,.T.);
#5721 = EDGE_LOOP('',(#5722,#5723,#5724,#5730));
#5722 = ORIENTED_EDGE('',*,*,#5675,.F.);
#5723 = ORIENTED_EDGE('',*,*,#5708,.F.);
#5724 = ORIENTED_EDGE('',*,*,#5725,.F.);
#5725 = EDGE_CURVE('',#5645,#5701,#5726,.T.);
#5726 = LINE('',#5727,#5728);
#5727 = CARTESIAN_POINT('',(-4.8325,0.1675,2.8));
#5728 = VECTOR('',#5729,1.);
#5729 = DIRECTION('',(0.,-1.,0.));
#5730 = ORIENTED_EDGE('',*,*,#5644,.T.);
#5731 = PLANE('',#5732);
#5732 = AXIS2_PLACEMENT_3D('',#5733,#5734,#5735);
#5733 = CARTESIAN_POINT('',(-5.3175,0.3175,2.8));
#5734 = DIRECTION('',(0.,0.,1.));
#5735 = DIRECTION('',(1.,0.,-0.));
#5736 = ADVANCED_FACE('',(#5737),#5743,.T.);
#5737 = FACE_BOUND('',#5738,.T.);
#5738 = EDGE_LOOP('',(#5739,#5740,#5741,#5742));
#5739 = ORIENTED_EDGE('',*,*,#5504,.F.);
#5740 = ORIENTED_EDGE('',*,*,#5654,.F.);
#5741 = ORIENTED_EDGE('',*,*,#5725,.T.);
#5742 = ORIENTED_EDGE('',*,*,#5700,.F.);
#5743 = PLANE('',#5744);
#5744 = AXIS2_PLACEMENT_3D('',#5745,#5746,#5747);
#5745 = CARTESIAN_POINT('',(-4.7575,0.,2.525));
#5746 = DIRECTION('',(0.964763821238,0.,0.263117405792));
#5747 = DIRECTION('',(0.,-1.,0.));
#5748 = ADVANCED_FACE('',(#5749,#5783),#5789,.T.);
#5749 = FACE_BOUND('',#5750,.T.);
#5750 = EDGE_LOOP('',(#5751,#5761,#5769,#5777));
#5751 = ORIENTED_EDGE('',*,*,#5752,.T.);
#5752 = EDGE_CURVE('',#5753,#5755,#5757,.T.);
#5753 = VERTEX_POINT('',#5754);
#5754 = CARTESIAN_POINT('',(-6.11,-1.095,-1.77));
#5755 = VERTEX_POINT('',#5756);
#5756 = CARTESIAN_POINT('',(-3.89,-1.095,-1.77));
#5757 = LINE('',#5758,#5759);
#5758 = CARTESIAN_POINT('',(-6.11,-1.095,-1.77));
#5759 = VECTOR('',#5760,1.);
#5760 = DIRECTION('',(1.,0.,0.));
#5761 = ORIENTED_EDGE('',*,*,#5762,.T.);
#5762 = EDGE_CURVE('',#5755,#5763,#5765,.T.);
#5763 = VERTEX_POINT('',#5764);
#5764 = CARTESIAN_POINT('',(-3.89,1.095,-1.77));
#5765 = LINE('',#5766,#5767);
#5766 = CARTESIAN_POINT('',(-3.89,-1.095,-1.77));
#5767 = VECTOR('',#5768,1.);
#5768 = DIRECTION('',(0.,1.,0.));
#5769 = ORIENTED_EDGE('',*,*,#5770,.T.);
#5770 = EDGE_CURVE('',#5763,#5771,#5773,.T.);
#5771 = VERTEX_POINT('',#5772);
#5772 = CARTESIAN_POINT('',(-6.11,1.095,-1.77));
#5773 = LINE('',#5774,#5775);
#5774 = CARTESIAN_POINT('',(-3.89,1.095,-1.77));
#5775 = VECTOR('',#5776,1.);
#5776 = DIRECTION('',(-1.,0.,0.));
#5777 = ORIENTED_EDGE('',*,*,#5778,.T.);
#5778 = EDGE_CURVE('',#5771,#5753,#5779,.T.);
#5779 = LINE('',#5780,#5781);
#5780 = CARTESIAN_POINT('',(-6.11,1.095,-1.77));
#5781 = VECTOR('',#5782,1.);
#5782 = DIRECTION('',(0.,-1.,0.));
#5783 = FACE_BOUND('',#5784,.T.);
#5784 = EDGE_LOOP('',(#5785,#5786,#5787,#5788));
#5785 = ORIENTED_EDGE('',*,*,#5623,.T.);
#5786 = ORIENTED_EDGE('',*,*,#5488,.F.);
#5787 = ORIENTED_EDGE('',*,*,#5414,.F.);
#5788 = ORIENTED_EDGE('',*,*,#5255,.T.);
#5789 = PLANE('',#5790);
#5790 = AXIS2_PLACEMENT_3D('',#5791,#5792,#5793);
#5791 = CARTESIAN_POINT('',(0.,-1.74,-1.77));
#5792 = DIRECTION('',(0.,0.,1.));
#5793 = DIRECTION('',(1.,0.,-0.));
#5794 = ADVANCED_FACE('',(#5795),#5811,.F.);
#5795 = FACE_BOUND('',#5796,.T.);
#5796 = EDGE_LOOP('',(#5797,#5803,#5804,#5810));
#5797 = ORIENTED_EDGE('',*,*,#5798,.T.);
#5798 = EDGE_CURVE('',#1286,#5753,#5799,.T.);
#5799 = LINE('',#5800,#5801);
#5800 = CARTESIAN_POINT('',(-6.11,-1.095,4.23));
#5801 = VECTOR('',#5802,1.);
#5802 = DIRECTION('',(0.,0.,-1.));
#5803 = ORIENTED_EDGE('',*,*,#5778,.F.);
#5804 = ORIENTED_EDGE('',*,*,#5805,.F.);
#5805 = EDGE_CURVE('',#1270,#5771,#5806,.T.);
#5806 = LINE('',#5807,#5808);
#5807 = CARTESIAN_POINT('',(-6.11,1.095,4.23));
#5808 = VECTOR('',#5809,1.);
#5809 = DIRECTION('',(0.,0.,-1.));
#5810 = ORIENTED_EDGE('',*,*,#1293,.T.);
#5811 = PLANE('',#5812);
#5812 = AXIS2_PLACEMENT_3D('',#5813,#5814,#5815);
#5813 = CARTESIAN_POINT('',(-6.11,1.095,4.23));
#5814 = DIRECTION('',(-1.,0.,0.));
#5815 = DIRECTION('',(0.,0.,1.));
#5816 = ADVANCED_FACE('',(#5817),#5828,.F.);
#5817 = FACE_BOUND('',#5818,.T.);
#5818 = EDGE_LOOP('',(#5819,#5820,#5821,#5827));
#5819 = ORIENTED_EDGE('',*,*,#5805,.T.);
#5820 = ORIENTED_EDGE('',*,*,#5770,.F.);
#5821 = ORIENTED_EDGE('',*,*,#5822,.F.);
#5822 = EDGE_CURVE('',#1268,#5763,#5823,.T.);
#5823 = LINE('',#5824,#5825);
#5824 = CARTESIAN_POINT('',(-3.89,1.095,4.23));
#5825 = VECTOR('',#5826,1.);
#5826 = DIRECTION('',(0.,0.,-1.));
#5827 = ORIENTED_EDGE('',*,*,#1267,.T.);
#5828 = PLANE('',#5829);
#5829 = AXIS2_PLACEMENT_3D('',#5830,#5831,#5832);
#5830 = CARTESIAN_POINT('',(-3.89,1.095,4.23));
#5831 = DIRECTION('',(-0.,1.,0.));
#5832 = DIRECTION('',(1.,0.,0.));
#5833 = ADVANCED_FACE('',(#5834),#5845,.F.);
#5834 = FACE_BOUND('',#5835,.T.);
#5835 = EDGE_LOOP('',(#5836,#5837,#5838,#5844));
#5836 = ORIENTED_EDGE('',*,*,#5822,.T.);
#5837 = ORIENTED_EDGE('',*,*,#5762,.F.);
#5838 = ORIENTED_EDGE('',*,*,#5839,.F.);
#5839 = EDGE_CURVE('',#1278,#5755,#5840,.T.);
#5840 = LINE('',#5841,#5842);
#5841 = CARTESIAN_POINT('',(-3.89,-1.095,4.23));
#5842 = VECTOR('',#5843,1.);
#5843 = DIRECTION('',(0.,0.,-1.));
#5844 = ORIENTED_EDGE('',*,*,#1277,.T.);
#5845 = PLANE('',#5846);
#5846 = AXIS2_PLACEMENT_3D('',#5847,#5848,#5849);
#5847 = CARTESIAN_POINT('',(-3.89,-1.095,4.23));
#5848 = DIRECTION('',(1.,0.,0.));
#5849 = DIRECTION('',(-0.,1.,0.));
#5850 = ADVANCED_FACE('',(#5851),#5857,.F.);
#5851 = FACE_BOUND('',#5852,.T.);
#5852 = EDGE_LOOP('',(#5853,#5854,#5855,#5856));
#5853 = ORIENTED_EDGE('',*,*,#5839,.T.);
#5854 = ORIENTED_EDGE('',*,*,#5752,.F.);
#5855 = ORIENTED_EDGE('',*,*,#5798,.F.);
#5856 = ORIENTED_EDGE('',*,*,#1285,.T.);
#5857 = PLANE('',#5858);
#5858 = AXIS2_PLACEMENT_3D('',#5859,#5860,#5861);
#5859 = CARTESIAN_POINT('',(-6.11,-1.095,4.23));
#5860 = DIRECTION('',(0.,-1.,0.));
#5861 = DIRECTION('',(0.,0.,-1.));
#5862 = ADVANCED_FACE('',(#5863),#5887,.T.);
#5863 = FACE_BOUND('',#5864,.T.);
#5864 = EDGE_LOOP('',(#5865,#5871,#5872,#5880,#5886));
#5865 = ORIENTED_EDGE('',*,*,#5866,.F.);
#5866 = EDGE_CURVE('',#559,#425,#5867,.T.);
#5867 = LINE('',#5868,#5869);
#5868 = CARTESIAN_POINT('',(-5.2,-1.74,1.804596669241));
#5869 = VECTOR('',#5870,1.);
#5870 = DIRECTION('',(-2.254865812031E-06,-0.999999999997,
    -9.294608089172E-08));
#5871 = ORIENTED_EDGE('',*,*,#684,.T.);
#5872 = ORIENTED_EDGE('',*,*,#5873,.T.);
#5873 = EDGE_CURVE('',#676,#5874,#5876,.T.);
#5874 = VERTEX_POINT('',#5875);
#5875 = CARTESIAN_POINT('',(-5.2,-3.34,1.43));
#5876 = LINE('',#5877,#5878);
#5877 = CARTESIAN_POINT('',(-5.2,-1.74,1.43));
#5878 = VECTOR('',#5879,1.);
#5879 = DIRECTION('',(0.,-1.,0.));
#5880 = ORIENTED_EDGE('',*,*,#5881,.F.);
#5881 = EDGE_CURVE('',#434,#5874,#5882,.T.);
#5882 = LINE('',#5883,#5884);
#5883 = CARTESIAN_POINT('',(-5.200003308571,-3.340000586781,
    1.648467626139));
#5884 = VECTOR('',#5885,1.);
#5885 = DIRECTION('',(1.514444338615E-05,2.685895283744E-06,
    -0.999999999882));
#5886 = ORIENTED_EDGE('',*,*,#433,.T.);
#5887 = PLANE('',#5888);
#5888 = AXIS2_PLACEMENT_3D('',#5889,#5890,#5891);
#5889 = CARTESIAN_POINT('',(-5.2,-1.74,1.804596669241));
#5890 = DIRECTION('',(-1.,0.,0.));
#5891 = DIRECTION('',(0.,0.,1.));
#5892 = ADVANCED_FACE('',(#5893),#5922,.T.);
#5893 = FACE_BOUND('',#5894,.T.);
#5894 = EDGE_LOOP('',(#5895,#5896,#5905,#5915));
#5895 = ORIENTED_EDGE('',*,*,#414,.T.);
#5896 = ORIENTED_EDGE('',*,*,#5897,.F.);
#5897 = EDGE_CURVE('',#5898,#417,#5900,.T.);
#5898 = VERTEX_POINT('',#5899);
#5899 = CARTESIAN_POINT('',(-4.799999435612,-3.340000687802,
    1.648467589077));
#5900 = CIRCLE('',#5901,0.650006896875);
#5901 = AXIS2_PLACEMENT_3D('',#5902,#5903,#5904);
#5902 = CARTESIAN_POINT('',(-5.000004103517,-3.34,1.030000674913));
#5903 = DIRECTION('',(0.,-1.,0.));
#5904 = DIRECTION('',(0.30769832708,0.,0.951483967028));
#5905 = ORIENTED_EDGE('',*,*,#5906,.F.);
#5906 = EDGE_CURVE('',#5907,#5898,#5909,.T.);
#5907 = VERTEX_POINT('',#5908);
#5908 = CARTESIAN_POINT('',(-4.800000038329,-2.939999942508,1.8045965208
    ));
#5909 = B_SPLINE_CURVE_WITH_KNOTS('',3,(#5910,#5911,#5912,#5913,#5914),
  .UNSPECIFIED.,.F.,.F.,(4,1,4),(0.,0.5,1.),.QUASI_UNIFORM_KNOTS.);
#5910 = CARTESIAN_POINT('',(-4.800000038329,-2.939999942508,1.8045965208
    ));
#5911 = CARTESIAN_POINT('',(-4.800000038329,-3.012048386425,
    1.776693552484));
#5912 = CARTESIAN_POINT('',(-4.800000263029,-3.150769055143,
    1.722783180692));
#5913 = CARTESIAN_POINT('',(-4.799999435612,-3.278719817103,
    1.67261854419));
#5914 = CARTESIAN_POINT('',(-4.799999435612,-3.340000687802,
    1.648467589077));
#5915 = ORIENTED_EDGE('',*,*,#5916,.F.);
#5916 = EDGE_CURVE('',#415,#5907,#5917,.T.);
#5917 = CIRCLE('',#5918,0.799999327477);
#5918 = AXIS2_PLACEMENT_3D('',#5919,#5920,#5921);
#5919 = CARTESIAN_POINT('',(-5.000004103517,-2.940001387602,
    1.030000674913));
#5920 = DIRECTION('',(0.,1.,0.));
#5921 = DIRECTION('',(-0.249995395391,0.,0.968247025445));
#5922 = CONICAL_SURFACE('',#5923,0.725003074591,0.358755220162);
#5923 = AXIS2_PLACEMENT_3D('',#5924,#5925,#5926);
#5924 = CARTESIAN_POINT('',(-5.000004103517,-3.140000794032,
    1.030000674913));
#5925 = DIRECTION('',(-0.,1.,0.));
#5926 = DIRECTION('',(0.,0.,-1.));
#5927 = ADVANCED_FACE('',(#5928),#6064,.T.);
#5928 = FACE_BOUND('',#5929,.T.);
#5929 = EDGE_LOOP('',(#5930,#5940,#5949,#5957,#5966,#5974,#5983,#5991,
    #5998,#5999,#6007,#6016,#6024,#6033,#6041,#6050,#6056,#6057));
#5930 = ORIENTED_EDGE('',*,*,#5931,.T.);
#5931 = EDGE_CURVE('',#5932,#5934,#5936,.T.);
#5932 = VERTEX_POINT('',#5933);
#5933 = CARTESIAN_POINT('',(5.200003308571,-3.340000586781,
    0.411532373861));
#5934 = VERTEX_POINT('',#5935);
#5935 = CARTESIAN_POINT('',(5.2,-3.34,0.63));
#5936 = LINE('',#5937,#5938);
#5937 = CARTESIAN_POINT('',(5.200003308571,-3.340000586781,
    0.411532373861));
#5938 = VECTOR('',#5939,1.);
#5939 = DIRECTION('',(-1.514444339022E-05,2.685895214631E-06,
    0.999999999882));
#5940 = ORIENTED_EDGE('',*,*,#5941,.T.);
#5941 = EDGE_CURVE('',#5934,#5942,#5944,.T.);
#5942 = VERTEX_POINT('',#5943);
#5943 = CARTESIAN_POINT('',(5.4,-3.34,0.83));
#5944 = CIRCLE('',#5945,0.2);
#5945 = AXIS2_PLACEMENT_3D('',#5946,#5947,#5948);
#5946 = CARTESIAN_POINT('',(5.4,-3.34,0.63));
#5947 = DIRECTION('',(0.,1.,0.));
#5948 = DIRECTION('',(-1.,0.,-4.662936703426E-14));
#5949 = ORIENTED_EDGE('',*,*,#5950,.T.);
#5950 = EDGE_CURVE('',#5942,#5951,#5953,.T.);
#5951 = VERTEX_POINT('',#5952);
#5952 = CARTESIAN_POINT('',(5.618467589077,-3.340000687802,
    0.829999435613));
#5953 = LINE('',#5954,#5955);
#5954 = CARTESIAN_POINT('',(5.4,-3.34,0.83));
#5955 = VECTOR('',#5956,1.);
#5956 = DIRECTION('',(0.999999999992,-3.148300016995E-06,
    -2.583392468654E-06));
#5957 = ORIENTED_EDGE('',*,*,#5958,.T.);
#5958 = EDGE_CURVE('',#5951,#5959,#5961,.T.);
#5959 = VERTEX_POINT('',#5960);
#5960 = CARTESIAN_POINT('',(5.618467626139,-3.340000586781,
    1.230003308571));
#5961 = CIRCLE('',#5962,0.650006896875);
#5962 = AXIS2_PLACEMENT_3D('',#5963,#5964,#5965);
#5963 = CARTESIAN_POINT('',(5.000000674913,-3.34,1.030004103517));
#5964 = DIRECTION('',(0.,-1.,0.));
#5965 = DIRECTION('',(0.951483967028,0.,-0.30769832708));
#5966 = ORIENTED_EDGE('',*,*,#5967,.T.);
#5967 = EDGE_CURVE('',#5959,#5968,#5970,.T.);
#5968 = VERTEX_POINT('',#5969);
#5969 = CARTESIAN_POINT('',(5.4,-3.34,1.23));
#5970 = LINE('',#5971,#5972);
#5971 = CARTESIAN_POINT('',(5.618467626139,-3.340000586781,
    1.230003308571));
#5972 = VECTOR('',#5973,1.);
#5973 = DIRECTION('',(-0.999999999882,2.68589525122E-06,
    -1.514444339123E-05));
#5974 = ORIENTED_EDGE('',*,*,#5975,.T.);
#5975 = EDGE_CURVE('',#5968,#5976,#5978,.T.);
#5976 = VERTEX_POINT('',#5977);
#5977 = CARTESIAN_POINT('',(5.2,-3.34,1.43));
#5978 = CIRCLE('',#5979,0.2);
#5979 = AXIS2_PLACEMENT_3D('',#5980,#5981,#5982);
#5980 = CARTESIAN_POINT('',(5.4,-3.34,1.43));
#5981 = DIRECTION('',(0.,1.,0.));
#5982 = DIRECTION('',(0.,0.,-1.));
#5983 = ORIENTED_EDGE('',*,*,#5984,.T.);
#5984 = EDGE_CURVE('',#5976,#5985,#5987,.T.);
#5985 = VERTEX_POINT('',#5986);
#5986 = CARTESIAN_POINT('',(5.200000564388,-3.340000687802,
    1.648467589077));
#5987 = LINE('',#5988,#5989);
#5988 = CARTESIAN_POINT('',(5.2,-3.34,1.43));
#5989 = VECTOR('',#5990,1.);
#5990 = DIRECTION('',(2.58339247272E-06,-3.148300016995E-06,
    0.999999999992));
#5991 = ORIENTED_EDGE('',*,*,#5992,.T.);
#5992 = EDGE_CURVE('',#5985,#329,#5993,.T.);
#5993 = CIRCLE('',#5994,0.650006896875);
#5994 = AXIS2_PLACEMENT_3D('',#5995,#5996,#5997);
#5995 = CARTESIAN_POINT('',(4.999995896482,-3.34,1.030000674913));
#5996 = DIRECTION('',(0.,-1.,0.));
#5997 = DIRECTION('',(0.30769832708,0.,0.951483967028));
#5998 = ORIENTED_EDGE('',*,*,#355,.T.);
#5999 = ORIENTED_EDGE('',*,*,#6000,.T.);
#6000 = EDGE_CURVE('',#346,#6001,#6003,.T.);
#6001 = VERTEX_POINT('',#6002);
#6002 = CARTESIAN_POINT('',(4.8,-3.34,1.43));
#6003 = LINE('',#6004,#6005);
#6004 = CARTESIAN_POINT('',(4.799996691429,-3.340000586781,
    1.648467626139));
#6005 = VECTOR('',#6006,1.);
#6006 = DIRECTION('',(1.514444339835E-05,2.685895222762E-06,
    -0.999999999882));
#6007 = ORIENTED_EDGE('',*,*,#6008,.T.);
#6008 = EDGE_CURVE('',#6001,#6009,#6011,.T.);
#6009 = VERTEX_POINT('',#6010);
#6010 = CARTESIAN_POINT('',(4.6,-3.34,1.23));
#6011 = CIRCLE('',#6012,0.2);
#6012 = AXIS2_PLACEMENT_3D('',#6013,#6014,#6015);
#6013 = CARTESIAN_POINT('',(4.6,-3.34,1.43));
#6014 = DIRECTION('',(-0.,1.,0.));
#6015 = DIRECTION('',(1.,0.,4.440892098501E-14));
#6016 = ORIENTED_EDGE('',*,*,#6017,.T.);
#6017 = EDGE_CURVE('',#6009,#6018,#6020,.T.);
#6018 = VERTEX_POINT('',#6019);
#6019 = CARTESIAN_POINT('',(4.381532410923,-3.340000687802,
    1.230000564388));
#6020 = LINE('',#6021,#6022);
#6021 = CARTESIAN_POINT('',(4.6,-3.34,1.23));
#6022 = VECTOR('',#6023,1.);
#6023 = DIRECTION('',(-0.999999999992,-3.148300016995E-06,
    2.583392467638E-06));
#6024 = ORIENTED_EDGE('',*,*,#6025,.T.);
#6025 = EDGE_CURVE('',#6018,#6026,#6028,.T.);
#6026 = VERTEX_POINT('',#6027);
#6027 = CARTESIAN_POINT('',(4.381532373861,-3.340000586781,
    0.829996691429));
#6028 = CIRCLE('',#6029,0.650006896875);
#6029 = AXIS2_PLACEMENT_3D('',#6030,#6031,#6032);
#6030 = CARTESIAN_POINT('',(4.999999325087,-3.34,1.029995896483));
#6031 = DIRECTION('',(0.,-1.,0.));
#6032 = DIRECTION('',(-0.951483967028,0.,0.30769832708));
#6033 = ORIENTED_EDGE('',*,*,#6034,.T.);
#6034 = EDGE_CURVE('',#6026,#6035,#6037,.T.);
#6035 = VERTEX_POINT('',#6036);
#6036 = CARTESIAN_POINT('',(4.6,-3.34,0.83));
#6037 = LINE('',#6038,#6039);
#6038 = CARTESIAN_POINT('',(4.381532373861,-3.340000586781,
    0.829996691429));
#6039 = VECTOR('',#6040,1.);
#6040 = DIRECTION('',(0.999999999882,2.685895133321E-06,
    1.51444433953E-05));
#6041 = ORIENTED_EDGE('',*,*,#6042,.T.);
#6042 = EDGE_CURVE('',#6035,#6043,#6045,.T.);
#6043 = VERTEX_POINT('',#6044);
#6044 = CARTESIAN_POINT('',(4.8,-3.34,0.63));
#6045 = CIRCLE('',#6046,0.2);
#6046 = AXIS2_PLACEMENT_3D('',#6047,#6048,#6049);
#6047 = CARTESIAN_POINT('',(4.6,-3.34,0.63));
#6048 = DIRECTION('',(0.,1.,0.));
#6049 = DIRECTION('',(0.,-0.,1.));
#6050 = ORIENTED_EDGE('',*,*,#6051,.T.);
#6051 = EDGE_CURVE('',#6043,#381,#6052,.T.);
#6052 = LINE('',#6053,#6054);
#6053 = CARTESIAN_POINT('',(4.8,-3.34,0.63));
#6054 = VECTOR('',#6055,1.);
#6055 = DIRECTION('',(-2.583392464589E-06,-3.148300016995E-06,
    -0.999999999992));
#6056 = ORIENTED_EDGE('',*,*,#380,.T.);
#6057 = ORIENTED_EDGE('',*,*,#6058,.T.);
#6058 = EDGE_CURVE('',#371,#5932,#6059,.T.);
#6059 = CIRCLE('',#6060,0.650006896875);
#6060 = AXIS2_PLACEMENT_3D('',#6061,#6062,#6063);
#6061 = CARTESIAN_POINT('',(5.000004103518,-3.34,1.029999325087));
#6062 = DIRECTION('',(0.,-1.,-0.));
#6063 = DIRECTION('',(-0.30769832708,0.,-0.951483967028));
#6064 = PLANE('',#6065);
#6065 = AXIS2_PLACEMENT_3D('',#6066,#6067,#6068);
#6066 = CARTESIAN_POINT('',(-6.72,-3.34,4.23));
#6067 = DIRECTION('',(0.,-1.,0.));
#6068 = DIRECTION('',(0.,0.,-1.));
#6069 = ADVANCED_FACE('',(#6070),#6191,.T.);
#6070 = FACE_BOUND('',#6071,.T.);
#6071 = EDGE_LOOP('',(#6072,#6073,#6082,#6090,#6099,#6107,#6116,#6122,
    #6123,#6132,#6140,#6149,#6157,#6166,#6174,#6183,#6189,#6190));
#6072 = ORIENTED_EDGE('',*,*,#5881,.T.);
#6073 = ORIENTED_EDGE('',*,*,#6074,.T.);
#6074 = EDGE_CURVE('',#5874,#6075,#6077,.T.);
#6075 = VERTEX_POINT('',#6076);
#6076 = CARTESIAN_POINT('',(-5.4,-3.34,1.23));
#6077 = CIRCLE('',#6078,0.2);
#6078 = AXIS2_PLACEMENT_3D('',#6079,#6080,#6081);
#6079 = CARTESIAN_POINT('',(-5.4,-3.34,1.43));
#6080 = DIRECTION('',(-0.,1.,0.));
#6081 = DIRECTION('',(1.,0.,0.));
#6082 = ORIENTED_EDGE('',*,*,#6083,.T.);
#6083 = EDGE_CURVE('',#6075,#6084,#6086,.T.);
#6084 = VERTEX_POINT('',#6085);
#6085 = CARTESIAN_POINT('',(-5.618467589077,-3.340000687802,
    1.230000564388));
#6086 = LINE('',#6087,#6088);
#6087 = CARTESIAN_POINT('',(-5.4,-3.34,1.23));
#6088 = VECTOR('',#6089,1.);
#6089 = DIRECTION('',(-0.999999999992,-3.148300016995E-06,
    2.583392467638E-06));
#6090 = ORIENTED_EDGE('',*,*,#6091,.T.);
#6091 = EDGE_CURVE('',#6084,#6092,#6094,.T.);
#6092 = VERTEX_POINT('',#6093);
#6093 = CARTESIAN_POINT('',(-5.618467626139,-3.340000586781,
    0.829996691429));
#6094 = CIRCLE('',#6095,0.650006896875);
#6095 = AXIS2_PLACEMENT_3D('',#6096,#6097,#6098);
#6096 = CARTESIAN_POINT('',(-5.000000674913,-3.34,1.029995896483));
#6097 = DIRECTION('',(0.,-1.,0.));
#6098 = DIRECTION('',(-0.951483967028,0.,0.30769832708));
#6099 = ORIENTED_EDGE('',*,*,#6100,.T.);
#6100 = EDGE_CURVE('',#6092,#6101,#6103,.T.);
#6101 = VERTEX_POINT('',#6102);
#6102 = CARTESIAN_POINT('',(-5.4,-3.34,0.83));
#6103 = LINE('',#6104,#6105);
#6104 = CARTESIAN_POINT('',(-5.618467626139,-3.340000586781,
    0.829996691429));
#6105 = VECTOR('',#6106,1.);
#6106 = DIRECTION('',(0.999999999882,2.685895316268E-06,
    1.514444338615E-05));
#6107 = ORIENTED_EDGE('',*,*,#6108,.T.);
#6108 = EDGE_CURVE('',#6101,#6109,#6111,.T.);
#6109 = VERTEX_POINT('',#6110);
#6110 = CARTESIAN_POINT('',(-5.2,-3.34,0.63));
#6111 = CIRCLE('',#6112,0.2);
#6112 = AXIS2_PLACEMENT_3D('',#6113,#6114,#6115);
#6113 = CARTESIAN_POINT('',(-5.4,-3.34,0.63));
#6114 = DIRECTION('',(0.,1.,0.));
#6115 = DIRECTION('',(0.,-0.,1.));
#6116 = ORIENTED_EDGE('',*,*,#6117,.T.);
#6117 = EDGE_CURVE('',#6109,#167,#6118,.T.);
#6118 = LINE('',#6119,#6120);
#6119 = CARTESIAN_POINT('',(-5.2,-3.34,0.63));
#6120 = VECTOR('',#6121,1.);
#6121 = DIRECTION('',(-2.583392468654E-06,-3.148300016995E-06,
    -0.999999999992));
#6122 = ORIENTED_EDGE('',*,*,#166,.T.);
#6123 = ORIENTED_EDGE('',*,*,#6124,.T.);
#6124 = EDGE_CURVE('',#157,#6125,#6127,.T.);
#6125 = VERTEX_POINT('',#6126);
#6126 = CARTESIAN_POINT('',(-4.799996691429,-3.340000586781,
    0.411532373861));
#6127 = CIRCLE('',#6128,0.650006896875);
#6128 = AXIS2_PLACEMENT_3D('',#6129,#6130,#6131);
#6129 = CARTESIAN_POINT('',(-4.999995896482,-3.34,1.029999325087));
#6130 = DIRECTION('',(0.,-1.,-0.));
#6131 = DIRECTION('',(-0.30769832708,0.,-0.951483967028));
#6132 = ORIENTED_EDGE('',*,*,#6133,.T.);
#6133 = EDGE_CURVE('',#6125,#6134,#6136,.T.);
#6134 = VERTEX_POINT('',#6135);
#6135 = CARTESIAN_POINT('',(-4.8,-3.34,0.63));
#6136 = LINE('',#6137,#6138);
#6137 = CARTESIAN_POINT('',(-4.799996691429,-3.340000586781,
    0.411532373861));
#6138 = VECTOR('',#6139,1.);
#6139 = DIRECTION('',(-1.514444338209E-05,2.685895511412E-06,
    0.999999999882));
#6140 = ORIENTED_EDGE('',*,*,#6141,.T.);
#6141 = EDGE_CURVE('',#6134,#6142,#6144,.T.);
#6142 = VERTEX_POINT('',#6143);
#6143 = CARTESIAN_POINT('',(-4.6,-3.34,0.83));
#6144 = CIRCLE('',#6145,0.2);
#6145 = AXIS2_PLACEMENT_3D('',#6146,#6147,#6148);
#6146 = CARTESIAN_POINT('',(-4.6,-3.34,0.63));
#6147 = DIRECTION('',(0.,1.,0.));
#6148 = DIRECTION('',(-1.,0.,-1.110223024625E-14));
#6149 = ORIENTED_EDGE('',*,*,#6150,.T.);
#6150 = EDGE_CURVE('',#6142,#6151,#6153,.T.);
#6151 = VERTEX_POINT('',#6152);
#6152 = CARTESIAN_POINT('',(-4.381532410923,-3.340000687802,
    0.829999435613));
#6153 = LINE('',#6154,#6155);
#6154 = CARTESIAN_POINT('',(-4.6,-3.34,0.83));
#6155 = VECTOR('',#6156,1.);
#6156 = DIRECTION('',(0.999999999992,-3.148300016995E-06,
    -2.583392467129E-06));
#6157 = ORIENTED_EDGE('',*,*,#6158,.T.);
#6158 = EDGE_CURVE('',#6151,#6159,#6161,.T.);
#6159 = VERTEX_POINT('',#6160);
#6160 = CARTESIAN_POINT('',(-4.381532373861,-3.340000586781,
    1.230003308571));
#6161 = CIRCLE('',#6162,0.650006896874);
#6162 = AXIS2_PLACEMENT_3D('',#6163,#6164,#6165);
#6163 = CARTESIAN_POINT('',(-4.999999325087,-3.34,1.030004103517));
#6164 = DIRECTION('',(0.,-1.,0.));
#6165 = DIRECTION('',(0.951483967028,0.,-0.30769832708));
#6166 = ORIENTED_EDGE('',*,*,#6167,.T.);
#6167 = EDGE_CURVE('',#6159,#6168,#6170,.T.);
#6168 = VERTEX_POINT('',#6169);
#6169 = CARTESIAN_POINT('',(-4.6,-3.34,1.23));
#6170 = LINE('',#6171,#6172);
#6171 = CARTESIAN_POINT('',(-4.381532373861,-3.340000586781,
    1.230003308571));
#6172 = VECTOR('',#6173,1.);
#6173 = DIRECTION('',(-0.999999999882,2.685895192271E-06,
    -1.51444433892E-05));
#6174 = ORIENTED_EDGE('',*,*,#6175,.T.);
#6175 = EDGE_CURVE('',#6168,#6176,#6178,.T.);
#6176 = VERTEX_POINT('',#6177);
#6177 = CARTESIAN_POINT('',(-4.8,-3.34,1.43));
#6178 = CIRCLE('',#6179,0.2);
#6179 = AXIS2_PLACEMENT_3D('',#6180,#6181,#6182);
#6180 = CARTESIAN_POINT('',(-4.6,-3.34,1.43));
#6181 = DIRECTION('',(0.,1.,0.));
#6182 = DIRECTION('',(0.,0.,-1.));
#6183 = ORIENTED_EDGE('',*,*,#6184,.T.);
#6184 = EDGE_CURVE('',#6176,#5898,#6185,.T.);
#6185 = LINE('',#6186,#6187);
#6186 = CARTESIAN_POINT('',(-4.8,-3.34,1.43));
#6187 = VECTOR('',#6188,1.);
#6188 = DIRECTION('',(2.583392464589E-06,-3.148300016995E-06,
    0.999999999992));
#6189 = ORIENTED_EDGE('',*,*,#5897,.T.);
#6190 = ORIENTED_EDGE('',*,*,#443,.T.);
#6191 = PLANE('',#6192);
#6192 = AXIS2_PLACEMENT_3D('',#6193,#6194,#6195);
#6193 = CARTESIAN_POINT('',(-6.72,-3.34,4.23));
#6194 = DIRECTION('',(0.,-1.,0.));
#6195 = DIRECTION('',(0.,0.,-1.));
#6196 = ADVANCED_FACE('',(#6197),#6218,.T.);
#6197 = FACE_BOUND('',#6198,.T.);
#6198 = EDGE_LOOP('',(#6199,#6200,#6209,#6217));
#6199 = ORIENTED_EDGE('',*,*,#370,.T.);
#6200 = ORIENTED_EDGE('',*,*,#6201,.F.);
#6201 = EDGE_CURVE('',#6202,#373,#6204,.T.);
#6202 = VERTEX_POINT('',#6203);
#6203 = CARTESIAN_POINT('',(5.200002705839,-2.939999841553,
    0.255403442294));
#6204 = CIRCLE('',#6205,0.799999327477);
#6205 = AXIS2_PLACEMENT_3D('',#6206,#6207,#6208);
#6206 = CARTESIAN_POINT('',(5.000004103518,-2.940001387602,
    1.029999325087));
#6207 = DIRECTION('',(0.,1.,0.));
#6208 = DIRECTION('',(0.249995395391,0.,-0.968247025445));
#6209 = ORIENTED_EDGE('',*,*,#6210,.F.);
#6210 = EDGE_CURVE('',#5932,#6202,#6211,.T.);
#6211 = B_SPLINE_CURVE_WITH_KNOTS('',3,(#6212,#6213,#6214,#6215,#6216),
  .UNSPECIFIED.,.F.,.F.,(4,1,4),(0.,0.5,1.),.QUASI_UNIFORM_KNOTS.);
#6212 = CARTESIAN_POINT('',(5.200003308571,-3.340000586781,
    0.411532373861));
#6213 = CARTESIAN_POINT('',(5.200003308571,-3.278662435995,
    0.387358844631));
#6214 = CARTESIAN_POINT('',(5.199996992795,-3.150654435935,
    0.337172112878));
#6215 = CARTESIAN_POINT('',(5.200002705839,-3.011990872723,
    0.283284175736));
#6216 = CARTESIAN_POINT('',(5.200002705839,-2.939999841553,
    0.255403442294));
#6217 = ORIENTED_EDGE('',*,*,#6058,.F.);
#6218 = CONICAL_SURFACE('',#6219,0.725003074591,0.358755220162);
#6219 = AXIS2_PLACEMENT_3D('',#6220,#6221,#6222);
#6220 = CARTESIAN_POINT('',(5.000004103518,-3.140000794032,
    1.029999325087));
#6221 = DIRECTION('',(-0.,1.,0.));
#6222 = DIRECTION('',(0.,0.,-1.));
#6223 = ADVANCED_FACE('',(#6224),#6241,.T.);
#6224 = FACE_BOUND('',#6225,.T.);
#6225 = EDGE_LOOP('',(#6226,#6232,#6233,#6239,#6240));
#6226 = ORIENTED_EDGE('',*,*,#6227,.F.);
#6227 = EDGE_CURVE('',#745,#6202,#6228,.T.);
#6228 = LINE('',#6229,#6230);
#6229 = CARTESIAN_POINT('',(5.2,-1.74,0.255403330759));
#6230 = VECTOR('',#6231,1.);
#6231 = DIRECTION('',(2.254865814992E-06,-0.999999999997,
    9.294607645083E-08));
#6232 = ORIENTED_EDGE('',*,*,#744,.T.);
#6233 = ORIENTED_EDGE('',*,*,#6234,.T.);
#6234 = EDGE_CURVE('',#736,#5934,#6235,.T.);
#6235 = LINE('',#6236,#6237);
#6236 = CARTESIAN_POINT('',(5.2,-1.74,0.63));
#6237 = VECTOR('',#6238,1.);
#6238 = DIRECTION('',(0.,-1.,0.));
#6239 = ORIENTED_EDGE('',*,*,#5931,.F.);
#6240 = ORIENTED_EDGE('',*,*,#6210,.T.);
#6241 = PLANE('',#6242);
#6242 = AXIS2_PLACEMENT_3D('',#6243,#6244,#6245);
#6243 = CARTESIAN_POINT('',(5.2,-1.74,0.255403330759));
#6244 = DIRECTION('',(1.,0.,0.));
#6245 = DIRECTION('',(-0.,1.,0.));
#6246 = ADVANCED_FACE('',(#6247),#6258,.F.);
#6247 = FACE_BOUND('',#6248,.F.);
#6248 = EDGE_LOOP('',(#6249,#6250,#6251,#6252));
#6249 = ORIENTED_EDGE('',*,*,#735,.T.);
#6250 = ORIENTED_EDGE('',*,*,#6234,.T.);
#6251 = ORIENTED_EDGE('',*,*,#5941,.T.);
#6252 = ORIENTED_EDGE('',*,*,#6253,.F.);
#6253 = EDGE_CURVE('',#728,#5942,#6254,.T.);
#6254 = LINE('',#6255,#6256);
#6255 = CARTESIAN_POINT('',(5.4,-1.74,0.83));
#6256 = VECTOR('',#6257,1.);
#6257 = DIRECTION('',(0.,-1.,0.));
#6258 = CYLINDRICAL_SURFACE('',#6259,0.2);
#6259 = AXIS2_PLACEMENT_3D('',#6260,#6261,#6262);
#6260 = CARTESIAN_POINT('',(5.4,-1.74,0.63));
#6261 = DIRECTION('',(0.,1.,-0.));
#6262 = DIRECTION('',(1.,0.,0.));
#6263 = ADVANCED_FACE('',(#6264),#6285,.T.);
#6264 = FACE_BOUND('',#6265,.T.);
#6265 = EDGE_LOOP('',(#6266,#6267,#6268,#6269,#6277));
#6266 = ORIENTED_EDGE('',*,*,#5950,.F.);
#6267 = ORIENTED_EDGE('',*,*,#6253,.F.);
#6268 = ORIENTED_EDGE('',*,*,#727,.T.);
#6269 = ORIENTED_EDGE('',*,*,#6270,.T.);
#6270 = EDGE_CURVE('',#719,#6271,#6273,.T.);
#6271 = VERTEX_POINT('',#6272);
#6272 = CARTESIAN_POINT('',(5.7745965208,-2.939999942508,0.830000038329)
  );
#6273 = LINE('',#6274,#6275);
#6274 = CARTESIAN_POINT('',(5.774596669241,-1.74,0.83));
#6275 = VECTOR('',#6276,1.);
#6276 = DIRECTION('',(-1.237010960384E-07,-1.,3.194046846827E-08));
#6277 = ORIENTED_EDGE('',*,*,#6278,.T.);
#6278 = EDGE_CURVE('',#6271,#5951,#6279,.T.);
#6279 = B_SPLINE_CURVE_WITH_KNOTS('',3,(#6280,#6281,#6282,#6283,#6284),
  .UNSPECIFIED.,.F.,.F.,(4,1,4),(0.,0.5,1.),.QUASI_UNIFORM_KNOTS.);
#6280 = CARTESIAN_POINT('',(5.7745965208,-2.939999942508,0.830000038329)
  );
#6281 = CARTESIAN_POINT('',(5.746687351907,-3.012064396979,
    0.830000038329));
#6282 = CARTESIAN_POINT('',(5.692770702705,-3.150801046688,0.83000026303
    ));
#6283 = CARTESIAN_POINT('',(5.642612248973,-3.27873579065,0.829999435613
    ));
#6284 = CARTESIAN_POINT('',(5.618467589077,-3.340000687802,
    0.829999435613));
#6285 = PLANE('',#6286);
#6286 = AXIS2_PLACEMENT_3D('',#6287,#6288,#6289);
#6287 = CARTESIAN_POINT('',(5.4,-1.74,0.83));
#6288 = DIRECTION('',(0.,0.,-1.));
#6289 = DIRECTION('',(0.,-1.,0.));
#6290 = ADVANCED_FACE('',(#6291),#6311,.T.);
#6291 = FACE_BOUND('',#6292,.T.);
#6292 = EDGE_LOOP('',(#6293,#6294,#6301,#6302,#6310));
#6293 = ORIENTED_EDGE('',*,*,#6278,.F.);
#6294 = ORIENTED_EDGE('',*,*,#6295,.F.);
#6295 = EDGE_CURVE('',#245,#6271,#6296,.T.);
#6296 = CIRCLE('',#6297,0.799999327477);
#6297 = AXIS2_PLACEMENT_3D('',#6298,#6299,#6300);
#6298 = CARTESIAN_POINT('',(5.000000674913,-2.940001387602,
    1.030004103517));
#6299 = DIRECTION('',(-0.,1.,0.));
#6300 = DIRECTION('',(0.968247025445,0.,0.249995395391));
#6301 = ORIENTED_EDGE('',*,*,#269,.F.);
#6302 = ORIENTED_EDGE('',*,*,#6303,.F.);
#6303 = EDGE_CURVE('',#5959,#262,#6304,.T.);
#6304 = B_SPLINE_CURVE_WITH_KNOTS('',3,(#6305,#6306,#6307,#6308,#6309),
  .UNSPECIFIED.,.F.,.F.,(4,1,4),(0.,0.5,1.),.QUASI_UNIFORM_KNOTS.);
#6305 = CARTESIAN_POINT('',(5.618467626139,-3.340000586781,
    1.230003308571));
#6306 = CARTESIAN_POINT('',(5.642604204616,-3.2787561952,1.230003308571)
  );
#6307 = CARTESIAN_POINT('',(5.692754645759,-3.150842215298,
    1.229996992795));
#6308 = CARTESIAN_POINT('',(5.746679429013,-3.012084849148,
    1.230002705839));
#6309 = CARTESIAN_POINT('',(5.774596557706,-2.939999841553,
    1.230002705839));
#6310 = ORIENTED_EDGE('',*,*,#5958,.F.);
#6311 = CONICAL_SURFACE('',#6312,0.725003074591,0.358755220162);
#6312 = AXIS2_PLACEMENT_3D('',#6313,#6314,#6315);
#6313 = CARTESIAN_POINT('',(5.000000674913,-3.140000794031,
    1.030004103517));
#6314 = DIRECTION('',(-0.,1.,0.));
#6315 = DIRECTION('',(0.,0.,-1.));
#6316 = ADVANCED_FACE('',(#6317),#6329,.T.);
#6317 = FACE_BOUND('',#6318,.T.);
#6318 = EDGE_LOOP('',(#6319,#6320,#6321,#6327,#6328));
#6319 = ORIENTED_EDGE('',*,*,#261,.F.);
#6320 = ORIENTED_EDGE('',*,*,#711,.T.);
#6321 = ORIENTED_EDGE('',*,*,#6322,.T.);
#6322 = EDGE_CURVE('',#703,#5968,#6323,.T.);
#6323 = LINE('',#6324,#6325);
#6324 = CARTESIAN_POINT('',(5.4,-1.74,1.23));
#6325 = VECTOR('',#6326,1.);
#6326 = DIRECTION('',(0.,-1.,0.));
#6327 = ORIENTED_EDGE('',*,*,#5967,.F.);
#6328 = ORIENTED_EDGE('',*,*,#6303,.T.);
#6329 = PLANE('',#6330);
#6330 = AXIS2_PLACEMENT_3D('',#6331,#6332,#6333);
#6331 = CARTESIAN_POINT('',(5.774596669241,-1.74,1.23));
#6332 = DIRECTION('',(0.,0.,1.));
#6333 = DIRECTION('',(1.,0.,-0.));
#6334 = ADVANCED_FACE('',(#6335),#6346,.F.);
#6335 = FACE_BOUND('',#6336,.F.);
#6336 = EDGE_LOOP('',(#6337,#6338,#6339,#6340));
#6337 = ORIENTED_EDGE('',*,*,#702,.T.);
#6338 = ORIENTED_EDGE('',*,*,#6322,.T.);
#6339 = ORIENTED_EDGE('',*,*,#5975,.T.);
#6340 = ORIENTED_EDGE('',*,*,#6341,.F.);
#6341 = EDGE_CURVE('',#693,#5976,#6342,.T.);
#6342 = LINE('',#6343,#6344);
#6343 = CARTESIAN_POINT('',(5.2,-1.74,1.43));
#6344 = VECTOR('',#6345,1.);
#6345 = DIRECTION('',(0.,-1.,0.));
#6346 = CYLINDRICAL_SURFACE('',#6347,0.2);
#6347 = AXIS2_PLACEMENT_3D('',#6348,#6349,#6350);
#6348 = CARTESIAN_POINT('',(5.4,-1.74,1.43));
#6349 = DIRECTION('',(0.,1.,-0.));
#6350 = DIRECTION('',(1.,0.,0.));
#6351 = ADVANCED_FACE('',(#6352),#6373,.T.);
#6352 = FACE_BOUND('',#6353,.T.);
#6353 = EDGE_LOOP('',(#6354,#6355,#6356,#6357,#6365));
#6354 = ORIENTED_EDGE('',*,*,#5984,.F.);
#6355 = ORIENTED_EDGE('',*,*,#6341,.F.);
#6356 = ORIENTED_EDGE('',*,*,#692,.T.);
#6357 = ORIENTED_EDGE('',*,*,#6358,.T.);
#6358 = EDGE_CURVE('',#695,#6359,#6361,.T.);
#6359 = VERTEX_POINT('',#6360);
#6360 = CARTESIAN_POINT('',(5.199999961671,-2.939999942508,1.8045965208)
  );
#6361 = LINE('',#6362,#6363);
#6362 = CARTESIAN_POINT('',(5.2,-1.74,1.804596669241));
#6363 = VECTOR('',#6364,1.);
#6364 = DIRECTION('',(-3.194046661789E-08,-1.,-1.237011273097E-07));
#6365 = ORIENTED_EDGE('',*,*,#6366,.T.);
#6366 = EDGE_CURVE('',#6359,#5985,#6367,.T.);
#6367 = B_SPLINE_CURVE_WITH_KNOTS('',3,(#6368,#6369,#6370,#6371,#6372),
  .UNSPECIFIED.,.F.,.F.,(4,1,4),(0.,0.5,1.),.QUASI_UNIFORM_KNOTS.);
#6368 = CARTESIAN_POINT('',(5.199999961671,-2.939999942508,1.8045965208)
  );
#6369 = CARTESIAN_POINT('',(5.199999961671,-3.012062862504,
    1.776687946179));
#6370 = CARTESIAN_POINT('',(5.199999736971,-3.150797980569,
    1.722771898615));
#6371 = CARTESIAN_POINT('',(5.200000564388,-3.278734259721,
    1.672612852316));
#6372 = CARTESIAN_POINT('',(5.200000564388,-3.340000687802,
    1.648467589077));
#6373 = PLANE('',#6374);
#6374 = AXIS2_PLACEMENT_3D('',#6375,#6376,#6377);
#6375 = CARTESIAN_POINT('',(5.2,-1.74,1.43));
#6376 = DIRECTION('',(1.,0.,0.));
#6377 = DIRECTION('',(-0.,1.,0.));
#6378 = ADVANCED_FACE('',(#6379),#6391,.T.);
#6379 = FACE_BOUND('',#6380,.T.);
#6380 = EDGE_LOOP('',(#6381,#6382,#6383,#6384));
#6381 = ORIENTED_EDGE('',*,*,#326,.T.);
#6382 = ORIENTED_EDGE('',*,*,#5992,.F.);
#6383 = ORIENTED_EDGE('',*,*,#6366,.F.);
#6384 = ORIENTED_EDGE('',*,*,#6385,.F.);
#6385 = EDGE_CURVE('',#327,#6359,#6386,.T.);
#6386 = CIRCLE('',#6387,0.799999327477);
#6387 = AXIS2_PLACEMENT_3D('',#6388,#6389,#6390);
#6388 = CARTESIAN_POINT('',(4.999995896482,-2.940001387602,
    1.030000674913));
#6389 = DIRECTION('',(0.,1.,0.));
#6390 = DIRECTION('',(-0.249995395391,0.,0.968247025445));
#6391 = CONICAL_SURFACE('',#6392,0.725003074591,0.358755220162);
#6392 = AXIS2_PLACEMENT_3D('',#6393,#6394,#6395);
#6393 = CARTESIAN_POINT('',(4.999995896482,-3.140000794032,
    1.030000674913));
#6394 = DIRECTION('',(-0.,1.,0.));
#6395 = DIRECTION('',(0.,0.,-1.));
#6396 = ADVANCED_FACE('',(#6397),#6414,.T.);
#6397 = FACE_BOUND('',#6398,.T.);
#6398 = EDGE_LOOP('',(#6399,#6405,#6406,#6412,#6413));
#6399 = ORIENTED_EDGE('',*,*,#6400,.F.);
#6400 = EDGE_CURVE('',#812,#337,#6401,.T.);
#6401 = LINE('',#6402,#6403);
#6402 = CARTESIAN_POINT('',(4.8,-1.74,1.804596669241));
#6403 = VECTOR('',#6404,1.);
#6404 = DIRECTION('',(-2.254865814252E-06,-0.999999999997,
    -9.29460768209E-08));
#6405 = ORIENTED_EDGE('',*,*,#811,.T.);
#6406 = ORIENTED_EDGE('',*,*,#6407,.T.);
#6407 = EDGE_CURVE('',#803,#6001,#6408,.T.);
#6408 = LINE('',#6409,#6410);
#6409 = CARTESIAN_POINT('',(4.8,-1.74,1.43));
#6410 = VECTOR('',#6411,1.);
#6411 = DIRECTION('',(0.,-1.,0.));
#6412 = ORIENTED_EDGE('',*,*,#6000,.F.);
#6413 = ORIENTED_EDGE('',*,*,#345,.T.);
#6414 = PLANE('',#6415);
#6415 = AXIS2_PLACEMENT_3D('',#6416,#6417,#6418);
#6416 = CARTESIAN_POINT('',(4.8,-1.74,1.804596669241));
#6417 = DIRECTION('',(-1.,0.,0.));
#6418 = DIRECTION('',(0.,0.,1.));
#6419 = ADVANCED_FACE('',(#6420),#6431,.F.);
#6420 = FACE_BOUND('',#6421,.F.);
#6421 = EDGE_LOOP('',(#6422,#6423,#6424,#6425));
#6422 = ORIENTED_EDGE('',*,*,#802,.T.);
#6423 = ORIENTED_EDGE('',*,*,#6407,.T.);
#6424 = ORIENTED_EDGE('',*,*,#6008,.T.);
#6425 = ORIENTED_EDGE('',*,*,#6426,.F.);
#6426 = EDGE_CURVE('',#795,#6009,#6427,.T.);
#6427 = LINE('',#6428,#6429);
#6428 = CARTESIAN_POINT('',(4.6,-1.74,1.23));
#6429 = VECTOR('',#6430,1.);
#6430 = DIRECTION('',(0.,-1.,0.));
#6431 = CYLINDRICAL_SURFACE('',#6432,0.2);
#6432 = AXIS2_PLACEMENT_3D('',#6433,#6434,#6435);
#6433 = CARTESIAN_POINT('',(4.6,-1.74,1.43));
#6434 = DIRECTION('',(0.,1.,-0.));
#6435 = DIRECTION('',(1.,0.,0.));
#6436 = ADVANCED_FACE('',(#6437),#6451,.T.);
#6437 = FACE_BOUND('',#6438,.T.);
#6438 = EDGE_LOOP('',(#6439,#6440,#6441,#6442,#6443));
#6439 = ORIENTED_EDGE('',*,*,#6017,.F.);
#6440 = ORIENTED_EDGE('',*,*,#6426,.F.);
#6441 = ORIENTED_EDGE('',*,*,#794,.T.);
#6442 = ORIENTED_EDGE('',*,*,#303,.T.);
#6443 = ORIENTED_EDGE('',*,*,#6444,.T.);
#6444 = EDGE_CURVE('',#295,#6018,#6445,.T.);
#6445 = B_SPLINE_CURVE_WITH_KNOTS('',3,(#6446,#6447,#6448,#6449,#6450),
  .UNSPECIFIED.,.F.,.F.,(4,1,4),(0.,0.5,1.),.QUASI_UNIFORM_KNOTS.);
#6446 = CARTESIAN_POINT('',(4.2254034792,-2.939999942508,1.229999961671)
  );
#6447 = CARTESIAN_POINT('',(4.253277708383,-3.011974178916,
    1.229999961671));
#6448 = CARTESIAN_POINT('',(4.307158985156,-3.150620777067,
    1.229999736971));
#6449 = CARTESIAN_POINT('',(4.357352278031,-3.27864578112,1.230000564388
    ));
#6450 = CARTESIAN_POINT('',(4.381532410923,-3.340000687802,
    1.230000564388));
#6451 = PLANE('',#6452);
#6452 = AXIS2_PLACEMENT_3D('',#6453,#6454,#6455);
#6453 = CARTESIAN_POINT('',(4.6,-1.74,1.23));
#6454 = DIRECTION('',(0.,0.,1.));
#6455 = DIRECTION('',(1.,0.,-0.));
#6456 = ADVANCED_FACE('',(#6457),#6479,.T.);
#6457 = FACE_BOUND('',#6458,.T.);
#6458 = EDGE_LOOP('',(#6459,#6460,#6461,#6470,#6478));
#6459 = ORIENTED_EDGE('',*,*,#6444,.F.);
#6460 = ORIENTED_EDGE('',*,*,#294,.F.);
#6461 = ORIENTED_EDGE('',*,*,#6462,.F.);
#6462 = EDGE_CURVE('',#6463,#285,#6465,.T.);
#6463 = VERTEX_POINT('',#6464);
#6464 = CARTESIAN_POINT('',(4.225403442294,-2.939999841553,
    0.829997294161));
#6465 = CIRCLE('',#6466,0.799999327477);
#6466 = AXIS2_PLACEMENT_3D('',#6467,#6468,#6469);
#6467 = CARTESIAN_POINT('',(4.999999325087,-2.940001387602,
    1.029995896483));
#6468 = DIRECTION('',(0.,1.,0.));
#6469 = DIRECTION('',(-0.968247025445,0.,-0.249995395391));
#6470 = ORIENTED_EDGE('',*,*,#6471,.F.);
#6471 = EDGE_CURVE('',#6026,#6463,#6472,.T.);
#6472 = B_SPLINE_CURVE_WITH_KNOTS('',3,(#6473,#6474,#6475,#6476,#6477),
  .UNSPECIFIED.,.F.,.F.,(4,1,4),(0.,0.5,1.),.QUASI_UNIFORM_KNOTS.);
#6473 = CARTESIAN_POINT('',(4.381532373861,-3.340000586781,
    0.829996691429));
#6474 = CARTESIAN_POINT('',(4.357345274018,-3.278628001788,
    0.829996691429));
#6475 = CARTESIAN_POINT('',(4.307145214244,-3.150585471627,
    0.830003007205));
#6476 = CARTESIAN_POINT('',(4.253270809138,-3.011956358739,
    0.829997294161));
#6477 = CARTESIAN_POINT('',(4.225403442294,-2.939999841553,
    0.829997294161));
#6478 = ORIENTED_EDGE('',*,*,#6025,.F.);
#6479 = CONICAL_SURFACE('',#6480,0.725003074591,0.358755220162);
#6480 = AXIS2_PLACEMENT_3D('',#6481,#6482,#6483);
#6481 = CARTESIAN_POINT('',(4.999999325087,-3.140000794031,
    1.029995896483));
#6482 = DIRECTION('',(-0.,1.,0.));
#6483 = DIRECTION('',(0.,0.,-1.));
#6484 = ADVANCED_FACE('',(#6485),#6502,.T.);
#6485 = FACE_BOUND('',#6486,.T.);
#6486 = EDGE_LOOP('',(#6487,#6493,#6494,#6500,#6501));
#6487 = ORIENTED_EDGE('',*,*,#6488,.F.);
#6488 = EDGE_CURVE('',#779,#6463,#6489,.T.);
#6489 = LINE('',#6490,#6491);
#6490 = CARTESIAN_POINT('',(4.225403330759,-1.74,0.83));
#6491 = VECTOR('',#6492,1.);
#6492 = DIRECTION('',(9.294601871924E-08,-0.999999999997,
    -2.254865812864E-06));
#6493 = ORIENTED_EDGE('',*,*,#778,.T.);
#6494 = ORIENTED_EDGE('',*,*,#6495,.T.);
#6495 = EDGE_CURVE('',#770,#6035,#6496,.T.);
#6496 = LINE('',#6497,#6498);
#6497 = CARTESIAN_POINT('',(4.6,-1.74,0.83));
#6498 = VECTOR('',#6499,1.);
#6499 = DIRECTION('',(0.,-1.,0.));
#6500 = ORIENTED_EDGE('',*,*,#6034,.F.);
#6501 = ORIENTED_EDGE('',*,*,#6471,.T.);
#6502 = PLANE('',#6503);
#6503 = AXIS2_PLACEMENT_3D('',#6504,#6505,#6506);
#6504 = CARTESIAN_POINT('',(4.225403330759,-1.74,0.83));
#6505 = DIRECTION('',(0.,0.,-1.));
#6506 = DIRECTION('',(0.,-1.,0.));
#6507 = ADVANCED_FACE('',(#6508),#6519,.F.);
#6508 = FACE_BOUND('',#6509,.F.);
#6509 = EDGE_LOOP('',(#6510,#6511,#6512,#6513));
#6510 = ORIENTED_EDGE('',*,*,#769,.T.);
#6511 = ORIENTED_EDGE('',*,*,#6495,.T.);
#6512 = ORIENTED_EDGE('',*,*,#6042,.T.);
#6513 = ORIENTED_EDGE('',*,*,#6514,.F.);
#6514 = EDGE_CURVE('',#762,#6043,#6515,.T.);
#6515 = LINE('',#6516,#6517);
#6516 = CARTESIAN_POINT('',(4.8,-1.74,0.63));
#6517 = VECTOR('',#6518,1.);
#6518 = DIRECTION('',(0.,-1.,0.));
#6519 = CYLINDRICAL_SURFACE('',#6520,0.2);
#6520 = AXIS2_PLACEMENT_3D('',#6521,#6522,#6523);
#6521 = CARTESIAN_POINT('',(4.6,-1.74,0.63));
#6522 = DIRECTION('',(0.,1.,-0.));
#6523 = DIRECTION('',(1.,0.,0.));
#6524 = ADVANCED_FACE('',(#6525),#6537,.T.);
#6525 = FACE_BOUND('',#6526,.T.);
#6526 = EDGE_LOOP('',(#6527,#6528,#6529,#6530,#6536));
#6527 = ORIENTED_EDGE('',*,*,#6051,.F.);
#6528 = ORIENTED_EDGE('',*,*,#6514,.F.);
#6529 = ORIENTED_EDGE('',*,*,#761,.T.);
#6530 = ORIENTED_EDGE('',*,*,#6531,.T.);
#6531 = EDGE_CURVE('',#753,#390,#6532,.T.);
#6532 = LINE('',#6533,#6534);
#6533 = CARTESIAN_POINT('',(4.8,-1.74,0.255403330759));
#6534 = VECTOR('',#6535,1.);
#6535 = DIRECTION('',(3.194046809819E-08,-1.,1.237011274485E-07));
#6536 = ORIENTED_EDGE('',*,*,#389,.T.);
#6537 = PLANE('',#6538);
#6538 = AXIS2_PLACEMENT_3D('',#6539,#6540,#6541);
#6539 = CARTESIAN_POINT('',(4.8,-1.74,0.63));
#6540 = DIRECTION('',(-1.,0.,0.));
#6541 = DIRECTION('',(0.,0.,1.));
#6542 = ADVANCED_FACE('',(#6543),#6550,.T.);
#6543 = FACE_BOUND('',#6544,.T.);
#6544 = EDGE_LOOP('',(#6545,#6546,#6547,#6548,#6549));
#6545 = ORIENTED_EDGE('',*,*,#6531,.F.);
#6546 = ORIENTED_EDGE('',*,*,#752,.T.);
#6547 = ORIENTED_EDGE('',*,*,#6227,.T.);
#6548 = ORIENTED_EDGE('',*,*,#6201,.T.);
#6549 = ORIENTED_EDGE('',*,*,#399,.T.);
#6550 = CYLINDRICAL_SURFACE('',#6551,0.8);
#6551 = AXIS2_PLACEMENT_3D('',#6552,#6553,#6554);
#6552 = CARTESIAN_POINT('',(5.,-1.74,1.03));
#6553 = DIRECTION('',(0.,1.,-0.));
#6554 = DIRECTION('',(1.,0.,0.));
#6555 = ADVANCED_FACE('',(#6556),#6562,.T.);
#6556 = FACE_BOUND('',#6557,.T.);
#6557 = EDGE_LOOP('',(#6558,#6559,#6560,#6561));
#6558 = ORIENTED_EDGE('',*,*,#284,.T.);
#6559 = ORIENTED_EDGE('',*,*,#786,.T.);
#6560 = ORIENTED_EDGE('',*,*,#6488,.T.);
#6561 = ORIENTED_EDGE('',*,*,#6462,.T.);
#6562 = CYLINDRICAL_SURFACE('',#6563,0.8);
#6563 = AXIS2_PLACEMENT_3D('',#6564,#6565,#6566);
#6564 = CARTESIAN_POINT('',(5.,-1.74,1.03));
#6565 = DIRECTION('',(0.,1.,-0.));
#6566 = DIRECTION('',(1.,0.,0.));
#6567 = ADVANCED_FACE('',(#6568),#6575,.T.);
#6568 = FACE_BOUND('',#6569,.T.);
#6569 = EDGE_LOOP('',(#6570,#6571,#6572,#6573,#6574));
#6570 = ORIENTED_EDGE('',*,*,#6358,.F.);
#6571 = ORIENTED_EDGE('',*,*,#819,.T.);
#6572 = ORIENTED_EDGE('',*,*,#6400,.T.);
#6573 = ORIENTED_EDGE('',*,*,#336,.T.);
#6574 = ORIENTED_EDGE('',*,*,#6385,.T.);
#6575 = CYLINDRICAL_SURFACE('',#6576,0.8);
#6576 = AXIS2_PLACEMENT_3D('',#6577,#6578,#6579);
#6577 = CARTESIAN_POINT('',(5.,-1.74,1.03));
#6578 = DIRECTION('',(0.,1.,-0.));
#6579 = DIRECTION('',(1.,0.,0.));
#6580 = ADVANCED_FACE('',(#6581),#6587,.T.);
#6581 = FACE_BOUND('',#6582,.T.);
#6582 = EDGE_LOOP('',(#6583,#6584,#6585,#6586));
#6583 = ORIENTED_EDGE('',*,*,#242,.T.);
#6584 = ORIENTED_EDGE('',*,*,#6295,.T.);
#6585 = ORIENTED_EDGE('',*,*,#6270,.F.);
#6586 = ORIENTED_EDGE('',*,*,#718,.T.);
#6587 = CYLINDRICAL_SURFACE('',#6588,0.8);
#6588 = AXIS2_PLACEMENT_3D('',#6589,#6590,#6591);
#6589 = CARTESIAN_POINT('',(5.,-1.74,1.03));
#6590 = DIRECTION('',(0.,1.,-0.));
#6591 = DIRECTION('',(1.,0.,0.));
#6592 = ADVANCED_FACE('',(#6593),#6610,.T.);
#6593 = FACE_BOUND('',#6594,.T.);
#6594 = EDGE_LOOP('',(#6595,#6596,#6602,#6603,#6609));
#6595 = ORIENTED_EDGE('',*,*,#6184,.F.);
#6596 = ORIENTED_EDGE('',*,*,#6597,.F.);
#6597 = EDGE_CURVE('',#568,#6176,#6598,.T.);
#6598 = LINE('',#6599,#6600);
#6599 = CARTESIAN_POINT('',(-4.8,-1.74,1.43));
#6600 = VECTOR('',#6601,1.);
#6601 = DIRECTION('',(0.,-1.,0.));
#6602 = ORIENTED_EDGE('',*,*,#567,.T.);
#6603 = ORIENTED_EDGE('',*,*,#6604,.T.);
#6604 = EDGE_CURVE('',#557,#5907,#6605,.T.);
#6605 = LINE('',#6606,#6607);
#6606 = CARTESIAN_POINT('',(-4.8,-1.74,1.804596669241));
#6607 = VECTOR('',#6608,1.);
#6608 = DIRECTION('',(-3.194046809819E-08,-1.,-1.237011274948E-07));
#6609 = ORIENTED_EDGE('',*,*,#5906,.T.);
#6610 = PLANE('',#6611);
#6611 = AXIS2_PLACEMENT_3D('',#6612,#6613,#6614);
#6612 = CARTESIAN_POINT('',(-4.8,-1.74,1.43));
#6613 = DIRECTION('',(1.,0.,0.));
#6614 = DIRECTION('',(-0.,1.,0.));
#6615 = ADVANCED_FACE('',(#6616),#6623,.T.);
#6616 = FACE_BOUND('',#6617,.T.);
#6617 = EDGE_LOOP('',(#6618,#6619,#6620,#6621,#6622));
#6618 = ORIENTED_EDGE('',*,*,#6604,.F.);
#6619 = ORIENTED_EDGE('',*,*,#556,.T.);
#6620 = ORIENTED_EDGE('',*,*,#5866,.T.);
#6621 = ORIENTED_EDGE('',*,*,#424,.T.);
#6622 = ORIENTED_EDGE('',*,*,#5916,.T.);
#6623 = CYLINDRICAL_SURFACE('',#6624,0.8);
#6624 = AXIS2_PLACEMENT_3D('',#6625,#6626,#6627);
#6625 = CARTESIAN_POINT('',(-5.,-1.74,1.03));
#6626 = DIRECTION('',(0.,1.,-0.));
#6627 = DIRECTION('',(1.,0.,0.));
#6628 = ADVANCED_FACE('',(#6629),#6640,.F.);
#6629 = FACE_BOUND('',#6630,.F.);
#6630 = EDGE_LOOP('',(#6631,#6632,#6638,#6639));
#6631 = ORIENTED_EDGE('',*,*,#575,.T.);
#6632 = ORIENTED_EDGE('',*,*,#6633,.T.);
#6633 = EDGE_CURVE('',#576,#6168,#6634,.T.);
#6634 = LINE('',#6635,#6636);
#6635 = CARTESIAN_POINT('',(-4.6,-1.74,1.23));
#6636 = VECTOR('',#6637,1.);
#6637 = DIRECTION('',(0.,-1.,0.));
#6638 = ORIENTED_EDGE('',*,*,#6175,.T.);
#6639 = ORIENTED_EDGE('',*,*,#6597,.F.);
#6640 = CYLINDRICAL_SURFACE('',#6641,0.2);
#6641 = AXIS2_PLACEMENT_3D('',#6642,#6643,#6644);
#6642 = CARTESIAN_POINT('',(-4.6,-1.74,1.43));
#6643 = DIRECTION('',(0.,1.,-0.));
#6644 = DIRECTION('',(1.,0.,0.));
#6645 = ADVANCED_FACE('',(#6646),#6660,.T.);
#6646 = FACE_BOUND('',#6647,.T.);
#6647 = EDGE_LOOP('',(#6648,#6649,#6650,#6651,#6652));
#6648 = ORIENTED_EDGE('',*,*,#219,.F.);
#6649 = ORIENTED_EDGE('',*,*,#584,.T.);
#6650 = ORIENTED_EDGE('',*,*,#6633,.T.);
#6651 = ORIENTED_EDGE('',*,*,#6167,.F.);
#6652 = ORIENTED_EDGE('',*,*,#6653,.T.);
#6653 = EDGE_CURVE('',#6159,#220,#6654,.T.);
#6654 = B_SPLINE_CURVE_WITH_KNOTS('',3,(#6655,#6656,#6657,#6658,#6659),
  .UNSPECIFIED.,.F.,.F.,(4,1,4),(0.,0.5,1.),.QUASI_UNIFORM_KNOTS.);
#6655 = CARTESIAN_POINT('',(-4.381532373861,-3.340000586781,
    1.230003308571));
#6656 = CARTESIAN_POINT('',(-4.357353195522,-3.27864810189,
    1.230003308571));
#6657 = CARTESIAN_POINT('',(-4.307160915636,-3.150625727811,
    1.229996992795));
#6658 = CARTESIAN_POINT('',(-4.253278611554,-3.011976505409,
    1.230002705839));
#6659 = CARTESIAN_POINT('',(-4.225403442294,-2.939999841553,
    1.230002705839));
#6660 = PLANE('',#6661);
#6661 = AXIS2_PLACEMENT_3D('',#6662,#6663,#6664);
#6662 = CARTESIAN_POINT('',(-4.225403330759,-1.74,1.23));
#6663 = DIRECTION('',(0.,0.,1.));
#6664 = DIRECTION('',(1.,0.,-0.));
#6665 = ADVANCED_FACE('',(#6666),#6688,.T.);
#6666 = FACE_BOUND('',#6667,.T.);
#6667 = EDGE_LOOP('',(#6668,#6678,#6685,#6686,#6687));
#6668 = ORIENTED_EDGE('',*,*,#6669,.F.);
#6669 = EDGE_CURVE('',#6670,#6151,#6672,.T.);
#6670 = VERTEX_POINT('',#6671);
#6671 = CARTESIAN_POINT('',(-4.2254034792,-2.939999942508,0.830000038329
    ));
#6672 = B_SPLINE_CURVE_WITH_KNOTS('',3,(#6673,#6674,#6675,#6676,#6677),
  .UNSPECIFIED.,.F.,.F.,(4,1,4),(0.,0.5,1.),.QUASI_UNIFORM_KNOTS.);
#6673 = CARTESIAN_POINT('',(-4.2254034792,-2.939999942508,0.830000038329
    ));
#6674 = CARTESIAN_POINT('',(-4.253298864776,-3.012028806982,
    0.830000038329));
#6675 = CARTESIAN_POINT('',(-4.307201559894,-3.150729932403,
    0.83000026303));
#6676 = CARTESIAN_POINT('',(-4.357373757335,-3.278700282917,
    0.829999435613));
#6677 = CARTESIAN_POINT('',(-4.381532410923,-3.340000687802,
    0.829999435613));
#6678 = ORIENTED_EDGE('',*,*,#6679,.F.);
#6679 = EDGE_CURVE('',#203,#6670,#6680,.T.);
#6680 = CIRCLE('',#6681,0.799999327477);
#6681 = AXIS2_PLACEMENT_3D('',#6682,#6683,#6684);
#6682 = CARTESIAN_POINT('',(-4.999999325087,-2.940001387602,
    1.030004103517));
#6683 = DIRECTION('',(-0.,1.,0.));
#6684 = DIRECTION('',(0.968247025445,0.,0.249995395391));
#6685 = ORIENTED_EDGE('',*,*,#227,.F.);
#6686 = ORIENTED_EDGE('',*,*,#6653,.F.);
#6687 = ORIENTED_EDGE('',*,*,#6158,.F.);
#6688 = CONICAL_SURFACE('',#6689,0.725003074591,0.358755220162);
#6689 = AXIS2_PLACEMENT_3D('',#6690,#6691,#6692);
#6690 = CARTESIAN_POINT('',(-4.999999325087,-3.140000794031,
    1.030004103517));
#6691 = DIRECTION('',(-0.,1.,0.));
#6692 = DIRECTION('',(0.,0.,-1.));
#6693 = ADVANCED_FACE('',(#6694),#6705,.T.);
#6694 = FACE_BOUND('',#6695,.T.);
#6695 = EDGE_LOOP('',(#6696,#6697,#6698,#6704));
#6696 = ORIENTED_EDGE('',*,*,#200,.T.);
#6697 = ORIENTED_EDGE('',*,*,#6679,.T.);
#6698 = ORIENTED_EDGE('',*,*,#6699,.F.);
#6699 = EDGE_CURVE('',#592,#6670,#6700,.T.);
#6700 = LINE('',#6701,#6702);
#6701 = CARTESIAN_POINT('',(-4.225403330759,-1.74,0.83));
#6702 = VECTOR('',#6703,1.);
#6703 = DIRECTION('',(-1.237010960384E-07,-1.,3.194046809819E-08));
#6704 = ORIENTED_EDGE('',*,*,#591,.T.);
#6705 = CYLINDRICAL_SURFACE('',#6706,0.8);
#6706 = AXIS2_PLACEMENT_3D('',#6707,#6708,#6709);
#6707 = CARTESIAN_POINT('',(-5.,-1.74,1.03));
#6708 = DIRECTION('',(0.,1.,-0.));
#6709 = DIRECTION('',(1.,0.,0.));
#6710 = ADVANCED_FACE('',(#6711),#6723,.T.);
#6711 = FACE_BOUND('',#6712,.T.);
#6712 = EDGE_LOOP('',(#6713,#6714,#6720,#6721,#6722));
#6713 = ORIENTED_EDGE('',*,*,#6150,.F.);
#6714 = ORIENTED_EDGE('',*,*,#6715,.F.);
#6715 = EDGE_CURVE('',#601,#6142,#6716,.T.);
#6716 = LINE('',#6717,#6718);
#6717 = CARTESIAN_POINT('',(-4.6,-1.74,0.83));
#6718 = VECTOR('',#6719,1.);
#6719 = DIRECTION('',(0.,-1.,0.));
#6720 = ORIENTED_EDGE('',*,*,#600,.T.);
#6721 = ORIENTED_EDGE('',*,*,#6699,.T.);
#6722 = ORIENTED_EDGE('',*,*,#6669,.T.);
#6723 = PLANE('',#6724);
#6724 = AXIS2_PLACEMENT_3D('',#6725,#6726,#6727);
#6725 = CARTESIAN_POINT('',(-4.6,-1.74,0.83));
#6726 = DIRECTION('',(0.,0.,-1.));
#6727 = DIRECTION('',(0.,-1.,0.));
#6728 = ADVANCED_FACE('',(#6729),#6740,.F.);
#6729 = FACE_BOUND('',#6730,.F.);
#6730 = EDGE_LOOP('',(#6731,#6732,#6738,#6739));
#6731 = ORIENTED_EDGE('',*,*,#608,.T.);
#6732 = ORIENTED_EDGE('',*,*,#6733,.T.);
#6733 = EDGE_CURVE('',#609,#6134,#6734,.T.);
#6734 = LINE('',#6735,#6736);
#6735 = CARTESIAN_POINT('',(-4.8,-1.74,0.63));
#6736 = VECTOR('',#6737,1.);
#6737 = DIRECTION('',(0.,-1.,0.));
#6738 = ORIENTED_EDGE('',*,*,#6141,.T.);
#6739 = ORIENTED_EDGE('',*,*,#6715,.F.);
#6740 = CYLINDRICAL_SURFACE('',#6741,0.2);
#6741 = AXIS2_PLACEMENT_3D('',#6742,#6743,#6744);
#6742 = CARTESIAN_POINT('',(-4.6,-1.74,0.63));
#6743 = DIRECTION('',(0.,1.,-0.));
#6744 = DIRECTION('',(1.,0.,0.));
#6745 = ADVANCED_FACE('',(#6746),#6767,.T.);
#6746 = FACE_BOUND('',#6747,.T.);
#6747 = EDGE_LOOP('',(#6748,#6756,#6757,#6758,#6759));
#6748 = ORIENTED_EDGE('',*,*,#6749,.F.);
#6749 = EDGE_CURVE('',#618,#6750,#6752,.T.);
#6750 = VERTEX_POINT('',#6751);
#6751 = CARTESIAN_POINT('',(-4.799997294161,-2.939999841553,
    0.255403442294));
#6752 = LINE('',#6753,#6754);
#6753 = CARTESIAN_POINT('',(-4.8,-1.74,0.255403330759));
#6754 = VECTOR('',#6755,1.);
#6755 = DIRECTION('',(2.254865813511E-06,-0.999999999997,
    9.294609694369E-08));
#6756 = ORIENTED_EDGE('',*,*,#617,.T.);
#6757 = ORIENTED_EDGE('',*,*,#6733,.T.);
#6758 = ORIENTED_EDGE('',*,*,#6133,.F.);
#6759 = ORIENTED_EDGE('',*,*,#6760,.T.);
#6760 = EDGE_CURVE('',#6125,#6750,#6761,.T.);
#6761 = B_SPLINE_CURVE_WITH_KNOTS('',3,(#6762,#6763,#6764,#6765,#6766),
  .UNSPECIFIED.,.F.,.F.,(4,1,4),(0.,0.5,1.),.QUASI_UNIFORM_KNOTS.);
#6762 = CARTESIAN_POINT('',(-4.799996691429,-3.340000586781,
    0.411532373861));
#6763 = CARTESIAN_POINT('',(-4.799996691429,-3.278748761561,
    0.387392865768));
#6764 = CARTESIAN_POINT('',(-4.800003007205,-3.15082732734,
    0.337239547325));
#6765 = CARTESIAN_POINT('',(-4.799997294161,-3.012077398287,
    0.283317685413));
#6766 = CARTESIAN_POINT('',(-4.799997294161,-2.939999841553,
    0.255403442294));
#6767 = PLANE('',#6768);
#6768 = AXIS2_PLACEMENT_3D('',#6769,#6770,#6771);
#6769 = CARTESIAN_POINT('',(-4.8,-1.74,0.255403330759));
#6770 = DIRECTION('',(1.,0.,0.));
#6771 = DIRECTION('',(-0.,1.,0.));
#6772 = ADVANCED_FACE('',(#6773),#6785,.T.);
#6773 = FACE_BOUND('',#6774,.T.);
#6774 = EDGE_LOOP('',(#6775,#6776,#6783,#6784));
#6775 = ORIENTED_EDGE('',*,*,#156,.T.);
#6776 = ORIENTED_EDGE('',*,*,#6777,.F.);
#6777 = EDGE_CURVE('',#6750,#159,#6778,.T.);
#6778 = CIRCLE('',#6779,0.799999327477);
#6779 = AXIS2_PLACEMENT_3D('',#6780,#6781,#6782);
#6780 = CARTESIAN_POINT('',(-4.999995896482,-2.940001387602,
    1.029999325087));
#6781 = DIRECTION('',(0.,1.,0.));
#6782 = DIRECTION('',(0.249995395391,0.,-0.968247025445));
#6783 = ORIENTED_EDGE('',*,*,#6760,.F.);
#6784 = ORIENTED_EDGE('',*,*,#6124,.F.);
#6785 = CONICAL_SURFACE('',#6786,0.725003074591,0.358755220162);
#6786 = AXIS2_PLACEMENT_3D('',#6787,#6788,#6789);
#6787 = CARTESIAN_POINT('',(-4.999995896482,-3.140000794032,
    1.029999325087));
#6788 = DIRECTION('',(-0.,1.,0.));
#6789 = DIRECTION('',(0.,0.,-1.));
#6790 = ADVANCED_FACE('',(#6791),#6803,.T.);
#6791 = FACE_BOUND('',#6792,.T.);
#6792 = EDGE_LOOP('',(#6793,#6799,#6800,#6801,#6802));
#6793 = ORIENTED_EDGE('',*,*,#6794,.F.);
#6794 = EDGE_CURVE('',#626,#176,#6795,.T.);
#6795 = LINE('',#6796,#6797);
#6796 = CARTESIAN_POINT('',(-5.2,-1.74,0.255403330759));
#6797 = VECTOR('',#6798,1.);
#6798 = DIRECTION('',(3.194046735804E-08,-1.,1.237011271709E-07));
#6799 = ORIENTED_EDGE('',*,*,#625,.T.);
#6800 = ORIENTED_EDGE('',*,*,#6749,.T.);
#6801 = ORIENTED_EDGE('',*,*,#6777,.T.);
#6802 = ORIENTED_EDGE('',*,*,#185,.T.);
#6803 = CYLINDRICAL_SURFACE('',#6804,0.8);
#6804 = AXIS2_PLACEMENT_3D('',#6805,#6806,#6807);
#6805 = CARTESIAN_POINT('',(-5.,-1.74,1.03));
#6806 = DIRECTION('',(0.,1.,-0.));
#6807 = DIRECTION('',(1.,0.,0.));
#6808 = ADVANCED_FACE('',(#6809),#6821,.T.);
#6809 = FACE_BOUND('',#6810,.T.);
#6810 = EDGE_LOOP('',(#6811,#6812,#6818,#6819,#6820));
#6811 = ORIENTED_EDGE('',*,*,#6117,.F.);
#6812 = ORIENTED_EDGE('',*,*,#6813,.F.);
#6813 = EDGE_CURVE('',#635,#6109,#6814,.T.);
#6814 = LINE('',#6815,#6816);
#6815 = CARTESIAN_POINT('',(-5.2,-1.74,0.63));
#6816 = VECTOR('',#6817,1.);
#6817 = DIRECTION('',(0.,-1.,0.));
#6818 = ORIENTED_EDGE('',*,*,#634,.T.);
#6819 = ORIENTED_EDGE('',*,*,#6794,.T.);
#6820 = ORIENTED_EDGE('',*,*,#175,.T.);
#6821 = PLANE('',#6822);
#6822 = AXIS2_PLACEMENT_3D('',#6823,#6824,#6825);
#6823 = CARTESIAN_POINT('',(-5.2,-1.74,0.63));
#6824 = DIRECTION('',(-1.,0.,0.));
#6825 = DIRECTION('',(0.,0.,1.));
#6826 = ADVANCED_FACE('',(#6827),#6838,.F.);
#6827 = FACE_BOUND('',#6828,.F.);
#6828 = EDGE_LOOP('',(#6829,#6830,#6836,#6837));
#6829 = ORIENTED_EDGE('',*,*,#642,.T.);
#6830 = ORIENTED_EDGE('',*,*,#6831,.T.);
#6831 = EDGE_CURVE('',#643,#6101,#6832,.T.);
#6832 = LINE('',#6833,#6834);
#6833 = CARTESIAN_POINT('',(-5.4,-1.74,0.83));
#6834 = VECTOR('',#6835,1.);
#6835 = DIRECTION('',(0.,-1.,0.));
#6836 = ORIENTED_EDGE('',*,*,#6108,.T.);
#6837 = ORIENTED_EDGE('',*,*,#6813,.F.);
#6838 = CYLINDRICAL_SURFACE('',#6839,0.2);
#6839 = AXIS2_PLACEMENT_3D('',#6840,#6841,#6842);
#6840 = CARTESIAN_POINT('',(-5.4,-1.74,0.63));
#6841 = DIRECTION('',(0.,1.,-0.));
#6842 = DIRECTION('',(1.,0.,0.));
#6843 = ADVANCED_FACE('',(#6844),#6865,.T.);
#6844 = FACE_BOUND('',#6845,.T.);
#6845 = EDGE_LOOP('',(#6846,#6854,#6855,#6856,#6857));
#6846 = ORIENTED_EDGE('',*,*,#6847,.F.);
#6847 = EDGE_CURVE('',#652,#6848,#6850,.T.);
#6848 = VERTEX_POINT('',#6849);
#6849 = CARTESIAN_POINT('',(-5.774596557706,-2.939999841553,
    0.829997294161));
#6850 = LINE('',#6851,#6852);
#6851 = CARTESIAN_POINT('',(-5.774596669241,-1.74,0.83));
#6852 = VECTOR('',#6853,1.);
#6853 = DIRECTION('',(9.294603056161E-08,-0.999999999997,
    -2.254865811846E-06));
#6854 = ORIENTED_EDGE('',*,*,#651,.T.);
#6855 = ORIENTED_EDGE('',*,*,#6831,.T.);
#6856 = ORIENTED_EDGE('',*,*,#6100,.F.);
#6857 = ORIENTED_EDGE('',*,*,#6858,.T.);
#6858 = EDGE_CURVE('',#6092,#6848,#6859,.T.);
#6859 = B_SPLINE_CURVE_WITH_KNOTS('',3,(#6860,#6861,#6862,#6863,#6864),
  .UNSPECIFIED.,.F.,.F.,(4,1,4),(0.,0.5,1.),.QUASI_UNIFORM_KNOTS.);
#6860 = CARTESIAN_POINT('',(-5.618467626139,-3.340000586781,
    0.829996691429));
#6861 = CARTESIAN_POINT('',(-5.642608667671,-3.278744870599,
    0.829996691429));
#6862 = CARTESIAN_POINT('',(-5.692763492166,-3.15081953459,
    0.830003007205));
#6863 = CARTESIAN_POINT('',(-5.746683824972,-3.012073498311,
    0.829997294161));
#6864 = CARTESIAN_POINT('',(-5.774596557706,-2.939999841553,
    0.829997294161));
#6865 = PLANE('',#6866);
#6866 = AXIS2_PLACEMENT_3D('',#6867,#6868,#6869);
#6867 = CARTESIAN_POINT('',(-5.774596669241,-1.74,0.83));
#6868 = DIRECTION('',(0.,0.,-1.));
#6869 = DIRECTION('',(0.,-1.,0.));
#6870 = ADVANCED_FACE('',(#6871),#6891,.T.);
#6871 = FACE_BOUND('',#6872,.T.);
#6872 = EDGE_LOOP('',(#6873,#6881,#6882,#6889,#6890));
#6873 = ORIENTED_EDGE('',*,*,#6874,.F.);
#6874 = EDGE_CURVE('',#125,#6084,#6875,.T.);
#6875 = B_SPLINE_CURVE_WITH_KNOTS('',3,(#6876,#6877,#6878,#6879,#6880),
  .UNSPECIFIED.,.F.,.F.,(4,1,4),(0.,0.5,1.),.QUASI_UNIFORM_KNOTS.);
#6876 = CARTESIAN_POINT('',(-5.7745965208,-2.939999942508,1.229999961671
    ));
#6877 = CARTESIAN_POINT('',(-5.746687615594,-3.01206371611,
    1.229999961671));
#6878 = CARTESIAN_POINT('',(-5.692771233347,-3.150799686207,
    1.229999736971));
#6879 = CARTESIAN_POINT('',(-5.642612516685,-3.278735111355,
    1.230000564388));
#6880 = CARTESIAN_POINT('',(-5.618467589077,-3.340000687802,
    1.230000564388));
#6881 = ORIENTED_EDGE('',*,*,#124,.F.);
#6882 = ORIENTED_EDGE('',*,*,#6883,.F.);
#6883 = EDGE_CURVE('',#6848,#115,#6884,.T.);
#6884 = CIRCLE('',#6885,0.799999327477);
#6885 = AXIS2_PLACEMENT_3D('',#6886,#6887,#6888);
#6886 = CARTESIAN_POINT('',(-5.000000674913,-2.940001387602,
    1.029995896483));
#6887 = DIRECTION('',(0.,1.,0.));
#6888 = DIRECTION('',(-0.968247025445,0.,-0.249995395391));
#6889 = ORIENTED_EDGE('',*,*,#6858,.F.);
#6890 = ORIENTED_EDGE('',*,*,#6091,.F.);
#6891 = CONICAL_SURFACE('',#6892,0.725003074591,0.358755220162);
#6892 = AXIS2_PLACEMENT_3D('',#6893,#6894,#6895);
#6893 = CARTESIAN_POINT('',(-5.000000674913,-3.140000794031,
    1.029995896483));
#6894 = DIRECTION('',(-0.,1.,0.));
#6895 = DIRECTION('',(0.,0.,-1.));
#6896 = ADVANCED_FACE('',(#6897),#6903,.T.);
#6897 = FACE_BOUND('',#6898,.T.);
#6898 = EDGE_LOOP('',(#6899,#6900,#6901,#6902));
#6899 = ORIENTED_EDGE('',*,*,#114,.T.);
#6900 = ORIENTED_EDGE('',*,*,#659,.T.);
#6901 = ORIENTED_EDGE('',*,*,#6847,.T.);
#6902 = ORIENTED_EDGE('',*,*,#6883,.T.);
#6903 = CYLINDRICAL_SURFACE('',#6904,0.8);
#6904 = AXIS2_PLACEMENT_3D('',#6905,#6906,#6907);
#6905 = CARTESIAN_POINT('',(-5.,-1.74,1.03));
#6906 = DIRECTION('',(0.,1.,-0.));
#6907 = DIRECTION('',(1.,0.,0.));
#6908 = ADVANCED_FACE('',(#6909),#6921,.T.);
#6909 = FACE_BOUND('',#6910,.T.);
#6910 = EDGE_LOOP('',(#6911,#6912,#6918,#6919,#6920));
#6911 = ORIENTED_EDGE('',*,*,#6083,.F.);
#6912 = ORIENTED_EDGE('',*,*,#6913,.F.);
#6913 = EDGE_CURVE('',#668,#6075,#6914,.T.);
#6914 = LINE('',#6915,#6916);
#6915 = CARTESIAN_POINT('',(-5.4,-1.74,1.23));
#6916 = VECTOR('',#6917,1.);
#6917 = DIRECTION('',(0.,-1.,0.));
#6918 = ORIENTED_EDGE('',*,*,#667,.T.);
#6919 = ORIENTED_EDGE('',*,*,#133,.T.);
#6920 = ORIENTED_EDGE('',*,*,#6874,.T.);
#6921 = PLANE('',#6922);
#6922 = AXIS2_PLACEMENT_3D('',#6923,#6924,#6925);
#6923 = CARTESIAN_POINT('',(-5.4,-1.74,1.23));
#6924 = DIRECTION('',(0.,0.,1.));
#6925 = DIRECTION('',(1.,0.,-0.));
#6926 = ADVANCED_FACE('',(#6927),#6933,.F.);
#6927 = FACE_BOUND('',#6928,.F.);
#6928 = EDGE_LOOP('',(#6929,#6930,#6931,#6932));
#6929 = ORIENTED_EDGE('',*,*,#675,.T.);
#6930 = ORIENTED_EDGE('',*,*,#5873,.T.);
#6931 = ORIENTED_EDGE('',*,*,#6074,.T.);
#6932 = ORIENTED_EDGE('',*,*,#6913,.F.);
#6933 = CYLINDRICAL_SURFACE('',#6934,0.2);
#6934 = AXIS2_PLACEMENT_3D('',#6935,#6936,#6937);
#6935 = CARTESIAN_POINT('',(-5.4,-1.74,1.43));
#6936 = DIRECTION('',(0.,1.,-0.));
#6937 = DIRECTION('',(1.,0.,0.));
#6938 = ( GEOMETRIC_REPRESENTATION_CONTEXT(3) 
GLOBAL_UNCERTAINTY_ASSIGNED_CONTEXT((#6942)) 
GLOBAL_UNIT_ASSIGNED_CONTEXT((#6939,#6940,#6941)) REPRESENTATION_CONTEXT
('Context #1','3D Context with UNIT and UNCERTAINTY') );
#6939 = ( LENGTH_UNIT() NAMED_UNIT(*) SI_UNIT(.MILLI.,.METRE.) );
#6940 = ( NAMED_UNIT(*) PLANE_ANGLE_UNIT() SI_UNIT($,.RADIAN.) );
#6941 = ( NAMED_UNIT(*) SI_UNIT($,.STERADIAN.) SOLID_ANGLE_UNIT() );
#6942 = UNCERTAINTY_MEASURE_WITH_UNIT(LENGTH_MEASURE(5.E-07),#6939,
  'distance_accuracy_value','confusion accuracy');
#6943 = CONTEXT_DEPENDENT_SHAPE_REPRESENTATION(#6944,#6946);
#6944 = ( REPRESENTATION_RELATIONSHIP('','',#107,#80) 
REPRESENTATION_RELATIONSHIP_WITH_TRANSFORMATION(#6945) 
SHAPE_REPRESENTATION_RELATIONSHIP() );
#6945 = ITEM_DEFINED_TRANSFORMATION('','',#11,#81);
#6946 = PRODUCT_DEFINITION_SHAPE('Placement','Placement of an item',
  #6947);
#6947 = NEXT_ASSEMBLY_USAGE_OCCURRENCE('1','=>[0:1:1:2]','',#75,#102,$);
#6948 = PRODUCT_RELATED_PRODUCT_CATEGORY('part',$,(#104));
#6949 = SHAPE_DEFINITION_REPRESENTATION(#6950,#6956);
#6950 = PRODUCT_DEFINITION_SHAPE('','',#6951);
#6951 = PRODUCT_DEFINITION('design','',#6952,#6955);
#6952 = PRODUCT_DEFINITION_FORMATION('','',#6953);
#6953 = PRODUCT('COMPOUND','COMPOUND','',(#6954));
#6954 = PRODUCT_CONTEXT('',#2,'mechanical');
#6955 = PRODUCT_DEFINITION_CONTEXT('part definition',#2,'design');
#6956 = SHAPE_REPRESENTATION('',(#11,#6957,#6966,#6975,#6984,#6993,#7002
    ,#7011,#7020,#7029,#7038,#7047,#7056,#7065,#7074),#7083);
#6957 = GEOMETRIC_CURVE_SET('',(#6958));
#6958 = TRIMMED_CURVE('',#6959,(#6964,PARAMETER_VALUE(0.)),(#6965,
    PARAMETER_VALUE(3.141592653589)),.T.,.PARAMETER.);
#6959 = CIRCLE('',#6960,0.6);
#6960 = AXIS2_PLACEMENT_3D('',#6961,#6962,#6963);
#6961 = CARTESIAN_POINT('',(5.,-2.04,-6.15));
#6962 = DIRECTION('',(0.,-1.,0.));
#6963 = DIRECTION('',(1.,0.,0.));
#6964 = CARTESIAN_POINT('',(5.6,-2.04,-6.15));
#6965 = CARTESIAN_POINT('',(4.4,-2.04,-6.15));
#6966 = GEOMETRIC_CURVE_SET('',(#6967));
#6967 = TRIMMED_CURVE('',#6968,(#6973,PARAMETER_VALUE(0.)),(#6974,
    PARAMETER_VALUE(3.141592653589)),.T.,.PARAMETER.);
#6968 = CIRCLE('',#6969,0.6);
#6969 = AXIS2_PLACEMENT_3D('',#6970,#6971,#6972);
#6970 = CARTESIAN_POINT('',(5.,-2.04,-6.15));
#6971 = DIRECTION('',(0.,-1.,0.));
#6972 = DIRECTION('',(-1.,0.,0.));
#6973 = CARTESIAN_POINT('',(4.4,-2.04,-6.15));
#6974 = CARTESIAN_POINT('',(5.6,-2.04,-6.15));
#6975 = GEOMETRIC_CURVE_SET('',(#6976));
#6976 = TRIMMED_CURVE('',#6977,(#6982,PARAMETER_VALUE(0.)),(#6983,
    PARAMETER_VALUE(3.141592653589)),.T.,.PARAMETER.);
#6977 = CIRCLE('',#6978,0.6);
#6978 = AXIS2_PLACEMENT_3D('',#6979,#6980,#6981);
#6979 = CARTESIAN_POINT('',(2.5,-2.04,-6.15));
#6980 = DIRECTION('',(0.,-1.,0.));
#6981 = DIRECTION('',(1.,0.,0.));
#6982 = CARTESIAN_POINT('',(3.1,-2.04,-6.15));
#6983 = CARTESIAN_POINT('',(1.9,-2.04,-6.15));
#6984 = GEOMETRIC_CURVE_SET('',(#6985));
#6985 = TRIMMED_CURVE('',#6986,(#6991,PARAMETER_VALUE(0.)),(#6992,
    PARAMETER_VALUE(3.141592653589)),.T.,.PARAMETER.);
#6986 = CIRCLE('',#6987,0.6);
#6987 = AXIS2_PLACEMENT_3D('',#6988,#6989,#6990);
#6988 = CARTESIAN_POINT('',(2.5,-2.04,-6.15));
#6989 = DIRECTION('',(0.,-1.,0.));
#6990 = DIRECTION('',(-1.,0.,0.));
#6991 = CARTESIAN_POINT('',(1.9,-2.04,-6.15));
#6992 = CARTESIAN_POINT('',(3.1,-2.04,-6.15));
#6993 = GEOMETRIC_CURVE_SET('',(#6994));
#6994 = TRIMMED_CURVE('',#6995,(#7000,PARAMETER_VALUE(0.)),(#7001,
    PARAMETER_VALUE(3.141592653589)),.T.,.PARAMETER.);
#6995 = CIRCLE('',#6996,0.6);
#6996 = AXIS2_PLACEMENT_3D('',#6997,#6998,#6999);
#6997 = CARTESIAN_POINT('',(0.,-2.04,-6.15));
#6998 = DIRECTION('',(0.,-1.,0.));
#6999 = DIRECTION('',(1.,0.,0.));
#7000 = CARTESIAN_POINT('',(0.6,-2.04,-6.15));
#7001 = CARTESIAN_POINT('',(-0.6,-2.04,-6.15));
#7002 = GEOMETRIC_CURVE_SET('',(#7003));
#7003 = TRIMMED_CURVE('',#7004,(#7009,PARAMETER_VALUE(0.)),(#7010,
    PARAMETER_VALUE(3.141592653589)),.T.,.PARAMETER.);
#7004 = CIRCLE('',#7005,0.6);
#7005 = AXIS2_PLACEMENT_3D('',#7006,#7007,#7008);
#7006 = CARTESIAN_POINT('',(0.,-2.04,-6.15));
#7007 = DIRECTION('',(0.,-1.,0.));
#7008 = DIRECTION('',(-1.,0.,0.));
#7009 = CARTESIAN_POINT('',(-0.6,-2.04,-6.15));
#7010 = CARTESIAN_POINT('',(0.6,-2.04,-6.15));
#7011 = GEOMETRIC_CURVE_SET('',(#7012));
#7012 = TRIMMED_CURVE('',#7013,(#7018,PARAMETER_VALUE(0.)),(#7019,
    PARAMETER_VALUE(3.141592653589)),.T.,.PARAMETER.);
#7013 = CIRCLE('',#7014,0.6);
#7014 = AXIS2_PLACEMENT_3D('',#7015,#7016,#7017);
#7015 = CARTESIAN_POINT('',(-2.5,-2.04,-6.15));
#7016 = DIRECTION('',(0.,-1.,0.));
#7017 = DIRECTION('',(1.,0.,0.));
#7018 = CARTESIAN_POINT('',(-1.9,-2.04,-6.15));
#7019 = CARTESIAN_POINT('',(-3.1,-2.04,-6.15));
#7020 = GEOMETRIC_CURVE_SET('',(#7021));
#7021 = TRIMMED_CURVE('',#7022,(#7027,PARAMETER_VALUE(0.)),(#7028,
    PARAMETER_VALUE(3.141592653589)),.T.,.PARAMETER.);
#7022 = CIRCLE('',#7023,0.6);
#7023 = AXIS2_PLACEMENT_3D('',#7024,#7025,#7026);
#7024 = CARTESIAN_POINT('',(-2.5,-2.04,-6.15));
#7025 = DIRECTION('',(0.,-1.,0.));
#7026 = DIRECTION('',(-1.,0.,0.));
#7027 = CARTESIAN_POINT('',(-3.1,-2.04,-6.15));
#7028 = CARTESIAN_POINT('',(-1.9,-2.04,-6.15));
#7029 = GEOMETRIC_CURVE_SET('',(#7030));
#7030 = TRIMMED_CURVE('',#7031,(#7036,PARAMETER_VALUE(0.)),(#7037,
    PARAMETER_VALUE(3.141592653589)),.T.,.PARAMETER.);
#7031 = CIRCLE('',#7032,0.6);
#7032 = AXIS2_PLACEMENT_3D('',#7033,#7034,#7035);
#7033 = CARTESIAN_POINT('',(-5.,-2.04,-6.15));
#7034 = DIRECTION('',(0.,-1.,0.));
#7035 = DIRECTION('',(1.,0.,0.));
#7036 = CARTESIAN_POINT('',(-4.4,-2.04,-6.15));
#7037 = CARTESIAN_POINT('',(-5.6,-2.04,-6.15));
#7038 = GEOMETRIC_CURVE_SET('',(#7039));
#7039 = TRIMMED_CURVE('',#7040,(#7045,PARAMETER_VALUE(0.)),(#7046,
    PARAMETER_VALUE(3.141592653589)),.T.,.PARAMETER.);
#7040 = CIRCLE('',#7041,0.6);
#7041 = AXIS2_PLACEMENT_3D('',#7042,#7043,#7044);
#7042 = CARTESIAN_POINT('',(-5.,-2.04,-6.15));
#7043 = DIRECTION('',(0.,-1.,0.));
#7044 = DIRECTION('',(-1.,0.,0.));
#7045 = CARTESIAN_POINT('',(-5.6,-2.04,-6.15));
#7046 = CARTESIAN_POINT('',(-4.4,-2.04,-6.15));
#7047 = GEOMETRIC_CURVE_SET('',(#7048));
#7048 = TRIMMED_CURVE('',#7049,(#7054,PARAMETER_VALUE(0.)),(#7055,
    PARAMETER_VALUE(3.141592653589)),.T.,.PARAMETER.);
#7049 = CIRCLE('',#7050,0.85);
#7050 = AXIS2_PLACEMENT_3D('',#7051,#7052,#7053);
#7051 = CARTESIAN_POINT('',(-5.,-2.04,1.03));
#7052 = DIRECTION('',(0.,-1.,0.));
#7053 = DIRECTION('',(1.,0.,0.));
#7054 = CARTESIAN_POINT('',(-4.15,-2.04,1.03));
#7055 = CARTESIAN_POINT('',(-5.85,-2.04,1.030000000001));
#7056 = GEOMETRIC_CURVE_SET('',(#7057));
#7057 = TRIMMED_CURVE('',#7058,(#7063,PARAMETER_VALUE(0.)),(#7064,
    PARAMETER_VALUE(3.141592653589)),.T.,.PARAMETER.);
#7058 = CIRCLE('',#7059,0.85);
#7059 = AXIS2_PLACEMENT_3D('',#7060,#7061,#7062);
#7060 = CARTESIAN_POINT('',(-5.,-2.04,1.03));
#7061 = DIRECTION('',(0.,-1.,0.));
#7062 = DIRECTION('',(-1.,0.,0.));
#7063 = CARTESIAN_POINT('',(-5.85,-2.04,1.03));
#7064 = CARTESIAN_POINT('',(-4.15,-2.04,1.029999999999));
#7065 = GEOMETRIC_CURVE_SET('',(#7066));
#7066 = TRIMMED_CURVE('',#7067,(#7072,PARAMETER_VALUE(0.)),(#7073,
    PARAMETER_VALUE(3.141592653589)),.T.,.PARAMETER.);
#7067 = CIRCLE('',#7068,0.85);
#7068 = AXIS2_PLACEMENT_3D('',#7069,#7070,#7071);
#7069 = CARTESIAN_POINT('',(5.,-2.04,1.03));
#7070 = DIRECTION('',(0.,-1.,0.));
#7071 = DIRECTION('',(1.,0.,0.));
#7072 = CARTESIAN_POINT('',(5.85,-2.04,1.03));
#7073 = CARTESIAN_POINT('',(4.15,-2.04,1.030000000001));
#7074 = GEOMETRIC_CURVE_SET('',(#7075));
#7075 = TRIMMED_CURVE('',#7076,(#7081,PARAMETER_VALUE(0.)),(#7082,
    PARAMETER_VALUE(3.141592653589)),.T.,.PARAMETER.);
#7076 = CIRCLE('',#7077,0.85);
#7077 = AXIS2_PLACEMENT_3D('',#7078,#7079,#7080);
#7078 = CARTESIAN_POINT('',(5.,-2.04,1.03));
#7079 = DIRECTION('',(0.,-1.,0.));
#7080 = DIRECTION('',(-1.,0.,0.));
#7081 = CARTESIAN_POINT('',(4.15,-2.04,1.03));
#7082 = CARTESIAN_POINT('',(5.85,-2.04,1.029999999999));
#7083 = ( GEOMETRIC_REPRESENTATION_CONTEXT(3) 
GLOBAL_UNCERTAINTY_ASSIGNED_CONTEXT((#7087)) 
GLOBAL_UNIT_ASSIGNED_CONTEXT((#7084,#7085,#7086)) REPRESENTATION_CONTEXT
('Context #1','3D Context with UNIT and UNCERTAINTY') );
#7084 = ( LENGTH_UNIT() NAMED_UNIT(*) SI_UNIT(.MILLI.,.METRE.) );
#7085 = ( NAMED_UNIT(*) PLANE_ANGLE_UNIT() SI_UNIT($,.RADIAN.) );
#7086 = ( NAMED_UNIT(*) SI_UNIT($,.STERADIAN.) SOLID_ANGLE_UNIT() );
#7087 = UNCERTAINTY_MEASURE_WITH_UNIT(LENGTH_MEASURE(1.E-07),#7084,
  'distance_accuracy_value','confusion accuracy');
#7088 = CONTEXT_DEPENDENT_SHAPE_REPRESENTATION(#7089,#7091);
#7089 = ( REPRESENTATION_RELATIONSHIP('','',#6956,#80) 
REPRESENTATION_RELATIONSHIP_WITH_TRANSFORMATION(#7090) 
SHAPE_REPRESENTATION_RELATIONSHIP() );
#7090 = ITEM_DEFINED_TRANSFORMATION('','',#11,#85);
#7091 = PRODUCT_DEFINITION_SHAPE('Placement','Placement of an item',
  #7092);
#7092 = NEXT_ASSEMBLY_USAGE_OCCURRENCE('2','=>[0:1:1:3]','',#75,#6951,$
  );
#7093 = PRODUCT_RELATED_PRODUCT_CATEGORY('part',$,(#6953));
#7094 = SHAPE_DEFINITION_REPRESENTATION(#7095,#7101);
#7095 = PRODUCT_DEFINITION_SHAPE('','',#7096);
#7096 = PRODUCT_DEFINITION('design','',#7097,#7100);
#7097 = PRODUCT_DEFINITION_FORMATION('','',#7098);
#7098 = PRODUCT('R_0603_1608Metric','R_0603_1608Metric','',(#7099));
#7099 = PRODUCT_CONTEXT('',#2,'mechanical');
#7100 = PRODUCT_DEFINITION_CONTEXT('part definition',#2,'design');
#7101 = ADVANCED_BREP_SHAPE_REPRESENTATION('',(#11,#7102),#7892);
#7102 = MANIFOLD_SOLID_BREP('',#7103);
#7103 = CLOSED_SHELL('',(#7104,#7144,#7227,#7252,#7277,#7344,#7361,#7378
    ,#7427,#7444,#7461,#7510,#7527,#7596,#7627,#7651,#7720,#7744,#7761,
    #7778,#7795,#7812,#7829,#7846,#7863,#7880));
#7104 = ADVANCED_FACE('',(#7105),#7139,.F.);
#7105 = FACE_BOUND('',#7106,.F.);
#7106 = EDGE_LOOP('',(#7107,#7117,#7125,#7133));
#7107 = ORIENTED_EDGE('',*,*,#7108,.F.);
#7108 = EDGE_CURVE('',#7109,#7111,#7113,.T.);
#7109 = VERTEX_POINT('',#7110);
#7110 = CARTESIAN_POINT('',(-0.8,-0.4,4.5E-02));
#7111 = VERTEX_POINT('',#7112);
#7112 = CARTESIAN_POINT('',(-0.8,-0.4,0.405));
#7113 = LINE('',#7114,#7115);
#7114 = CARTESIAN_POINT('',(-0.8,-0.4,0.));
#7115 = VECTOR('',#7116,1.);
#7116 = DIRECTION('',(0.,0.,1.));
#7117 = ORIENTED_EDGE('',*,*,#7118,.T.);
#7118 = EDGE_CURVE('',#7109,#7119,#7121,.T.);
#7119 = VERTEX_POINT('',#7120);
#7120 = CARTESIAN_POINT('',(-0.8,0.4,4.5E-02));
#7121 = LINE('',#7122,#7123);
#7122 = CARTESIAN_POINT('',(-0.8,-0.4,4.5E-02));
#7123 = VECTOR('',#7124,1.);
#7124 = DIRECTION('',(0.,1.,0.));
#7125 = ORIENTED_EDGE('',*,*,#7126,.T.);
#7126 = EDGE_CURVE('',#7119,#7127,#7129,.T.);
#7127 = VERTEX_POINT('',#7128);
#7128 = CARTESIAN_POINT('',(-0.8,0.4,0.405));
#7129 = LINE('',#7130,#7131);
#7130 = CARTESIAN_POINT('',(-0.8,0.4,0.));
#7131 = VECTOR('',#7132,1.);
#7132 = DIRECTION('',(0.,0.,1.));
#7133 = ORIENTED_EDGE('',*,*,#7134,.F.);
#7134 = EDGE_CURVE('',#7111,#7127,#7135,.T.);
#7135 = LINE('',#7136,#7137);
#7136 = CARTESIAN_POINT('',(-0.8,-0.4,0.405));
#7137 = VECTOR('',#7138,1.);
#7138 = DIRECTION('',(0.,1.,0.));
#7139 = PLANE('',#7140);
#7140 = AXIS2_PLACEMENT_3D('',#7141,#7142,#7143);
#7141 = CARTESIAN_POINT('',(-0.8,-0.4,0.));
#7142 = DIRECTION('',(1.,0.,0.));
#7143 = DIRECTION('',(0.,0.,1.));
#7144 = ADVANCED_FACE('',(#7145),#7222,.F.);
#7145 = FACE_BOUND('',#7146,.F.);
#7146 = EDGE_LOOP('',(#7147,#7157,#7164,#7165,#7174,#7182,#7191,#7199,
    #7207,#7215));
#7147 = ORIENTED_EDGE('',*,*,#7148,.F.);
#7148 = EDGE_CURVE('',#7149,#7151,#7153,.T.);
#7149 = VERTEX_POINT('',#7150);
#7150 = CARTESIAN_POINT('',(-0.755,-0.4,-2.775557561563E-17));
#7151 = VERTEX_POINT('',#7152);
#7152 = CARTESIAN_POINT('',(-0.545,-0.4,-2.775557561563E-17));
#7153 = LINE('',#7154,#7155);
#7154 = CARTESIAN_POINT('',(-0.8,-0.4,0.));
#7155 = VECTOR('',#7156,1.);
#7156 = DIRECTION('',(1.,0.,0.));
#7157 = ORIENTED_EDGE('',*,*,#7158,.F.);
#7158 = EDGE_CURVE('',#7109,#7149,#7159,.T.);
#7159 = CIRCLE('',#7160,4.5E-02);
#7160 = AXIS2_PLACEMENT_3D('',#7161,#7162,#7163);
#7161 = CARTESIAN_POINT('',(-0.755,-0.4,4.5E-02));
#7162 = DIRECTION('',(0.,-1.,0.));
#7163 = DIRECTION('',(0.,0.,1.));
#7164 = ORIENTED_EDGE('',*,*,#7108,.T.);
#7165 = ORIENTED_EDGE('',*,*,#7166,.T.);
#7166 = EDGE_CURVE('',#7111,#7167,#7169,.T.);
#7167 = VERTEX_POINT('',#7168);
#7168 = CARTESIAN_POINT('',(-0.755,-0.4,0.45));
#7169 = CIRCLE('',#7170,4.5E-02);
#7170 = AXIS2_PLACEMENT_3D('',#7171,#7172,#7173);
#7171 = CARTESIAN_POINT('',(-0.755,-0.4,0.405));
#7172 = DIRECTION('',(0.,1.,0.));
#7173 = DIRECTION('',(0.,-0.,1.));
#7174 = ORIENTED_EDGE('',*,*,#7175,.T.);
#7175 = EDGE_CURVE('',#7167,#7176,#7178,.T.);
#7176 = VERTEX_POINT('',#7177);
#7177 = CARTESIAN_POINT('',(-0.545,-0.4,0.45));
#7178 = LINE('',#7179,#7180);
#7179 = CARTESIAN_POINT('',(-0.8,-0.4,0.45));
#7180 = VECTOR('',#7181,1.);
#7181 = DIRECTION('',(1.,0.,0.));
#7182 = ORIENTED_EDGE('',*,*,#7183,.F.);
#7183 = EDGE_CURVE('',#7184,#7176,#7186,.T.);
#7184 = VERTEX_POINT('',#7185);
#7185 = CARTESIAN_POINT('',(-0.5,-0.4,0.405));
#7186 = CIRCLE('',#7187,4.5E-02);
#7187 = AXIS2_PLACEMENT_3D('',#7188,#7189,#7190);
#7188 = CARTESIAN_POINT('',(-0.545,-0.4,0.405));
#7189 = DIRECTION('',(0.,-1.,0.));
#7190 = DIRECTION('',(0.,0.,1.));
#7191 = ORIENTED_EDGE('',*,*,#7192,.F.);
#7192 = EDGE_CURVE('',#7193,#7184,#7195,.T.);
#7193 = VERTEX_POINT('',#7194);
#7194 = CARTESIAN_POINT('',(-0.755,-0.4,0.405));
#7195 = LINE('',#7196,#7197);
#7196 = CARTESIAN_POINT('',(-0.755,-0.4,0.405));
#7197 = VECTOR('',#7198,1.);
#7198 = DIRECTION('',(1.,0.,0.));
#7199 = ORIENTED_EDGE('',*,*,#7200,.F.);
#7200 = EDGE_CURVE('',#7201,#7193,#7203,.T.);
#7201 = VERTEX_POINT('',#7202);
#7202 = CARTESIAN_POINT('',(-0.755,-0.4,4.5E-02));
#7203 = LINE('',#7204,#7205);
#7204 = CARTESIAN_POINT('',(-0.755,-0.4,4.5E-02));
#7205 = VECTOR('',#7206,1.);
#7206 = DIRECTION('',(0.,0.,1.));
#7207 = ORIENTED_EDGE('',*,*,#7208,.T.);
#7208 = EDGE_CURVE('',#7201,#7209,#7211,.T.);
#7209 = VERTEX_POINT('',#7210);
#7210 = CARTESIAN_POINT('',(-0.5,-0.4,4.5E-02));
#7211 = LINE('',#7212,#7213);
#7212 = CARTESIAN_POINT('',(-0.755,-0.4,4.5E-02));
#7213 = VECTOR('',#7214,1.);
#7214 = DIRECTION('',(1.,0.,0.));
#7215 = ORIENTED_EDGE('',*,*,#7216,.T.);
#7216 = EDGE_CURVE('',#7209,#7151,#7217,.T.);
#7217 = CIRCLE('',#7218,4.5E-02);
#7218 = AXIS2_PLACEMENT_3D('',#7219,#7220,#7221);
#7219 = CARTESIAN_POINT('',(-0.545,-0.4,4.5E-02));
#7220 = DIRECTION('',(0.,1.,0.));
#7221 = DIRECTION('',(0.,-0.,1.));
#7222 = PLANE('',#7223);
#7223 = AXIS2_PLACEMENT_3D('',#7224,#7225,#7226);
#7224 = CARTESIAN_POINT('',(-0.8,-0.4,0.));
#7225 = DIRECTION('',(0.,1.,0.));
#7226 = DIRECTION('',(0.,-0.,1.));
#7227 = ADVANCED_FACE('',(#7228),#7247,.T.);
#7228 = FACE_BOUND('',#7229,.T.);
#7229 = EDGE_LOOP('',(#7230,#7231,#7240,#7246));
#7230 = ORIENTED_EDGE('',*,*,#7118,.T.);
#7231 = ORIENTED_EDGE('',*,*,#7232,.T.);
#7232 = EDGE_CURVE('',#7119,#7233,#7235,.T.);
#7233 = VERTEX_POINT('',#7234);
#7234 = CARTESIAN_POINT('',(-0.755,0.4,-2.775557561563E-17));
#7235 = CIRCLE('',#7236,4.5E-02);
#7236 = AXIS2_PLACEMENT_3D('',#7237,#7238,#7239);
#7237 = CARTESIAN_POINT('',(-0.755,0.4,4.5E-02));
#7238 = DIRECTION('',(0.,-1.,0.));
#7239 = DIRECTION('',(0.,0.,1.));
#7240 = ORIENTED_EDGE('',*,*,#7241,.F.);
#7241 = EDGE_CURVE('',#7149,#7233,#7242,.T.);
#7242 = LINE('',#7243,#7244);
#7243 = CARTESIAN_POINT('',(-0.755,-0.4,-2.775557561563E-17));
#7244 = VECTOR('',#7245,1.);
#7245 = DIRECTION('',(0.,1.,0.));
#7246 = ORIENTED_EDGE('',*,*,#7158,.F.);
#7247 = CYLINDRICAL_SURFACE('',#7248,4.5E-02);
#7248 = AXIS2_PLACEMENT_3D('',#7249,#7250,#7251);
#7249 = CARTESIAN_POINT('',(-0.755,-0.4,4.5E-02));
#7250 = DIRECTION('',(0.,1.,0.));
#7251 = DIRECTION('',(-1.,0.,0.));
#7252 = ADVANCED_FACE('',(#7253),#7272,.T.);
#7253 = FACE_BOUND('',#7254,.T.);
#7254 = EDGE_LOOP('',(#7255,#7256,#7264,#7271));
#7255 = ORIENTED_EDGE('',*,*,#7166,.T.);
#7256 = ORIENTED_EDGE('',*,*,#7257,.T.);
#7257 = EDGE_CURVE('',#7167,#7258,#7260,.T.);
#7258 = VERTEX_POINT('',#7259);
#7259 = CARTESIAN_POINT('',(-0.755,0.4,0.45));
#7260 = LINE('',#7261,#7262);
#7261 = CARTESIAN_POINT('',(-0.755,-0.4,0.45));
#7262 = VECTOR('',#7263,1.);
#7263 = DIRECTION('',(0.,1.,0.));
#7264 = ORIENTED_EDGE('',*,*,#7265,.F.);
#7265 = EDGE_CURVE('',#7127,#7258,#7266,.T.);
#7266 = CIRCLE('',#7267,4.5E-02);
#7267 = AXIS2_PLACEMENT_3D('',#7268,#7269,#7270);
#7268 = CARTESIAN_POINT('',(-0.755,0.4,0.405));
#7269 = DIRECTION('',(0.,1.,0.));
#7270 = DIRECTION('',(0.,-0.,1.));
#7271 = ORIENTED_EDGE('',*,*,#7134,.F.);
#7272 = CYLINDRICAL_SURFACE('',#7273,4.5E-02);
#7273 = AXIS2_PLACEMENT_3D('',#7274,#7275,#7276);
#7274 = CARTESIAN_POINT('',(-0.755,-0.4,0.405));
#7275 = DIRECTION('',(0.,1.,0.));
#7276 = DIRECTION('',(-1.,0.,0.));
#7277 = ADVANCED_FACE('',(#7278),#7339,.T.);
#7278 = FACE_BOUND('',#7279,.T.);
#7279 = EDGE_LOOP('',(#7280,#7288,#7289,#7290,#7291,#7299,#7308,#7316,
    #7324,#7332));
#7280 = ORIENTED_EDGE('',*,*,#7281,.F.);
#7281 = EDGE_CURVE('',#7233,#7282,#7284,.T.);
#7282 = VERTEX_POINT('',#7283);
#7283 = CARTESIAN_POINT('',(-0.545,0.4,-2.775557561563E-17));
#7284 = LINE('',#7285,#7286);
#7285 = CARTESIAN_POINT('',(-0.8,0.4,0.));
#7286 = VECTOR('',#7287,1.);
#7287 = DIRECTION('',(1.,0.,0.));
#7288 = ORIENTED_EDGE('',*,*,#7232,.F.);
#7289 = ORIENTED_EDGE('',*,*,#7126,.T.);
#7290 = ORIENTED_EDGE('',*,*,#7265,.T.);
#7291 = ORIENTED_EDGE('',*,*,#7292,.T.);
#7292 = EDGE_CURVE('',#7258,#7293,#7295,.T.);
#7293 = VERTEX_POINT('',#7294);
#7294 = CARTESIAN_POINT('',(-0.545,0.4,0.45));
#7295 = LINE('',#7296,#7297);
#7296 = CARTESIAN_POINT('',(-0.8,0.4,0.45));
#7297 = VECTOR('',#7298,1.);
#7298 = DIRECTION('',(1.,0.,0.));
#7299 = ORIENTED_EDGE('',*,*,#7300,.F.);
#7300 = EDGE_CURVE('',#7301,#7293,#7303,.T.);
#7301 = VERTEX_POINT('',#7302);
#7302 = CARTESIAN_POINT('',(-0.5,0.4,0.405));
#7303 = CIRCLE('',#7304,4.5E-02);
#7304 = AXIS2_PLACEMENT_3D('',#7305,#7306,#7307);
#7305 = CARTESIAN_POINT('',(-0.545,0.4,0.405));
#7306 = DIRECTION('',(0.,-1.,0.));
#7307 = DIRECTION('',(0.,0.,1.));
#7308 = ORIENTED_EDGE('',*,*,#7309,.F.);
#7309 = EDGE_CURVE('',#7310,#7301,#7312,.T.);
#7310 = VERTEX_POINT('',#7311);
#7311 = CARTESIAN_POINT('',(-0.755,0.4,0.405));
#7312 = LINE('',#7313,#7314);
#7313 = CARTESIAN_POINT('',(-0.755,0.4,0.405));
#7314 = VECTOR('',#7315,1.);
#7315 = DIRECTION('',(1.,0.,0.));
#7316 = ORIENTED_EDGE('',*,*,#7317,.F.);
#7317 = EDGE_CURVE('',#7318,#7310,#7320,.T.);
#7318 = VERTEX_POINT('',#7319);
#7319 = CARTESIAN_POINT('',(-0.755,0.4,4.5E-02));
#7320 = LINE('',#7321,#7322);
#7321 = CARTESIAN_POINT('',(-0.755,0.4,4.5E-02));
#7322 = VECTOR('',#7323,1.);
#7323 = DIRECTION('',(0.,0.,1.));
#7324 = ORIENTED_EDGE('',*,*,#7325,.T.);
#7325 = EDGE_CURVE('',#7318,#7326,#7328,.T.);
#7326 = VERTEX_POINT('',#7327);
#7327 = CARTESIAN_POINT('',(-0.5,0.4,4.5E-02));
#7328 = LINE('',#7329,#7330);
#7329 = CARTESIAN_POINT('',(-0.755,0.4,4.5E-02));
#7330 = VECTOR('',#7331,1.);
#7331 = DIRECTION('',(1.,0.,0.));
#7332 = ORIENTED_EDGE('',*,*,#7333,.T.);
#7333 = EDGE_CURVE('',#7326,#7282,#7334,.T.);
#7334 = CIRCLE('',#7335,4.5E-02);
#7335 = AXIS2_PLACEMENT_3D('',#7336,#7337,#7338);
#7336 = CARTESIAN_POINT('',(-0.545,0.4,4.5E-02));
#7337 = DIRECTION('',(0.,1.,0.));
#7338 = DIRECTION('',(0.,-0.,1.));
#7339 = PLANE('',#7340);
#7340 = AXIS2_PLACEMENT_3D('',#7341,#7342,#7343);
#7341 = CARTESIAN_POINT('',(-0.8,0.4,0.));
#7342 = DIRECTION('',(0.,1.,0.));
#7343 = DIRECTION('',(0.,-0.,1.));
#7344 = ADVANCED_FACE('',(#7345),#7356,.F.);
#7345 = FACE_BOUND('',#7346,.F.);
#7346 = EDGE_LOOP('',(#7347,#7348,#7349,#7350));
#7347 = ORIENTED_EDGE('',*,*,#7281,.F.);
#7348 = ORIENTED_EDGE('',*,*,#7241,.F.);
#7349 = ORIENTED_EDGE('',*,*,#7148,.T.);
#7350 = ORIENTED_EDGE('',*,*,#7351,.T.);
#7351 = EDGE_CURVE('',#7151,#7282,#7352,.T.);
#7352 = LINE('',#7353,#7354);
#7353 = CARTESIAN_POINT('',(-0.545,-0.4,-2.775557561563E-17));
#7354 = VECTOR('',#7355,1.);
#7355 = DIRECTION('',(0.,1.,0.));
#7356 = PLANE('',#7357);
#7357 = AXIS2_PLACEMENT_3D('',#7358,#7359,#7360);
#7358 = CARTESIAN_POINT('',(-0.8,-0.4,0.));
#7359 = DIRECTION('',(0.,0.,1.));
#7360 = DIRECTION('',(1.,0.,-0.));
#7361 = ADVANCED_FACE('',(#7362),#7373,.T.);
#7362 = FACE_BOUND('',#7363,.T.);
#7363 = EDGE_LOOP('',(#7364,#7365,#7366,#7367));
#7364 = ORIENTED_EDGE('',*,*,#7216,.T.);
#7365 = ORIENTED_EDGE('',*,*,#7351,.T.);
#7366 = ORIENTED_EDGE('',*,*,#7333,.F.);
#7367 = ORIENTED_EDGE('',*,*,#7368,.F.);
#7368 = EDGE_CURVE('',#7209,#7326,#7369,.T.);
#7369 = LINE('',#7370,#7371);
#7370 = CARTESIAN_POINT('',(-0.5,-0.4,4.5E-02));
#7371 = VECTOR('',#7372,1.);
#7372 = DIRECTION('',(0.,1.,0.));
#7373 = CYLINDRICAL_SURFACE('',#7374,4.5E-02);
#7374 = AXIS2_PLACEMENT_3D('',#7375,#7376,#7377);
#7375 = CARTESIAN_POINT('',(-0.545,-0.4,4.5E-02));
#7376 = DIRECTION('',(0.,1.,0.));
#7377 = DIRECTION('',(1.,0.,0.));
#7378 = ADVANCED_FACE('',(#7379),#7422,.F.);
#7379 = FACE_BOUND('',#7380,.F.);
#7380 = EDGE_LOOP('',(#7381,#7382,#7383,#7384,#7392,#7400,#7408,#7416));
#7381 = ORIENTED_EDGE('',*,*,#7208,.F.);
#7382 = ORIENTED_EDGE('',*,*,#7200,.T.);
#7383 = ORIENTED_EDGE('',*,*,#7192,.T.);
#7384 = ORIENTED_EDGE('',*,*,#7385,.T.);
#7385 = EDGE_CURVE('',#7184,#7386,#7388,.T.);
#7386 = VERTEX_POINT('',#7387);
#7387 = CARTESIAN_POINT('',(0.5,-0.4,0.405));
#7388 = LINE('',#7389,#7390);
#7389 = CARTESIAN_POINT('',(-0.5,-0.4,0.405));
#7390 = VECTOR('',#7391,1.);
#7391 = DIRECTION('',(1.,0.,0.));
#7392 = ORIENTED_EDGE('',*,*,#7393,.T.);
#7393 = EDGE_CURVE('',#7386,#7394,#7396,.T.);
#7394 = VERTEX_POINT('',#7395);
#7395 = CARTESIAN_POINT('',(0.755,-0.4,0.405));
#7396 = LINE('',#7397,#7398);
#7397 = CARTESIAN_POINT('',(-0.755,-0.4,0.405));
#7398 = VECTOR('',#7399,1.);
#7399 = DIRECTION('',(1.,0.,0.));
#7400 = ORIENTED_EDGE('',*,*,#7401,.F.);
#7401 = EDGE_CURVE('',#7402,#7394,#7404,.T.);
#7402 = VERTEX_POINT('',#7403);
#7403 = CARTESIAN_POINT('',(0.755,-0.4,4.5E-02));
#7404 = LINE('',#7405,#7406);
#7405 = CARTESIAN_POINT('',(0.755,-0.4,4.5E-02));
#7406 = VECTOR('',#7407,1.);
#7407 = DIRECTION('',(0.,0.,1.));
#7408 = ORIENTED_EDGE('',*,*,#7409,.F.);
#7409 = EDGE_CURVE('',#7410,#7402,#7412,.T.);
#7410 = VERTEX_POINT('',#7411);
#7411 = CARTESIAN_POINT('',(0.5,-0.4,4.5E-02));
#7412 = LINE('',#7413,#7414);
#7413 = CARTESIAN_POINT('',(-0.755,-0.4,4.5E-02));
#7414 = VECTOR('',#7415,1.);
#7415 = DIRECTION('',(1.,0.,0.));
#7416 = ORIENTED_EDGE('',*,*,#7417,.F.);
#7417 = EDGE_CURVE('',#7209,#7410,#7418,.T.);
#7418 = LINE('',#7419,#7420);
#7419 = CARTESIAN_POINT('',(-0.755,-0.4,4.5E-02));
#7420 = VECTOR('',#7421,1.);
#7421 = DIRECTION('',(1.,0.,0.));
#7422 = PLANE('',#7423);
#7423 = AXIS2_PLACEMENT_3D('',#7424,#7425,#7426);
#7424 = CARTESIAN_POINT('',(-0.755,-0.4,4.5E-02));
#7425 = DIRECTION('',(0.,1.,0.));
#7426 = DIRECTION('',(0.,-0.,1.));
#7427 = ADVANCED_FACE('',(#7428),#7439,.T.);
#7428 = FACE_BOUND('',#7429,.T.);
#7429 = EDGE_LOOP('',(#7430,#7431,#7432,#7433));
#7430 = ORIENTED_EDGE('',*,*,#7292,.F.);
#7431 = ORIENTED_EDGE('',*,*,#7257,.F.);
#7432 = ORIENTED_EDGE('',*,*,#7175,.T.);
#7433 = ORIENTED_EDGE('',*,*,#7434,.T.);
#7434 = EDGE_CURVE('',#7176,#7293,#7435,.T.);
#7435 = LINE('',#7436,#7437);
#7436 = CARTESIAN_POINT('',(-0.545,-0.4,0.45));
#7437 = VECTOR('',#7438,1.);
#7438 = DIRECTION('',(0.,1.,0.));
#7439 = PLANE('',#7440);
#7440 = AXIS2_PLACEMENT_3D('',#7441,#7442,#7443);
#7441 = CARTESIAN_POINT('',(-0.8,-0.4,0.45));
#7442 = DIRECTION('',(0.,0.,1.));
#7443 = DIRECTION('',(1.,0.,-0.));
#7444 = ADVANCED_FACE('',(#7445),#7456,.T.);
#7445 = FACE_BOUND('',#7446,.T.);
#7446 = EDGE_LOOP('',(#7447,#7453,#7454,#7455));
#7447 = ORIENTED_EDGE('',*,*,#7448,.T.);
#7448 = EDGE_CURVE('',#7184,#7301,#7449,.T.);
#7449 = LINE('',#7450,#7451);
#7450 = CARTESIAN_POINT('',(-0.5,-0.4,0.405));
#7451 = VECTOR('',#7452,1.);
#7452 = DIRECTION('',(0.,1.,0.));
#7453 = ORIENTED_EDGE('',*,*,#7300,.T.);
#7454 = ORIENTED_EDGE('',*,*,#7434,.F.);
#7455 = ORIENTED_EDGE('',*,*,#7183,.F.);
#7456 = CYLINDRICAL_SURFACE('',#7457,4.5E-02);
#7457 = AXIS2_PLACEMENT_3D('',#7458,#7459,#7460);
#7458 = CARTESIAN_POINT('',(-0.545,-0.4,0.405));
#7459 = DIRECTION('',(0.,1.,0.));
#7460 = DIRECTION('',(1.,0.,0.));
#7461 = ADVANCED_FACE('',(#7462),#7505,.T.);
#7462 = FACE_BOUND('',#7463,.T.);
#7463 = EDGE_LOOP('',(#7464,#7465,#7466,#7467,#7475,#7483,#7491,#7499));
#7464 = ORIENTED_EDGE('',*,*,#7325,.F.);
#7465 = ORIENTED_EDGE('',*,*,#7317,.T.);
#7466 = ORIENTED_EDGE('',*,*,#7309,.T.);
#7467 = ORIENTED_EDGE('',*,*,#7468,.T.);
#7468 = EDGE_CURVE('',#7301,#7469,#7471,.T.);
#7469 = VERTEX_POINT('',#7470);
#7470 = CARTESIAN_POINT('',(0.5,0.4,0.405));
#7471 = LINE('',#7472,#7473);
#7472 = CARTESIAN_POINT('',(-0.5,0.4,0.405));
#7473 = VECTOR('',#7474,1.);
#7474 = DIRECTION('',(1.,0.,0.));
#7475 = ORIENTED_EDGE('',*,*,#7476,.T.);
#7476 = EDGE_CURVE('',#7469,#7477,#7479,.T.);
#7477 = VERTEX_POINT('',#7478);
#7478 = CARTESIAN_POINT('',(0.755,0.4,0.405));
#7479 = LINE('',#7480,#7481);
#7480 = CARTESIAN_POINT('',(-0.755,0.4,0.405));
#7481 = VECTOR('',#7482,1.);
#7482 = DIRECTION('',(1.,0.,0.));
#7483 = ORIENTED_EDGE('',*,*,#7484,.F.);
#7484 = EDGE_CURVE('',#7485,#7477,#7487,.T.);
#7485 = VERTEX_POINT('',#7486);
#7486 = CARTESIAN_POINT('',(0.755,0.4,4.5E-02));
#7487 = LINE('',#7488,#7489);
#7488 = CARTESIAN_POINT('',(0.755,0.4,4.5E-02));
#7489 = VECTOR('',#7490,1.);
#7490 = DIRECTION('',(0.,0.,1.));
#7491 = ORIENTED_EDGE('',*,*,#7492,.F.);
#7492 = EDGE_CURVE('',#7493,#7485,#7495,.T.);
#7493 = VERTEX_POINT('',#7494);
#7494 = CARTESIAN_POINT('',(0.5,0.4,4.5E-02));
#7495 = LINE('',#7496,#7497);
#7496 = CARTESIAN_POINT('',(-0.755,0.4,4.5E-02));
#7497 = VECTOR('',#7498,1.);
#7498 = DIRECTION('',(1.,0.,0.));
#7499 = ORIENTED_EDGE('',*,*,#7500,.F.);
#7500 = EDGE_CURVE('',#7326,#7493,#7501,.T.);
#7501 = LINE('',#7502,#7503);
#7502 = CARTESIAN_POINT('',(-0.755,0.4,4.5E-02));
#7503 = VECTOR('',#7504,1.);
#7504 = DIRECTION('',(1.,0.,0.));
#7505 = PLANE('',#7506);
#7506 = AXIS2_PLACEMENT_3D('',#7507,#7508,#7509);
#7507 = CARTESIAN_POINT('',(-0.755,0.4,4.5E-02));
#7508 = DIRECTION('',(0.,1.,0.));
#7509 = DIRECTION('',(0.,-0.,1.));
#7510 = ADVANCED_FACE('',(#7511),#7522,.F.);
#7511 = FACE_BOUND('',#7512,.F.);
#7512 = EDGE_LOOP('',(#7513,#7514,#7515,#7521));
#7513 = ORIENTED_EDGE('',*,*,#7368,.F.);
#7514 = ORIENTED_EDGE('',*,*,#7417,.T.);
#7515 = ORIENTED_EDGE('',*,*,#7516,.T.);
#7516 = EDGE_CURVE('',#7410,#7493,#7517,.T.);
#7517 = LINE('',#7518,#7519);
#7518 = CARTESIAN_POINT('',(0.5,-0.4,4.5E-02));
#7519 = VECTOR('',#7520,1.);
#7520 = DIRECTION('',(0.,1.,0.));
#7521 = ORIENTED_EDGE('',*,*,#7500,.F.);
#7522 = PLANE('',#7523);
#7523 = AXIS2_PLACEMENT_3D('',#7524,#7525,#7526);
#7524 = CARTESIAN_POINT('',(-0.755,-0.4,4.5E-02));
#7525 = DIRECTION('',(0.,0.,1.));
#7526 = DIRECTION('',(1.,0.,-0.));
#7527 = ADVANCED_FACE('',(#7528),#7591,.F.);
#7528 = FACE_BOUND('',#7529,.F.);
#7529 = EDGE_LOOP('',(#7530,#7540,#7547,#7548,#7549,#7550,#7559,#7567,
    #7576,#7584));
#7530 = ORIENTED_EDGE('',*,*,#7531,.F.);
#7531 = EDGE_CURVE('',#7532,#7534,#7536,.T.);
#7532 = VERTEX_POINT('',#7533);
#7533 = CARTESIAN_POINT('',(0.545,-0.4,-2.775557561563E-17));
#7534 = VERTEX_POINT('',#7535);
#7535 = CARTESIAN_POINT('',(0.755,-0.4,-2.775557561563E-17));
#7536 = LINE('',#7537,#7538);
#7537 = CARTESIAN_POINT('',(0.5,-0.4,0.));
#7538 = VECTOR('',#7539,1.);
#7539 = DIRECTION('',(1.,0.,0.));
#7540 = ORIENTED_EDGE('',*,*,#7541,.F.);
#7541 = EDGE_CURVE('',#7410,#7532,#7542,.T.);
#7542 = CIRCLE('',#7543,4.5E-02);
#7543 = AXIS2_PLACEMENT_3D('',#7544,#7545,#7546);
#7544 = CARTESIAN_POINT('',(0.545,-0.4,4.5E-02));
#7545 = DIRECTION('',(0.,-1.,0.));
#7546 = DIRECTION('',(0.,0.,1.));
#7547 = ORIENTED_EDGE('',*,*,#7409,.T.);
#7548 = ORIENTED_EDGE('',*,*,#7401,.T.);
#7549 = ORIENTED_EDGE('',*,*,#7393,.F.);
#7550 = ORIENTED_EDGE('',*,*,#7551,.T.);
#7551 = EDGE_CURVE('',#7386,#7552,#7554,.T.);
#7552 = VERTEX_POINT('',#7553);
#7553 = CARTESIAN_POINT('',(0.545,-0.4,0.45));
#7554 = CIRCLE('',#7555,4.5E-02);
#7555 = AXIS2_PLACEMENT_3D('',#7556,#7557,#7558);
#7556 = CARTESIAN_POINT('',(0.545,-0.4,0.405));
#7557 = DIRECTION('',(0.,1.,0.));
#7558 = DIRECTION('',(0.,-0.,1.));
#7559 = ORIENTED_EDGE('',*,*,#7560,.T.);
#7560 = EDGE_CURVE('',#7552,#7561,#7563,.T.);
#7561 = VERTEX_POINT('',#7562);
#7562 = CARTESIAN_POINT('',(0.755,-0.4,0.45));
#7563 = LINE('',#7564,#7565);
#7564 = CARTESIAN_POINT('',(0.5,-0.4,0.45));
#7565 = VECTOR('',#7566,1.);
#7566 = DIRECTION('',(1.,0.,0.));
#7567 = ORIENTED_EDGE('',*,*,#7568,.F.);
#7568 = EDGE_CURVE('',#7569,#7561,#7571,.T.);
#7569 = VERTEX_POINT('',#7570);
#7570 = CARTESIAN_POINT('',(0.8,-0.4,0.405));
#7571 = CIRCLE('',#7572,4.5E-02);
#7572 = AXIS2_PLACEMENT_3D('',#7573,#7574,#7575);
#7573 = CARTESIAN_POINT('',(0.755,-0.4,0.405));
#7574 = DIRECTION('',(0.,-1.,0.));
#7575 = DIRECTION('',(0.,0.,1.));
#7576 = ORIENTED_EDGE('',*,*,#7577,.F.);
#7577 = EDGE_CURVE('',#7578,#7569,#7580,.T.);
#7578 = VERTEX_POINT('',#7579);
#7579 = CARTESIAN_POINT('',(0.8,-0.4,4.5E-02));
#7580 = LINE('',#7581,#7582);
#7581 = CARTESIAN_POINT('',(0.8,-0.4,0.));
#7582 = VECTOR('',#7583,1.);
#7583 = DIRECTION('',(0.,0.,1.));
#7584 = ORIENTED_EDGE('',*,*,#7585,.T.);
#7585 = EDGE_CURVE('',#7578,#7534,#7586,.T.);
#7586 = CIRCLE('',#7587,4.5E-02);
#7587 = AXIS2_PLACEMENT_3D('',#7588,#7589,#7590);
#7588 = CARTESIAN_POINT('',(0.755,-0.4,4.5E-02));
#7589 = DIRECTION('',(0.,1.,0.));
#7590 = DIRECTION('',(0.,-0.,1.));
#7591 = PLANE('',#7592);
#7592 = AXIS2_PLACEMENT_3D('',#7593,#7594,#7595);
#7593 = CARTESIAN_POINT('',(0.5,-0.4,0.));
#7594 = DIRECTION('',(0.,1.,0.));
#7595 = DIRECTION('',(0.,-0.,1.));
#7596 = ADVANCED_FACE('',(#7597),#7622,.F.);
#7597 = FACE_BOUND('',#7598,.F.);
#7598 = EDGE_LOOP('',(#7599,#7600,#7608,#7616));
#7599 = ORIENTED_EDGE('',*,*,#7385,.F.);
#7600 = ORIENTED_EDGE('',*,*,#7601,.T.);
#7601 = EDGE_CURVE('',#7184,#7602,#7604,.T.);
#7602 = VERTEX_POINT('',#7603);
#7603 = CARTESIAN_POINT('',(-0.5,-0.4,0.45));
#7604 = LINE('',#7605,#7606);
#7605 = CARTESIAN_POINT('',(-0.5,-0.4,0.405));
#7606 = VECTOR('',#7607,1.);
#7607 = DIRECTION('',(0.,0.,1.));
#7608 = ORIENTED_EDGE('',*,*,#7609,.T.);
#7609 = EDGE_CURVE('',#7602,#7610,#7612,.T.);
#7610 = VERTEX_POINT('',#7611);
#7611 = CARTESIAN_POINT('',(0.5,-0.4,0.45));
#7612 = LINE('',#7613,#7614);
#7613 = CARTESIAN_POINT('',(-0.5,-0.4,0.45));
#7614 = VECTOR('',#7615,1.);
#7615 = DIRECTION('',(1.,0.,0.));
#7616 = ORIENTED_EDGE('',*,*,#7617,.F.);
#7617 = EDGE_CURVE('',#7386,#7610,#7618,.T.);
#7618 = LINE('',#7619,#7620);
#7619 = CARTESIAN_POINT('',(0.5,-0.4,0.405));
#7620 = VECTOR('',#7621,1.);
#7621 = DIRECTION('',(0.,0.,1.));
#7622 = PLANE('',#7623);
#7623 = AXIS2_PLACEMENT_3D('',#7624,#7625,#7626);
#7624 = CARTESIAN_POINT('',(-0.5,-0.4,0.405));
#7625 = DIRECTION('',(0.,1.,0.));
#7626 = DIRECTION('',(0.,-0.,1.));
#7627 = ADVANCED_FACE('',(#7628),#7646,.F.);
#7628 = FACE_BOUND('',#7629,.F.);
#7629 = EDGE_LOOP('',(#7630,#7631,#7632,#7640));
#7630 = ORIENTED_EDGE('',*,*,#7601,.F.);
#7631 = ORIENTED_EDGE('',*,*,#7448,.T.);
#7632 = ORIENTED_EDGE('',*,*,#7633,.T.);
#7633 = EDGE_CURVE('',#7301,#7634,#7636,.T.);
#7634 = VERTEX_POINT('',#7635);
#7635 = CARTESIAN_POINT('',(-0.5,0.4,0.45));
#7636 = LINE('',#7637,#7638);
#7637 = CARTESIAN_POINT('',(-0.5,0.4,0.405));
#7638 = VECTOR('',#7639,1.);
#7639 = DIRECTION('',(0.,0.,1.));
#7640 = ORIENTED_EDGE('',*,*,#7641,.F.);
#7641 = EDGE_CURVE('',#7602,#7634,#7642,.T.);
#7642 = LINE('',#7643,#7644);
#7643 = CARTESIAN_POINT('',(-0.5,-0.4,0.45));
#7644 = VECTOR('',#7645,1.);
#7645 = DIRECTION('',(0.,1.,0.));
#7646 = PLANE('',#7647);
#7647 = AXIS2_PLACEMENT_3D('',#7648,#7649,#7650);
#7648 = CARTESIAN_POINT('',(-0.5,-0.4,0.405));
#7649 = DIRECTION('',(1.,0.,0.));
#7650 = DIRECTION('',(0.,0.,1.));
#7651 = ADVANCED_FACE('',(#7652),#7715,.T.);
#7652 = FACE_BOUND('',#7653,.T.);
#7653 = EDGE_LOOP('',(#7654,#7664,#7671,#7672,#7673,#7674,#7683,#7691,
    #7700,#7708));
#7654 = ORIENTED_EDGE('',*,*,#7655,.F.);
#7655 = EDGE_CURVE('',#7656,#7658,#7660,.T.);
#7656 = VERTEX_POINT('',#7657);
#7657 = CARTESIAN_POINT('',(0.545,0.4,-2.775557561563E-17));
#7658 = VERTEX_POINT('',#7659);
#7659 = CARTESIAN_POINT('',(0.755,0.4,-2.775557561563E-17));
#7660 = LINE('',#7661,#7662);
#7661 = CARTESIAN_POINT('',(0.5,0.4,0.));
#7662 = VECTOR('',#7663,1.);
#7663 = DIRECTION('',(1.,0.,0.));
#7664 = ORIENTED_EDGE('',*,*,#7665,.F.);
#7665 = EDGE_CURVE('',#7493,#7656,#7666,.T.);
#7666 = CIRCLE('',#7667,4.5E-02);
#7667 = AXIS2_PLACEMENT_3D('',#7668,#7669,#7670);
#7668 = CARTESIAN_POINT('',(0.545,0.4,4.5E-02));
#7669 = DIRECTION('',(0.,-1.,0.));
#7670 = DIRECTION('',(0.,0.,1.));
#7671 = ORIENTED_EDGE('',*,*,#7492,.T.);
#7672 = ORIENTED_EDGE('',*,*,#7484,.T.);
#7673 = ORIENTED_EDGE('',*,*,#7476,.F.);
#7674 = ORIENTED_EDGE('',*,*,#7675,.T.);
#7675 = EDGE_CURVE('',#7469,#7676,#7678,.T.);
#7676 = VERTEX_POINT('',#7677);
#7677 = CARTESIAN_POINT('',(0.545,0.4,0.45));
#7678 = CIRCLE('',#7679,4.5E-02);
#7679 = AXIS2_PLACEMENT_3D('',#7680,#7681,#7682);
#7680 = CARTESIAN_POINT('',(0.545,0.4,0.405));
#7681 = DIRECTION('',(0.,1.,0.));
#7682 = DIRECTION('',(0.,-0.,1.));
#7683 = ORIENTED_EDGE('',*,*,#7684,.T.);
#7684 = EDGE_CURVE('',#7676,#7685,#7687,.T.);
#7685 = VERTEX_POINT('',#7686);
#7686 = CARTESIAN_POINT('',(0.755,0.4,0.45));
#7687 = LINE('',#7688,#7689);
#7688 = CARTESIAN_POINT('',(0.5,0.4,0.45));
#7689 = VECTOR('',#7690,1.);
#7690 = DIRECTION('',(1.,0.,0.));
#7691 = ORIENTED_EDGE('',*,*,#7692,.F.);
#7692 = EDGE_CURVE('',#7693,#7685,#7695,.T.);
#7693 = VERTEX_POINT('',#7694);
#7694 = CARTESIAN_POINT('',(0.8,0.4,0.405));
#7695 = CIRCLE('',#7696,4.5E-02);
#7696 = AXIS2_PLACEMENT_3D('',#7697,#7698,#7699);
#7697 = CARTESIAN_POINT('',(0.755,0.4,0.405));
#7698 = DIRECTION('',(0.,-1.,0.));
#7699 = DIRECTION('',(0.,0.,1.));
#7700 = ORIENTED_EDGE('',*,*,#7701,.F.);
#7701 = EDGE_CURVE('',#7702,#7693,#7704,.T.);
#7702 = VERTEX_POINT('',#7703);
#7703 = CARTESIAN_POINT('',(0.8,0.4,4.5E-02));
#7704 = LINE('',#7705,#7706);
#7705 = CARTESIAN_POINT('',(0.8,0.4,0.));
#7706 = VECTOR('',#7707,1.);
#7707 = DIRECTION('',(0.,0.,1.));
#7708 = ORIENTED_EDGE('',*,*,#7709,.T.);
#7709 = EDGE_CURVE('',#7702,#7658,#7710,.T.);
#7710 = CIRCLE('',#7711,4.5E-02);
#7711 = AXIS2_PLACEMENT_3D('',#7712,#7713,#7714);
#7712 = CARTESIAN_POINT('',(0.755,0.4,4.5E-02));
#7713 = DIRECTION('',(0.,1.,0.));
#7714 = DIRECTION('',(0.,-0.,1.));
#7715 = PLANE('',#7716);
#7716 = AXIS2_PLACEMENT_3D('',#7717,#7718,#7719);
#7717 = CARTESIAN_POINT('',(0.5,0.4,0.));
#7718 = DIRECTION('',(0.,1.,0.));
#7719 = DIRECTION('',(0.,-0.,1.));
#7720 = ADVANCED_FACE('',(#7721),#7739,.T.);
#7721 = FACE_BOUND('',#7722,.T.);
#7722 = EDGE_LOOP('',(#7723,#7724,#7725,#7733));
#7723 = ORIENTED_EDGE('',*,*,#7468,.F.);
#7724 = ORIENTED_EDGE('',*,*,#7633,.T.);
#7725 = ORIENTED_EDGE('',*,*,#7726,.T.);
#7726 = EDGE_CURVE('',#7634,#7727,#7729,.T.);
#7727 = VERTEX_POINT('',#7728);
#7728 = CARTESIAN_POINT('',(0.5,0.4,0.45));
#7729 = LINE('',#7730,#7731);
#7730 = CARTESIAN_POINT('',(-0.5,0.4,0.45));
#7731 = VECTOR('',#7732,1.);
#7732 = DIRECTION('',(1.,0.,0.));
#7733 = ORIENTED_EDGE('',*,*,#7734,.F.);
#7734 = EDGE_CURVE('',#7469,#7727,#7735,.T.);
#7735 = LINE('',#7736,#7737);
#7736 = CARTESIAN_POINT('',(0.5,0.4,0.405));
#7737 = VECTOR('',#7738,1.);
#7738 = DIRECTION('',(0.,0.,1.));
#7739 = PLANE('',#7740);
#7740 = AXIS2_PLACEMENT_3D('',#7741,#7742,#7743);
#7741 = CARTESIAN_POINT('',(-0.5,0.4,0.405));
#7742 = DIRECTION('',(0.,1.,0.));
#7743 = DIRECTION('',(0.,-0.,1.));
#7744 = ADVANCED_FACE('',(#7745),#7756,.T.);
#7745 = FACE_BOUND('',#7746,.T.);
#7746 = EDGE_LOOP('',(#7747,#7748,#7749,#7755));
#7747 = ORIENTED_EDGE('',*,*,#7516,.T.);
#7748 = ORIENTED_EDGE('',*,*,#7665,.T.);
#7749 = ORIENTED_EDGE('',*,*,#7750,.F.);
#7750 = EDGE_CURVE('',#7532,#7656,#7751,.T.);
#7751 = LINE('',#7752,#7753);
#7752 = CARTESIAN_POINT('',(0.545,-0.4,-2.775557561563E-17));
#7753 = VECTOR('',#7754,1.);
#7754 = DIRECTION('',(0.,1.,0.));
#7755 = ORIENTED_EDGE('',*,*,#7541,.F.);
#7756 = CYLINDRICAL_SURFACE('',#7757,4.5E-02);
#7757 = AXIS2_PLACEMENT_3D('',#7758,#7759,#7760);
#7758 = CARTESIAN_POINT('',(0.545,-0.4,4.5E-02));
#7759 = DIRECTION('',(0.,1.,0.));
#7760 = DIRECTION('',(-1.,0.,0.));
#7761 = ADVANCED_FACE('',(#7762),#7773,.F.);
#7762 = FACE_BOUND('',#7763,.F.);
#7763 = EDGE_LOOP('',(#7764,#7765,#7766,#7767));
#7764 = ORIENTED_EDGE('',*,*,#7655,.F.);
#7765 = ORIENTED_EDGE('',*,*,#7750,.F.);
#7766 = ORIENTED_EDGE('',*,*,#7531,.T.);
#7767 = ORIENTED_EDGE('',*,*,#7768,.T.);
#7768 = EDGE_CURVE('',#7534,#7658,#7769,.T.);
#7769 = LINE('',#7770,#7771);
#7770 = CARTESIAN_POINT('',(0.755,-0.4,-2.775557561563E-17));
#7771 = VECTOR('',#7772,1.);
#7772 = DIRECTION('',(0.,1.,0.));
#7773 = PLANE('',#7774);
#7774 = AXIS2_PLACEMENT_3D('',#7775,#7776,#7777);
#7775 = CARTESIAN_POINT('',(0.5,-0.4,0.));
#7776 = DIRECTION('',(0.,0.,1.));
#7777 = DIRECTION('',(1.,0.,-0.));
#7778 = ADVANCED_FACE('',(#7779),#7790,.T.);
#7779 = FACE_BOUND('',#7780,.T.);
#7780 = EDGE_LOOP('',(#7781,#7782,#7783,#7784));
#7781 = ORIENTED_EDGE('',*,*,#7585,.T.);
#7782 = ORIENTED_EDGE('',*,*,#7768,.T.);
#7783 = ORIENTED_EDGE('',*,*,#7709,.F.);
#7784 = ORIENTED_EDGE('',*,*,#7785,.F.);
#7785 = EDGE_CURVE('',#7578,#7702,#7786,.T.);
#7786 = LINE('',#7787,#7788);
#7787 = CARTESIAN_POINT('',(0.8,-0.4,4.5E-02));
#7788 = VECTOR('',#7789,1.);
#7789 = DIRECTION('',(0.,1.,0.));
#7790 = CYLINDRICAL_SURFACE('',#7791,4.5E-02);
#7791 = AXIS2_PLACEMENT_3D('',#7792,#7793,#7794);
#7792 = CARTESIAN_POINT('',(0.755,-0.4,4.5E-02));
#7793 = DIRECTION('',(0.,1.,0.));
#7794 = DIRECTION('',(1.,0.,0.));
#7795 = ADVANCED_FACE('',(#7796),#7807,.T.);
#7796 = FACE_BOUND('',#7797,.T.);
#7797 = EDGE_LOOP('',(#7798,#7799,#7800,#7801));
#7798 = ORIENTED_EDGE('',*,*,#7577,.F.);
#7799 = ORIENTED_EDGE('',*,*,#7785,.T.);
#7800 = ORIENTED_EDGE('',*,*,#7701,.T.);
#7801 = ORIENTED_EDGE('',*,*,#7802,.F.);
#7802 = EDGE_CURVE('',#7569,#7693,#7803,.T.);
#7803 = LINE('',#7804,#7805);
#7804 = CARTESIAN_POINT('',(0.8,-0.4,0.405));
#7805 = VECTOR('',#7806,1.);
#7806 = DIRECTION('',(0.,1.,0.));
#7807 = PLANE('',#7808);
#7808 = AXIS2_PLACEMENT_3D('',#7809,#7810,#7811);
#7809 = CARTESIAN_POINT('',(0.8,-0.4,0.));
#7810 = DIRECTION('',(1.,0.,0.));
#7811 = DIRECTION('',(0.,0.,1.));
#7812 = ADVANCED_FACE('',(#7813),#7824,.T.);
#7813 = FACE_BOUND('',#7814,.T.);
#7814 = EDGE_LOOP('',(#7815,#7816,#7817,#7823));
#7815 = ORIENTED_EDGE('',*,*,#7802,.T.);
#7816 = ORIENTED_EDGE('',*,*,#7692,.T.);
#7817 = ORIENTED_EDGE('',*,*,#7818,.F.);
#7818 = EDGE_CURVE('',#7561,#7685,#7819,.T.);
#7819 = LINE('',#7820,#7821);
#7820 = CARTESIAN_POINT('',(0.755,-0.4,0.45));
#7821 = VECTOR('',#7822,1.);
#7822 = DIRECTION('',(0.,1.,0.));
#7823 = ORIENTED_EDGE('',*,*,#7568,.F.);
#7824 = CYLINDRICAL_SURFACE('',#7825,4.5E-02);
#7825 = AXIS2_PLACEMENT_3D('',#7826,#7827,#7828);
#7826 = CARTESIAN_POINT('',(0.755,-0.4,0.405));
#7827 = DIRECTION('',(0.,1.,0.));
#7828 = DIRECTION('',(1.,0.,0.));
#7829 = ADVANCED_FACE('',(#7830),#7841,.T.);
#7830 = FACE_BOUND('',#7831,.T.);
#7831 = EDGE_LOOP('',(#7832,#7833,#7839,#7840));
#7832 = ORIENTED_EDGE('',*,*,#7684,.F.);
#7833 = ORIENTED_EDGE('',*,*,#7834,.F.);
#7834 = EDGE_CURVE('',#7552,#7676,#7835,.T.);
#7835 = LINE('',#7836,#7837);
#7836 = CARTESIAN_POINT('',(0.545,-0.4,0.45));
#7837 = VECTOR('',#7838,1.);
#7838 = DIRECTION('',(0.,1.,0.));
#7839 = ORIENTED_EDGE('',*,*,#7560,.T.);
#7840 = ORIENTED_EDGE('',*,*,#7818,.T.);
#7841 = PLANE('',#7842);
#7842 = AXIS2_PLACEMENT_3D('',#7843,#7844,#7845);
#7843 = CARTESIAN_POINT('',(0.5,-0.4,0.45));
#7844 = DIRECTION('',(0.,0.,1.));
#7845 = DIRECTION('',(1.,0.,-0.));
#7846 = ADVANCED_FACE('',(#7847),#7858,.T.);
#7847 = FACE_BOUND('',#7848,.T.);
#7848 = EDGE_LOOP('',(#7849,#7850,#7851,#7852));
#7849 = ORIENTED_EDGE('',*,*,#7551,.T.);
#7850 = ORIENTED_EDGE('',*,*,#7834,.T.);
#7851 = ORIENTED_EDGE('',*,*,#7675,.F.);
#7852 = ORIENTED_EDGE('',*,*,#7853,.F.);
#7853 = EDGE_CURVE('',#7386,#7469,#7854,.T.);
#7854 = LINE('',#7855,#7856);
#7855 = CARTESIAN_POINT('',(0.5,-0.4,0.405));
#7856 = VECTOR('',#7857,1.);
#7857 = DIRECTION('',(0.,1.,0.));
#7858 = CYLINDRICAL_SURFACE('',#7859,4.5E-02);
#7859 = AXIS2_PLACEMENT_3D('',#7860,#7861,#7862);
#7860 = CARTESIAN_POINT('',(0.545,-0.4,0.405));
#7861 = DIRECTION('',(0.,1.,0.));
#7862 = DIRECTION('',(-1.,0.,0.));
#7863 = ADVANCED_FACE('',(#7864),#7875,.T.);
#7864 = FACE_BOUND('',#7865,.T.);
#7865 = EDGE_LOOP('',(#7866,#7867,#7868,#7869));
#7866 = ORIENTED_EDGE('',*,*,#7617,.F.);
#7867 = ORIENTED_EDGE('',*,*,#7853,.T.);
#7868 = ORIENTED_EDGE('',*,*,#7734,.T.);
#7869 = ORIENTED_EDGE('',*,*,#7870,.F.);
#7870 = EDGE_CURVE('',#7610,#7727,#7871,.T.);
#7871 = LINE('',#7872,#7873);
#7872 = CARTESIAN_POINT('',(0.5,-0.4,0.45));
#7873 = VECTOR('',#7874,1.);
#7874 = DIRECTION('',(0.,1.,0.));
#7875 = PLANE('',#7876);
#7876 = AXIS2_PLACEMENT_3D('',#7877,#7878,#7879);
#7877 = CARTESIAN_POINT('',(0.5,-0.4,0.405));
#7878 = DIRECTION('',(1.,0.,0.));
#7879 = DIRECTION('',(0.,0.,1.));
#7880 = ADVANCED_FACE('',(#7881),#7887,.T.);
#7881 = FACE_BOUND('',#7882,.T.);
#7882 = EDGE_LOOP('',(#7883,#7884,#7885,#7886));
#7883 = ORIENTED_EDGE('',*,*,#7641,.F.);
#7884 = ORIENTED_EDGE('',*,*,#7609,.T.);
#7885 = ORIENTED_EDGE('',*,*,#7870,.T.);
#7886 = ORIENTED_EDGE('',*,*,#7726,.F.);
#7887 = PLANE('',#7888);
#7888 = AXIS2_PLACEMENT_3D('',#7889,#7890,#7891);
#7889 = CARTESIAN_POINT('',(-0.5,-0.4,0.45));
#7890 = DIRECTION('',(0.,0.,1.));
#7891 = DIRECTION('',(1.,0.,-0.));
#7892 = ( GEOMETRIC_REPRESENTATION_CONTEXT(3) 
GLOBAL_UNCERTAINTY_ASSIGNED_CONTEXT((#7896)) 
GLOBAL_UNIT_ASSIGNED_CONTEXT((#7893,#7894,#7895)) REPRESENTATION_CONTEXT
('Context #1','3D Context with UNIT and UNCERTAINTY') );
#7893 = ( LENGTH_UNIT() NAMED_UNIT(*) SI_UNIT(.MILLI.,.METRE.) );
#7894 = ( NAMED_UNIT(*) PLANE_ANGLE_UNIT() SI_UNIT($,.RADIAN.) );
#7895 = ( NAMED_UNIT(*) SI_UNIT($,.STERADIAN.) SOLID_ANGLE_UNIT() );
#7896 = UNCERTAINTY_MEASURE_WITH_UNIT(LENGTH_MEASURE(1.E-07),#7893,
  'distance_accuracy_value','confusion accuracy');
#7897 = CONTEXT_DEPENDENT_SHAPE_REPRESENTATION(#7898,#7900);
#7898 = ( REPRESENTATION_RELATIONSHIP('','',#7101,#10) 
REPRESENTATION_RELATIONSHIP_WITH_TRANSFORMATION(#7899) 
SHAPE_REPRESENTATION_RELATIONSHIP() );
#7899 = ITEM_DEFINED_TRANSFORMATION('','',#11,#19);
#7900 = PRODUCT_DEFINITION_SHAPE('Placement','Placement of an item',
  #7901);
#7901 = NEXT_ASSEMBLY_USAGE_OCCURRENCE('4','R3','',#5,#7096,$);
#7902 = PRODUCT_RELATED_PRODUCT_CATEGORY('part',$,(#7098));
#7903 = SHAPE_DEFINITION_REPRESENTATION(#7904,#7910);
#7904 = PRODUCT_DEFINITION_SHAPE('','',#7905);
#7905 = PRODUCT_DEFINITION('design','',#7906,#7909);
#7906 = PRODUCT_DEFINITION_FORMATION('','',#7907);
#7907 = PRODUCT('C_0603_1608Metric','C_0603_1608Metric','',(#7908));
#7908 = PRODUCT_CONTEXT('',#2,'mechanical');
#7909 = PRODUCT_DEFINITION_CONTEXT('part definition',#2,'design');
#7910 = ADVANCED_BREP_SHAPE_REPRESENTATION('',(#11,#7911),#8765);
#7911 = MANIFOLD_SOLID_BREP('',#7912);
#7912 = CLOSED_SHELL('',(#7913,#7989,#8020,#8045,#8070,#8094,#8118,#8143
    ,#8168,#8185,#8271,#8303,#8327,#8352,#8376,#8401,#8425,#8450,#8467,
    #8553,#8584,#8609,#8634,#8658,#8682,#8707,#8732,#8749));
#7913 = ADVANCED_FACE('',(#7914),#7984,.F.);
#7914 = FACE_BOUND('',#7915,.F.);
#7915 = EDGE_LOOP('',(#7916,#7926,#7935,#7943,#7952,#7960,#7969,#7977));
#7916 = ORIENTED_EDGE('',*,*,#7917,.F.);
#7917 = EDGE_CURVE('',#7918,#7920,#7922,.T.);
#7918 = VERTEX_POINT('',#7919);
#7919 = CARTESIAN_POINT('',(-0.8,-0.4,3.E-02));
#7920 = VERTEX_POINT('',#7921);
#7921 = CARTESIAN_POINT('',(-0.8,-0.4,0.77));
#7922 = LINE('',#7923,#7924);
#7923 = CARTESIAN_POINT('',(-0.8,-0.4,0.));
#7924 = VECTOR('',#7925,1.);
#7925 = DIRECTION('',(0.,0.,1.));
#7926 = ORIENTED_EDGE('',*,*,#7927,.T.);
#7927 = EDGE_CURVE('',#7918,#7928,#7930,.T.);
#7928 = VERTEX_POINT('',#7929);
#7929 = CARTESIAN_POINT('',(-0.8,-0.37,0.));
#7930 = CIRCLE('',#7931,3.E-02);
#7931 = AXIS2_PLACEMENT_3D('',#7932,#7933,#7934);
#7932 = CARTESIAN_POINT('',(-0.8,-0.37,3.E-02));
#7933 = DIRECTION('',(1.,0.,-0.));
#7934 = DIRECTION('',(0.,0.,1.));
#7935 = ORIENTED_EDGE('',*,*,#7936,.T.);
#7936 = EDGE_CURVE('',#7928,#7937,#7939,.T.);
#7937 = VERTEX_POINT('',#7938);
#7938 = CARTESIAN_POINT('',(-0.8,0.37,0.));
#7939 = LINE('',#7940,#7941);
#7940 = CARTESIAN_POINT('',(-0.8,-0.4,0.));
#7941 = VECTOR('',#7942,1.);
#7942 = DIRECTION('',(0.,1.,0.));
#7943 = ORIENTED_EDGE('',*,*,#7944,.F.);
#7944 = EDGE_CURVE('',#7945,#7937,#7947,.T.);
#7945 = VERTEX_POINT('',#7946);
#7946 = CARTESIAN_POINT('',(-0.8,0.4,3.E-02));
#7947 = CIRCLE('',#7948,3.E-02);
#7948 = AXIS2_PLACEMENT_3D('',#7949,#7950,#7951);
#7949 = CARTESIAN_POINT('',(-0.8,0.37,3.E-02));
#7950 = DIRECTION('',(-1.,0.,0.));
#7951 = DIRECTION('',(0.,0.,1.));
#7952 = ORIENTED_EDGE('',*,*,#7953,.T.);
#7953 = EDGE_CURVE('',#7945,#7954,#7956,.T.);
#7954 = VERTEX_POINT('',#7955);
#7955 = CARTESIAN_POINT('',(-0.8,0.4,0.77));
#7956 = LINE('',#7957,#7958);
#7957 = CARTESIAN_POINT('',(-0.8,0.4,0.));
#7958 = VECTOR('',#7959,1.);
#7959 = DIRECTION('',(0.,0.,1.));
#7960 = ORIENTED_EDGE('',*,*,#7961,.T.);
#7961 = EDGE_CURVE('',#7954,#7962,#7964,.T.);
#7962 = VERTEX_POINT('',#7963);
#7963 = CARTESIAN_POINT('',(-0.8,0.37,0.8));
#7964 = CIRCLE('',#7965,3.E-02);
#7965 = AXIS2_PLACEMENT_3D('',#7966,#7967,#7968);
#7966 = CARTESIAN_POINT('',(-0.8,0.37,0.77));
#7967 = DIRECTION('',(1.,0.,-0.));
#7968 = DIRECTION('',(0.,0.,1.));
#7969 = ORIENTED_EDGE('',*,*,#7970,.F.);
#7970 = EDGE_CURVE('',#7971,#7962,#7973,.T.);
#7971 = VERTEX_POINT('',#7972);
#7972 = CARTESIAN_POINT('',(-0.8,-0.37,0.8));
#7973 = LINE('',#7974,#7975);
#7974 = CARTESIAN_POINT('',(-0.8,-0.4,0.8));
#7975 = VECTOR('',#7976,1.);
#7976 = DIRECTION('',(0.,1.,0.));
#7977 = ORIENTED_EDGE('',*,*,#7978,.F.);
#7978 = EDGE_CURVE('',#7920,#7971,#7979,.T.);
#7979 = CIRCLE('',#7980,3.E-02);
#7980 = AXIS2_PLACEMENT_3D('',#7981,#7982,#7983);
#7981 = CARTESIAN_POINT('',(-0.8,-0.37,0.77));
#7982 = DIRECTION('',(-1.,0.,0.));
#7983 = DIRECTION('',(0.,0.,1.));
#7984 = PLANE('',#7985);
#7985 = AXIS2_PLACEMENT_3D('',#7986,#7987,#7988);
#7986 = CARTESIAN_POINT('',(-0.8,-0.4,0.));
#7987 = DIRECTION('',(1.,0.,0.));
#7988 = DIRECTION('',(0.,0.,1.));
#7989 = ADVANCED_FACE('',(#7990),#8015,.F.);
#7990 = FACE_BOUND('',#7991,.F.);
#7991 = EDGE_LOOP('',(#7992,#8002,#8008,#8009));
#7992 = ORIENTED_EDGE('',*,*,#7993,.F.);
#7993 = EDGE_CURVE('',#7994,#7996,#7998,.T.);
#7994 = VERTEX_POINT('',#7995);
#7995 = CARTESIAN_POINT('',(-0.5,-0.4,3.E-02));
#7996 = VERTEX_POINT('',#7997);
#7997 = CARTESIAN_POINT('',(-0.5,-0.4,0.77));
#7998 = LINE('',#7999,#8000);
#7999 = CARTESIAN_POINT('',(-0.5,-0.4,0.));
#8000 = VECTOR('',#8001,1.);
#8001 = DIRECTION('',(0.,0.,1.));
#8002 = ORIENTED_EDGE('',*,*,#8003,.F.);
#8003 = EDGE_CURVE('',#7918,#7994,#8004,.T.);
#8004 = LINE('',#8005,#8006);
#8005 = CARTESIAN_POINT('',(-0.8,-0.4,3.E-02));
#8006 = VECTOR('',#8007,1.);
#8007 = DIRECTION('',(1.,0.,0.));
#8008 = ORIENTED_EDGE('',*,*,#7917,.T.);
#8009 = ORIENTED_EDGE('',*,*,#8010,.T.);
#8010 = EDGE_CURVE('',#7920,#7996,#8011,.T.);
#8011 = LINE('',#8012,#8013);
#8012 = CARTESIAN_POINT('',(-0.8,-0.4,0.77));
#8013 = VECTOR('',#8014,1.);
#8014 = DIRECTION('',(1.,0.,0.));
#8015 = PLANE('',#8016);
#8016 = AXIS2_PLACEMENT_3D('',#8017,#8018,#8019);
#8017 = CARTESIAN_POINT('',(-0.8,-0.4,0.));
#8018 = DIRECTION('',(0.,1.,0.));
#8019 = DIRECTION('',(0.,-0.,1.));
#8020 = ADVANCED_FACE('',(#8021),#8040,.T.);
#8021 = FACE_BOUND('',#8022,.T.);
#8022 = EDGE_LOOP('',(#8023,#8024,#8032,#8039));
#8023 = ORIENTED_EDGE('',*,*,#7927,.T.);
#8024 = ORIENTED_EDGE('',*,*,#8025,.T.);
#8025 = EDGE_CURVE('',#7928,#8026,#8028,.T.);
#8026 = VERTEX_POINT('',#8027);
#8027 = CARTESIAN_POINT('',(-0.5,-0.37,0.));
#8028 = LINE('',#8029,#8030);
#8029 = CARTESIAN_POINT('',(-0.8,-0.37,0.));
#8030 = VECTOR('',#8031,1.);
#8031 = DIRECTION('',(1.,0.,0.));
#8032 = ORIENTED_EDGE('',*,*,#8033,.F.);
#8033 = EDGE_CURVE('',#7994,#8026,#8034,.T.);
#8034 = CIRCLE('',#8035,3.E-02);
#8035 = AXIS2_PLACEMENT_3D('',#8036,#8037,#8038);
#8036 = CARTESIAN_POINT('',(-0.5,-0.37,3.E-02));
#8037 = DIRECTION('',(1.,0.,-0.));
#8038 = DIRECTION('',(0.,0.,1.));
#8039 = ORIENTED_EDGE('',*,*,#8003,.F.);
#8040 = CYLINDRICAL_SURFACE('',#8041,3.E-02);
#8041 = AXIS2_PLACEMENT_3D('',#8042,#8043,#8044);
#8042 = CARTESIAN_POINT('',(-0.8,-0.37,3.E-02));
#8043 = DIRECTION('',(1.,0.,0.));
#8044 = DIRECTION('',(0.,-1.,0.));
#8045 = ADVANCED_FACE('',(#8046),#8065,.T.);
#8046 = FACE_BOUND('',#8047,.T.);
#8047 = EDGE_LOOP('',(#8048,#8049,#8058,#8064));
#8048 = ORIENTED_EDGE('',*,*,#8010,.T.);
#8049 = ORIENTED_EDGE('',*,*,#8050,.T.);
#8050 = EDGE_CURVE('',#7996,#8051,#8053,.T.);
#8051 = VERTEX_POINT('',#8052);
#8052 = CARTESIAN_POINT('',(-0.5,-0.37,0.8));
#8053 = CIRCLE('',#8054,3.E-02);
#8054 = AXIS2_PLACEMENT_3D('',#8055,#8056,#8057);
#8055 = CARTESIAN_POINT('',(-0.5,-0.37,0.77));
#8056 = DIRECTION('',(-1.,0.,0.));
#8057 = DIRECTION('',(0.,0.,1.));
#8058 = ORIENTED_EDGE('',*,*,#8059,.F.);
#8059 = EDGE_CURVE('',#7971,#8051,#8060,.T.);
#8060 = LINE('',#8061,#8062);
#8061 = CARTESIAN_POINT('',(-0.8,-0.37,0.8));
#8062 = VECTOR('',#8063,1.);
#8063 = DIRECTION('',(1.,0.,0.));
#8064 = ORIENTED_EDGE('',*,*,#7978,.F.);
#8065 = CYLINDRICAL_SURFACE('',#8066,3.E-02);
#8066 = AXIS2_PLACEMENT_3D('',#8067,#8068,#8069);
#8067 = CARTESIAN_POINT('',(-0.8,-0.37,0.77));
#8068 = DIRECTION('',(1.,0.,0.));
#8069 = DIRECTION('',(0.,-1.,0.));
#8070 = ADVANCED_FACE('',(#8071),#8089,.F.);
#8071 = FACE_BOUND('',#8072,.F.);
#8072 = EDGE_LOOP('',(#8073,#8074,#8075,#8083));
#8073 = ORIENTED_EDGE('',*,*,#7936,.F.);
#8074 = ORIENTED_EDGE('',*,*,#8025,.T.);
#8075 = ORIENTED_EDGE('',*,*,#8076,.T.);
#8076 = EDGE_CURVE('',#8026,#8077,#8079,.T.);
#8077 = VERTEX_POINT('',#8078);
#8078 = CARTESIAN_POINT('',(-0.5,0.37,0.));
#8079 = LINE('',#8080,#8081);
#8080 = CARTESIAN_POINT('',(-0.5,-0.4,0.));
#8081 = VECTOR('',#8082,1.);
#8082 = DIRECTION('',(0.,1.,0.));
#8083 = ORIENTED_EDGE('',*,*,#8084,.F.);
#8084 = EDGE_CURVE('',#7937,#8077,#8085,.T.);
#8085 = LINE('',#8086,#8087);
#8086 = CARTESIAN_POINT('',(-0.8,0.37,0.));
#8087 = VECTOR('',#8088,1.);
#8088 = DIRECTION('',(1.,0.,0.));
#8089 = PLANE('',#8090);
#8090 = AXIS2_PLACEMENT_3D('',#8091,#8092,#8093);
#8091 = CARTESIAN_POINT('',(-0.8,-0.4,0.));
#8092 = DIRECTION('',(0.,0.,1.));
#8093 = DIRECTION('',(1.,0.,-0.));
#8094 = ADVANCED_FACE('',(#8095),#8113,.T.);
#8095 = FACE_BOUND('',#8096,.T.);
#8096 = EDGE_LOOP('',(#8097,#8098,#8099,#8107));
#8097 = ORIENTED_EDGE('',*,*,#7970,.F.);
#8098 = ORIENTED_EDGE('',*,*,#8059,.T.);
#8099 = ORIENTED_EDGE('',*,*,#8100,.T.);
#8100 = EDGE_CURVE('',#8051,#8101,#8103,.T.);
#8101 = VERTEX_POINT('',#8102);
#8102 = CARTESIAN_POINT('',(-0.5,0.37,0.8));
#8103 = LINE('',#8104,#8105);
#8104 = CARTESIAN_POINT('',(-0.5,-0.4,0.8));
#8105 = VECTOR('',#8106,1.);
#8106 = DIRECTION('',(0.,1.,0.));
#8107 = ORIENTED_EDGE('',*,*,#8108,.F.);
#8108 = EDGE_CURVE('',#7962,#8101,#8109,.T.);
#8109 = LINE('',#8110,#8111);
#8110 = CARTESIAN_POINT('',(-0.8,0.37,0.8));
#8111 = VECTOR('',#8112,1.);
#8112 = DIRECTION('',(1.,0.,0.));
#8113 = PLANE('',#8114);
#8114 = AXIS2_PLACEMENT_3D('',#8115,#8116,#8117);
#8115 = CARTESIAN_POINT('',(-0.8,-0.4,0.8));
#8116 = DIRECTION('',(0.,0.,1.));
#8117 = DIRECTION('',(1.,0.,-0.));
#8118 = ADVANCED_FACE('',(#8119),#8138,.T.);
#8119 = FACE_BOUND('',#8120,.T.);
#8120 = EDGE_LOOP('',(#8121,#8129,#8136,#8137));
#8121 = ORIENTED_EDGE('',*,*,#8122,.T.);
#8122 = EDGE_CURVE('',#7945,#8123,#8125,.T.);
#8123 = VERTEX_POINT('',#8124);
#8124 = CARTESIAN_POINT('',(-0.5,0.4,3.E-02));
#8125 = LINE('',#8126,#8127);
#8126 = CARTESIAN_POINT('',(-0.8,0.4,3.E-02));
#8127 = VECTOR('',#8128,1.);
#8128 = DIRECTION('',(1.,0.,0.));
#8129 = ORIENTED_EDGE('',*,*,#8130,.T.);
#8130 = EDGE_CURVE('',#8123,#8077,#8131,.T.);
#8131 = CIRCLE('',#8132,3.E-02);
#8132 = AXIS2_PLACEMENT_3D('',#8133,#8134,#8135);
#8133 = CARTESIAN_POINT('',(-0.5,0.37,3.E-02));
#8134 = DIRECTION('',(-1.,0.,0.));
#8135 = DIRECTION('',(0.,0.,1.));
#8136 = ORIENTED_EDGE('',*,*,#8084,.F.);
#8137 = ORIENTED_EDGE('',*,*,#7944,.F.);
#8138 = CYLINDRICAL_SURFACE('',#8139,3.E-02);
#8139 = AXIS2_PLACEMENT_3D('',#8140,#8141,#8142);
#8140 = CARTESIAN_POINT('',(-0.8,0.37,3.E-02));
#8141 = DIRECTION('',(1.,0.,0.));
#8142 = DIRECTION('',(-0.,1.,0.));
#8143 = ADVANCED_FACE('',(#8144),#8163,.T.);
#8144 = FACE_BOUND('',#8145,.T.);
#8145 = EDGE_LOOP('',(#8146,#8147,#8148,#8157));
#8146 = ORIENTED_EDGE('',*,*,#7961,.T.);
#8147 = ORIENTED_EDGE('',*,*,#8108,.T.);
#8148 = ORIENTED_EDGE('',*,*,#8149,.F.);
#8149 = EDGE_CURVE('',#8150,#8101,#8152,.T.);
#8150 = VERTEX_POINT('',#8151);
#8151 = CARTESIAN_POINT('',(-0.5,0.4,0.77));
#8152 = CIRCLE('',#8153,3.E-02);
#8153 = AXIS2_PLACEMENT_3D('',#8154,#8155,#8156);
#8154 = CARTESIAN_POINT('',(-0.5,0.37,0.77));
#8155 = DIRECTION('',(1.,0.,-0.));
#8156 = DIRECTION('',(0.,0.,1.));
#8157 = ORIENTED_EDGE('',*,*,#8158,.F.);
#8158 = EDGE_CURVE('',#7954,#8150,#8159,.T.);
#8159 = LINE('',#8160,#8161);
#8160 = CARTESIAN_POINT('',(-0.8,0.4,0.77));
#8161 = VECTOR('',#8162,1.);
#8162 = DIRECTION('',(1.,0.,0.));
#8163 = CYLINDRICAL_SURFACE('',#8164,3.E-02);
#8164 = AXIS2_PLACEMENT_3D('',#8165,#8166,#8167);
#8165 = CARTESIAN_POINT('',(-0.8,0.37,0.77));
#8166 = DIRECTION('',(1.,0.,0.));
#8167 = DIRECTION('',(-0.,1.,0.));
#8168 = ADVANCED_FACE('',(#8169),#8180,.T.);
#8169 = FACE_BOUND('',#8170,.T.);
#8170 = EDGE_LOOP('',(#8171,#8177,#8178,#8179));
#8171 = ORIENTED_EDGE('',*,*,#8172,.F.);
#8172 = EDGE_CURVE('',#8123,#8150,#8173,.T.);
#8173 = LINE('',#8174,#8175);
#8174 = CARTESIAN_POINT('',(-0.5,0.4,0.));
#8175 = VECTOR('',#8176,1.);
#8176 = DIRECTION('',(0.,0.,1.));
#8177 = ORIENTED_EDGE('',*,*,#8122,.F.);
#8178 = ORIENTED_EDGE('',*,*,#7953,.T.);
#8179 = ORIENTED_EDGE('',*,*,#8158,.T.);
#8180 = PLANE('',#8181);
#8181 = AXIS2_PLACEMENT_3D('',#8182,#8183,#8184);
#8182 = CARTESIAN_POINT('',(-0.8,0.4,0.));
#8183 = DIRECTION('',(0.,1.,0.));
#8184 = DIRECTION('',(0.,-0.,1.));
#8185 = ADVANCED_FACE('',(#8186,#8196),#8266,.T.);
#8186 = FACE_BOUND('',#8187,.T.);
#8187 = EDGE_LOOP('',(#8188,#8189,#8190,#8191,#8192,#8193,#8194,#8195));
#8188 = ORIENTED_EDGE('',*,*,#7993,.F.);
#8189 = ORIENTED_EDGE('',*,*,#8033,.T.);
#8190 = ORIENTED_EDGE('',*,*,#8076,.T.);
#8191 = ORIENTED_EDGE('',*,*,#8130,.F.);
#8192 = ORIENTED_EDGE('',*,*,#8172,.T.);
#8193 = ORIENTED_EDGE('',*,*,#8149,.T.);
#8194 = ORIENTED_EDGE('',*,*,#8100,.F.);
#8195 = ORIENTED_EDGE('',*,*,#8050,.F.);
#8196 = FACE_BOUND('',#8197,.T.);
#8197 = EDGE_LOOP('',(#8198,#8209,#8217,#8226,#8234,#8243,#8251,#8260));
#8198 = ORIENTED_EDGE('',*,*,#8199,.F.);
#8199 = EDGE_CURVE('',#8200,#8202,#8204,.T.);
#8200 = VERTEX_POINT('',#8201);
#8201 = CARTESIAN_POINT('',(-0.5,-0.37,6.E-02));
#8202 = VERTEX_POINT('',#8203);
#8203 = CARTESIAN_POINT('',(-0.5,-0.34,3.E-02));
#8204 = CIRCLE('',#8205,3.E-02);
#8205 = AXIS2_PLACEMENT_3D('',#8206,#8207,#8208);
#8206 = CARTESIAN_POINT('',(-0.5,-0.34,6.E-02));
#8207 = DIRECTION('',(1.,0.,-0.));
#8208 = DIRECTION('',(0.,0.,1.));
#8209 = ORIENTED_EDGE('',*,*,#8210,.T.);
#8210 = EDGE_CURVE('',#8200,#8211,#8213,.T.);
#8211 = VERTEX_POINT('',#8212);
#8212 = CARTESIAN_POINT('',(-0.5,-0.37,0.74));
#8213 = LINE('',#8214,#8215);
#8214 = CARTESIAN_POINT('',(-0.5,-0.37,3.E-02));
#8215 = VECTOR('',#8216,1.);
#8216 = DIRECTION('',(0.,0.,1.));
#8217 = ORIENTED_EDGE('',*,*,#8218,.T.);
#8218 = EDGE_CURVE('',#8211,#8219,#8221,.T.);
#8219 = VERTEX_POINT('',#8220);
#8220 = CARTESIAN_POINT('',(-0.5,-0.34,0.77));
#8221 = CIRCLE('',#8222,3.E-02);
#8222 = AXIS2_PLACEMENT_3D('',#8223,#8224,#8225);
#8223 = CARTESIAN_POINT('',(-0.5,-0.34,0.74));
#8224 = DIRECTION('',(-1.,0.,0.));
#8225 = DIRECTION('',(0.,0.,1.));
#8226 = ORIENTED_EDGE('',*,*,#8227,.T.);
#8227 = EDGE_CURVE('',#8219,#8228,#8230,.T.);
#8228 = VERTEX_POINT('',#8229);
#8229 = CARTESIAN_POINT('',(-0.5,0.34,0.77));
#8230 = LINE('',#8231,#8232);
#8231 = CARTESIAN_POINT('',(-0.5,-0.37,0.77));
#8232 = VECTOR('',#8233,1.);
#8233 = DIRECTION('',(0.,1.,0.));
#8234 = ORIENTED_EDGE('',*,*,#8235,.F.);
#8235 = EDGE_CURVE('',#8236,#8228,#8238,.T.);
#8236 = VERTEX_POINT('',#8237);
#8237 = CARTESIAN_POINT('',(-0.5,0.37,0.74));
#8238 = CIRCLE('',#8239,3.E-02);
#8239 = AXIS2_PLACEMENT_3D('',#8240,#8241,#8242);
#8240 = CARTESIAN_POINT('',(-0.5,0.34,0.74));
#8241 = DIRECTION('',(1.,0.,-0.));
#8242 = DIRECTION('',(0.,0.,1.));
#8243 = ORIENTED_EDGE('',*,*,#8244,.F.);
#8244 = EDGE_CURVE('',#8245,#8236,#8247,.T.);
#8245 = VERTEX_POINT('',#8246);
#8246 = CARTESIAN_POINT('',(-0.5,0.37,6.E-02));
#8247 = LINE('',#8248,#8249);
#8248 = CARTESIAN_POINT('',(-0.5,0.37,3.E-02));
#8249 = VECTOR('',#8250,1.);
#8250 = DIRECTION('',(0.,0.,1.));
#8251 = ORIENTED_EDGE('',*,*,#8252,.T.);
#8252 = EDGE_CURVE('',#8245,#8253,#8255,.T.);
#8253 = VERTEX_POINT('',#8254);
#8254 = CARTESIAN_POINT('',(-0.5,0.34,3.E-02));
#8255 = CIRCLE('',#8256,3.E-02);
#8256 = AXIS2_PLACEMENT_3D('',#8257,#8258,#8259);
#8257 = CARTESIAN_POINT('',(-0.5,0.34,6.E-02));
#8258 = DIRECTION('',(-1.,0.,0.));
#8259 = DIRECTION('',(0.,0.,1.));
#8260 = ORIENTED_EDGE('',*,*,#8261,.F.);
#8261 = EDGE_CURVE('',#8202,#8253,#8262,.T.);
#8262 = LINE('',#8263,#8264);
#8263 = CARTESIAN_POINT('',(-0.5,-0.37,3.E-02));
#8264 = VECTOR('',#8265,1.);
#8265 = DIRECTION('',(0.,1.,0.));
#8266 = PLANE('',#8267);
#8267 = AXIS2_PLACEMENT_3D('',#8268,#8269,#8270);
#8268 = CARTESIAN_POINT('',(-0.5,-0.4,0.));
#8269 = DIRECTION('',(1.,0.,0.));
#8270 = DIRECTION('',(0.,0.,1.));
#8271 = ADVANCED_FACE('',(#8272),#8298,.T.);
#8272 = FACE_BOUND('',#8273,.T.);
#8273 = EDGE_LOOP('',(#8274,#8275,#8283,#8292));
#8274 = ORIENTED_EDGE('',*,*,#8199,.T.);
#8275 = ORIENTED_EDGE('',*,*,#8276,.T.);
#8276 = EDGE_CURVE('',#8202,#8277,#8279,.T.);
#8277 = VERTEX_POINT('',#8278);
#8278 = CARTESIAN_POINT('',(0.5,-0.34,3.E-02));
#8279 = LINE('',#8280,#8281);
#8280 = CARTESIAN_POINT('',(-0.5,-0.34,3.E-02));
#8281 = VECTOR('',#8282,1.);
#8282 = DIRECTION('',(1.,0.,0.));
#8283 = ORIENTED_EDGE('',*,*,#8284,.F.);
#8284 = EDGE_CURVE('',#8285,#8277,#8287,.T.);
#8285 = VERTEX_POINT('',#8286);
#8286 = CARTESIAN_POINT('',(0.5,-0.37,6.E-02));
#8287 = CIRCLE('',#8288,3.E-02);
#8288 = AXIS2_PLACEMENT_3D('',#8289,#8290,#8291);
#8289 = CARTESIAN_POINT('',(0.5,-0.34,6.E-02));
#8290 = DIRECTION('',(1.,0.,-0.));
#8291 = DIRECTION('',(0.,0.,1.));
#8292 = ORIENTED_EDGE('',*,*,#8293,.F.);
#8293 = EDGE_CURVE('',#8200,#8285,#8294,.T.);
#8294 = LINE('',#8295,#8296);
#8295 = CARTESIAN_POINT('',(-0.5,-0.37,6.E-02));
#8296 = VECTOR('',#8297,1.);
#8297 = DIRECTION('',(1.,0.,0.));
#8298 = CYLINDRICAL_SURFACE('',#8299,3.E-02);
#8299 = AXIS2_PLACEMENT_3D('',#8300,#8301,#8302);
#8300 = CARTESIAN_POINT('',(-0.5,-0.34,6.E-02));
#8301 = DIRECTION('',(1.,0.,0.));
#8302 = DIRECTION('',(0.,-1.,0.));
#8303 = ADVANCED_FACE('',(#8304),#8322,.F.);
#8304 = FACE_BOUND('',#8305,.F.);
#8305 = EDGE_LOOP('',(#8306,#8307,#8308,#8316));
#8306 = ORIENTED_EDGE('',*,*,#8261,.F.);
#8307 = ORIENTED_EDGE('',*,*,#8276,.T.);
#8308 = ORIENTED_EDGE('',*,*,#8309,.T.);
#8309 = EDGE_CURVE('',#8277,#8310,#8312,.T.);
#8310 = VERTEX_POINT('',#8311);
#8311 = CARTESIAN_POINT('',(0.5,0.34,3.E-02));
#8312 = LINE('',#8313,#8314);
#8313 = CARTESIAN_POINT('',(0.5,-0.37,3.E-02));
#8314 = VECTOR('',#8315,1.);
#8315 = DIRECTION('',(0.,1.,0.));
#8316 = ORIENTED_EDGE('',*,*,#8317,.F.);
#8317 = EDGE_CURVE('',#8253,#8310,#8318,.T.);
#8318 = LINE('',#8319,#8320);
#8319 = CARTESIAN_POINT('',(-0.5,0.34,3.E-02));
#8320 = VECTOR('',#8321,1.);
#8321 = DIRECTION('',(1.,0.,0.));
#8322 = PLANE('',#8323);
#8323 = AXIS2_PLACEMENT_3D('',#8324,#8325,#8326);
#8324 = CARTESIAN_POINT('',(-0.5,-0.37,3.E-02));
#8325 = DIRECTION('',(0.,0.,1.));
#8326 = DIRECTION('',(1.,0.,-0.));
#8327 = ADVANCED_FACE('',(#8328),#8347,.T.);
#8328 = FACE_BOUND('',#8329,.T.);
#8329 = EDGE_LOOP('',(#8330,#8338,#8345,#8346));
#8330 = ORIENTED_EDGE('',*,*,#8331,.T.);
#8331 = EDGE_CURVE('',#8245,#8332,#8334,.T.);
#8332 = VERTEX_POINT('',#8333);
#8333 = CARTESIAN_POINT('',(0.5,0.37,6.E-02));
#8334 = LINE('',#8335,#8336);
#8335 = CARTESIAN_POINT('',(-0.5,0.37,6.E-02));
#8336 = VECTOR('',#8337,1.);
#8337 = DIRECTION('',(1.,0.,0.));
#8338 = ORIENTED_EDGE('',*,*,#8339,.T.);
#8339 = EDGE_CURVE('',#8332,#8310,#8340,.T.);
#8340 = CIRCLE('',#8341,3.E-02);
#8341 = AXIS2_PLACEMENT_3D('',#8342,#8343,#8344);
#8342 = CARTESIAN_POINT('',(0.5,0.34,6.E-02));
#8343 = DIRECTION('',(-1.,0.,0.));
#8344 = DIRECTION('',(0.,0.,1.));
#8345 = ORIENTED_EDGE('',*,*,#8317,.F.);
#8346 = ORIENTED_EDGE('',*,*,#8252,.F.);
#8347 = CYLINDRICAL_SURFACE('',#8348,3.E-02);
#8348 = AXIS2_PLACEMENT_3D('',#8349,#8350,#8351);
#8349 = CARTESIAN_POINT('',(-0.5,0.34,6.E-02));
#8350 = DIRECTION('',(1.,0.,0.));
#8351 = DIRECTION('',(-0.,1.,0.));
#8352 = ADVANCED_FACE('',(#8353),#8371,.T.);
#8353 = FACE_BOUND('',#8354,.T.);
#8354 = EDGE_LOOP('',(#8355,#8363,#8364,#8365));
#8355 = ORIENTED_EDGE('',*,*,#8356,.F.);
#8356 = EDGE_CURVE('',#8332,#8357,#8359,.T.);
#8357 = VERTEX_POINT('',#8358);
#8358 = CARTESIAN_POINT('',(0.5,0.37,0.74));
#8359 = LINE('',#8360,#8361);
#8360 = CARTESIAN_POINT('',(0.5,0.37,3.E-02));
#8361 = VECTOR('',#8362,1.);
#8362 = DIRECTION('',(0.,0.,1.));
#8363 = ORIENTED_EDGE('',*,*,#8331,.F.);
#8364 = ORIENTED_EDGE('',*,*,#8244,.T.);
#8365 = ORIENTED_EDGE('',*,*,#8366,.T.);
#8366 = EDGE_CURVE('',#8236,#8357,#8367,.T.);
#8367 = LINE('',#8368,#8369);
#8368 = CARTESIAN_POINT('',(-0.5,0.37,0.74));
#8369 = VECTOR('',#8370,1.);
#8370 = DIRECTION('',(1.,0.,0.));
#8371 = PLANE('',#8372);
#8372 = AXIS2_PLACEMENT_3D('',#8373,#8374,#8375);
#8373 = CARTESIAN_POINT('',(-0.5,0.37,3.E-02));
#8374 = DIRECTION('',(0.,1.,0.));
#8375 = DIRECTION('',(0.,-0.,1.));
#8376 = ADVANCED_FACE('',(#8377),#8396,.T.);
#8377 = FACE_BOUND('',#8378,.T.);
#8378 = EDGE_LOOP('',(#8379,#8380,#8388,#8395));
#8379 = ORIENTED_EDGE('',*,*,#8235,.T.);
#8380 = ORIENTED_EDGE('',*,*,#8381,.T.);
#8381 = EDGE_CURVE('',#8228,#8382,#8384,.T.);
#8382 = VERTEX_POINT('',#8383);
#8383 = CARTESIAN_POINT('',(0.5,0.34,0.77));
#8384 = LINE('',#8385,#8386);
#8385 = CARTESIAN_POINT('',(-0.5,0.34,0.77));
#8386 = VECTOR('',#8387,1.);
#8387 = DIRECTION('',(1.,0.,0.));
#8388 = ORIENTED_EDGE('',*,*,#8389,.F.);
#8389 = EDGE_CURVE('',#8357,#8382,#8390,.T.);
#8390 = CIRCLE('',#8391,3.E-02);
#8391 = AXIS2_PLACEMENT_3D('',#8392,#8393,#8394);
#8392 = CARTESIAN_POINT('',(0.5,0.34,0.74));
#8393 = DIRECTION('',(1.,0.,-0.));
#8394 = DIRECTION('',(0.,0.,1.));
#8395 = ORIENTED_EDGE('',*,*,#8366,.F.);
#8396 = CYLINDRICAL_SURFACE('',#8397,3.E-02);
#8397 = AXIS2_PLACEMENT_3D('',#8398,#8399,#8400);
#8398 = CARTESIAN_POINT('',(-0.5,0.34,0.74));
#8399 = DIRECTION('',(1.,0.,0.));
#8400 = DIRECTION('',(-0.,1.,0.));
#8401 = ADVANCED_FACE('',(#8402),#8420,.T.);
#8402 = FACE_BOUND('',#8403,.T.);
#8403 = EDGE_LOOP('',(#8404,#8405,#8413,#8419));
#8404 = ORIENTED_EDGE('',*,*,#8227,.F.);
#8405 = ORIENTED_EDGE('',*,*,#8406,.T.);
#8406 = EDGE_CURVE('',#8219,#8407,#8409,.T.);
#8407 = VERTEX_POINT('',#8408);
#8408 = CARTESIAN_POINT('',(0.5,-0.34,0.77));
#8409 = LINE('',#8410,#8411);
#8410 = CARTESIAN_POINT('',(-0.5,-0.34,0.77));
#8411 = VECTOR('',#8412,1.);
#8412 = DIRECTION('',(1.,0.,0.));
#8413 = ORIENTED_EDGE('',*,*,#8414,.T.);
#8414 = EDGE_CURVE('',#8407,#8382,#8415,.T.);
#8415 = LINE('',#8416,#8417);
#8416 = CARTESIAN_POINT('',(0.5,-0.37,0.77));
#8417 = VECTOR('',#8418,1.);
#8418 = DIRECTION('',(0.,1.,0.));
#8419 = ORIENTED_EDGE('',*,*,#8381,.F.);
#8420 = PLANE('',#8421);
#8421 = AXIS2_PLACEMENT_3D('',#8422,#8423,#8424);
#8422 = CARTESIAN_POINT('',(-0.5,-0.37,0.77));
#8423 = DIRECTION('',(0.,0.,1.));
#8424 = DIRECTION('',(1.,0.,-0.));
#8425 = ADVANCED_FACE('',(#8426),#8445,.T.);
#8426 = FACE_BOUND('',#8427,.T.);
#8427 = EDGE_LOOP('',(#8428,#8436,#8443,#8444));
#8428 = ORIENTED_EDGE('',*,*,#8429,.T.);
#8429 = EDGE_CURVE('',#8211,#8430,#8432,.T.);
#8430 = VERTEX_POINT('',#8431);
#8431 = CARTESIAN_POINT('',(0.5,-0.37,0.74));
#8432 = LINE('',#8433,#8434);
#8433 = CARTESIAN_POINT('',(-0.5,-0.37,0.74));
#8434 = VECTOR('',#8435,1.);
#8435 = DIRECTION('',(1.,0.,0.));
#8436 = ORIENTED_EDGE('',*,*,#8437,.T.);
#8437 = EDGE_CURVE('',#8430,#8407,#8438,.T.);
#8438 = CIRCLE('',#8439,3.E-02);
#8439 = AXIS2_PLACEMENT_3D('',#8440,#8441,#8442);
#8440 = CARTESIAN_POINT('',(0.5,-0.34,0.74));
#8441 = DIRECTION('',(-1.,0.,0.));
#8442 = DIRECTION('',(0.,0.,1.));
#8443 = ORIENTED_EDGE('',*,*,#8406,.F.);
#8444 = ORIENTED_EDGE('',*,*,#8218,.F.);
#8445 = CYLINDRICAL_SURFACE('',#8446,3.E-02);
#8446 = AXIS2_PLACEMENT_3D('',#8447,#8448,#8449);
#8447 = CARTESIAN_POINT('',(-0.5,-0.34,0.74));
#8448 = DIRECTION('',(1.,0.,0.));
#8449 = DIRECTION('',(0.,-1.,0.));
#8450 = ADVANCED_FACE('',(#8451),#8462,.F.);
#8451 = FACE_BOUND('',#8452,.F.);
#8452 = EDGE_LOOP('',(#8453,#8459,#8460,#8461));
#8453 = ORIENTED_EDGE('',*,*,#8454,.F.);
#8454 = EDGE_CURVE('',#8285,#8430,#8455,.T.);
#8455 = LINE('',#8456,#8457);
#8456 = CARTESIAN_POINT('',(0.5,-0.37,3.E-02));
#8457 = VECTOR('',#8458,1.);
#8458 = DIRECTION('',(0.,0.,1.));
#8459 = ORIENTED_EDGE('',*,*,#8293,.F.);
#8460 = ORIENTED_EDGE('',*,*,#8210,.T.);
#8461 = ORIENTED_EDGE('',*,*,#8429,.T.);
#8462 = PLANE('',#8463);
#8463 = AXIS2_PLACEMENT_3D('',#8464,#8465,#8466);
#8464 = CARTESIAN_POINT('',(-0.5,-0.37,3.E-02));
#8465 = DIRECTION('',(0.,1.,0.));
#8466 = DIRECTION('',(0.,-0.,1.));
#8467 = ADVANCED_FACE('',(#8468,#8538),#8548,.F.);
#8468 = FACE_BOUND('',#8469,.F.);
#8469 = EDGE_LOOP('',(#8470,#8480,#8489,#8497,#8506,#8514,#8523,#8531));
#8470 = ORIENTED_EDGE('',*,*,#8471,.F.);
#8471 = EDGE_CURVE('',#8472,#8474,#8476,.T.);
#8472 = VERTEX_POINT('',#8473);
#8473 = CARTESIAN_POINT('',(0.5,-0.4,3.E-02));
#8474 = VERTEX_POINT('',#8475);
#8475 = CARTESIAN_POINT('',(0.5,-0.4,0.77));
#8476 = LINE('',#8477,#8478);
#8477 = CARTESIAN_POINT('',(0.5,-0.4,0.));
#8478 = VECTOR('',#8479,1.);
#8479 = DIRECTION('',(0.,0.,1.));
#8480 = ORIENTED_EDGE('',*,*,#8481,.T.);
#8481 = EDGE_CURVE('',#8472,#8482,#8484,.T.);
#8482 = VERTEX_POINT('',#8483);
#8483 = CARTESIAN_POINT('',(0.5,-0.37,0.));
#8484 = CIRCLE('',#8485,3.E-02);
#8485 = AXIS2_PLACEMENT_3D('',#8486,#8487,#8488);
#8486 = CARTESIAN_POINT('',(0.5,-0.37,3.E-02));
#8487 = DIRECTION('',(1.,0.,-0.));
#8488 = DIRECTION('',(0.,0.,1.));
#8489 = ORIENTED_EDGE('',*,*,#8490,.T.);
#8490 = EDGE_CURVE('',#8482,#8491,#8493,.T.);
#8491 = VERTEX_POINT('',#8492);
#8492 = CARTESIAN_POINT('',(0.5,0.37,0.));
#8493 = LINE('',#8494,#8495);
#8494 = CARTESIAN_POINT('',(0.5,-0.4,0.));
#8495 = VECTOR('',#8496,1.);
#8496 = DIRECTION('',(0.,1.,0.));
#8497 = ORIENTED_EDGE('',*,*,#8498,.F.);
#8498 = EDGE_CURVE('',#8499,#8491,#8501,.T.);
#8499 = VERTEX_POINT('',#8500);
#8500 = CARTESIAN_POINT('',(0.5,0.4,3.E-02));
#8501 = CIRCLE('',#8502,3.E-02);
#8502 = AXIS2_PLACEMENT_3D('',#8503,#8504,#8505);
#8503 = CARTESIAN_POINT('',(0.5,0.37,3.E-02));
#8504 = DIRECTION('',(-1.,0.,0.));
#8505 = DIRECTION('',(0.,0.,1.));
#8506 = ORIENTED_EDGE('',*,*,#8507,.T.);
#8507 = EDGE_CURVE('',#8499,#8508,#8510,.T.);
#8508 = VERTEX_POINT('',#8509);
#8509 = CARTESIAN_POINT('',(0.5,0.4,0.77));
#8510 = LINE('',#8511,#8512);
#8511 = CARTESIAN_POINT('',(0.5,0.4,0.));
#8512 = VECTOR('',#8513,1.);
#8513 = DIRECTION('',(0.,0.,1.));
#8514 = ORIENTED_EDGE('',*,*,#8515,.T.);
#8515 = EDGE_CURVE('',#8508,#8516,#8518,.T.);
#8516 = VERTEX_POINT('',#8517);
#8517 = CARTESIAN_POINT('',(0.5,0.37,0.8));
#8518 = CIRCLE('',#8519,3.E-02);
#8519 = AXIS2_PLACEMENT_3D('',#8520,#8521,#8522);
#8520 = CARTESIAN_POINT('',(0.5,0.37,0.77));
#8521 = DIRECTION('',(1.,0.,-0.));
#8522 = DIRECTION('',(0.,0.,1.));
#8523 = ORIENTED_EDGE('',*,*,#8524,.F.);
#8524 = EDGE_CURVE('',#8525,#8516,#8527,.T.);
#8525 = VERTEX_POINT('',#8526);
#8526 = CARTESIAN_POINT('',(0.5,-0.37,0.8));
#8527 = LINE('',#8528,#8529);
#8528 = CARTESIAN_POINT('',(0.5,-0.4,0.8));
#8529 = VECTOR('',#8530,1.);
#8530 = DIRECTION('',(0.,1.,0.));
#8531 = ORIENTED_EDGE('',*,*,#8532,.F.);
#8532 = EDGE_CURVE('',#8474,#8525,#8533,.T.);
#8533 = CIRCLE('',#8534,3.E-02);
#8534 = AXIS2_PLACEMENT_3D('',#8535,#8536,#8537);
#8535 = CARTESIAN_POINT('',(0.5,-0.37,0.77));
#8536 = DIRECTION('',(-1.,0.,0.));
#8537 = DIRECTION('',(0.,0.,1.));
#8538 = FACE_BOUND('',#8539,.F.);
#8539 = EDGE_LOOP('',(#8540,#8541,#8542,#8543,#8544,#8545,#8546,#8547));
#8540 = ORIENTED_EDGE('',*,*,#8284,.F.);
#8541 = ORIENTED_EDGE('',*,*,#8454,.T.);
#8542 = ORIENTED_EDGE('',*,*,#8437,.T.);
#8543 = ORIENTED_EDGE('',*,*,#8414,.T.);
#8544 = ORIENTED_EDGE('',*,*,#8389,.F.);
#8545 = ORIENTED_EDGE('',*,*,#8356,.F.);
#8546 = ORIENTED_EDGE('',*,*,#8339,.T.);
#8547 = ORIENTED_EDGE('',*,*,#8309,.F.);
#8548 = PLANE('',#8549);
#8549 = AXIS2_PLACEMENT_3D('',#8550,#8551,#8552);
#8550 = CARTESIAN_POINT('',(0.5,-0.4,0.));
#8551 = DIRECTION('',(1.,0.,0.));
#8552 = DIRECTION('',(0.,0.,1.));
#8553 = ADVANCED_FACE('',(#8554),#8579,.F.);
#8554 = FACE_BOUND('',#8555,.F.);
#8555 = EDGE_LOOP('',(#8556,#8566,#8572,#8573));
#8556 = ORIENTED_EDGE('',*,*,#8557,.F.);
#8557 = EDGE_CURVE('',#8558,#8560,#8562,.T.);
#8558 = VERTEX_POINT('',#8559);
#8559 = CARTESIAN_POINT('',(0.8,-0.4,3.E-02));
#8560 = VERTEX_POINT('',#8561);
#8561 = CARTESIAN_POINT('',(0.8,-0.4,0.77));
#8562 = LINE('',#8563,#8564);
#8563 = CARTESIAN_POINT('',(0.8,-0.4,0.));
#8564 = VECTOR('',#8565,1.);
#8565 = DIRECTION('',(0.,0.,1.));
#8566 = ORIENTED_EDGE('',*,*,#8567,.F.);
#8567 = EDGE_CURVE('',#8472,#8558,#8568,.T.);
#8568 = LINE('',#8569,#8570);
#8569 = CARTESIAN_POINT('',(0.5,-0.4,3.E-02));
#8570 = VECTOR('',#8571,1.);
#8571 = DIRECTION('',(1.,0.,0.));
#8572 = ORIENTED_EDGE('',*,*,#8471,.T.);
#8573 = ORIENTED_EDGE('',*,*,#8574,.T.);
#8574 = EDGE_CURVE('',#8474,#8560,#8575,.T.);
#8575 = LINE('',#8576,#8577);
#8576 = CARTESIAN_POINT('',(0.5,-0.4,0.77));
#8577 = VECTOR('',#8578,1.);
#8578 = DIRECTION('',(1.,0.,0.));
#8579 = PLANE('',#8580);
#8580 = AXIS2_PLACEMENT_3D('',#8581,#8582,#8583);
#8581 = CARTESIAN_POINT('',(0.5,-0.4,0.));
#8582 = DIRECTION('',(0.,1.,0.));
#8583 = DIRECTION('',(0.,-0.,1.));
#8584 = ADVANCED_FACE('',(#8585),#8604,.T.);
#8585 = FACE_BOUND('',#8586,.T.);
#8586 = EDGE_LOOP('',(#8587,#8588,#8596,#8603));
#8587 = ORIENTED_EDGE('',*,*,#8481,.T.);
#8588 = ORIENTED_EDGE('',*,*,#8589,.T.);
#8589 = EDGE_CURVE('',#8482,#8590,#8592,.T.);
#8590 = VERTEX_POINT('',#8591);
#8591 = CARTESIAN_POINT('',(0.8,-0.37,0.));
#8592 = LINE('',#8593,#8594);
#8593 = CARTESIAN_POINT('',(0.5,-0.37,0.));
#8594 = VECTOR('',#8595,1.);
#8595 = DIRECTION('',(1.,0.,0.));
#8596 = ORIENTED_EDGE('',*,*,#8597,.F.);
#8597 = EDGE_CURVE('',#8558,#8590,#8598,.T.);
#8598 = CIRCLE('',#8599,3.E-02);
#8599 = AXIS2_PLACEMENT_3D('',#8600,#8601,#8602);
#8600 = CARTESIAN_POINT('',(0.8,-0.37,3.E-02));
#8601 = DIRECTION('',(1.,0.,-0.));
#8602 = DIRECTION('',(0.,0.,1.));
#8603 = ORIENTED_EDGE('',*,*,#8567,.F.);
#8604 = CYLINDRICAL_SURFACE('',#8605,3.E-02);
#8605 = AXIS2_PLACEMENT_3D('',#8606,#8607,#8608);
#8606 = CARTESIAN_POINT('',(0.5,-0.37,3.E-02));
#8607 = DIRECTION('',(1.,0.,0.));
#8608 = DIRECTION('',(0.,-1.,0.));
#8609 = ADVANCED_FACE('',(#8610),#8629,.T.);
#8610 = FACE_BOUND('',#8611,.T.);
#8611 = EDGE_LOOP('',(#8612,#8613,#8622,#8628));
#8612 = ORIENTED_EDGE('',*,*,#8574,.T.);
#8613 = ORIENTED_EDGE('',*,*,#8614,.T.);
#8614 = EDGE_CURVE('',#8560,#8615,#8617,.T.);
#8615 = VERTEX_POINT('',#8616);
#8616 = CARTESIAN_POINT('',(0.8,-0.37,0.8));
#8617 = CIRCLE('',#8618,3.E-02);
#8618 = AXIS2_PLACEMENT_3D('',#8619,#8620,#8621);
#8619 = CARTESIAN_POINT('',(0.8,-0.37,0.77));
#8620 = DIRECTION('',(-1.,0.,0.));
#8621 = DIRECTION('',(0.,0.,1.));
#8622 = ORIENTED_EDGE('',*,*,#8623,.F.);
#8623 = EDGE_CURVE('',#8525,#8615,#8624,.T.);
#8624 = LINE('',#8625,#8626);
#8625 = CARTESIAN_POINT('',(0.5,-0.37,0.8));
#8626 = VECTOR('',#8627,1.);
#8627 = DIRECTION('',(1.,0.,0.));
#8628 = ORIENTED_EDGE('',*,*,#8532,.F.);
#8629 = CYLINDRICAL_SURFACE('',#8630,3.E-02);
#8630 = AXIS2_PLACEMENT_3D('',#8631,#8632,#8633);
#8631 = CARTESIAN_POINT('',(0.5,-0.37,0.77));
#8632 = DIRECTION('',(1.,0.,0.));
#8633 = DIRECTION('',(0.,-1.,0.));
#8634 = ADVANCED_FACE('',(#8635),#8653,.F.);
#8635 = FACE_BOUND('',#8636,.F.);
#8636 = EDGE_LOOP('',(#8637,#8638,#8639,#8647));
#8637 = ORIENTED_EDGE('',*,*,#8490,.F.);
#8638 = ORIENTED_EDGE('',*,*,#8589,.T.);
#8639 = ORIENTED_EDGE('',*,*,#8640,.T.);
#8640 = EDGE_CURVE('',#8590,#8641,#8643,.T.);
#8641 = VERTEX_POINT('',#8642);
#8642 = CARTESIAN_POINT('',(0.8,0.37,0.));
#8643 = LINE('',#8644,#8645);
#8644 = CARTESIAN_POINT('',(0.8,-0.4,0.));
#8645 = VECTOR('',#8646,1.);
#8646 = DIRECTION('',(0.,1.,0.));
#8647 = ORIENTED_EDGE('',*,*,#8648,.F.);
#8648 = EDGE_CURVE('',#8491,#8641,#8649,.T.);
#8649 = LINE('',#8650,#8651);
#8650 = CARTESIAN_POINT('',(0.5,0.37,0.));
#8651 = VECTOR('',#8652,1.);
#8652 = DIRECTION('',(1.,0.,0.));
#8653 = PLANE('',#8654);
#8654 = AXIS2_PLACEMENT_3D('',#8655,#8656,#8657);
#8655 = CARTESIAN_POINT('',(0.5,-0.4,0.));
#8656 = DIRECTION('',(0.,0.,1.));
#8657 = DIRECTION('',(1.,0.,-0.));
#8658 = ADVANCED_FACE('',(#8659),#8677,.T.);
#8659 = FACE_BOUND('',#8660,.T.);
#8660 = EDGE_LOOP('',(#8661,#8662,#8663,#8671));
#8661 = ORIENTED_EDGE('',*,*,#8524,.F.);
#8662 = ORIENTED_EDGE('',*,*,#8623,.T.);
#8663 = ORIENTED_EDGE('',*,*,#8664,.T.);
#8664 = EDGE_CURVE('',#8615,#8665,#8667,.T.);
#8665 = VERTEX_POINT('',#8666);
#8666 = CARTESIAN_POINT('',(0.8,0.37,0.8));
#8667 = LINE('',#8668,#8669);
#8668 = CARTESIAN_POINT('',(0.8,-0.4,0.8));
#8669 = VECTOR('',#8670,1.);
#8670 = DIRECTION('',(0.,1.,0.));
#8671 = ORIENTED_EDGE('',*,*,#8672,.F.);
#8672 = EDGE_CURVE('',#8516,#8665,#8673,.T.);
#8673 = LINE('',#8674,#8675);
#8674 = CARTESIAN_POINT('',(0.5,0.37,0.8));
#8675 = VECTOR('',#8676,1.);
#8676 = DIRECTION('',(1.,0.,0.));
#8677 = PLANE('',#8678);
#8678 = AXIS2_PLACEMENT_3D('',#8679,#8680,#8681);
#8679 = CARTESIAN_POINT('',(0.5,-0.4,0.8));
#8680 = DIRECTION('',(0.,0.,1.));
#8681 = DIRECTION('',(1.,0.,-0.));
#8682 = ADVANCED_FACE('',(#8683),#8702,.T.);
#8683 = FACE_BOUND('',#8684,.T.);
#8684 = EDGE_LOOP('',(#8685,#8693,#8700,#8701));
#8685 = ORIENTED_EDGE('',*,*,#8686,.T.);
#8686 = EDGE_CURVE('',#8499,#8687,#8689,.T.);
#8687 = VERTEX_POINT('',#8688);
#8688 = CARTESIAN_POINT('',(0.8,0.4,3.E-02));
#8689 = LINE('',#8690,#8691);
#8690 = CARTESIAN_POINT('',(0.5,0.4,3.E-02));
#8691 = VECTOR('',#8692,1.);
#8692 = DIRECTION('',(1.,0.,0.));
#8693 = ORIENTED_EDGE('',*,*,#8694,.T.);
#8694 = EDGE_CURVE('',#8687,#8641,#8695,.T.);
#8695 = CIRCLE('',#8696,3.E-02);
#8696 = AXIS2_PLACEMENT_3D('',#8697,#8698,#8699);
#8697 = CARTESIAN_POINT('',(0.8,0.37,3.E-02));
#8698 = DIRECTION('',(-1.,0.,0.));
#8699 = DIRECTION('',(0.,0.,1.));
#8700 = ORIENTED_EDGE('',*,*,#8648,.F.);
#8701 = ORIENTED_EDGE('',*,*,#8498,.F.);
#8702 = CYLINDRICAL_SURFACE('',#8703,3.E-02);
#8703 = AXIS2_PLACEMENT_3D('',#8704,#8705,#8706);
#8704 = CARTESIAN_POINT('',(0.5,0.37,3.E-02));
#8705 = DIRECTION('',(1.,0.,0.));
#8706 = DIRECTION('',(-0.,1.,0.));
#8707 = ADVANCED_FACE('',(#8708),#8727,.T.);
#8708 = FACE_BOUND('',#8709,.T.);
#8709 = EDGE_LOOP('',(#8710,#8711,#8712,#8721));
#8710 = ORIENTED_EDGE('',*,*,#8515,.T.);
#8711 = ORIENTED_EDGE('',*,*,#8672,.T.);
#8712 = ORIENTED_EDGE('',*,*,#8713,.F.);
#8713 = EDGE_CURVE('',#8714,#8665,#8716,.T.);
#8714 = VERTEX_POINT('',#8715);
#8715 = CARTESIAN_POINT('',(0.8,0.4,0.77));
#8716 = CIRCLE('',#8717,3.E-02);
#8717 = AXIS2_PLACEMENT_3D('',#8718,#8719,#8720);
#8718 = CARTESIAN_POINT('',(0.8,0.37,0.77));
#8719 = DIRECTION('',(1.,0.,-0.));
#8720 = DIRECTION('',(0.,0.,1.));
#8721 = ORIENTED_EDGE('',*,*,#8722,.F.);
#8722 = EDGE_CURVE('',#8508,#8714,#8723,.T.);
#8723 = LINE('',#8724,#8725);
#8724 = CARTESIAN_POINT('',(0.5,0.4,0.77));
#8725 = VECTOR('',#8726,1.);
#8726 = DIRECTION('',(1.,0.,0.));
#8727 = CYLINDRICAL_SURFACE('',#8728,3.E-02);
#8728 = AXIS2_PLACEMENT_3D('',#8729,#8730,#8731);
#8729 = CARTESIAN_POINT('',(0.5,0.37,0.77));
#8730 = DIRECTION('',(1.,0.,0.));
#8731 = DIRECTION('',(-0.,1.,0.));
#8732 = ADVANCED_FACE('',(#8733),#8744,.T.);
#8733 = FACE_BOUND('',#8734,.T.);
#8734 = EDGE_LOOP('',(#8735,#8741,#8742,#8743));
#8735 = ORIENTED_EDGE('',*,*,#8736,.F.);
#8736 = EDGE_CURVE('',#8687,#8714,#8737,.T.);
#8737 = LINE('',#8738,#8739);
#8738 = CARTESIAN_POINT('',(0.8,0.4,0.));
#8739 = VECTOR('',#8740,1.);
#8740 = DIRECTION('',(0.,0.,1.));
#8741 = ORIENTED_EDGE('',*,*,#8686,.F.);
#8742 = ORIENTED_EDGE('',*,*,#8507,.T.);
#8743 = ORIENTED_EDGE('',*,*,#8722,.T.);
#8744 = PLANE('',#8745);
#8745 = AXIS2_PLACEMENT_3D('',#8746,#8747,#8748);
#8746 = CARTESIAN_POINT('',(0.5,0.4,0.));
#8747 = DIRECTION('',(0.,1.,0.));
#8748 = DIRECTION('',(0.,-0.,1.));
#8749 = ADVANCED_FACE('',(#8750),#8760,.T.);
#8750 = FACE_BOUND('',#8751,.T.);
#8751 = EDGE_LOOP('',(#8752,#8753,#8754,#8755,#8756,#8757,#8758,#8759));
#8752 = ORIENTED_EDGE('',*,*,#8557,.F.);
#8753 = ORIENTED_EDGE('',*,*,#8597,.T.);
#8754 = ORIENTED_EDGE('',*,*,#8640,.T.);
#8755 = ORIENTED_EDGE('',*,*,#8694,.F.);
#8756 = ORIENTED_EDGE('',*,*,#8736,.T.);
#8757 = ORIENTED_EDGE('',*,*,#8713,.T.);
#8758 = ORIENTED_EDGE('',*,*,#8664,.F.);
#8759 = ORIENTED_EDGE('',*,*,#8614,.F.);
#8760 = PLANE('',#8761);
#8761 = AXIS2_PLACEMENT_3D('',#8762,#8763,#8764);
#8762 = CARTESIAN_POINT('',(0.8,-0.4,0.));
#8763 = DIRECTION('',(1.,0.,0.));
#8764 = DIRECTION('',(0.,0.,1.));
#8765 = ( GEOMETRIC_REPRESENTATION_CONTEXT(3) 
GLOBAL_UNCERTAINTY_ASSIGNED_CONTEXT((#8769)) 
GLOBAL_UNIT_ASSIGNED_CONTEXT((#8766,#8767,#8768)) REPRESENTATION_CONTEXT
('Context #1','3D Context with UNIT and UNCERTAINTY') );
#8766 = ( LENGTH_UNIT() NAMED_UNIT(*) SI_UNIT(.MILLI.,.METRE.) );
#8767 = ( NAMED_UNIT(*) PLANE_ANGLE_UNIT() SI_UNIT($,.RADIAN.) );
#8768 = ( NAMED_UNIT(*) SI_UNIT($,.STERADIAN.) SOLID_ANGLE_UNIT() );
#8769 = UNCERTAINTY_MEASURE_WITH_UNIT(LENGTH_MEASURE(1.E-07),#8766,
  'distance_accuracy_value','confusion accuracy');
#8770 = CONTEXT_DEPENDENT_SHAPE_REPRESENTATION(#8771,#8773);
#8771 = ( REPRESENTATION_RELATIONSHIP('','',#7910,#10) 
REPRESENTATION_RELATIONSHIP_WITH_TRANSFORMATION(#8772) 
SHAPE_REPRESENTATION_RELATIONSHIP() );
#8772 = ITEM_DEFINED_TRANSFORMATION('','',#11,#23);
#8773 = PRODUCT_DEFINITION_SHAPE('Placement','Placement of an item',
  #8774);
#8774 = NEXT_ASSEMBLY_USAGE_OCCURRENCE('5','C2','',#5,#7905,$);
#8775 = PRODUCT_RELATED_PRODUCT_CATEGORY('part',$,(#7907));
#8776 = SHAPE_DEFINITION_REPRESENTATION(#8777,#8783);
#8777 = PRODUCT_DEFINITION_SHAPE('','',#8778);
#8778 = PRODUCT_DEFINITION('design','',#8779,#8782);
#8779 = PRODUCT_DEFINITION_FORMATION('','',#8780);
#8780 = PRODUCT('Bosch_LGA-8_2.5x2.5mm_P0.65mm_ClockwisePinNumbering',
  'Bosch_LGA-8_2.5x2.5mm_P0.65mm_ClockwisePinNumbering','',(#8781));
#8781 = PRODUCT_CONTEXT('',#2,'mechanical');
#8782 = PRODUCT_DEFINITION_CONTEXT('part definition',#2,'design');
#8783 = ADVANCED_BREP_SHAPE_REPRESENTATION('',(#11,#8784),#10115);
#8784 = MANIFOLD_SOLID_BREP('',#8785);
#8785 = CLOSED_SHELL('',(#8786,#8826,#8857,#8881,#8905,#8922,#9206,#9237
    ,#9261,#9285,#9302,#9333,#9357,#9381,#9398,#9429,#9453,#9477,#9494,
    #9525,#9549,#9573,#9590,#9621,#9645,#9669,#9686,#9717,#9741,#9765,
    #9782,#9813,#9837,#9861,#9878,#9909,#9933,#9957,#9974,#9997,#10009,
    #10021,#10033,#10045,#10057,#10069,#10081,#10106));
#8786 = ADVANCED_FACE('',(#8787),#8821,.F.);
#8787 = FACE_BOUND('',#8788,.F.);
#8788 = EDGE_LOOP('',(#8789,#8799,#8807,#8815));
#8789 = ORIENTED_EDGE('',*,*,#8790,.T.);
#8790 = EDGE_CURVE('',#8791,#8793,#8795,.T.);
#8791 = VERTEX_POINT('',#8792);
#8792 = CARTESIAN_POINT('',(-1.1,1.15,0.));
#8793 = VERTEX_POINT('',#8794);
#8794 = CARTESIAN_POINT('',(-1.1,0.65,0.));
#8795 = LINE('',#8796,#8797);
#8796 = CARTESIAN_POINT('',(-1.1,1.15,0.));
#8797 = VECTOR('',#8798,1.);
#8798 = DIRECTION('',(-4.555315873023E-16,-1.,0.));
#8799 = ORIENTED_EDGE('',*,*,#8800,.T.);
#8800 = EDGE_CURVE('',#8793,#8801,#8803,.T.);
#8801 = VERTEX_POINT('',#8802);
#8802 = CARTESIAN_POINT('',(-0.85,0.65,0.));
#8803 = LINE('',#8804,#8805);
#8804 = CARTESIAN_POINT('',(-1.1,0.65,0.));
#8805 = VECTOR('',#8806,1.);
#8806 = DIRECTION('',(1.,-4.555315873023E-16,0.));
#8807 = ORIENTED_EDGE('',*,*,#8808,.T.);
#8808 = EDGE_CURVE('',#8801,#8809,#8811,.T.);
#8809 = VERTEX_POINT('',#8810);
#8810 = CARTESIAN_POINT('',(-0.85,1.15,0.));
#8811 = LINE('',#8812,#8813);
#8812 = CARTESIAN_POINT('',(-0.85,0.65,0.));
#8813 = VECTOR('',#8814,1.);
#8814 = DIRECTION('',(4.555315873023E-16,1.,0.));
#8815 = ORIENTED_EDGE('',*,*,#8816,.T.);
#8816 = EDGE_CURVE('',#8809,#8791,#8817,.T.);
#8817 = LINE('',#8818,#8819);
#8818 = CARTESIAN_POINT('',(-0.85,1.15,0.));
#8819 = VECTOR('',#8820,1.);
#8820 = DIRECTION('',(-1.,4.555315873023E-16,0.));
#8821 = PLANE('',#8822);
#8822 = AXIS2_PLACEMENT_3D('',#8823,#8824,#8825);
#8823 = CARTESIAN_POINT('',(-0.975,0.9,0.));
#8824 = DIRECTION('',(0.,0.,1.));
#8825 = DIRECTION('',(-1.,4.555315873023E-16,0.));
#8826 = ADVANCED_FACE('',(#8827),#8852,.F.);
#8827 = FACE_BOUND('',#8828,.F.);
#8828 = EDGE_LOOP('',(#8829,#8830,#8838,#8846));
#8829 = ORIENTED_EDGE('',*,*,#8790,.F.);
#8830 = ORIENTED_EDGE('',*,*,#8831,.T.);
#8831 = EDGE_CURVE('',#8791,#8832,#8834,.T.);
#8832 = VERTEX_POINT('',#8833);
#8833 = CARTESIAN_POINT('',(-1.1,1.15,3.E-02));
#8834 = LINE('',#8835,#8836);
#8835 = CARTESIAN_POINT('',(-1.1,1.15,0.));
#8836 = VECTOR('',#8837,1.);
#8837 = DIRECTION('',(0.,0.,1.));
#8838 = ORIENTED_EDGE('',*,*,#8839,.F.);
#8839 = EDGE_CURVE('',#8840,#8832,#8842,.T.);
#8840 = VERTEX_POINT('',#8841);
#8841 = CARTESIAN_POINT('',(-1.1,0.65,3.E-02));
#8842 = LINE('',#8843,#8844);
#8843 = CARTESIAN_POINT('',(-1.1,1.2,3.E-02));
#8844 = VECTOR('',#8845,1.);
#8845 = DIRECTION('',(4.555315873023E-16,1.,0.));
#8846 = ORIENTED_EDGE('',*,*,#8847,.F.);
#8847 = EDGE_CURVE('',#8793,#8840,#8848,.T.);
#8848 = LINE('',#8849,#8850);
#8849 = CARTESIAN_POINT('',(-1.1,0.65,0.));
#8850 = VECTOR('',#8851,1.);
#8851 = DIRECTION('',(0.,0.,1.));
#8852 = PLANE('',#8853);
#8853 = AXIS2_PLACEMENT_3D('',#8854,#8855,#8856);
#8854 = CARTESIAN_POINT('',(-1.1,1.15,0.));
#8855 = DIRECTION('',(1.,-4.555315873023E-16,0.));
#8856 = DIRECTION('',(-4.555315873023E-16,-1.,0.));
#8857 = ADVANCED_FACE('',(#8858),#8876,.F.);
#8858 = FACE_BOUND('',#8859,.F.);
#8859 = EDGE_LOOP('',(#8860,#8861,#8862,#8870));
#8860 = ORIENTED_EDGE('',*,*,#8800,.F.);
#8861 = ORIENTED_EDGE('',*,*,#8847,.T.);
#8862 = ORIENTED_EDGE('',*,*,#8863,.F.);
#8863 = EDGE_CURVE('',#8864,#8840,#8866,.T.);
#8864 = VERTEX_POINT('',#8865);
#8865 = CARTESIAN_POINT('',(-0.85,0.65,3.E-02));
#8866 = LINE('',#8867,#8868);
#8867 = CARTESIAN_POINT('',(-1.175,0.65,3.E-02));
#8868 = VECTOR('',#8869,1.);
#8869 = DIRECTION('',(-1.,4.555315873023E-16,0.));
#8870 = ORIENTED_EDGE('',*,*,#8871,.F.);
#8871 = EDGE_CURVE('',#8801,#8864,#8872,.T.);
#8872 = LINE('',#8873,#8874);
#8873 = CARTESIAN_POINT('',(-0.85,0.65,0.));
#8874 = VECTOR('',#8875,1.);
#8875 = DIRECTION('',(0.,0.,1.));
#8876 = PLANE('',#8877);
#8877 = AXIS2_PLACEMENT_3D('',#8878,#8879,#8880);
#8878 = CARTESIAN_POINT('',(-1.1,0.65,0.));
#8879 = DIRECTION('',(4.555315873023E-16,1.,0.));
#8880 = DIRECTION('',(1.,-4.555315873023E-16,0.));
#8881 = ADVANCED_FACE('',(#8882),#8900,.F.);
#8882 = FACE_BOUND('',#8883,.F.);
#8883 = EDGE_LOOP('',(#8884,#8885,#8886,#8894));
#8884 = ORIENTED_EDGE('',*,*,#8808,.F.);
#8885 = ORIENTED_EDGE('',*,*,#8871,.T.);
#8886 = ORIENTED_EDGE('',*,*,#8887,.F.);
#8887 = EDGE_CURVE('',#8888,#8864,#8890,.T.);
#8888 = VERTEX_POINT('',#8889);
#8889 = CARTESIAN_POINT('',(-0.85,1.15,3.E-02));
#8890 = LINE('',#8891,#8892);
#8891 = CARTESIAN_POINT('',(-0.85,0.95,3.E-02));
#8892 = VECTOR('',#8893,1.);
#8893 = DIRECTION('',(-4.555315873023E-16,-1.,0.));
#8894 = ORIENTED_EDGE('',*,*,#8895,.F.);
#8895 = EDGE_CURVE('',#8809,#8888,#8896,.T.);
#8896 = LINE('',#8897,#8898);
#8897 = CARTESIAN_POINT('',(-0.85,1.15,0.));
#8898 = VECTOR('',#8899,1.);
#8899 = DIRECTION('',(0.,0.,1.));
#8900 = PLANE('',#8901);
#8901 = AXIS2_PLACEMENT_3D('',#8902,#8903,#8904);
#8902 = CARTESIAN_POINT('',(-0.85,0.65,0.));
#8903 = DIRECTION('',(-1.,4.555315873023E-16,0.));
#8904 = DIRECTION('',(4.555315873023E-16,1.,0.));
#8905 = ADVANCED_FACE('',(#8906),#8917,.F.);
#8906 = FACE_BOUND('',#8907,.F.);
#8907 = EDGE_LOOP('',(#8908,#8909,#8910,#8916));
#8908 = ORIENTED_EDGE('',*,*,#8816,.F.);
#8909 = ORIENTED_EDGE('',*,*,#8895,.T.);
#8910 = ORIENTED_EDGE('',*,*,#8911,.F.);
#8911 = EDGE_CURVE('',#8832,#8888,#8912,.T.);
#8912 = LINE('',#8913,#8914);
#8913 = CARTESIAN_POINT('',(-1.05,1.15,3.E-02));
#8914 = VECTOR('',#8915,1.);
#8915 = DIRECTION('',(1.,-4.555315873023E-16,0.));
#8916 = ORIENTED_EDGE('',*,*,#8831,.F.);
#8917 = PLANE('',#8918);
#8918 = AXIS2_PLACEMENT_3D('',#8919,#8920,#8921);
#8919 = CARTESIAN_POINT('',(-0.85,1.15,0.));
#8920 = DIRECTION('',(-4.555315873023E-16,-1.,0.));
#8921 = DIRECTION('',(-1.,4.555315873023E-16,0.));
#8922 = ADVANCED_FACE('',(#8923,#8957,#8991,#9025,#9031,#9065,#9099,
    #9133,#9167),#9201,.F.);
#8923 = FACE_BOUND('',#8924,.F.);
#8924 = EDGE_LOOP('',(#8925,#8935,#8943,#8951));
#8925 = ORIENTED_EDGE('',*,*,#8926,.F.);
#8926 = EDGE_CURVE('',#8927,#8929,#8931,.T.);
#8927 = VERTEX_POINT('',#8928);
#8928 = CARTESIAN_POINT('',(-1.25,1.25,3.E-02));
#8929 = VERTEX_POINT('',#8930);
#8930 = CARTESIAN_POINT('',(1.25,1.25,3.E-02));
#8931 = LINE('',#8932,#8933);
#8932 = CARTESIAN_POINT('',(-1.25,1.25,3.E-02));
#8933 = VECTOR('',#8934,1.);
#8934 = DIRECTION('',(1.,-2.22044604925E-16,0.));
#8935 = ORIENTED_EDGE('',*,*,#8936,.T.);
#8936 = EDGE_CURVE('',#8927,#8937,#8939,.T.);
#8937 = VERTEX_POINT('',#8938);
#8938 = CARTESIAN_POINT('',(-1.25,-1.25,3.E-02));
#8939 = LINE('',#8940,#8941);
#8940 = CARTESIAN_POINT('',(-1.25,1.25,3.E-02));
#8941 = VECTOR('',#8942,1.);
#8942 = DIRECTION('',(-2.22044604925E-16,-1.,0.));
#8943 = ORIENTED_EDGE('',*,*,#8944,.T.);
#8944 = EDGE_CURVE('',#8937,#8945,#8947,.T.);
#8945 = VERTEX_POINT('',#8946);
#8946 = CARTESIAN_POINT('',(1.25,-1.25,3.E-02));
#8947 = LINE('',#8948,#8949);
#8948 = CARTESIAN_POINT('',(-1.25,-1.25,3.E-02));
#8949 = VECTOR('',#8950,1.);
#8950 = DIRECTION('',(1.,-2.22044604925E-16,0.));
#8951 = ORIENTED_EDGE('',*,*,#8952,.F.);
#8952 = EDGE_CURVE('',#8929,#8945,#8953,.T.);
#8953 = LINE('',#8954,#8955);
#8954 = CARTESIAN_POINT('',(1.25,1.25,3.E-02));
#8955 = VECTOR('',#8956,1.);
#8956 = DIRECTION('',(-2.22044604925E-16,-1.,0.));
#8957 = FACE_BOUND('',#8958,.F.);
#8958 = EDGE_LOOP('',(#8959,#8969,#8977,#8985));
#8959 = ORIENTED_EDGE('',*,*,#8960,.T.);
#8960 = EDGE_CURVE('',#8961,#8963,#8965,.T.);
#8961 = VERTEX_POINT('',#8962);
#8962 = CARTESIAN_POINT('',(1.1,0.65,3.E-02));
#8963 = VERTEX_POINT('',#8964);
#8964 = CARTESIAN_POINT('',(0.85,0.65,3.E-02));
#8965 = LINE('',#8966,#8967);
#8966 = CARTESIAN_POINT('',(-0.2,0.65,3.E-02));
#8967 = VECTOR('',#8968,1.);
#8968 = DIRECTION('',(-1.,4.555315873023E-16,0.));
#8969 = ORIENTED_EDGE('',*,*,#8970,.T.);
#8970 = EDGE_CURVE('',#8963,#8971,#8973,.T.);
#8971 = VERTEX_POINT('',#8972);
#8972 = CARTESIAN_POINT('',(0.85,1.15,3.E-02));
#8973 = LINE('',#8974,#8975);
#8974 = CARTESIAN_POINT('',(0.85,1.2,3.E-02));
#8975 = VECTOR('',#8976,1.);
#8976 = DIRECTION('',(4.555315873023E-16,1.,0.));
#8977 = ORIENTED_EDGE('',*,*,#8978,.T.);
#8978 = EDGE_CURVE('',#8971,#8979,#8981,.T.);
#8979 = VERTEX_POINT('',#8980);
#8980 = CARTESIAN_POINT('',(1.1,1.15,3.E-02));
#8981 = LINE('',#8982,#8983);
#8982 = CARTESIAN_POINT('',(-7.5E-02,1.15,3.E-02));
#8983 = VECTOR('',#8984,1.);
#8984 = DIRECTION('',(1.,-4.555315873023E-16,0.));
#8985 = ORIENTED_EDGE('',*,*,#8986,.T.);
#8986 = EDGE_CURVE('',#8979,#8961,#8987,.T.);
#8987 = LINE('',#8988,#8989);
#8988 = CARTESIAN_POINT('',(1.1,0.95,3.E-02));
#8989 = VECTOR('',#8990,1.);
#8990 = DIRECTION('',(-4.555315873023E-16,-1.,0.));
#8991 = FACE_BOUND('',#8992,.F.);
#8992 = EDGE_LOOP('',(#8993,#9003,#9011,#9019));
#8993 = ORIENTED_EDGE('',*,*,#8994,.T.);
#8994 = EDGE_CURVE('',#8995,#8997,#8999,.T.);
#8995 = VERTEX_POINT('',#8996);
#8996 = CARTESIAN_POINT('',(0.2,0.65,3.E-02));
#8997 = VERTEX_POINT('',#8998);
#8998 = CARTESIAN_POINT('',(0.2,1.15,3.E-02));
#8999 = LINE('',#9000,#9001);
#9000 = CARTESIAN_POINT('',(0.2,1.2,3.E-02));
#9001 = VECTOR('',#9002,1.);
#9002 = DIRECTION('',(4.555315873023E-16,1.,0.));
#9003 = ORIENTED_EDGE('',*,*,#9004,.T.);
#9004 = EDGE_CURVE('',#8997,#9005,#9007,.T.);
#9005 = VERTEX_POINT('',#9006);
#9006 = CARTESIAN_POINT('',(0.45,1.15,3.E-02));
#9007 = LINE('',#9008,#9009);
#9008 = CARTESIAN_POINT('',(-0.4,1.15,3.E-02));
#9009 = VECTOR('',#9010,1.);
#9010 = DIRECTION('',(1.,-4.555315873023E-16,0.));
#9011 = ORIENTED_EDGE('',*,*,#9012,.T.);
#9012 = EDGE_CURVE('',#9005,#9013,#9015,.T.);
#9013 = VERTEX_POINT('',#9014);
#9014 = CARTESIAN_POINT('',(0.45,0.65,3.E-02));
#9015 = LINE('',#9016,#9017);
#9016 = CARTESIAN_POINT('',(0.45,0.95,3.E-02));
#9017 = VECTOR('',#9018,1.);
#9018 = DIRECTION('',(-4.555315873023E-16,-1.,0.));
#9019 = ORIENTED_EDGE('',*,*,#9020,.T.);
#9020 = EDGE_CURVE('',#9013,#8995,#9021,.T.);
#9021 = LINE('',#9022,#9023);
#9022 = CARTESIAN_POINT('',(-0.525,0.65,3.E-02));
#9023 = VECTOR('',#9024,1.);
#9024 = DIRECTION('',(-1.,4.555315873023E-16,0.));
#9025 = FACE_BOUND('',#9026,.F.);
#9026 = EDGE_LOOP('',(#9027,#9028,#9029,#9030));
#9027 = ORIENTED_EDGE('',*,*,#8887,.T.);
#9028 = ORIENTED_EDGE('',*,*,#8863,.T.);
#9029 = ORIENTED_EDGE('',*,*,#8839,.T.);
#9030 = ORIENTED_EDGE('',*,*,#8911,.T.);
#9031 = FACE_BOUND('',#9032,.F.);
#9032 = EDGE_LOOP('',(#9033,#9043,#9051,#9059));
#9033 = ORIENTED_EDGE('',*,*,#9034,.T.);
#9034 = EDGE_CURVE('',#9035,#9037,#9039,.T.);
#9035 = VERTEX_POINT('',#9036);
#9036 = CARTESIAN_POINT('',(-0.45,1.15,3.E-02));
#9037 = VERTEX_POINT('',#9038);
#9038 = CARTESIAN_POINT('',(-0.2,1.15,3.E-02));
#9039 = LINE('',#9040,#9041);
#9040 = CARTESIAN_POINT('',(-0.725,1.15,3.E-02));
#9041 = VECTOR('',#9042,1.);
#9042 = DIRECTION('',(1.,-4.555315873023E-16,0.));
#9043 = ORIENTED_EDGE('',*,*,#9044,.T.);
#9044 = EDGE_CURVE('',#9037,#9045,#9047,.T.);
#9045 = VERTEX_POINT('',#9046);
#9046 = CARTESIAN_POINT('',(-0.2,0.65,3.E-02));
#9047 = LINE('',#9048,#9049);
#9048 = CARTESIAN_POINT('',(-0.2,0.95,3.E-02));
#9049 = VECTOR('',#9050,1.);
#9050 = DIRECTION('',(-4.555315873023E-16,-1.,0.));
#9051 = ORIENTED_EDGE('',*,*,#9052,.T.);
#9052 = EDGE_CURVE('',#9045,#9053,#9055,.T.);
#9053 = VERTEX_POINT('',#9054);
#9054 = CARTESIAN_POINT('',(-0.45,0.65,3.E-02));
#9055 = LINE('',#9056,#9057);
#9056 = CARTESIAN_POINT('',(-0.85,0.65,3.E-02));
#9057 = VECTOR('',#9058,1.);
#9058 = DIRECTION('',(-1.,4.555315873023E-16,0.));
#9059 = ORIENTED_EDGE('',*,*,#9060,.T.);
#9060 = EDGE_CURVE('',#9053,#9035,#9061,.T.);
#9061 = LINE('',#9062,#9063);
#9062 = CARTESIAN_POINT('',(-0.45,1.2,3.E-02));
#9063 = VECTOR('',#9064,1.);
#9064 = DIRECTION('',(4.555315873023E-16,1.,0.));
#9065 = FACE_BOUND('',#9066,.F.);
#9066 = EDGE_LOOP('',(#9067,#9077,#9085,#9093));
#9067 = ORIENTED_EDGE('',*,*,#9068,.T.);
#9068 = EDGE_CURVE('',#9069,#9071,#9073,.T.);
#9069 = VERTEX_POINT('',#9070);
#9070 = CARTESIAN_POINT('',(-0.45,-1.15,3.E-02));
#9071 = VERTEX_POINT('',#9072);
#9072 = CARTESIAN_POINT('',(-0.45,-0.65,3.E-02));
#9073 = LINE('',#9074,#9075);
#9074 = CARTESIAN_POINT('',(-0.45,0.3,3.E-02));
#9075 = VECTOR('',#9076,1.);
#9076 = DIRECTION('',(5.665538897648E-16,1.,0.));
#9077 = ORIENTED_EDGE('',*,*,#9078,.T.);
#9078 = EDGE_CURVE('',#9071,#9079,#9081,.T.);
#9079 = VERTEX_POINT('',#9080);
#9080 = CARTESIAN_POINT('',(-0.2,-0.65,3.E-02));
#9081 = LINE('',#9082,#9083);
#9082 = CARTESIAN_POINT('',(-0.725,-0.65,3.E-02));
#9083 = VECTOR('',#9084,1.);
#9084 = DIRECTION('',(1.,-5.665538897648E-16,0.));
#9085 = ORIENTED_EDGE('',*,*,#9086,.T.);
#9086 = EDGE_CURVE('',#9079,#9087,#9089,.T.);
#9087 = VERTEX_POINT('',#9088);
#9088 = CARTESIAN_POINT('',(-0.2,-1.15,3.E-02));
#9089 = LINE('',#9090,#9091);
#9090 = CARTESIAN_POINT('',(-0.2,5.E-02,3.E-02));
#9091 = VECTOR('',#9092,1.);
#9092 = DIRECTION('',(-5.665538897648E-16,-1.,0.));
#9093 = ORIENTED_EDGE('',*,*,#9094,.T.);
#9094 = EDGE_CURVE('',#9087,#9069,#9095,.T.);
#9095 = LINE('',#9096,#9097);
#9096 = CARTESIAN_POINT('',(-0.85,-1.15,3.E-02));
#9097 = VECTOR('',#9098,1.);
#9098 = DIRECTION('',(-1.,5.665538897648E-16,0.));
#9099 = FACE_BOUND('',#9100,.F.);
#9100 = EDGE_LOOP('',(#9101,#9111,#9119,#9127));
#9101 = ORIENTED_EDGE('',*,*,#9102,.T.);
#9102 = EDGE_CURVE('',#9103,#9105,#9107,.T.);
#9103 = VERTEX_POINT('',#9104);
#9104 = CARTESIAN_POINT('',(0.45,-0.65,3.E-02));
#9105 = VERTEX_POINT('',#9106);
#9106 = CARTESIAN_POINT('',(0.45,-1.15,3.E-02));
#9107 = LINE('',#9108,#9109);
#9108 = CARTESIAN_POINT('',(0.45,5.E-02,3.E-02));
#9109 = VECTOR('',#9110,1.);
#9110 = DIRECTION('',(-5.665538897648E-16,-1.,0.));
#9111 = ORIENTED_EDGE('',*,*,#9112,.T.);
#9112 = EDGE_CURVE('',#9105,#9113,#9115,.T.);
#9113 = VERTEX_POINT('',#9114);
#9114 = CARTESIAN_POINT('',(0.2,-1.15,3.E-02));
#9115 = LINE('',#9116,#9117);
#9116 = CARTESIAN_POINT('',(-0.525,-1.15,3.E-02));
#9117 = VECTOR('',#9118,1.);
#9118 = DIRECTION('',(-1.,5.665538897648E-16,0.));
#9119 = ORIENTED_EDGE('',*,*,#9120,.T.);
#9120 = EDGE_CURVE('',#9113,#9121,#9123,.T.);
#9121 = VERTEX_POINT('',#9122);
#9122 = CARTESIAN_POINT('',(0.2,-0.65,3.E-02));
#9123 = LINE('',#9124,#9125);
#9124 = CARTESIAN_POINT('',(0.2,0.3,3.E-02));
#9125 = VECTOR('',#9126,1.);
#9126 = DIRECTION('',(5.665538897648E-16,1.,0.));
#9127 = ORIENTED_EDGE('',*,*,#9128,.T.);
#9128 = EDGE_CURVE('',#9121,#9103,#9129,.T.);
#9129 = LINE('',#9130,#9131);
#9130 = CARTESIAN_POINT('',(-0.4,-0.65,3.E-02));
#9131 = VECTOR('',#9132,1.);
#9132 = DIRECTION('',(1.,-5.665538897648E-16,0.));
#9133 = FACE_BOUND('',#9134,.F.);
#9134 = EDGE_LOOP('',(#9135,#9145,#9153,#9161));
#9135 = ORIENTED_EDGE('',*,*,#9136,.T.);
#9136 = EDGE_CURVE('',#9137,#9139,#9141,.T.);
#9137 = VERTEX_POINT('',#9138);
#9138 = CARTESIAN_POINT('',(1.1,-1.15,3.E-02));
#9139 = VERTEX_POINT('',#9140);
#9140 = CARTESIAN_POINT('',(0.85,-1.15,3.E-02));
#9141 = LINE('',#9142,#9143);
#9142 = CARTESIAN_POINT('',(-0.2,-1.15,3.E-02));
#9143 = VECTOR('',#9144,1.);
#9144 = DIRECTION('',(-1.,5.665538897648E-16,0.));
#9145 = ORIENTED_EDGE('',*,*,#9146,.T.);
#9146 = EDGE_CURVE('',#9139,#9147,#9149,.T.);
#9147 = VERTEX_POINT('',#9148);
#9148 = CARTESIAN_POINT('',(0.85,-0.65,3.E-02));
#9149 = LINE('',#9150,#9151);
#9150 = CARTESIAN_POINT('',(0.85,0.3,3.E-02));
#9151 = VECTOR('',#9152,1.);
#9152 = DIRECTION('',(5.665538897648E-16,1.,0.));
#9153 = ORIENTED_EDGE('',*,*,#9154,.T.);
#9154 = EDGE_CURVE('',#9147,#9155,#9157,.T.);
#9155 = VERTEX_POINT('',#9156);
#9156 = CARTESIAN_POINT('',(1.1,-0.65,3.E-02));
#9157 = LINE('',#9158,#9159);
#9158 = CARTESIAN_POINT('',(-7.5E-02,-0.65,3.E-02));
#9159 = VECTOR('',#9160,1.);
#9160 = DIRECTION('',(1.,-5.665538897648E-16,0.));
#9161 = ORIENTED_EDGE('',*,*,#9162,.T.);
#9162 = EDGE_CURVE('',#9155,#9137,#9163,.T.);
#9163 = LINE('',#9164,#9165);
#9164 = CARTESIAN_POINT('',(1.1,5.E-02,3.E-02));
#9165 = VECTOR('',#9166,1.);
#9166 = DIRECTION('',(-5.665538897648E-16,-1.,0.));
#9167 = FACE_BOUND('',#9168,.F.);
#9168 = EDGE_LOOP('',(#9169,#9179,#9187,#9195));
#9169 = ORIENTED_EDGE('',*,*,#9170,.T.);
#9170 = EDGE_CURVE('',#9171,#9173,#9175,.T.);
#9171 = VERTEX_POINT('',#9172);
#9172 = CARTESIAN_POINT('',(-0.85,-0.65,3.E-02));
#9173 = VERTEX_POINT('',#9174);
#9174 = CARTESIAN_POINT('',(-0.85,-1.15,3.E-02));
#9175 = LINE('',#9176,#9177);
#9176 = CARTESIAN_POINT('',(-0.85,5.E-02,3.E-02));
#9177 = VECTOR('',#9178,1.);
#9178 = DIRECTION('',(-5.665538897648E-16,-1.,0.));
#9179 = ORIENTED_EDGE('',*,*,#9180,.T.);
#9180 = EDGE_CURVE('',#9173,#9181,#9183,.T.);
#9181 = VERTEX_POINT('',#9182);
#9182 = CARTESIAN_POINT('',(-1.1,-1.15,3.E-02));
#9183 = LINE('',#9184,#9185);
#9184 = CARTESIAN_POINT('',(-1.175,-1.15,3.E-02));
#9185 = VECTOR('',#9186,1.);
#9186 = DIRECTION('',(-1.,5.665538897648E-16,0.));
#9187 = ORIENTED_EDGE('',*,*,#9188,.T.);
#9188 = EDGE_CURVE('',#9181,#9189,#9191,.T.);
#9189 = VERTEX_POINT('',#9190);
#9190 = CARTESIAN_POINT('',(-1.1,-0.65,3.E-02));
#9191 = LINE('',#9192,#9193);
#9192 = CARTESIAN_POINT('',(-1.1,0.3,3.E-02));
#9193 = VECTOR('',#9194,1.);
#9194 = DIRECTION('',(5.665538897648E-16,1.,0.));
#9195 = ORIENTED_EDGE('',*,*,#9196,.T.);
#9196 = EDGE_CURVE('',#9189,#9171,#9197,.T.);
#9197 = LINE('',#9198,#9199);
#9198 = CARTESIAN_POINT('',(-1.05,-0.65,3.E-02));
#9199 = VECTOR('',#9200,1.);
#9200 = DIRECTION('',(1.,-5.665538897648E-16,0.));
#9201 = PLANE('',#9202);
#9202 = AXIS2_PLACEMENT_3D('',#9203,#9204,#9205);
#9203 = CARTESIAN_POINT('',(-1.25,1.25,3.E-02));
#9204 = DIRECTION('',(0.,0.,1.));
#9205 = DIRECTION('',(-2.22044604925E-16,-1.,0.));
#9206 = ADVANCED_FACE('',(#9207),#9232,.F.);
#9207 = FACE_BOUND('',#9208,.F.);
#9208 = EDGE_LOOP('',(#9209,#9217,#9218,#9226));
#9209 = ORIENTED_EDGE('',*,*,#9210,.F.);
#9210 = EDGE_CURVE('',#8927,#9211,#9213,.T.);
#9211 = VERTEX_POINT('',#9212);
#9212 = CARTESIAN_POINT('',(-1.25,1.25,0.78));
#9213 = LINE('',#9214,#9215);
#9214 = CARTESIAN_POINT('',(-1.25,1.25,3.E-02));
#9215 = VECTOR('',#9216,1.);
#9216 = DIRECTION('',(0.,0.,1.));
#9217 = ORIENTED_EDGE('',*,*,#8926,.T.);
#9218 = ORIENTED_EDGE('',*,*,#9219,.T.);
#9219 = EDGE_CURVE('',#8929,#9220,#9222,.T.);
#9220 = VERTEX_POINT('',#9221);
#9221 = CARTESIAN_POINT('',(1.25,1.25,0.78));
#9222 = LINE('',#9223,#9224);
#9223 = CARTESIAN_POINT('',(1.25,1.25,3.E-02));
#9224 = VECTOR('',#9225,1.);
#9225 = DIRECTION('',(0.,0.,1.));
#9226 = ORIENTED_EDGE('',*,*,#9227,.F.);
#9227 = EDGE_CURVE('',#9211,#9220,#9228,.T.);
#9228 = LINE('',#9229,#9230);
#9229 = CARTESIAN_POINT('',(-1.25,1.25,0.78));
#9230 = VECTOR('',#9231,1.);
#9231 = DIRECTION('',(1.,-2.22044604925E-16,0.));
#9232 = PLANE('',#9233);
#9233 = AXIS2_PLACEMENT_3D('',#9234,#9235,#9236);
#9234 = CARTESIAN_POINT('',(-1.25,1.25,3.E-02));
#9235 = DIRECTION('',(-2.22044604925E-16,-1.,0.));
#9236 = DIRECTION('',(0.,0.,1.));
#9237 = ADVANCED_FACE('',(#9238),#9256,.T.);
#9238 = FACE_BOUND('',#9239,.T.);
#9239 = EDGE_LOOP('',(#9240,#9241,#9242,#9250));
#9240 = ORIENTED_EDGE('',*,*,#8952,.F.);
#9241 = ORIENTED_EDGE('',*,*,#9219,.T.);
#9242 = ORIENTED_EDGE('',*,*,#9243,.T.);
#9243 = EDGE_CURVE('',#9220,#9244,#9246,.T.);
#9244 = VERTEX_POINT('',#9245);
#9245 = CARTESIAN_POINT('',(1.25,-1.25,0.78));
#9246 = LINE('',#9247,#9248);
#9247 = CARTESIAN_POINT('',(1.25,1.25,0.78));
#9248 = VECTOR('',#9249,1.);
#9249 = DIRECTION('',(-2.22044604925E-16,-1.,0.));
#9250 = ORIENTED_EDGE('',*,*,#9251,.F.);
#9251 = EDGE_CURVE('',#8945,#9244,#9252,.T.);
#9252 = LINE('',#9253,#9254);
#9253 = CARTESIAN_POINT('',(1.25,-1.25,3.E-02));
#9254 = VECTOR('',#9255,1.);
#9255 = DIRECTION('',(0.,0.,1.));
#9256 = PLANE('',#9257);
#9257 = AXIS2_PLACEMENT_3D('',#9258,#9259,#9260);
#9258 = CARTESIAN_POINT('',(1.25,1.25,3.E-02));
#9259 = DIRECTION('',(1.,-2.22044604925E-16,0.));
#9260 = DIRECTION('',(0.,0.,1.));
#9261 = ADVANCED_FACE('',(#9262),#9280,.F.);
#9262 = FACE_BOUND('',#9263,.F.);
#9263 = EDGE_LOOP('',(#9264,#9265,#9266,#9274));
#9264 = ORIENTED_EDGE('',*,*,#8936,.F.);
#9265 = ORIENTED_EDGE('',*,*,#9210,.T.);
#9266 = ORIENTED_EDGE('',*,*,#9267,.T.);
#9267 = EDGE_CURVE('',#9211,#9268,#9270,.T.);
#9268 = VERTEX_POINT('',#9269);
#9269 = CARTESIAN_POINT('',(-1.25,-1.25,0.78));
#9270 = LINE('',#9271,#9272);
#9271 = CARTESIAN_POINT('',(-1.25,1.25,0.78));
#9272 = VECTOR('',#9273,1.);
#9273 = DIRECTION('',(-2.22044604925E-16,-1.,0.));
#9274 = ORIENTED_EDGE('',*,*,#9275,.F.);
#9275 = EDGE_CURVE('',#8937,#9268,#9276,.T.);
#9276 = LINE('',#9277,#9278);
#9277 = CARTESIAN_POINT('',(-1.25,-1.25,3.E-02));
#9278 = VECTOR('',#9279,1.);
#9279 = DIRECTION('',(0.,0.,1.));
#9280 = PLANE('',#9281);
#9281 = AXIS2_PLACEMENT_3D('',#9282,#9283,#9284);
#9282 = CARTESIAN_POINT('',(-1.25,1.25,3.E-02));
#9283 = DIRECTION('',(1.,-2.22044604925E-16,0.));
#9284 = DIRECTION('',(0.,0.,1.));
#9285 = ADVANCED_FACE('',(#9286),#9297,.T.);
#9286 = FACE_BOUND('',#9287,.T.);
#9287 = EDGE_LOOP('',(#9288,#9289,#9290,#9291));
#9288 = ORIENTED_EDGE('',*,*,#9275,.F.);
#9289 = ORIENTED_EDGE('',*,*,#8944,.T.);
#9290 = ORIENTED_EDGE('',*,*,#9251,.T.);
#9291 = ORIENTED_EDGE('',*,*,#9292,.F.);
#9292 = EDGE_CURVE('',#9268,#9244,#9293,.T.);
#9293 = LINE('',#9294,#9295);
#9294 = CARTESIAN_POINT('',(-1.25,-1.25,0.78));
#9295 = VECTOR('',#9296,1.);
#9296 = DIRECTION('',(1.,-2.22044604925E-16,0.));
#9297 = PLANE('',#9298);
#9298 = AXIS2_PLACEMENT_3D('',#9299,#9300,#9301);
#9299 = CARTESIAN_POINT('',(-1.25,-1.25,3.E-02));
#9300 = DIRECTION('',(-2.22044604925E-16,-1.,0.));
#9301 = DIRECTION('',(0.,0.,1.));
#9302 = ADVANCED_FACE('',(#9303),#9328,.F.);
#9303 = FACE_BOUND('',#9304,.F.);
#9304 = EDGE_LOOP('',(#9305,#9315,#9321,#9322));
#9305 = ORIENTED_EDGE('',*,*,#9306,.F.);
#9306 = EDGE_CURVE('',#9307,#9309,#9311,.T.);
#9307 = VERTEX_POINT('',#9308);
#9308 = CARTESIAN_POINT('',(0.85,0.65,0.));
#9309 = VERTEX_POINT('',#9310);
#9310 = CARTESIAN_POINT('',(1.1,0.65,0.));
#9311 = LINE('',#9312,#9313);
#9312 = CARTESIAN_POINT('',(0.85,0.65,0.));
#9313 = VECTOR('',#9314,1.);
#9314 = DIRECTION('',(1.,-4.555315873023E-16,0.));
#9315 = ORIENTED_EDGE('',*,*,#9316,.T.);
#9316 = EDGE_CURVE('',#9307,#8963,#9317,.T.);
#9317 = LINE('',#9318,#9319);
#9318 = CARTESIAN_POINT('',(0.85,0.65,0.));
#9319 = VECTOR('',#9320,1.);
#9320 = DIRECTION('',(0.,0.,1.));
#9321 = ORIENTED_EDGE('',*,*,#8960,.F.);
#9322 = ORIENTED_EDGE('',*,*,#9323,.F.);
#9323 = EDGE_CURVE('',#9309,#8961,#9324,.T.);
#9324 = LINE('',#9325,#9326);
#9325 = CARTESIAN_POINT('',(1.1,0.65,0.));
#9326 = VECTOR('',#9327,1.);
#9327 = DIRECTION('',(0.,0.,1.));
#9328 = PLANE('',#9329);
#9329 = AXIS2_PLACEMENT_3D('',#9330,#9331,#9332);
#9330 = CARTESIAN_POINT('',(0.85,0.65,0.));
#9331 = DIRECTION('',(4.555315873023E-16,1.,0.));
#9332 = DIRECTION('',(1.,-4.555315873023E-16,0.));
#9333 = ADVANCED_FACE('',(#9334),#9352,.F.);
#9334 = FACE_BOUND('',#9335,.F.);
#9335 = EDGE_LOOP('',(#9336,#9344,#9345,#9346));
#9336 = ORIENTED_EDGE('',*,*,#9337,.F.);
#9337 = EDGE_CURVE('',#9309,#9338,#9340,.T.);
#9338 = VERTEX_POINT('',#9339);
#9339 = CARTESIAN_POINT('',(1.1,1.15,0.));
#9340 = LINE('',#9341,#9342);
#9341 = CARTESIAN_POINT('',(1.1,0.65,0.));
#9342 = VECTOR('',#9343,1.);
#9343 = DIRECTION('',(4.555315873023E-16,1.,0.));
#9344 = ORIENTED_EDGE('',*,*,#9323,.T.);
#9345 = ORIENTED_EDGE('',*,*,#8986,.F.);
#9346 = ORIENTED_EDGE('',*,*,#9347,.F.);
#9347 = EDGE_CURVE('',#9338,#8979,#9348,.T.);
#9348 = LINE('',#9349,#9350);
#9349 = CARTESIAN_POINT('',(1.1,1.15,0.));
#9350 = VECTOR('',#9351,1.);
#9351 = DIRECTION('',(0.,0.,1.));
#9352 = PLANE('',#9353);
#9353 = AXIS2_PLACEMENT_3D('',#9354,#9355,#9356);
#9354 = CARTESIAN_POINT('',(1.1,0.65,0.));
#9355 = DIRECTION('',(-1.,4.555315873023E-16,0.));
#9356 = DIRECTION('',(4.555315873023E-16,1.,0.));
#9357 = ADVANCED_FACE('',(#9358),#9376,.F.);
#9358 = FACE_BOUND('',#9359,.F.);
#9359 = EDGE_LOOP('',(#9360,#9368,#9374,#9375));
#9360 = ORIENTED_EDGE('',*,*,#9361,.F.);
#9361 = EDGE_CURVE('',#9362,#9307,#9364,.T.);
#9362 = VERTEX_POINT('',#9363);
#9363 = CARTESIAN_POINT('',(0.85,1.15,0.));
#9364 = LINE('',#9365,#9366);
#9365 = CARTESIAN_POINT('',(0.85,1.15,0.));
#9366 = VECTOR('',#9367,1.);
#9367 = DIRECTION('',(-4.555315873023E-16,-1.,0.));
#9368 = ORIENTED_EDGE('',*,*,#9369,.T.);
#9369 = EDGE_CURVE('',#9362,#8971,#9370,.T.);
#9370 = LINE('',#9371,#9372);
#9371 = CARTESIAN_POINT('',(0.85,1.15,0.));
#9372 = VECTOR('',#9373,1.);
#9373 = DIRECTION('',(0.,0.,1.));
#9374 = ORIENTED_EDGE('',*,*,#8970,.F.);
#9375 = ORIENTED_EDGE('',*,*,#9316,.F.);
#9376 = PLANE('',#9377);
#9377 = AXIS2_PLACEMENT_3D('',#9378,#9379,#9380);
#9378 = CARTESIAN_POINT('',(0.85,1.15,0.));
#9379 = DIRECTION('',(1.,-4.555315873023E-16,0.));
#9380 = DIRECTION('',(-4.555315873023E-16,-1.,0.));
#9381 = ADVANCED_FACE('',(#9382),#9393,.F.);
#9382 = FACE_BOUND('',#9383,.F.);
#9383 = EDGE_LOOP('',(#9384,#9390,#9391,#9392));
#9384 = ORIENTED_EDGE('',*,*,#9385,.F.);
#9385 = EDGE_CURVE('',#9338,#9362,#9386,.T.);
#9386 = LINE('',#9387,#9388);
#9387 = CARTESIAN_POINT('',(1.1,1.15,0.));
#9388 = VECTOR('',#9389,1.);
#9389 = DIRECTION('',(-1.,4.555315873023E-16,0.));
#9390 = ORIENTED_EDGE('',*,*,#9347,.T.);
#9391 = ORIENTED_EDGE('',*,*,#8978,.F.);
#9392 = ORIENTED_EDGE('',*,*,#9369,.F.);
#9393 = PLANE('',#9394);
#9394 = AXIS2_PLACEMENT_3D('',#9395,#9396,#9397);
#9395 = CARTESIAN_POINT('',(1.1,1.15,0.));
#9396 = DIRECTION('',(-4.555315873023E-16,-1.,0.));
#9397 = DIRECTION('',(-1.,4.555315873023E-16,0.));
#9398 = ADVANCED_FACE('',(#9399),#9424,.F.);
#9399 = FACE_BOUND('',#9400,.F.);
#9400 = EDGE_LOOP('',(#9401,#9411,#9417,#9418));
#9401 = ORIENTED_EDGE('',*,*,#9402,.F.);
#9402 = EDGE_CURVE('',#9403,#9405,#9407,.T.);
#9403 = VERTEX_POINT('',#9404);
#9404 = CARTESIAN_POINT('',(0.2,1.15,0.));
#9405 = VERTEX_POINT('',#9406);
#9406 = CARTESIAN_POINT('',(0.2,0.65,0.));
#9407 = LINE('',#9408,#9409);
#9408 = CARTESIAN_POINT('',(0.2,1.15,0.));
#9409 = VECTOR('',#9410,1.);
#9410 = DIRECTION('',(-4.555315873023E-16,-1.,0.));
#9411 = ORIENTED_EDGE('',*,*,#9412,.T.);
#9412 = EDGE_CURVE('',#9403,#8997,#9413,.T.);
#9413 = LINE('',#9414,#9415);
#9414 = CARTESIAN_POINT('',(0.2,1.15,0.));
#9415 = VECTOR('',#9416,1.);
#9416 = DIRECTION('',(0.,0.,1.));
#9417 = ORIENTED_EDGE('',*,*,#8994,.F.);
#9418 = ORIENTED_EDGE('',*,*,#9419,.F.);
#9419 = EDGE_CURVE('',#9405,#8995,#9420,.T.);
#9420 = LINE('',#9421,#9422);
#9421 = CARTESIAN_POINT('',(0.2,0.65,0.));
#9422 = VECTOR('',#9423,1.);
#9423 = DIRECTION('',(0.,0.,1.));
#9424 = PLANE('',#9425);
#9425 = AXIS2_PLACEMENT_3D('',#9426,#9427,#9428);
#9426 = CARTESIAN_POINT('',(0.2,1.15,0.));
#9427 = DIRECTION('',(1.,-4.555315873023E-16,0.));
#9428 = DIRECTION('',(-4.555315873023E-16,-1.,0.));
#9429 = ADVANCED_FACE('',(#9430),#9448,.F.);
#9430 = FACE_BOUND('',#9431,.F.);
#9431 = EDGE_LOOP('',(#9432,#9440,#9441,#9442));
#9432 = ORIENTED_EDGE('',*,*,#9433,.F.);
#9433 = EDGE_CURVE('',#9405,#9434,#9436,.T.);
#9434 = VERTEX_POINT('',#9435);
#9435 = CARTESIAN_POINT('',(0.45,0.65,0.));
#9436 = LINE('',#9437,#9438);
#9437 = CARTESIAN_POINT('',(0.2,0.65,0.));
#9438 = VECTOR('',#9439,1.);
#9439 = DIRECTION('',(1.,-4.555315873023E-16,0.));
#9440 = ORIENTED_EDGE('',*,*,#9419,.T.);
#9441 = ORIENTED_EDGE('',*,*,#9020,.F.);
#9442 = ORIENTED_EDGE('',*,*,#9443,.F.);
#9443 = EDGE_CURVE('',#9434,#9013,#9444,.T.);
#9444 = LINE('',#9445,#9446);
#9445 = CARTESIAN_POINT('',(0.45,0.65,0.));
#9446 = VECTOR('',#9447,1.);
#9447 = DIRECTION('',(0.,0.,1.));
#9448 = PLANE('',#9449);
#9449 = AXIS2_PLACEMENT_3D('',#9450,#9451,#9452);
#9450 = CARTESIAN_POINT('',(0.2,0.65,0.));
#9451 = DIRECTION('',(4.555315873023E-16,1.,0.));
#9452 = DIRECTION('',(1.,-4.555315873023E-16,0.));
#9453 = ADVANCED_FACE('',(#9454),#9472,.F.);
#9454 = FACE_BOUND('',#9455,.F.);
#9455 = EDGE_LOOP('',(#9456,#9464,#9470,#9471));
#9456 = ORIENTED_EDGE('',*,*,#9457,.F.);
#9457 = EDGE_CURVE('',#9458,#9403,#9460,.T.);
#9458 = VERTEX_POINT('',#9459);
#9459 = CARTESIAN_POINT('',(0.45,1.15,0.));
#9460 = LINE('',#9461,#9462);
#9461 = CARTESIAN_POINT('',(0.45,1.15,0.));
#9462 = VECTOR('',#9463,1.);
#9463 = DIRECTION('',(-1.,4.555315873023E-16,0.));
#9464 = ORIENTED_EDGE('',*,*,#9465,.T.);
#9465 = EDGE_CURVE('',#9458,#9005,#9466,.T.);
#9466 = LINE('',#9467,#9468);
#9467 = CARTESIAN_POINT('',(0.45,1.15,0.));
#9468 = VECTOR('',#9469,1.);
#9469 = DIRECTION('',(0.,0.,1.));
#9470 = ORIENTED_EDGE('',*,*,#9004,.F.);
#9471 = ORIENTED_EDGE('',*,*,#9412,.F.);
#9472 = PLANE('',#9473);
#9473 = AXIS2_PLACEMENT_3D('',#9474,#9475,#9476);
#9474 = CARTESIAN_POINT('',(0.45,1.15,0.));
#9475 = DIRECTION('',(-4.555315873023E-16,-1.,0.));
#9476 = DIRECTION('',(-1.,4.555315873023E-16,0.));
#9477 = ADVANCED_FACE('',(#9478),#9489,.F.);
#9478 = FACE_BOUND('',#9479,.F.);
#9479 = EDGE_LOOP('',(#9480,#9486,#9487,#9488));
#9480 = ORIENTED_EDGE('',*,*,#9481,.F.);
#9481 = EDGE_CURVE('',#9434,#9458,#9482,.T.);
#9482 = LINE('',#9483,#9484);
#9483 = CARTESIAN_POINT('',(0.45,0.65,0.));
#9484 = VECTOR('',#9485,1.);
#9485 = DIRECTION('',(4.555315873023E-16,1.,0.));
#9486 = ORIENTED_EDGE('',*,*,#9443,.T.);
#9487 = ORIENTED_EDGE('',*,*,#9012,.F.);
#9488 = ORIENTED_EDGE('',*,*,#9465,.F.);
#9489 = PLANE('',#9490);
#9490 = AXIS2_PLACEMENT_3D('',#9491,#9492,#9493);
#9491 = CARTESIAN_POINT('',(0.45,0.65,0.));
#9492 = DIRECTION('',(-1.,4.555315873023E-16,0.));
#9493 = DIRECTION('',(4.555315873023E-16,1.,0.));
#9494 = ADVANCED_FACE('',(#9495),#9520,.F.);
#9495 = FACE_BOUND('',#9496,.F.);
#9496 = EDGE_LOOP('',(#9497,#9507,#9513,#9514));
#9497 = ORIENTED_EDGE('',*,*,#9498,.F.);
#9498 = EDGE_CURVE('',#9499,#9501,#9503,.T.);
#9499 = VERTEX_POINT('',#9500);
#9500 = CARTESIAN_POINT('',(-0.2,1.15,0.));
#9501 = VERTEX_POINT('',#9502);
#9502 = CARTESIAN_POINT('',(-0.45,1.15,0.));
#9503 = LINE('',#9504,#9505);
#9504 = CARTESIAN_POINT('',(-0.2,1.15,0.));
#9505 = VECTOR('',#9506,1.);
#9506 = DIRECTION('',(-1.,4.555315873023E-16,0.));
#9507 = ORIENTED_EDGE('',*,*,#9508,.T.);
#9508 = EDGE_CURVE('',#9499,#9037,#9509,.T.);
#9509 = LINE('',#9510,#9511);
#9510 = CARTESIAN_POINT('',(-0.2,1.15,0.));
#9511 = VECTOR('',#9512,1.);
#9512 = DIRECTION('',(0.,0.,1.));
#9513 = ORIENTED_EDGE('',*,*,#9034,.F.);
#9514 = ORIENTED_EDGE('',*,*,#9515,.F.);
#9515 = EDGE_CURVE('',#9501,#9035,#9516,.T.);
#9516 = LINE('',#9517,#9518);
#9517 = CARTESIAN_POINT('',(-0.45,1.15,0.));
#9518 = VECTOR('',#9519,1.);
#9519 = DIRECTION('',(0.,0.,1.));
#9520 = PLANE('',#9521);
#9521 = AXIS2_PLACEMENT_3D('',#9522,#9523,#9524);
#9522 = CARTESIAN_POINT('',(-0.2,1.15,0.));
#9523 = DIRECTION('',(-4.555315873023E-16,-1.,0.));
#9524 = DIRECTION('',(-1.,4.555315873023E-16,0.));
#9525 = ADVANCED_FACE('',(#9526),#9544,.F.);
#9526 = FACE_BOUND('',#9527,.F.);
#9527 = EDGE_LOOP('',(#9528,#9536,#9537,#9538));
#9528 = ORIENTED_EDGE('',*,*,#9529,.F.);
#9529 = EDGE_CURVE('',#9501,#9530,#9532,.T.);
#9530 = VERTEX_POINT('',#9531);
#9531 = CARTESIAN_POINT('',(-0.45,0.65,0.));
#9532 = LINE('',#9533,#9534);
#9533 = CARTESIAN_POINT('',(-0.45,1.15,0.));
#9534 = VECTOR('',#9535,1.);
#9535 = DIRECTION('',(-4.555315873023E-16,-1.,0.));
#9536 = ORIENTED_EDGE('',*,*,#9515,.T.);
#9537 = ORIENTED_EDGE('',*,*,#9060,.F.);
#9538 = ORIENTED_EDGE('',*,*,#9539,.F.);
#9539 = EDGE_CURVE('',#9530,#9053,#9540,.T.);
#9540 = LINE('',#9541,#9542);
#9541 = CARTESIAN_POINT('',(-0.45,0.65,0.));
#9542 = VECTOR('',#9543,1.);
#9543 = DIRECTION('',(0.,0.,1.));
#9544 = PLANE('',#9545);
#9545 = AXIS2_PLACEMENT_3D('',#9546,#9547,#9548);
#9546 = CARTESIAN_POINT('',(-0.45,1.15,0.));
#9547 = DIRECTION('',(1.,-4.555315873023E-16,0.));
#9548 = DIRECTION('',(-4.555315873023E-16,-1.,0.));
#9549 = ADVANCED_FACE('',(#9550),#9568,.F.);
#9550 = FACE_BOUND('',#9551,.F.);
#9551 = EDGE_LOOP('',(#9552,#9560,#9566,#9567));
#9552 = ORIENTED_EDGE('',*,*,#9553,.F.);
#9553 = EDGE_CURVE('',#9554,#9499,#9556,.T.);
#9554 = VERTEX_POINT('',#9555);
#9555 = CARTESIAN_POINT('',(-0.2,0.65,0.));
#9556 = LINE('',#9557,#9558);
#9557 = CARTESIAN_POINT('',(-0.2,0.65,0.));
#9558 = VECTOR('',#9559,1.);
#9559 = DIRECTION('',(4.555315873023E-16,1.,0.));
#9560 = ORIENTED_EDGE('',*,*,#9561,.T.);
#9561 = EDGE_CURVE('',#9554,#9045,#9562,.T.);
#9562 = LINE('',#9563,#9564);
#9563 = CARTESIAN_POINT('',(-0.2,0.65,0.));
#9564 = VECTOR('',#9565,1.);
#9565 = DIRECTION('',(0.,0.,1.));
#9566 = ORIENTED_EDGE('',*,*,#9044,.F.);
#9567 = ORIENTED_EDGE('',*,*,#9508,.F.);
#9568 = PLANE('',#9569);
#9569 = AXIS2_PLACEMENT_3D('',#9570,#9571,#9572);
#9570 = CARTESIAN_POINT('',(-0.2,0.65,0.));
#9571 = DIRECTION('',(-1.,4.555315873023E-16,0.));
#9572 = DIRECTION('',(4.555315873023E-16,1.,0.));
#9573 = ADVANCED_FACE('',(#9574),#9585,.F.);
#9574 = FACE_BOUND('',#9575,.F.);
#9575 = EDGE_LOOP('',(#9576,#9582,#9583,#9584));
#9576 = ORIENTED_EDGE('',*,*,#9577,.F.);
#9577 = EDGE_CURVE('',#9530,#9554,#9578,.T.);
#9578 = LINE('',#9579,#9580);
#9579 = CARTESIAN_POINT('',(-0.45,0.65,0.));
#9580 = VECTOR('',#9581,1.);
#9581 = DIRECTION('',(1.,-4.555315873023E-16,0.));
#9582 = ORIENTED_EDGE('',*,*,#9539,.T.);
#9583 = ORIENTED_EDGE('',*,*,#9052,.F.);
#9584 = ORIENTED_EDGE('',*,*,#9561,.F.);
#9585 = PLANE('',#9586);
#9586 = AXIS2_PLACEMENT_3D('',#9587,#9588,#9589);
#9587 = CARTESIAN_POINT('',(-0.45,0.65,0.));
#9588 = DIRECTION('',(4.555315873023E-16,1.,0.));
#9589 = DIRECTION('',(1.,-4.555315873023E-16,0.));
#9590 = ADVANCED_FACE('',(#9591),#9616,.F.);
#9591 = FACE_BOUND('',#9592,.F.);
#9592 = EDGE_LOOP('',(#9593,#9603,#9609,#9610));
#9593 = ORIENTED_EDGE('',*,*,#9594,.F.);
#9594 = EDGE_CURVE('',#9595,#9597,#9599,.T.);
#9595 = VERTEX_POINT('',#9596);
#9596 = CARTESIAN_POINT('',(-0.45,-0.65,0.));
#9597 = VERTEX_POINT('',#9598);
#9598 = CARTESIAN_POINT('',(-0.45,-1.15,0.));
#9599 = LINE('',#9600,#9601);
#9600 = CARTESIAN_POINT('',(-0.45,-0.65,0.));
#9601 = VECTOR('',#9602,1.);
#9602 = DIRECTION('',(-5.665538897648E-16,-1.,0.));
#9603 = ORIENTED_EDGE('',*,*,#9604,.T.);
#9604 = EDGE_CURVE('',#9595,#9071,#9605,.T.);
#9605 = LINE('',#9606,#9607);
#9606 = CARTESIAN_POINT('',(-0.45,-0.65,0.));
#9607 = VECTOR('',#9608,1.);
#9608 = DIRECTION('',(0.,0.,1.));
#9609 = ORIENTED_EDGE('',*,*,#9068,.F.);
#9610 = ORIENTED_EDGE('',*,*,#9611,.F.);
#9611 = EDGE_CURVE('',#9597,#9069,#9612,.T.);
#9612 = LINE('',#9613,#9614);
#9613 = CARTESIAN_POINT('',(-0.45,-1.15,0.));
#9614 = VECTOR('',#9615,1.);
#9615 = DIRECTION('',(0.,0.,1.));
#9616 = PLANE('',#9617);
#9617 = AXIS2_PLACEMENT_3D('',#9618,#9619,#9620);
#9618 = CARTESIAN_POINT('',(-0.45,-0.65,0.));
#9619 = DIRECTION('',(1.,-5.665538897648E-16,0.));
#9620 = DIRECTION('',(-5.665538897648E-16,-1.,0.));
#9621 = ADVANCED_FACE('',(#9622),#9640,.F.);
#9622 = FACE_BOUND('',#9623,.F.);
#9623 = EDGE_LOOP('',(#9624,#9632,#9633,#9634));
#9624 = ORIENTED_EDGE('',*,*,#9625,.F.);
#9625 = EDGE_CURVE('',#9597,#9626,#9628,.T.);
#9626 = VERTEX_POINT('',#9627);
#9627 = CARTESIAN_POINT('',(-0.2,-1.15,0.));
#9628 = LINE('',#9629,#9630);
#9629 = CARTESIAN_POINT('',(-0.45,-1.15,0.));
#9630 = VECTOR('',#9631,1.);
#9631 = DIRECTION('',(1.,-5.665538897648E-16,0.));
#9632 = ORIENTED_EDGE('',*,*,#9611,.T.);
#9633 = ORIENTED_EDGE('',*,*,#9094,.F.);
#9634 = ORIENTED_EDGE('',*,*,#9635,.F.);
#9635 = EDGE_CURVE('',#9626,#9087,#9636,.T.);
#9636 = LINE('',#9637,#9638);
#9637 = CARTESIAN_POINT('',(-0.2,-1.15,0.));
#9638 = VECTOR('',#9639,1.);
#9639 = DIRECTION('',(0.,0.,1.));
#9640 = PLANE('',#9641);
#9641 = AXIS2_PLACEMENT_3D('',#9642,#9643,#9644);
#9642 = CARTESIAN_POINT('',(-0.45,-1.15,0.));
#9643 = DIRECTION('',(5.665538897648E-16,1.,0.));
#9644 = DIRECTION('',(1.,-5.665538897648E-16,0.));
#9645 = ADVANCED_FACE('',(#9646),#9664,.F.);
#9646 = FACE_BOUND('',#9647,.F.);
#9647 = EDGE_LOOP('',(#9648,#9656,#9662,#9663));
#9648 = ORIENTED_EDGE('',*,*,#9649,.F.);
#9649 = EDGE_CURVE('',#9650,#9595,#9652,.T.);
#9650 = VERTEX_POINT('',#9651);
#9651 = CARTESIAN_POINT('',(-0.2,-0.65,0.));
#9652 = LINE('',#9653,#9654);
#9653 = CARTESIAN_POINT('',(-0.2,-0.65,0.));
#9654 = VECTOR('',#9655,1.);
#9655 = DIRECTION('',(-1.,5.665538897648E-16,0.));
#9656 = ORIENTED_EDGE('',*,*,#9657,.T.);
#9657 = EDGE_CURVE('',#9650,#9079,#9658,.T.);
#9658 = LINE('',#9659,#9660);
#9659 = CARTESIAN_POINT('',(-0.2,-0.65,0.));
#9660 = VECTOR('',#9661,1.);
#9661 = DIRECTION('',(0.,0.,1.));
#9662 = ORIENTED_EDGE('',*,*,#9078,.F.);
#9663 = ORIENTED_EDGE('',*,*,#9604,.F.);
#9664 = PLANE('',#9665);
#9665 = AXIS2_PLACEMENT_3D('',#9666,#9667,#9668);
#9666 = CARTESIAN_POINT('',(-0.2,-0.65,0.));
#9667 = DIRECTION('',(-5.665538897648E-16,-1.,0.));
#9668 = DIRECTION('',(-1.,5.665538897648E-16,0.));
#9669 = ADVANCED_FACE('',(#9670),#9681,.F.);
#9670 = FACE_BOUND('',#9671,.F.);
#9671 = EDGE_LOOP('',(#9672,#9678,#9679,#9680));
#9672 = ORIENTED_EDGE('',*,*,#9673,.F.);
#9673 = EDGE_CURVE('',#9626,#9650,#9674,.T.);
#9674 = LINE('',#9675,#9676);
#9675 = CARTESIAN_POINT('',(-0.2,-1.15,0.));
#9676 = VECTOR('',#9677,1.);
#9677 = DIRECTION('',(5.665538897648E-16,1.,0.));
#9678 = ORIENTED_EDGE('',*,*,#9635,.T.);
#9679 = ORIENTED_EDGE('',*,*,#9086,.F.);
#9680 = ORIENTED_EDGE('',*,*,#9657,.F.);
#9681 = PLANE('',#9682);
#9682 = AXIS2_PLACEMENT_3D('',#9683,#9684,#9685);
#9683 = CARTESIAN_POINT('',(-0.2,-1.15,0.));
#9684 = DIRECTION('',(-1.,5.665538897648E-16,0.));
#9685 = DIRECTION('',(5.665538897648E-16,1.,0.));
#9686 = ADVANCED_FACE('',(#9687),#9712,.F.);
#9687 = FACE_BOUND('',#9688,.F.);
#9688 = EDGE_LOOP('',(#9689,#9699,#9705,#9706));
#9689 = ORIENTED_EDGE('',*,*,#9690,.F.);
#9690 = EDGE_CURVE('',#9691,#9693,#9695,.T.);
#9691 = VERTEX_POINT('',#9692);
#9692 = CARTESIAN_POINT('',(0.45,-1.15,0.));
#9693 = VERTEX_POINT('',#9694);
#9694 = CARTESIAN_POINT('',(0.45,-0.65,0.));
#9695 = LINE('',#9696,#9697);
#9696 = CARTESIAN_POINT('',(0.45,-1.15,0.));
#9697 = VECTOR('',#9698,1.);
#9698 = DIRECTION('',(5.665538897648E-16,1.,0.));
#9699 = ORIENTED_EDGE('',*,*,#9700,.T.);
#9700 = EDGE_CURVE('',#9691,#9105,#9701,.T.);
#9701 = LINE('',#9702,#9703);
#9702 = CARTESIAN_POINT('',(0.45,-1.15,0.));
#9703 = VECTOR('',#9704,1.);
#9704 = DIRECTION('',(0.,0.,1.));
#9705 = ORIENTED_EDGE('',*,*,#9102,.F.);
#9706 = ORIENTED_EDGE('',*,*,#9707,.F.);
#9707 = EDGE_CURVE('',#9693,#9103,#9708,.T.);
#9708 = LINE('',#9709,#9710);
#9709 = CARTESIAN_POINT('',(0.45,-0.65,0.));
#9710 = VECTOR('',#9711,1.);
#9711 = DIRECTION('',(0.,0.,1.));
#9712 = PLANE('',#9713);
#9713 = AXIS2_PLACEMENT_3D('',#9714,#9715,#9716);
#9714 = CARTESIAN_POINT('',(0.45,-1.15,0.));
#9715 = DIRECTION('',(-1.,5.665538897648E-16,0.));
#9716 = DIRECTION('',(5.665538897648E-16,1.,0.));
#9717 = ADVANCED_FACE('',(#9718),#9736,.F.);
#9718 = FACE_BOUND('',#9719,.F.);
#9719 = EDGE_LOOP('',(#9720,#9728,#9729,#9730));
#9720 = ORIENTED_EDGE('',*,*,#9721,.F.);
#9721 = EDGE_CURVE('',#9693,#9722,#9724,.T.);
#9722 = VERTEX_POINT('',#9723);
#9723 = CARTESIAN_POINT('',(0.2,-0.65,0.));
#9724 = LINE('',#9725,#9726);
#9725 = CARTESIAN_POINT('',(0.45,-0.65,0.));
#9726 = VECTOR('',#9727,1.);
#9727 = DIRECTION('',(-1.,5.665538897648E-16,0.));
#9728 = ORIENTED_EDGE('',*,*,#9707,.T.);
#9729 = ORIENTED_EDGE('',*,*,#9128,.F.);
#9730 = ORIENTED_EDGE('',*,*,#9731,.F.);
#9731 = EDGE_CURVE('',#9722,#9121,#9732,.T.);
#9732 = LINE('',#9733,#9734);
#9733 = CARTESIAN_POINT('',(0.2,-0.65,0.));
#9734 = VECTOR('',#9735,1.);
#9735 = DIRECTION('',(0.,0.,1.));
#9736 = PLANE('',#9737);
#9737 = AXIS2_PLACEMENT_3D('',#9738,#9739,#9740);
#9738 = CARTESIAN_POINT('',(0.45,-0.65,0.));
#9739 = DIRECTION('',(-5.665538897648E-16,-1.,0.));
#9740 = DIRECTION('',(-1.,5.665538897648E-16,0.));
#9741 = ADVANCED_FACE('',(#9742),#9760,.F.);
#9742 = FACE_BOUND('',#9743,.F.);
#9743 = EDGE_LOOP('',(#9744,#9752,#9758,#9759));
#9744 = ORIENTED_EDGE('',*,*,#9745,.F.);
#9745 = EDGE_CURVE('',#9746,#9691,#9748,.T.);
#9746 = VERTEX_POINT('',#9747);
#9747 = CARTESIAN_POINT('',(0.2,-1.15,0.));
#9748 = LINE('',#9749,#9750);
#9749 = CARTESIAN_POINT('',(0.2,-1.15,0.));
#9750 = VECTOR('',#9751,1.);
#9751 = DIRECTION('',(1.,-5.665538897648E-16,0.));
#9752 = ORIENTED_EDGE('',*,*,#9753,.T.);
#9753 = EDGE_CURVE('',#9746,#9113,#9754,.T.);
#9754 = LINE('',#9755,#9756);
#9755 = CARTESIAN_POINT('',(0.2,-1.15,0.));
#9756 = VECTOR('',#9757,1.);
#9757 = DIRECTION('',(0.,0.,1.));
#9758 = ORIENTED_EDGE('',*,*,#9112,.F.);
#9759 = ORIENTED_EDGE('',*,*,#9700,.F.);
#9760 = PLANE('',#9761);
#9761 = AXIS2_PLACEMENT_3D('',#9762,#9763,#9764);
#9762 = CARTESIAN_POINT('',(0.2,-1.15,0.));
#9763 = DIRECTION('',(5.665538897648E-16,1.,0.));
#9764 = DIRECTION('',(1.,-5.665538897648E-16,0.));
#9765 = ADVANCED_FACE('',(#9766),#9777,.F.);
#9766 = FACE_BOUND('',#9767,.F.);
#9767 = EDGE_LOOP('',(#9768,#9774,#9775,#9776));
#9768 = ORIENTED_EDGE('',*,*,#9769,.F.);
#9769 = EDGE_CURVE('',#9722,#9746,#9770,.T.);
#9770 = LINE('',#9771,#9772);
#9771 = CARTESIAN_POINT('',(0.2,-0.65,0.));
#9772 = VECTOR('',#9773,1.);
#9773 = DIRECTION('',(-5.665538897648E-16,-1.,0.));
#9774 = ORIENTED_EDGE('',*,*,#9731,.T.);
#9775 = ORIENTED_EDGE('',*,*,#9120,.F.);
#9776 = ORIENTED_EDGE('',*,*,#9753,.F.);
#9777 = PLANE('',#9778);
#9778 = AXIS2_PLACEMENT_3D('',#9779,#9780,#9781);
#9779 = CARTESIAN_POINT('',(0.2,-0.65,0.));
#9780 = DIRECTION('',(1.,-5.665538897648E-16,0.));
#9781 = DIRECTION('',(-5.665538897648E-16,-1.,0.));
#9782 = ADVANCED_FACE('',(#9783),#9808,.F.);
#9783 = FACE_BOUND('',#9784,.F.);
#9784 = EDGE_LOOP('',(#9785,#9795,#9801,#9802));
#9785 = ORIENTED_EDGE('',*,*,#9786,.F.);
#9786 = EDGE_CURVE('',#9787,#9789,#9791,.T.);
#9787 = VERTEX_POINT('',#9788);
#9788 = CARTESIAN_POINT('',(0.85,-1.15,0.));
#9789 = VERTEX_POINT('',#9790);
#9790 = CARTESIAN_POINT('',(1.1,-1.15,0.));
#9791 = LINE('',#9792,#9793);
#9792 = CARTESIAN_POINT('',(0.85,-1.15,0.));
#9793 = VECTOR('',#9794,1.);
#9794 = DIRECTION('',(1.,-5.665538897648E-16,0.));
#9795 = ORIENTED_EDGE('',*,*,#9796,.T.);
#9796 = EDGE_CURVE('',#9787,#9139,#9797,.T.);
#9797 = LINE('',#9798,#9799);
#9798 = CARTESIAN_POINT('',(0.85,-1.15,0.));
#9799 = VECTOR('',#9800,1.);
#9800 = DIRECTION('',(0.,0.,1.));
#9801 = ORIENTED_EDGE('',*,*,#9136,.F.);
#9802 = ORIENTED_EDGE('',*,*,#9803,.F.);
#9803 = EDGE_CURVE('',#9789,#9137,#9804,.T.);
#9804 = LINE('',#9805,#9806);
#9805 = CARTESIAN_POINT('',(1.1,-1.15,0.));
#9806 = VECTOR('',#9807,1.);
#9807 = DIRECTION('',(0.,0.,1.));
#9808 = PLANE('',#9809);
#9809 = AXIS2_PLACEMENT_3D('',#9810,#9811,#9812);
#9810 = CARTESIAN_POINT('',(0.85,-1.15,0.));
#9811 = DIRECTION('',(5.665538897648E-16,1.,0.));
#9812 = DIRECTION('',(1.,-5.665538897648E-16,0.));
#9813 = ADVANCED_FACE('',(#9814),#9832,.F.);
#9814 = FACE_BOUND('',#9815,.F.);
#9815 = EDGE_LOOP('',(#9816,#9824,#9825,#9826));
#9816 = ORIENTED_EDGE('',*,*,#9817,.F.);
#9817 = EDGE_CURVE('',#9789,#9818,#9820,.T.);
#9818 = VERTEX_POINT('',#9819);
#9819 = CARTESIAN_POINT('',(1.1,-0.65,0.));
#9820 = LINE('',#9821,#9822);
#9821 = CARTESIAN_POINT('',(1.1,-1.15,0.));
#9822 = VECTOR('',#9823,1.);
#9823 = DIRECTION('',(5.665538897648E-16,1.,0.));
#9824 = ORIENTED_EDGE('',*,*,#9803,.T.);
#9825 = ORIENTED_EDGE('',*,*,#9162,.F.);
#9826 = ORIENTED_EDGE('',*,*,#9827,.F.);
#9827 = EDGE_CURVE('',#9818,#9155,#9828,.T.);
#9828 = LINE('',#9829,#9830);
#9829 = CARTESIAN_POINT('',(1.1,-0.65,0.));
#9830 = VECTOR('',#9831,1.);
#9831 = DIRECTION('',(0.,0.,1.));
#9832 = PLANE('',#9833);
#9833 = AXIS2_PLACEMENT_3D('',#9834,#9835,#9836);
#9834 = CARTESIAN_POINT('',(1.1,-1.15,0.));
#9835 = DIRECTION('',(-1.,5.665538897648E-16,0.));
#9836 = DIRECTION('',(5.665538897648E-16,1.,0.));
#9837 = ADVANCED_FACE('',(#9838),#9856,.F.);
#9838 = FACE_BOUND('',#9839,.F.);
#9839 = EDGE_LOOP('',(#9840,#9848,#9854,#9855));
#9840 = ORIENTED_EDGE('',*,*,#9841,.F.);
#9841 = EDGE_CURVE('',#9842,#9787,#9844,.T.);
#9842 = VERTEX_POINT('',#9843);
#9843 = CARTESIAN_POINT('',(0.85,-0.65,0.));
#9844 = LINE('',#9845,#9846);
#9845 = CARTESIAN_POINT('',(0.85,-0.65,0.));
#9846 = VECTOR('',#9847,1.);
#9847 = DIRECTION('',(-5.665538897648E-16,-1.,0.));
#9848 = ORIENTED_EDGE('',*,*,#9849,.T.);
#9849 = EDGE_CURVE('',#9842,#9147,#9850,.T.);
#9850 = LINE('',#9851,#9852);
#9851 = CARTESIAN_POINT('',(0.85,-0.65,0.));
#9852 = VECTOR('',#9853,1.);
#9853 = DIRECTION('',(0.,0.,1.));
#9854 = ORIENTED_EDGE('',*,*,#9146,.F.);
#9855 = ORIENTED_EDGE('',*,*,#9796,.F.);
#9856 = PLANE('',#9857);
#9857 = AXIS2_PLACEMENT_3D('',#9858,#9859,#9860);
#9858 = CARTESIAN_POINT('',(0.85,-0.65,0.));
#9859 = DIRECTION('',(1.,-5.665538897648E-16,0.));
#9860 = DIRECTION('',(-5.665538897648E-16,-1.,0.));
#9861 = ADVANCED_FACE('',(#9862),#9873,.F.);
#9862 = FACE_BOUND('',#9863,.F.);
#9863 = EDGE_LOOP('',(#9864,#9870,#9871,#9872));
#9864 = ORIENTED_EDGE('',*,*,#9865,.F.);
#9865 = EDGE_CURVE('',#9818,#9842,#9866,.T.);
#9866 = LINE('',#9867,#9868);
#9867 = CARTESIAN_POINT('',(1.1,-0.65,0.));
#9868 = VECTOR('',#9869,1.);
#9869 = DIRECTION('',(-1.,5.665538897648E-16,0.));
#9870 = ORIENTED_EDGE('',*,*,#9827,.T.);
#9871 = ORIENTED_EDGE('',*,*,#9154,.F.);
#9872 = ORIENTED_EDGE('',*,*,#9849,.F.);
#9873 = PLANE('',#9874);
#9874 = AXIS2_PLACEMENT_3D('',#9875,#9876,#9877);
#9875 = CARTESIAN_POINT('',(1.1,-0.65,0.));
#9876 = DIRECTION('',(-5.665538897648E-16,-1.,0.));
#9877 = DIRECTION('',(-1.,5.665538897648E-16,0.));
#9878 = ADVANCED_FACE('',(#9879),#9904,.F.);
#9879 = FACE_BOUND('',#9880,.F.);
#9880 = EDGE_LOOP('',(#9881,#9891,#9897,#9898));
#9881 = ORIENTED_EDGE('',*,*,#9882,.F.);
#9882 = EDGE_CURVE('',#9883,#9885,#9887,.T.);
#9883 = VERTEX_POINT('',#9884);
#9884 = CARTESIAN_POINT('',(-0.85,-1.15,0.));
#9885 = VERTEX_POINT('',#9886);
#9886 = CARTESIAN_POINT('',(-0.85,-0.65,0.));
#9887 = LINE('',#9888,#9889);
#9888 = CARTESIAN_POINT('',(-0.85,-1.15,0.));
#9889 = VECTOR('',#9890,1.);
#9890 = DIRECTION('',(5.665538897648E-16,1.,0.));
#9891 = ORIENTED_EDGE('',*,*,#9892,.T.);
#9892 = EDGE_CURVE('',#9883,#9173,#9893,.T.);
#9893 = LINE('',#9894,#9895);
#9894 = CARTESIAN_POINT('',(-0.85,-1.15,0.));
#9895 = VECTOR('',#9896,1.);
#9896 = DIRECTION('',(0.,0.,1.));
#9897 = ORIENTED_EDGE('',*,*,#9170,.F.);
#9898 = ORIENTED_EDGE('',*,*,#9899,.F.);
#9899 = EDGE_CURVE('',#9885,#9171,#9900,.T.);
#9900 = LINE('',#9901,#9902);
#9901 = CARTESIAN_POINT('',(-0.85,-0.65,0.));
#9902 = VECTOR('',#9903,1.);
#9903 = DIRECTION('',(0.,0.,1.));
#9904 = PLANE('',#9905);
#9905 = AXIS2_PLACEMENT_3D('',#9906,#9907,#9908);
#9906 = CARTESIAN_POINT('',(-0.85,-1.15,0.));
#9907 = DIRECTION('',(-1.,5.665538897648E-16,0.));
#9908 = DIRECTION('',(5.665538897648E-16,1.,0.));
#9909 = ADVANCED_FACE('',(#9910),#9928,.F.);
#9910 = FACE_BOUND('',#9911,.F.);
#9911 = EDGE_LOOP('',(#9912,#9920,#9921,#9922));
#9912 = ORIENTED_EDGE('',*,*,#9913,.F.);
#9913 = EDGE_CURVE('',#9885,#9914,#9916,.T.);
#9914 = VERTEX_POINT('',#9915);
#9915 = CARTESIAN_POINT('',(-1.1,-0.65,0.));
#9916 = LINE('',#9917,#9918);
#9917 = CARTESIAN_POINT('',(-0.85,-0.65,0.));
#9918 = VECTOR('',#9919,1.);
#9919 = DIRECTION('',(-1.,5.665538897648E-16,0.));
#9920 = ORIENTED_EDGE('',*,*,#9899,.T.);
#9921 = ORIENTED_EDGE('',*,*,#9196,.F.);
#9922 = ORIENTED_EDGE('',*,*,#9923,.F.);
#9923 = EDGE_CURVE('',#9914,#9189,#9924,.T.);
#9924 = LINE('',#9925,#9926);
#9925 = CARTESIAN_POINT('',(-1.1,-0.65,0.));
#9926 = VECTOR('',#9927,1.);
#9927 = DIRECTION('',(0.,0.,1.));
#9928 = PLANE('',#9929);
#9929 = AXIS2_PLACEMENT_3D('',#9930,#9931,#9932);
#9930 = CARTESIAN_POINT('',(-0.85,-0.65,0.));
#9931 = DIRECTION('',(-5.665538897648E-16,-1.,0.));
#9932 = DIRECTION('',(-1.,5.665538897648E-16,0.));
#9933 = ADVANCED_FACE('',(#9934),#9952,.F.);
#9934 = FACE_BOUND('',#9935,.F.);
#9935 = EDGE_LOOP('',(#9936,#9944,#9950,#9951));
#9936 = ORIENTED_EDGE('',*,*,#9937,.F.);
#9937 = EDGE_CURVE('',#9938,#9883,#9940,.T.);
#9938 = VERTEX_POINT('',#9939);
#9939 = CARTESIAN_POINT('',(-1.1,-1.15,0.));
#9940 = LINE('',#9941,#9942);
#9941 = CARTESIAN_POINT('',(-1.1,-1.15,0.));
#9942 = VECTOR('',#9943,1.);
#9943 = DIRECTION('',(1.,-5.665538897648E-16,0.));
#9944 = ORIENTED_EDGE('',*,*,#9945,.T.);
#9945 = EDGE_CURVE('',#9938,#9181,#9946,.T.);
#9946 = LINE('',#9947,#9948);
#9947 = CARTESIAN_POINT('',(-1.1,-1.15,0.));
#9948 = VECTOR('',#9949,1.);
#9949 = DIRECTION('',(0.,0.,1.));
#9950 = ORIENTED_EDGE('',*,*,#9180,.F.);
#9951 = ORIENTED_EDGE('',*,*,#9892,.F.);
#9952 = PLANE('',#9953);
#9953 = AXIS2_PLACEMENT_3D('',#9954,#9955,#9956);
#9954 = CARTESIAN_POINT('',(-1.1,-1.15,0.));
#9955 = DIRECTION('',(5.665538897648E-16,1.,0.));
#9956 = DIRECTION('',(1.,-5.665538897648E-16,0.));
#9957 = ADVANCED_FACE('',(#9958),#9969,.F.);
#9958 = FACE_BOUND('',#9959,.F.);
#9959 = EDGE_LOOP('',(#9960,#9966,#9967,#9968));
#9960 = ORIENTED_EDGE('',*,*,#9961,.F.);
#9961 = EDGE_CURVE('',#9914,#9938,#9962,.T.);
#9962 = LINE('',#9963,#9964);
#9963 = CARTESIAN_POINT('',(-1.1,-0.65,0.));
#9964 = VECTOR('',#9965,1.);
#9965 = DIRECTION('',(-5.665538897648E-16,-1.,0.));
#9966 = ORIENTED_EDGE('',*,*,#9923,.T.);
#9967 = ORIENTED_EDGE('',*,*,#9188,.F.);
#9968 = ORIENTED_EDGE('',*,*,#9945,.F.);
#9969 = PLANE('',#9970);
#9970 = AXIS2_PLACEMENT_3D('',#9971,#9972,#9973);
#9971 = CARTESIAN_POINT('',(-1.1,-0.65,0.));
#9972 = DIRECTION('',(1.,-5.665538897648E-16,0.));
#9973 = DIRECTION('',(-5.665538897648E-16,-1.,0.));
#9974 = ADVANCED_FACE('',(#9975,#9981),#9992,.T.);
#9975 = FACE_BOUND('',#9976,.T.);
#9976 = EDGE_LOOP('',(#9977,#9978,#9979,#9980));
#9977 = ORIENTED_EDGE('',*,*,#9227,.F.);
#9978 = ORIENTED_EDGE('',*,*,#9267,.T.);
#9979 = ORIENTED_EDGE('',*,*,#9292,.T.);
#9980 = ORIENTED_EDGE('',*,*,#9243,.F.);
#9981 = FACE_BOUND('',#9982,.T.);
#9982 = EDGE_LOOP('',(#9983));
#9983 = ORIENTED_EDGE('',*,*,#9984,.T.);
#9984 = EDGE_CURVE('',#9985,#9985,#9987,.T.);
#9985 = VERTEX_POINT('',#9986);
#9986 = CARTESIAN_POINT('',(-0.75,0.65,0.78));
#9987 = CIRCLE('',#9988,0.1);
#9988 = AXIS2_PLACEMENT_3D('',#9989,#9990,#9991);
#9989 = CARTESIAN_POINT('',(-0.75,0.75,0.78));
#9990 = DIRECTION('',(-0.,0.,-1.));
#9991 = DIRECTION('',(-2.22044604925E-16,-1.,0.));
#9992 = PLANE('',#9993);
#9993 = AXIS2_PLACEMENT_3D('',#9994,#9995,#9996);
#9994 = CARTESIAN_POINT('',(-1.25,1.25,0.78));
#9995 = DIRECTION('',(0.,0.,1.));
#9996 = DIRECTION('',(-2.22044604925E-16,-1.,0.));
#9997 = ADVANCED_FACE('',(#9998),#10004,.F.);
#9998 = FACE_BOUND('',#9999,.F.);
#9999 = EDGE_LOOP('',(#10000,#10001,#10002,#10003));
#10000 = ORIENTED_EDGE('',*,*,#9361,.T.);
#10001 = ORIENTED_EDGE('',*,*,#9306,.T.);
#10002 = ORIENTED_EDGE('',*,*,#9337,.T.);
#10003 = ORIENTED_EDGE('',*,*,#9385,.T.);
#10004 = PLANE('',#10005);
#10005 = AXIS2_PLACEMENT_3D('',#10006,#10007,#10008);
#10006 = CARTESIAN_POINT('',(0.975,0.9,0.));
#10007 = DIRECTION('',(0.,0.,1.));
#10008 = DIRECTION('',(-1.,4.555315873023E-16,0.));
#10009 = ADVANCED_FACE('',(#10010),#10016,.F.);
#10010 = FACE_BOUND('',#10011,.F.);
#10011 = EDGE_LOOP('',(#10012,#10013,#10014,#10015));
#10012 = ORIENTED_EDGE('',*,*,#9402,.T.);
#10013 = ORIENTED_EDGE('',*,*,#9433,.T.);
#10014 = ORIENTED_EDGE('',*,*,#9481,.T.);
#10015 = ORIENTED_EDGE('',*,*,#9457,.T.);
#10016 = PLANE('',#10017);
#10017 = AXIS2_PLACEMENT_3D('',#10018,#10019,#10020);
#10018 = CARTESIAN_POINT('',(0.325,0.9,0.));
#10019 = DIRECTION('',(0.,0.,1.));
#10020 = DIRECTION('',(-1.,4.555315873023E-16,0.));
#10021 = ADVANCED_FACE('',(#10022),#10028,.F.);
#10022 = FACE_BOUND('',#10023,.F.);
#10023 = EDGE_LOOP('',(#10024,#10025,#10026,#10027));
#10024 = ORIENTED_EDGE('',*,*,#9529,.T.);
#10025 = ORIENTED_EDGE('',*,*,#9577,.T.);
#10026 = ORIENTED_EDGE('',*,*,#9553,.T.);
#10027 = ORIENTED_EDGE('',*,*,#9498,.T.);
#10028 = PLANE('',#10029);
#10029 = AXIS2_PLACEMENT_3D('',#10030,#10031,#10032);
#10030 = CARTESIAN_POINT('',(-0.325,0.9,0.));
#10031 = DIRECTION('',(0.,0.,1.));
#10032 = DIRECTION('',(-1.,4.555315873023E-16,0.));
#10033 = ADVANCED_FACE('',(#10034),#10040,.F.);
#10034 = FACE_BOUND('',#10035,.F.);
#10035 = EDGE_LOOP('',(#10036,#10037,#10038,#10039));
#10036 = ORIENTED_EDGE('',*,*,#9673,.T.);
#10037 = ORIENTED_EDGE('',*,*,#9649,.T.);
#10038 = ORIENTED_EDGE('',*,*,#9594,.T.);
#10039 = ORIENTED_EDGE('',*,*,#9625,.T.);
#10040 = PLANE('',#10041);
#10041 = AXIS2_PLACEMENT_3D('',#10042,#10043,#10044);
#10042 = CARTESIAN_POINT('',(-0.325,-0.9,0.));
#10043 = DIRECTION('',(0.,0.,1.));
#10044 = DIRECTION('',(1.,-5.665538897648E-16,0.));
#10045 = ADVANCED_FACE('',(#10046),#10052,.F.);
#10046 = FACE_BOUND('',#10047,.F.);
#10047 = EDGE_LOOP('',(#10048,#10049,#10050,#10051));
#10048 = ORIENTED_EDGE('',*,*,#9690,.T.);
#10049 = ORIENTED_EDGE('',*,*,#9721,.T.);
#10050 = ORIENTED_EDGE('',*,*,#9769,.T.);
#10051 = ORIENTED_EDGE('',*,*,#9745,.T.);
#10052 = PLANE('',#10053);
#10053 = AXIS2_PLACEMENT_3D('',#10054,#10055,#10056);
#10054 = CARTESIAN_POINT('',(0.325,-0.9,0.));
#10055 = DIRECTION('',(0.,0.,1.));
#10056 = DIRECTION('',(1.,-5.665538897648E-16,0.));
#10057 = ADVANCED_FACE('',(#10058),#10064,.F.);
#10058 = FACE_BOUND('',#10059,.F.);
#10059 = EDGE_LOOP('',(#10060,#10061,#10062,#10063));
#10060 = ORIENTED_EDGE('',*,*,#9817,.T.);
#10061 = ORIENTED_EDGE('',*,*,#9865,.T.);
#10062 = ORIENTED_EDGE('',*,*,#9841,.T.);
#10063 = ORIENTED_EDGE('',*,*,#9786,.T.);
#10064 = PLANE('',#10065);
#10065 = AXIS2_PLACEMENT_3D('',#10066,#10067,#10068);
#10066 = CARTESIAN_POINT('',(0.975,-0.9,0.));
#10067 = DIRECTION('',(0.,0.,1.));
#10068 = DIRECTION('',(1.,-5.665538897648E-16,0.));
#10069 = ADVANCED_FACE('',(#10070),#10076,.F.);
#10070 = FACE_BOUND('',#10071,.F.);
#10071 = EDGE_LOOP('',(#10072,#10073,#10074,#10075));
#10072 = ORIENTED_EDGE('',*,*,#9882,.T.);
#10073 = ORIENTED_EDGE('',*,*,#9913,.T.);
#10074 = ORIENTED_EDGE('',*,*,#9961,.T.);
#10075 = ORIENTED_EDGE('',*,*,#9937,.T.);
#10076 = PLANE('',#10077);
#10077 = AXIS2_PLACEMENT_3D('',#10078,#10079,#10080);
#10078 = CARTESIAN_POINT('',(-0.975,-0.9,0.));
#10079 = DIRECTION('',(0.,0.,1.));
#10080 = DIRECTION('',(1.,-5.665538897648E-16,0.));
#10081 = ADVANCED_FACE('',(#10082),#10101,.F.);
#10082 = FACE_BOUND('',#10083,.F.);
#10083 = EDGE_LOOP('',(#10084,#10092,#10099,#10100));
#10084 = ORIENTED_EDGE('',*,*,#10085,.T.);
#10085 = EDGE_CURVE('',#9985,#10086,#10088,.T.);
#10086 = VERTEX_POINT('',#10087);
#10087 = CARTESIAN_POINT('',(-0.75,0.65,0.76));
#10088 = LINE('',#10089,#10090);
#10089 = CARTESIAN_POINT('',(-0.75,0.65,0.8));
#10090 = VECTOR('',#10091,1.);
#10091 = DIRECTION('',(-0.,0.,-1.));
#10092 = ORIENTED_EDGE('',*,*,#10093,.T.);
#10093 = EDGE_CURVE('',#10086,#10086,#10094,.T.);
#10094 = CIRCLE('',#10095,0.1);
#10095 = AXIS2_PLACEMENT_3D('',#10096,#10097,#10098);
#10096 = CARTESIAN_POINT('',(-0.75,0.75,0.76));
#10097 = DIRECTION('',(0.,0.,1.));
#10098 = DIRECTION('',(-2.22044604925E-16,-1.,0.));
#10099 = ORIENTED_EDGE('',*,*,#10085,.F.);
#10100 = ORIENTED_EDGE('',*,*,#9984,.T.);
#10101 = CYLINDRICAL_SURFACE('',#10102,0.1);
#10102 = AXIS2_PLACEMENT_3D('',#10103,#10104,#10105);
#10103 = CARTESIAN_POINT('',(-0.75,0.75,0.8));
#10104 = DIRECTION('',(0.,0.,-1.));
#10105 = DIRECTION('',(-2.22044604925E-16,-1.,-0.));
#10106 = ADVANCED_FACE('',(#10107),#10110,.T.);
#10107 = FACE_BOUND('',#10108,.T.);
#10108 = EDGE_LOOP('',(#10109));
#10109 = ORIENTED_EDGE('',*,*,#10093,.T.);
#10110 = PLANE('',#10111);
#10111 = AXIS2_PLACEMENT_3D('',#10112,#10113,#10114);
#10112 = CARTESIAN_POINT('',(-0.75,0.75,0.76));
#10113 = DIRECTION('',(0.,0.,1.));
#10114 = DIRECTION('',(-2.22044604925E-16,-1.,0.));
#10115 = ( GEOMETRIC_REPRESENTATION_CONTEXT(3) 
GLOBAL_UNCERTAINTY_ASSIGNED_CONTEXT((#10119)) 
GLOBAL_UNIT_ASSIGNED_CONTEXT((#10116,#10117,#10118)) 
REPRESENTATION_CONTEXT('Context #1',
  '3D Context with UNIT and UNCERTAINTY') );
#10116 = ( LENGTH_UNIT() NAMED_UNIT(*) SI_UNIT(.MILLI.,.METRE.) );
#10117 = ( NAMED_UNIT(*) PLANE_ANGLE_UNIT() SI_UNIT($,.RADIAN.) );
#10118 = ( NAMED_UNIT(*) SI_UNIT($,.STERADIAN.) SOLID_ANGLE_UNIT() );
#10119 = UNCERTAINTY_MEASURE_WITH_UNIT(LENGTH_MEASURE(1.E-07),#10116,
  'distance_accuracy_value','confusion accuracy');
#10120 = CONTEXT_DEPENDENT_SHAPE_REPRESENTATION(#10121,#10123);
#10121 = ( REPRESENTATION_RELATIONSHIP('','',#8783,#10) 
REPRESENTATION_RELATIONSHIP_WITH_TRANSFORMATION(#10122) 
SHAPE_REPRESENTATION_RELATIONSHIP() );
#10122 = ITEM_DEFINED_TRANSFORMATION('','',#11,#27);
#10123 = PRODUCT_DEFINITION_SHAPE('Placement','Placement of an item',
  #10124);
#10124 = NEXT_ASSEMBLY_USAGE_OCCURRENCE('6','U1','',#5,#8778,$);
#10125 = PRODUCT_RELATED_PRODUCT_CATEGORY('part',$,(#8780));
#10126 = SHAPE_DEFINITION_REPRESENTATION(#10127,#10133);
#10127 = PRODUCT_DEFINITION_SHAPE('','',#10128);
#10128 = PRODUCT_DEFINITION('design','',#10129,#10132);
#10129 = PRODUCT_DEFINITION_FORMATION('','',#10130);
#10130 = PRODUCT('PinHeader_1x04_P2.54mm_Vertical',
  'PinHeader_1x04_P2.54mm_Vertical','',(#10131));
#10131 = PRODUCT_CONTEXT('',#2,'mechanical');
#10132 = PRODUCT_DEFINITION_CONTEXT('part definition',#2,'design');
#10133 = ADVANCED_BREP_SHAPE_REPRESENTATION('',(#11,#10134),#12914);
#10134 = MANIFOLD_SOLID_BREP('',#10135);
#10135 = CLOSED_SHELL('',(#10136,#10176,#10207,#10238,#10567,#10896,
    #10913,#10930,#10947,#10964,#10981,#10998,#11015,#11032,#11049,
    #11066,#11083,#11100,#11117,#11134,#11151,#11168,#11185,#11202,
    #11219,#11236,#11253,#11270,#11282,#11313,#11337,#11361,#11378,
    #11409,#11433,#11457,#11474,#11505,#11529,#11553,#11570,#11601,
    #11625,#11649,#11666,#11697,#11721,#11745,#11762,#11793,#11817,
    #11841,#11858,#11889,#11913,#11937,#11954,#11985,#12009,#12033,
    #12050,#12081,#12105,#12129,#12146,#12177,#12201,#12225,#12242,
    #12273,#12297,#12321,#12338,#12369,#12393,#12417,#12434,#12465,
    #12489,#12513,#12530,#12561,#12585,#12609,#12626,#12657,#12681,
    #12705,#12722,#12753,#12777,#12801,#12818,#12830,#12842,#12854,
    #12866,#12878,#12890,#12902));
#10136 = ADVANCED_FACE('',(#10137),#10171,.F.);
#10137 = FACE_BOUND('',#10138,.F.);
#10138 = EDGE_LOOP('',(#10139,#10149,#10157,#10165));
#10139 = ORIENTED_EDGE('',*,*,#10140,.T.);
#10140 = EDGE_CURVE('',#10141,#10143,#10145,.T.);
#10141 = VERTEX_POINT('',#10142);
#10142 = CARTESIAN_POINT('',(-1.016,1.27,0.));
#10143 = VERTEX_POINT('',#10144);
#10144 = CARTESIAN_POINT('',(-1.016,1.27,2.54));
#10145 = LINE('',#10146,#10147);
#10146 = CARTESIAN_POINT('',(-1.016,1.27,0.));
#10147 = VECTOR('',#10148,1.);
#10148 = DIRECTION('',(0.,0.,1.));
#10149 = ORIENTED_EDGE('',*,*,#10150,.T.);
#10150 = EDGE_CURVE('',#10143,#10151,#10153,.T.);
#10151 = VERTEX_POINT('',#10152);
#10152 = CARTESIAN_POINT('',(-1.27,1.016,2.54));
#10153 = LINE('',#10154,#10155);
#10154 = CARTESIAN_POINT('',(-1.016,1.27,2.54));
#10155 = VECTOR('',#10156,1.);
#10156 = DIRECTION('',(-0.707106781187,-0.707106781187,0.));
#10157 = ORIENTED_EDGE('',*,*,#10158,.F.);
#10158 = EDGE_CURVE('',#10159,#10151,#10161,.T.);
#10159 = VERTEX_POINT('',#10160);
#10160 = CARTESIAN_POINT('',(-1.27,1.016,0.));
#10161 = LINE('',#10162,#10163);
#10162 = CARTESIAN_POINT('',(-1.27,1.016,0.));
#10163 = VECTOR('',#10164,1.);
#10164 = DIRECTION('',(0.,0.,1.));
#10165 = ORIENTED_EDGE('',*,*,#10166,.F.);
#10166 = EDGE_CURVE('',#10141,#10159,#10167,.T.);
#10167 = LINE('',#10168,#10169);
#10168 = CARTESIAN_POINT('',(-1.016,1.27,0.));
#10169 = VECTOR('',#10170,1.);
#10170 = DIRECTION('',(-0.707106781187,-0.707106781187,0.));
#10171 = PLANE('',#10172);
#10172 = AXIS2_PLACEMENT_3D('',#10173,#10174,#10175);
#10173 = CARTESIAN_POINT('',(-1.016,1.27,0.));
#10174 = DIRECTION('',(0.707106781187,-0.707106781187,0.));
#10175 = DIRECTION('',(-0.707106781187,-0.707106781187,0.));
#10176 = ADVANCED_FACE('',(#10177),#10202,.F.);
#10177 = FACE_BOUND('',#10178,.F.);
#10178 = EDGE_LOOP('',(#10179,#10189,#10195,#10196));
#10179 = ORIENTED_EDGE('',*,*,#10180,.T.);
#10180 = EDGE_CURVE('',#10181,#10183,#10185,.T.);
#10181 = VERTEX_POINT('',#10182);
#10182 = CARTESIAN_POINT('',(1.016,1.27,0.));
#10183 = VERTEX_POINT('',#10184);
#10184 = CARTESIAN_POINT('',(1.016,1.27,2.54));
#10185 = LINE('',#10186,#10187);
#10186 = CARTESIAN_POINT('',(1.016,1.27,0.));
#10187 = VECTOR('',#10188,1.);
#10188 = DIRECTION('',(0.,0.,1.));
#10189 = ORIENTED_EDGE('',*,*,#10190,.T.);
#10190 = EDGE_CURVE('',#10183,#10143,#10191,.T.);
#10191 = LINE('',#10192,#10193);
#10192 = CARTESIAN_POINT('',(1.016,1.27,2.54));
#10193 = VECTOR('',#10194,1.);
#10194 = DIRECTION('',(-1.,0.,0.));
#10195 = ORIENTED_EDGE('',*,*,#10140,.F.);
#10196 = ORIENTED_EDGE('',*,*,#10197,.F.);
#10197 = EDGE_CURVE('',#10181,#10141,#10198,.T.);
#10198 = LINE('',#10199,#10200);
#10199 = CARTESIAN_POINT('',(1.016,1.27,0.));
#10200 = VECTOR('',#10201,1.);
#10201 = DIRECTION('',(-1.,0.,0.));
#10202 = PLANE('',#10203);
#10203 = AXIS2_PLACEMENT_3D('',#10204,#10205,#10206);
#10204 = CARTESIAN_POINT('',(1.016,1.27,0.));
#10205 = DIRECTION('',(0.,-1.,0.));
#10206 = DIRECTION('',(-1.,0.,0.));
#10207 = ADVANCED_FACE('',(#10208),#10233,.F.);
#10208 = FACE_BOUND('',#10209,.F.);
#10209 = EDGE_LOOP('',(#10210,#10211,#10219,#10227));
#10210 = ORIENTED_EDGE('',*,*,#10158,.T.);
#10211 = ORIENTED_EDGE('',*,*,#10212,.T.);
#10212 = EDGE_CURVE('',#10151,#10213,#10215,.T.);
#10213 = VERTEX_POINT('',#10214);
#10214 = CARTESIAN_POINT('',(-1.27,-1.016,2.54));
#10215 = LINE('',#10216,#10217);
#10216 = CARTESIAN_POINT('',(-1.27,1.016,2.54));
#10217 = VECTOR('',#10218,1.);
#10218 = DIRECTION('',(0.,-1.,0.));
#10219 = ORIENTED_EDGE('',*,*,#10220,.F.);
#10220 = EDGE_CURVE('',#10221,#10213,#10223,.T.);
#10221 = VERTEX_POINT('',#10222);
#10222 = CARTESIAN_POINT('',(-1.27,-1.016,0.));
#10223 = LINE('',#10224,#10225);
#10224 = CARTESIAN_POINT('',(-1.27,-1.016,0.));
#10225 = VECTOR('',#10226,1.);
#10226 = DIRECTION('',(0.,0.,1.));
#10227 = ORIENTED_EDGE('',*,*,#10228,.F.);
#10228 = EDGE_CURVE('',#10159,#10221,#10229,.T.);
#10229 = LINE('',#10230,#10231);
#10230 = CARTESIAN_POINT('',(-1.27,1.016,0.));
#10231 = VECTOR('',#10232,1.);
#10232 = DIRECTION('',(0.,-1.,0.));
#10233 = PLANE('',#10234);
#10234 = AXIS2_PLACEMENT_3D('',#10235,#10236,#10237);
#10235 = CARTESIAN_POINT('',(-1.27,1.016,0.));
#10236 = DIRECTION('',(1.,0.,0.));
#10237 = DIRECTION('',(0.,-1.,0.));
#10238 = ADVANCED_FACE('',(#10239,#10426,#10460,#10494,#10528),#10562,
  .F.);
#10239 = FACE_BOUND('',#10240,.F.);
#10240 = EDGE_LOOP('',(#10241,#10242,#10243,#10251,#10259,#10267,#10275,
    #10283,#10291,#10299,#10307,#10315,#10323,#10331,#10339,#10347,
    #10355,#10363,#10371,#10379,#10387,#10395,#10403,#10411,#10419,
    #10425));
#10241 = ORIENTED_EDGE('',*,*,#10166,.T.);
#10242 = ORIENTED_EDGE('',*,*,#10228,.T.);
#10243 = ORIENTED_EDGE('',*,*,#10244,.T.);
#10244 = EDGE_CURVE('',#10221,#10245,#10247,.T.);
#10245 = VERTEX_POINT('',#10246);
#10246 = CARTESIAN_POINT('',(-1.016,-1.27,0.));
#10247 = LINE('',#10248,#10249);
#10248 = CARTESIAN_POINT('',(-1.27,-1.016,0.));
#10249 = VECTOR('',#10250,1.);
#10250 = DIRECTION('',(0.707106781187,-0.707106781187,0.));
#10251 = ORIENTED_EDGE('',*,*,#10252,.T.);
#10252 = EDGE_CURVE('',#10245,#10253,#10255,.T.);
#10253 = VERTEX_POINT('',#10254);
#10254 = CARTESIAN_POINT('',(-1.27,-1.524,0.));
#10255 = LINE('',#10256,#10257);
#10256 = CARTESIAN_POINT('',(-1.016,-1.27,0.));
#10257 = VECTOR('',#10258,1.);
#10258 = DIRECTION('',(-0.707106781187,-0.707106781187,0.));
#10259 = ORIENTED_EDGE('',*,*,#10260,.T.);
#10260 = EDGE_CURVE('',#10253,#10261,#10263,.T.);
#10261 = VERTEX_POINT('',#10262);
#10262 = CARTESIAN_POINT('',(-1.27,-3.556,0.));
#10263 = LINE('',#10264,#10265);
#10264 = CARTESIAN_POINT('',(-1.27,-1.524,0.));
#10265 = VECTOR('',#10266,1.);
#10266 = DIRECTION('',(0.,-1.,0.));
#10267 = ORIENTED_EDGE('',*,*,#10268,.T.);
#10268 = EDGE_CURVE('',#10261,#10269,#10271,.T.);
#10269 = VERTEX_POINT('',#10270);
#10270 = CARTESIAN_POINT('',(-1.016,-3.81,0.));
#10271 = LINE('',#10272,#10273);
#10272 = CARTESIAN_POINT('',(-1.27,-3.556,0.));
#10273 = VECTOR('',#10274,1.);
#10274 = DIRECTION('',(0.707106781187,-0.707106781187,0.));
#10275 = ORIENTED_EDGE('',*,*,#10276,.T.);
#10276 = EDGE_CURVE('',#10269,#10277,#10279,.T.);
#10277 = VERTEX_POINT('',#10278);
#10278 = CARTESIAN_POINT('',(-1.27,-4.064,0.));
#10279 = LINE('',#10280,#10281);
#10280 = CARTESIAN_POINT('',(-1.016,-3.81,0.));
#10281 = VECTOR('',#10282,1.);
#10282 = DIRECTION('',(-0.707106781187,-0.707106781187,0.));
#10283 = ORIENTED_EDGE('',*,*,#10284,.T.);
#10284 = EDGE_CURVE('',#10277,#10285,#10287,.T.);
#10285 = VERTEX_POINT('',#10286);
#10286 = CARTESIAN_POINT('',(-1.27,-6.096,0.));
#10287 = LINE('',#10288,#10289);
#10288 = CARTESIAN_POINT('',(-1.27,-4.064,0.));
#10289 = VECTOR('',#10290,1.);
#10290 = DIRECTION('',(0.,-1.,0.));
#10291 = ORIENTED_EDGE('',*,*,#10292,.T.);
#10292 = EDGE_CURVE('',#10285,#10293,#10295,.T.);
#10293 = VERTEX_POINT('',#10294);
#10294 = CARTESIAN_POINT('',(-1.016,-6.35,0.));
#10295 = LINE('',#10296,#10297);
#10296 = CARTESIAN_POINT('',(-1.27,-6.096,0.));
#10297 = VECTOR('',#10298,1.);
#10298 = DIRECTION('',(0.707106781187,-0.707106781187,0.));
#10299 = ORIENTED_EDGE('',*,*,#10300,.T.);
#10300 = EDGE_CURVE('',#10293,#10301,#10303,.T.);
#10301 = VERTEX_POINT('',#10302);
#10302 = CARTESIAN_POINT('',(-1.27,-6.604,0.));
#10303 = LINE('',#10304,#10305);
#10304 = CARTESIAN_POINT('',(-1.016,-6.35,0.));
#10305 = VECTOR('',#10306,1.);
#10306 = DIRECTION('',(-0.707106781187,-0.707106781187,0.));
#10307 = ORIENTED_EDGE('',*,*,#10308,.T.);
#10308 = EDGE_CURVE('',#10301,#10309,#10311,.T.);
#10309 = VERTEX_POINT('',#10310);
#10310 = CARTESIAN_POINT('',(-1.27,-8.636,0.));
#10311 = LINE('',#10312,#10313);
#10312 = CARTESIAN_POINT('',(-1.27,-6.604,0.));
#10313 = VECTOR('',#10314,1.);
#10314 = DIRECTION('',(0.,-1.,0.));
#10315 = ORIENTED_EDGE('',*,*,#10316,.T.);
#10316 = EDGE_CURVE('',#10309,#10317,#10319,.T.);
#10317 = VERTEX_POINT('',#10318);
#10318 = CARTESIAN_POINT('',(-1.016,-8.89,0.));
#10319 = LINE('',#10320,#10321);
#10320 = CARTESIAN_POINT('',(-1.27,-8.636,0.));
#10321 = VECTOR('',#10322,1.);
#10322 = DIRECTION('',(0.707106781187,-0.707106781187,0.));
#10323 = ORIENTED_EDGE('',*,*,#10324,.T.);
#10324 = EDGE_CURVE('',#10317,#10325,#10327,.T.);
#10325 = VERTEX_POINT('',#10326);
#10326 = CARTESIAN_POINT('',(1.016,-8.89,0.));
#10327 = LINE('',#10328,#10329);
#10328 = CARTESIAN_POINT('',(-1.016,-8.89,0.));
#10329 = VECTOR('',#10330,1.);
#10330 = DIRECTION('',(1.,0.,0.));
#10331 = ORIENTED_EDGE('',*,*,#10332,.T.);
#10332 = EDGE_CURVE('',#10325,#10333,#10335,.T.);
#10333 = VERTEX_POINT('',#10334);
#10334 = CARTESIAN_POINT('',(1.27,-8.636,0.));
#10335 = LINE('',#10336,#10337);
#10336 = CARTESIAN_POINT('',(1.016,-8.89,0.));
#10337 = VECTOR('',#10338,1.);
#10338 = DIRECTION('',(0.707106781187,0.707106781187,0.));
#10339 = ORIENTED_EDGE('',*,*,#10340,.T.);
#10340 = EDGE_CURVE('',#10333,#10341,#10343,.T.);
#10341 = VERTEX_POINT('',#10342);
#10342 = CARTESIAN_POINT('',(1.27,-6.604,0.));
#10343 = LINE('',#10344,#10345);
#10344 = CARTESIAN_POINT('',(1.27,-8.636,0.));
#10345 = VECTOR('',#10346,1.);
#10346 = DIRECTION('',(0.,1.,0.));
#10347 = ORIENTED_EDGE('',*,*,#10348,.T.);
#10348 = EDGE_CURVE('',#10341,#10349,#10351,.T.);
#10349 = VERTEX_POINT('',#10350);
#10350 = CARTESIAN_POINT('',(1.016,-6.35,0.));
#10351 = LINE('',#10352,#10353);
#10352 = CARTESIAN_POINT('',(1.27,-6.604,0.));
#10353 = VECTOR('',#10354,1.);
#10354 = DIRECTION('',(-0.707106781187,0.707106781187,0.));
#10355 = ORIENTED_EDGE('',*,*,#10356,.T.);
#10356 = EDGE_CURVE('',#10349,#10357,#10359,.T.);
#10357 = VERTEX_POINT('',#10358);
#10358 = CARTESIAN_POINT('',(1.27,-6.096,0.));
#10359 = LINE('',#10360,#10361);
#10360 = CARTESIAN_POINT('',(1.016,-6.35,0.));
#10361 = VECTOR('',#10362,1.);
#10362 = DIRECTION('',(0.707106781187,0.707106781187,0.));
#10363 = ORIENTED_EDGE('',*,*,#10364,.T.);
#10364 = EDGE_CURVE('',#10357,#10365,#10367,.T.);
#10365 = VERTEX_POINT('',#10366);
#10366 = CARTESIAN_POINT('',(1.27,-4.064,0.));
#10367 = LINE('',#10368,#10369);
#10368 = CARTESIAN_POINT('',(1.27,-6.096,0.));
#10369 = VECTOR('',#10370,1.);
#10370 = DIRECTION('',(0.,1.,0.));
#10371 = ORIENTED_EDGE('',*,*,#10372,.T.);
#10372 = EDGE_CURVE('',#10365,#10373,#10375,.T.);
#10373 = VERTEX_POINT('',#10374);
#10374 = CARTESIAN_POINT('',(1.016,-3.81,0.));
#10375 = LINE('',#10376,#10377);
#10376 = CARTESIAN_POINT('',(1.27,-4.064,0.));
#10377 = VECTOR('',#10378,1.);
#10378 = DIRECTION('',(-0.707106781187,0.707106781187,0.));
#10379 = ORIENTED_EDGE('',*,*,#10380,.T.);
#10380 = EDGE_CURVE('',#10373,#10381,#10383,.T.);
#10381 = VERTEX_POINT('',#10382);
#10382 = CARTESIAN_POINT('',(1.27,-3.556,0.));
#10383 = LINE('',#10384,#10385);
#10384 = CARTESIAN_POINT('',(1.016,-3.81,0.));
#10385 = VECTOR('',#10386,1.);
#10386 = DIRECTION('',(0.707106781187,0.707106781187,0.));
#10387 = ORIENTED_EDGE('',*,*,#10388,.T.);
#10388 = EDGE_CURVE('',#10381,#10389,#10391,.T.);
#10389 = VERTEX_POINT('',#10390);
#10390 = CARTESIAN_POINT('',(1.27,-1.524,0.));
#10391 = LINE('',#10392,#10393);
#10392 = CARTESIAN_POINT('',(1.27,-3.556,0.));
#10393 = VECTOR('',#10394,1.);
#10394 = DIRECTION('',(0.,1.,0.));
#10395 = ORIENTED_EDGE('',*,*,#10396,.T.);
#10396 = EDGE_CURVE('',#10389,#10397,#10399,.T.);
#10397 = VERTEX_POINT('',#10398);
#10398 = CARTESIAN_POINT('',(1.016,-1.27,0.));
#10399 = LINE('',#10400,#10401);
#10400 = CARTESIAN_POINT('',(1.27,-1.524,0.));
#10401 = VECTOR('',#10402,1.);
#10402 = DIRECTION('',(-0.707106781187,0.707106781187,0.));
#10403 = ORIENTED_EDGE('',*,*,#10404,.T.);
#10404 = EDGE_CURVE('',#10397,#10405,#10407,.T.);
#10405 = VERTEX_POINT('',#10406);
#10406 = CARTESIAN_POINT('',(1.27,-1.016,0.));
#10407 = LINE('',#10408,#10409);
#10408 = CARTESIAN_POINT('',(1.016,-1.27,0.));
#10409 = VECTOR('',#10410,1.);
#10410 = DIRECTION('',(0.707106781187,0.707106781187,0.));
#10411 = ORIENTED_EDGE('',*,*,#10412,.T.);
#10412 = EDGE_CURVE('',#10405,#10413,#10415,.T.);
#10413 = VERTEX_POINT('',#10414);
#10414 = CARTESIAN_POINT('',(1.27,1.016,0.));
#10415 = LINE('',#10416,#10417);
#10416 = CARTESIAN_POINT('',(1.27,-1.016,0.));
#10417 = VECTOR('',#10418,1.);
#10418 = DIRECTION('',(0.,1.,0.));
#10419 = ORIENTED_EDGE('',*,*,#10420,.T.);
#10420 = EDGE_CURVE('',#10413,#10181,#10421,.T.);
#10421 = LINE('',#10422,#10423);
#10422 = CARTESIAN_POINT('',(1.27,1.016,0.));
#10423 = VECTOR('',#10424,1.);
#10424 = DIRECTION('',(-0.707106781187,0.707106781187,0.));
#10425 = ORIENTED_EDGE('',*,*,#10197,.T.);
#10426 = FACE_BOUND('',#10427,.F.);
#10427 = EDGE_LOOP('',(#10428,#10438,#10446,#10454));
#10428 = ORIENTED_EDGE('',*,*,#10429,.F.);
#10429 = EDGE_CURVE('',#10430,#10432,#10434,.T.);
#10430 = VERTEX_POINT('',#10431);
#10431 = CARTESIAN_POINT('',(0.32,-4.76,0.));
#10432 = VERTEX_POINT('',#10433);
#10433 = CARTESIAN_POINT('',(-0.32,-4.76,0.));
#10434 = LINE('',#10435,#10436);
#10435 = CARTESIAN_POINT('',(-0.16,-4.76,0.));
#10436 = VECTOR('',#10437,1.);
#10437 = DIRECTION('',(-1.,0.,0.));
#10438 = ORIENTED_EDGE('',*,*,#10439,.F.);
#10439 = EDGE_CURVE('',#10440,#10430,#10442,.T.);
#10440 = VERTEX_POINT('',#10441);
#10441 = CARTESIAN_POINT('',(0.32,-5.4,0.));
#10442 = LINE('',#10443,#10444);
#10443 = CARTESIAN_POINT('',(0.32,-4.605,0.));
#10444 = VECTOR('',#10445,1.);
#10445 = DIRECTION('',(0.,1.,0.));
#10446 = ORIENTED_EDGE('',*,*,#10447,.T.);
#10447 = EDGE_CURVE('',#10440,#10448,#10450,.T.);
#10448 = VERTEX_POINT('',#10449);
#10449 = CARTESIAN_POINT('',(-0.32,-5.4,0.));
#10450 = LINE('',#10451,#10452);
#10451 = CARTESIAN_POINT('',(-0.16,-5.4,0.));
#10452 = VECTOR('',#10453,1.);
#10453 = DIRECTION('',(-1.,0.,0.));
#10454 = ORIENTED_EDGE('',*,*,#10455,.T.);
#10455 = EDGE_CURVE('',#10448,#10432,#10456,.T.);
#10456 = LINE('',#10457,#10458);
#10457 = CARTESIAN_POINT('',(-0.32,-4.605,0.));
#10458 = VECTOR('',#10459,1.);
#10459 = DIRECTION('',(0.,1.,0.));
#10460 = FACE_BOUND('',#10461,.F.);
#10461 = EDGE_LOOP('',(#10462,#10472,#10480,#10488));
#10462 = ORIENTED_EDGE('',*,*,#10463,.F.);
#10463 = EDGE_CURVE('',#10464,#10466,#10468,.T.);
#10464 = VERTEX_POINT('',#10465);
#10465 = CARTESIAN_POINT('',(0.32,-7.94,0.));
#10466 = VERTEX_POINT('',#10467);
#10467 = CARTESIAN_POINT('',(0.32,-7.3,0.));
#10468 = LINE('',#10469,#10470);
#10469 = CARTESIAN_POINT('',(0.32,-5.875,0.));
#10470 = VECTOR('',#10471,1.);
#10471 = DIRECTION('',(0.,1.,0.));
#10472 = ORIENTED_EDGE('',*,*,#10473,.T.);
#10473 = EDGE_CURVE('',#10464,#10474,#10476,.T.);
#10474 = VERTEX_POINT('',#10475);
#10475 = CARTESIAN_POINT('',(-0.32,-7.94,0.));
#10476 = LINE('',#10477,#10478);
#10477 = CARTESIAN_POINT('',(-0.16,-7.94,0.));
#10478 = VECTOR('',#10479,1.);
#10479 = DIRECTION('',(-1.,0.,0.));
#10480 = ORIENTED_EDGE('',*,*,#10481,.T.);
#10481 = EDGE_CURVE('',#10474,#10482,#10484,.T.);
#10482 = VERTEX_POINT('',#10483);
#10483 = CARTESIAN_POINT('',(-0.32,-7.3,0.));
#10484 = LINE('',#10485,#10486);
#10485 = CARTESIAN_POINT('',(-0.32,-5.875,0.));
#10486 = VECTOR('',#10487,1.);
#10487 = DIRECTION('',(0.,1.,0.));
#10488 = ORIENTED_EDGE('',*,*,#10489,.F.);
#10489 = EDGE_CURVE('',#10466,#10482,#10490,.T.);
#10490 = LINE('',#10491,#10492);
#10491 = CARTESIAN_POINT('',(-0.16,-7.3,0.));
#10492 = VECTOR('',#10493,1.);
#10493 = DIRECTION('',(-1.,0.,0.));
#10494 = FACE_BOUND('',#10495,.F.);
#10495 = EDGE_LOOP('',(#10496,#10506,#10514,#10522));
#10496 = ORIENTED_EDGE('',*,*,#10497,.F.);
#10497 = EDGE_CURVE('',#10498,#10500,#10502,.T.);
#10498 = VERTEX_POINT('',#10499);
#10499 = CARTESIAN_POINT('',(0.32,-0.32,0.));
#10500 = VERTEX_POINT('',#10501);
#10501 = CARTESIAN_POINT('',(0.32,0.32,0.));
#10502 = LINE('',#10503,#10504);
#10503 = CARTESIAN_POINT('',(0.32,-2.065,0.));
#10504 = VECTOR('',#10505,1.);
#10505 = DIRECTION('',(0.,1.,0.));
#10506 = ORIENTED_EDGE('',*,*,#10507,.T.);
#10507 = EDGE_CURVE('',#10498,#10508,#10510,.T.);
#10508 = VERTEX_POINT('',#10509);
#10509 = CARTESIAN_POINT('',(-0.32,-0.32,0.));
#10510 = LINE('',#10511,#10512);
#10511 = CARTESIAN_POINT('',(-0.16,-0.32,0.));
#10512 = VECTOR('',#10513,1.);
#10513 = DIRECTION('',(-1.,0.,0.));
#10514 = ORIENTED_EDGE('',*,*,#10515,.T.);
#10515 = EDGE_CURVE('',#10508,#10516,#10518,.T.);
#10516 = VERTEX_POINT('',#10517);
#10517 = CARTESIAN_POINT('',(-0.32,0.32,0.));
#10518 = LINE('',#10519,#10520);
#10519 = CARTESIAN_POINT('',(-0.32,-2.065,0.));
#10520 = VECTOR('',#10521,1.);
#10521 = DIRECTION('',(0.,1.,0.));
#10522 = ORIENTED_EDGE('',*,*,#10523,.F.);
#10523 = EDGE_CURVE('',#10500,#10516,#10524,.T.);
#10524 = LINE('',#10525,#10526);
#10525 = CARTESIAN_POINT('',(-0.16,0.32,0.));
#10526 = VECTOR('',#10527,1.);
#10527 = DIRECTION('',(-1.,0.,0.));
#10528 = FACE_BOUND('',#10529,.F.);
#10529 = EDGE_LOOP('',(#10530,#10540,#10548,#10556));
#10530 = ORIENTED_EDGE('',*,*,#10531,.F.);
#10531 = EDGE_CURVE('',#10532,#10534,#10536,.T.);
#10532 = VERTEX_POINT('',#10533);
#10533 = CARTESIAN_POINT('',(0.32,-2.22,0.));
#10534 = VERTEX_POINT('',#10535);
#10535 = CARTESIAN_POINT('',(-0.32,-2.22,0.));
#10536 = LINE('',#10537,#10538);
#10537 = CARTESIAN_POINT('',(-0.16,-2.22,0.));
#10538 = VECTOR('',#10539,1.);
#10539 = DIRECTION('',(-1.,0.,0.));
#10540 = ORIENTED_EDGE('',*,*,#10541,.F.);
#10541 = EDGE_CURVE('',#10542,#10532,#10544,.T.);
#10542 = VERTEX_POINT('',#10543);
#10543 = CARTESIAN_POINT('',(0.32,-2.86,0.));
#10544 = LINE('',#10545,#10546);
#10545 = CARTESIAN_POINT('',(0.32,-3.335,0.));
#10546 = VECTOR('',#10547,1.);
#10547 = DIRECTION('',(0.,1.,0.));
#10548 = ORIENTED_EDGE('',*,*,#10549,.T.);
#10549 = EDGE_CURVE('',#10542,#10550,#10552,.T.);
#10550 = VERTEX_POINT('',#10551);
#10551 = CARTESIAN_POINT('',(-0.32,-2.86,0.));
#10552 = LINE('',#10553,#10554);
#10553 = CARTESIAN_POINT('',(-0.16,-2.86,0.));
#10554 = VECTOR('',#10555,1.);
#10555 = DIRECTION('',(-1.,0.,0.));
#10556 = ORIENTED_EDGE('',*,*,#10557,.T.);
#10557 = EDGE_CURVE('',#10550,#10534,#10558,.T.);
#10558 = LINE('',#10559,#10560);
#10559 = CARTESIAN_POINT('',(-0.32,-3.335,0.));
#10560 = VECTOR('',#10561,1.);
#10561 = DIRECTION('',(0.,1.,0.));
#10562 = PLANE('',#10563);
#10563 = AXIS2_PLACEMENT_3D('',#10564,#10565,#10566);
#10564 = CARTESIAN_POINT('',(4.259053689278E-17,-3.81,0.));
#10565 = DIRECTION('',(0.,0.,1.));
#10566 = DIRECTION('',(1.,0.,-0.));
#10567 = ADVANCED_FACE('',(#10568,#10755,#10789,#10823,#10857),#10891,
  .T.);
#10568 = FACE_BOUND('',#10569,.T.);
#10569 = EDGE_LOOP('',(#10570,#10571,#10572,#10580,#10588,#10596,#10604,
    #10612,#10620,#10628,#10636,#10644,#10652,#10660,#10668,#10676,
    #10684,#10692,#10700,#10708,#10716,#10724,#10732,#10740,#10748,
    #10754));
#10570 = ORIENTED_EDGE('',*,*,#10150,.T.);
#10571 = ORIENTED_EDGE('',*,*,#10212,.T.);
#10572 = ORIENTED_EDGE('',*,*,#10573,.T.);
#10573 = EDGE_CURVE('',#10213,#10574,#10576,.T.);
#10574 = VERTEX_POINT('',#10575);
#10575 = CARTESIAN_POINT('',(-1.016,-1.27,2.54));
#10576 = LINE('',#10577,#10578);
#10577 = CARTESIAN_POINT('',(-1.27,-1.016,2.54));
#10578 = VECTOR('',#10579,1.);
#10579 = DIRECTION('',(0.707106781187,-0.707106781187,0.));
#10580 = ORIENTED_EDGE('',*,*,#10581,.T.);
#10581 = EDGE_CURVE('',#10574,#10582,#10584,.T.);
#10582 = VERTEX_POINT('',#10583);
#10583 = CARTESIAN_POINT('',(-1.27,-1.524,2.54));
#10584 = LINE('',#10585,#10586);
#10585 = CARTESIAN_POINT('',(-1.016,-1.27,2.54));
#10586 = VECTOR('',#10587,1.);
#10587 = DIRECTION('',(-0.707106781187,-0.707106781187,0.));
#10588 = ORIENTED_EDGE('',*,*,#10589,.T.);
#10589 = EDGE_CURVE('',#10582,#10590,#10592,.T.);
#10590 = VERTEX_POINT('',#10591);
#10591 = CARTESIAN_POINT('',(-1.27,-3.556,2.54));
#10592 = LINE('',#10593,#10594);
#10593 = CARTESIAN_POINT('',(-1.27,-1.524,2.54));
#10594 = VECTOR('',#10595,1.);
#10595 = DIRECTION('',(0.,-1.,0.));
#10596 = ORIENTED_EDGE('',*,*,#10597,.T.);
#10597 = EDGE_CURVE('',#10590,#10598,#10600,.T.);
#10598 = VERTEX_POINT('',#10599);
#10599 = CARTESIAN_POINT('',(-1.016,-3.81,2.54));
#10600 = LINE('',#10601,#10602);
#10601 = CARTESIAN_POINT('',(-1.27,-3.556,2.54));
#10602 = VECTOR('',#10603,1.);
#10603 = DIRECTION('',(0.707106781187,-0.707106781187,0.));
#10604 = ORIENTED_EDGE('',*,*,#10605,.T.);
#10605 = EDGE_CURVE('',#10598,#10606,#10608,.T.);
#10606 = VERTEX_POINT('',#10607);
#10607 = CARTESIAN_POINT('',(-1.27,-4.064,2.54));
#10608 = LINE('',#10609,#10610);
#10609 = CARTESIAN_POINT('',(-1.016,-3.81,2.54));
#10610 = VECTOR('',#10611,1.);
#10611 = DIRECTION('',(-0.707106781187,-0.707106781187,0.));
#10612 = ORIENTED_EDGE('',*,*,#10613,.T.);
#10613 = EDGE_CURVE('',#10606,#10614,#10616,.T.);
#10614 = VERTEX_POINT('',#10615);
#10615 = CARTESIAN_POINT('',(-1.27,-6.096,2.54));
#10616 = LINE('',#10617,#10618);
#10617 = CARTESIAN_POINT('',(-1.27,-4.064,2.54));
#10618 = VECTOR('',#10619,1.);
#10619 = DIRECTION('',(0.,-1.,0.));
#10620 = ORIENTED_EDGE('',*,*,#10621,.T.);
#10621 = EDGE_CURVE('',#10614,#10622,#10624,.T.);
#10622 = VERTEX_POINT('',#10623);
#10623 = CARTESIAN_POINT('',(-1.016,-6.35,2.54));
#10624 = LINE('',#10625,#10626);
#10625 = CARTESIAN_POINT('',(-1.27,-6.096,2.54));
#10626 = VECTOR('',#10627,1.);
#10627 = DIRECTION('',(0.707106781187,-0.707106781187,0.));
#10628 = ORIENTED_EDGE('',*,*,#10629,.T.);
#10629 = EDGE_CURVE('',#10622,#10630,#10632,.T.);
#10630 = VERTEX_POINT('',#10631);
#10631 = CARTESIAN_POINT('',(-1.27,-6.604,2.54));
#10632 = LINE('',#10633,#10634);
#10633 = CARTESIAN_POINT('',(-1.016,-6.35,2.54));
#10634 = VECTOR('',#10635,1.);
#10635 = DIRECTION('',(-0.707106781187,-0.707106781187,0.));
#10636 = ORIENTED_EDGE('',*,*,#10637,.T.);
#10637 = EDGE_CURVE('',#10630,#10638,#10640,.T.);
#10638 = VERTEX_POINT('',#10639);
#10639 = CARTESIAN_POINT('',(-1.27,-8.636,2.54));
#10640 = LINE('',#10641,#10642);
#10641 = CARTESIAN_POINT('',(-1.27,-6.604,2.54));
#10642 = VECTOR('',#10643,1.);
#10643 = DIRECTION('',(0.,-1.,0.));
#10644 = ORIENTED_EDGE('',*,*,#10645,.T.);
#10645 = EDGE_CURVE('',#10638,#10646,#10648,.T.);
#10646 = VERTEX_POINT('',#10647);
#10647 = CARTESIAN_POINT('',(-1.016,-8.89,2.54));
#10648 = LINE('',#10649,#10650);
#10649 = CARTESIAN_POINT('',(-1.27,-8.636,2.54));
#10650 = VECTOR('',#10651,1.);
#10651 = DIRECTION('',(0.707106781187,-0.707106781187,0.));
#10652 = ORIENTED_EDGE('',*,*,#10653,.T.);
#10653 = EDGE_CURVE('',#10646,#10654,#10656,.T.);
#10654 = VERTEX_POINT('',#10655);
#10655 = CARTESIAN_POINT('',(1.016,-8.89,2.54));
#10656 = LINE('',#10657,#10658);
#10657 = CARTESIAN_POINT('',(-1.016,-8.89,2.54));
#10658 = VECTOR('',#10659,1.);
#10659 = DIRECTION('',(1.,0.,0.));
#10660 = ORIENTED_EDGE('',*,*,#10661,.T.);
#10661 = EDGE_CURVE('',#10654,#10662,#10664,.T.);
#10662 = VERTEX_POINT('',#10663);
#10663 = CARTESIAN_POINT('',(1.27,-8.636,2.54));
#10664 = LINE('',#10665,#10666);
#10665 = CARTESIAN_POINT('',(1.016,-8.89,2.54));
#10666 = VECTOR('',#10667,1.);
#10667 = DIRECTION('',(0.707106781187,0.707106781187,0.));
#10668 = ORIENTED_EDGE('',*,*,#10669,.T.);
#10669 = EDGE_CURVE('',#10662,#10670,#10672,.T.);
#10670 = VERTEX_POINT('',#10671);
#10671 = CARTESIAN_POINT('',(1.27,-6.604,2.54));
#10672 = LINE('',#10673,#10674);
#10673 = CARTESIAN_POINT('',(1.27,-8.636,2.54));
#10674 = VECTOR('',#10675,1.);
#10675 = DIRECTION('',(0.,1.,0.));
#10676 = ORIENTED_EDGE('',*,*,#10677,.T.);
#10677 = EDGE_CURVE('',#10670,#10678,#10680,.T.);
#10678 = VERTEX_POINT('',#10679);
#10679 = CARTESIAN_POINT('',(1.016,-6.35,2.54));
#10680 = LINE('',#10681,#10682);
#10681 = CARTESIAN_POINT('',(1.27,-6.604,2.54));
#10682 = VECTOR('',#10683,1.);
#10683 = DIRECTION('',(-0.707106781187,0.707106781187,0.));
#10684 = ORIENTED_EDGE('',*,*,#10685,.T.);
#10685 = EDGE_CURVE('',#10678,#10686,#10688,.T.);
#10686 = VERTEX_POINT('',#10687);
#10687 = CARTESIAN_POINT('',(1.27,-6.096,2.54));
#10688 = LINE('',#10689,#10690);
#10689 = CARTESIAN_POINT('',(1.016,-6.35,2.54));
#10690 = VECTOR('',#10691,1.);
#10691 = DIRECTION('',(0.707106781187,0.707106781187,0.));
#10692 = ORIENTED_EDGE('',*,*,#10693,.T.);
#10693 = EDGE_CURVE('',#10686,#10694,#10696,.T.);
#10694 = VERTEX_POINT('',#10695);
#10695 = CARTESIAN_POINT('',(1.27,-4.064,2.54));
#10696 = LINE('',#10697,#10698);
#10697 = CARTESIAN_POINT('',(1.27,-6.096,2.54));
#10698 = VECTOR('',#10699,1.);
#10699 = DIRECTION('',(0.,1.,0.));
#10700 = ORIENTED_EDGE('',*,*,#10701,.T.);
#10701 = EDGE_CURVE('',#10694,#10702,#10704,.T.);
#10702 = VERTEX_POINT('',#10703);
#10703 = CARTESIAN_POINT('',(1.016,-3.81,2.54));
#10704 = LINE('',#10705,#10706);
#10705 = CARTESIAN_POINT('',(1.27,-4.064,2.54));
#10706 = VECTOR('',#10707,1.);
#10707 = DIRECTION('',(-0.707106781187,0.707106781187,0.));
#10708 = ORIENTED_EDGE('',*,*,#10709,.T.);
#10709 = EDGE_CURVE('',#10702,#10710,#10712,.T.);
#10710 = VERTEX_POINT('',#10711);
#10711 = CARTESIAN_POINT('',(1.27,-3.556,2.54));
#10712 = LINE('',#10713,#10714);
#10713 = CARTESIAN_POINT('',(1.016,-3.81,2.54));
#10714 = VECTOR('',#10715,1.);
#10715 = DIRECTION('',(0.707106781187,0.707106781187,0.));
#10716 = ORIENTED_EDGE('',*,*,#10717,.T.);
#10717 = EDGE_CURVE('',#10710,#10718,#10720,.T.);
#10718 = VERTEX_POINT('',#10719);
#10719 = CARTESIAN_POINT('',(1.27,-1.524,2.54));
#10720 = LINE('',#10721,#10722);
#10721 = CARTESIAN_POINT('',(1.27,-3.556,2.54));
#10722 = VECTOR('',#10723,1.);
#10723 = DIRECTION('',(0.,1.,0.));
#10724 = ORIENTED_EDGE('',*,*,#10725,.T.);
#10725 = EDGE_CURVE('',#10718,#10726,#10728,.T.);
#10726 = VERTEX_POINT('',#10727);
#10727 = CARTESIAN_POINT('',(1.016,-1.27,2.54));
#10728 = LINE('',#10729,#10730);
#10729 = CARTESIAN_POINT('',(1.27,-1.524,2.54));
#10730 = VECTOR('',#10731,1.);
#10731 = DIRECTION('',(-0.707106781187,0.707106781187,0.));
#10732 = ORIENTED_EDGE('',*,*,#10733,.T.);
#10733 = EDGE_CURVE('',#10726,#10734,#10736,.T.);
#10734 = VERTEX_POINT('',#10735);
#10735 = CARTESIAN_POINT('',(1.27,-1.016,2.54));
#10736 = LINE('',#10737,#10738);
#10737 = CARTESIAN_POINT('',(1.016,-1.27,2.54));
#10738 = VECTOR('',#10739,1.);
#10739 = DIRECTION('',(0.707106781187,0.707106781187,0.));
#10740 = ORIENTED_EDGE('',*,*,#10741,.T.);
#10741 = EDGE_CURVE('',#10734,#10742,#10744,.T.);
#10742 = VERTEX_POINT('',#10743);
#10743 = CARTESIAN_POINT('',(1.27,1.016,2.54));
#10744 = LINE('',#10745,#10746);
#10745 = CARTESIAN_POINT('',(1.27,-1.016,2.54));
#10746 = VECTOR('',#10747,1.);
#10747 = DIRECTION('',(0.,1.,0.));
#10748 = ORIENTED_EDGE('',*,*,#10749,.T.);
#10749 = EDGE_CURVE('',#10742,#10183,#10750,.T.);
#10750 = LINE('',#10751,#10752);
#10751 = CARTESIAN_POINT('',(1.27,1.016,2.54));
#10752 = VECTOR('',#10753,1.);
#10753 = DIRECTION('',(-0.707106781187,0.707106781187,0.));
#10754 = ORIENTED_EDGE('',*,*,#10190,.T.);
#10755 = FACE_BOUND('',#10756,.T.);
#10756 = EDGE_LOOP('',(#10757,#10767,#10775,#10783));
#10757 = ORIENTED_EDGE('',*,*,#10758,.F.);
#10758 = EDGE_CURVE('',#10759,#10761,#10763,.T.);
#10759 = VERTEX_POINT('',#10760);
#10760 = CARTESIAN_POINT('',(0.32,-4.76,2.54));
#10761 = VERTEX_POINT('',#10762);
#10762 = CARTESIAN_POINT('',(-0.32,-4.76,2.54));
#10763 = LINE('',#10764,#10765);
#10764 = CARTESIAN_POINT('',(-0.16,-4.76,2.54));
#10765 = VECTOR('',#10766,1.);
#10766 = DIRECTION('',(-1.,0.,0.));
#10767 = ORIENTED_EDGE('',*,*,#10768,.F.);
#10768 = EDGE_CURVE('',#10769,#10759,#10771,.T.);
#10769 = VERTEX_POINT('',#10770);
#10770 = CARTESIAN_POINT('',(0.32,-5.4,2.54));
#10771 = LINE('',#10772,#10773);
#10772 = CARTESIAN_POINT('',(0.32,-4.605,2.54));
#10773 = VECTOR('',#10774,1.);
#10774 = DIRECTION('',(0.,1.,0.));
#10775 = ORIENTED_EDGE('',*,*,#10776,.T.);
#10776 = EDGE_CURVE('',#10769,#10777,#10779,.T.);
#10777 = VERTEX_POINT('',#10778);
#10778 = CARTESIAN_POINT('',(-0.32,-5.4,2.54));
#10779 = LINE('',#10780,#10781);
#10780 = CARTESIAN_POINT('',(-0.16,-5.4,2.54));
#10781 = VECTOR('',#10782,1.);
#10782 = DIRECTION('',(-1.,0.,0.));
#10783 = ORIENTED_EDGE('',*,*,#10784,.T.);
#10784 = EDGE_CURVE('',#10777,#10761,#10785,.T.);
#10785 = LINE('',#10786,#10787);
#10786 = CARTESIAN_POINT('',(-0.32,-4.605,2.54));
#10787 = VECTOR('',#10788,1.);
#10788 = DIRECTION('',(0.,1.,0.));
#10789 = FACE_BOUND('',#10790,.T.);
#10790 = EDGE_LOOP('',(#10791,#10801,#10809,#10817));
#10791 = ORIENTED_EDGE('',*,*,#10792,.F.);
#10792 = EDGE_CURVE('',#10793,#10795,#10797,.T.);
#10793 = VERTEX_POINT('',#10794);
#10794 = CARTESIAN_POINT('',(0.32,-7.94,2.54));
#10795 = VERTEX_POINT('',#10796);
#10796 = CARTESIAN_POINT('',(0.32,-7.3,2.54));
#10797 = LINE('',#10798,#10799);
#10798 = CARTESIAN_POINT('',(0.32,-5.875,2.54));
#10799 = VECTOR('',#10800,1.);
#10800 = DIRECTION('',(0.,1.,0.));
#10801 = ORIENTED_EDGE('',*,*,#10802,.T.);
#10802 = EDGE_CURVE('',#10793,#10803,#10805,.T.);
#10803 = VERTEX_POINT('',#10804);
#10804 = CARTESIAN_POINT('',(-0.32,-7.94,2.54));
#10805 = LINE('',#10806,#10807);
#10806 = CARTESIAN_POINT('',(-0.16,-7.94,2.54));
#10807 = VECTOR('',#10808,1.);
#10808 = DIRECTION('',(-1.,0.,0.));
#10809 = ORIENTED_EDGE('',*,*,#10810,.T.);
#10810 = EDGE_CURVE('',#10803,#10811,#10813,.T.);
#10811 = VERTEX_POINT('',#10812);
#10812 = CARTESIAN_POINT('',(-0.32,-7.3,2.54));
#10813 = LINE('',#10814,#10815);
#10814 = CARTESIAN_POINT('',(-0.32,-5.875,2.54));
#10815 = VECTOR('',#10816,1.);
#10816 = DIRECTION('',(0.,1.,0.));
#10817 = ORIENTED_EDGE('',*,*,#10818,.F.);
#10818 = EDGE_CURVE('',#10795,#10811,#10819,.T.);
#10819 = LINE('',#10820,#10821);
#10820 = CARTESIAN_POINT('',(-0.16,-7.3,2.54));
#10821 = VECTOR('',#10822,1.);
#10822 = DIRECTION('',(-1.,0.,0.));
#10823 = FACE_BOUND('',#10824,.T.);
#10824 = EDGE_LOOP('',(#10825,#10835,#10843,#10851));
#10825 = ORIENTED_EDGE('',*,*,#10826,.F.);
#10826 = EDGE_CURVE('',#10827,#10829,#10831,.T.);
#10827 = VERTEX_POINT('',#10828);
#10828 = CARTESIAN_POINT('',(0.32,-0.32,2.54));
#10829 = VERTEX_POINT('',#10830);
#10830 = CARTESIAN_POINT('',(0.32,0.32,2.54));
#10831 = LINE('',#10832,#10833);
#10832 = CARTESIAN_POINT('',(0.32,-2.065,2.54));
#10833 = VECTOR('',#10834,1.);
#10834 = DIRECTION('',(0.,1.,0.));
#10835 = ORIENTED_EDGE('',*,*,#10836,.T.);
#10836 = EDGE_CURVE('',#10827,#10837,#10839,.T.);
#10837 = VERTEX_POINT('',#10838);
#10838 = CARTESIAN_POINT('',(-0.32,-0.32,2.54));
#10839 = LINE('',#10840,#10841);
#10840 = CARTESIAN_POINT('',(-0.16,-0.32,2.54));
#10841 = VECTOR('',#10842,1.);
#10842 = DIRECTION('',(-1.,0.,0.));
#10843 = ORIENTED_EDGE('',*,*,#10844,.T.);
#10844 = EDGE_CURVE('',#10837,#10845,#10847,.T.);
#10845 = VERTEX_POINT('',#10846);
#10846 = CARTESIAN_POINT('',(-0.32,0.32,2.54));
#10847 = LINE('',#10848,#10849);
#10848 = CARTESIAN_POINT('',(-0.32,-2.065,2.54));
#10849 = VECTOR('',#10850,1.);
#10850 = DIRECTION('',(0.,1.,0.));
#10851 = ORIENTED_EDGE('',*,*,#10852,.F.);
#10852 = EDGE_CURVE('',#10829,#10845,#10853,.T.);
#10853 = LINE('',#10854,#10855);
#10854 = CARTESIAN_POINT('',(-0.16,0.32,2.54));
#10855 = VECTOR('',#10856,1.);
#10856 = DIRECTION('',(-1.,0.,0.));
#10857 = FACE_BOUND('',#10858,.T.);
#10858 = EDGE_LOOP('',(#10859,#10869,#10877,#10885));
#10859 = ORIENTED_EDGE('',*,*,#10860,.F.);
#10860 = EDGE_CURVE('',#10861,#10863,#10865,.T.);
#10861 = VERTEX_POINT('',#10862);
#10862 = CARTESIAN_POINT('',(0.32,-2.22,2.54));
#10863 = VERTEX_POINT('',#10864);
#10864 = CARTESIAN_POINT('',(-0.32,-2.22,2.54));
#10865 = LINE('',#10866,#10867);
#10866 = CARTESIAN_POINT('',(-0.16,-2.22,2.54));
#10867 = VECTOR('',#10868,1.);
#10868 = DIRECTION('',(-1.,0.,0.));
#10869 = ORIENTED_EDGE('',*,*,#10870,.F.);
#10870 = EDGE_CURVE('',#10871,#10861,#10873,.T.);
#10871 = VERTEX_POINT('',#10872);
#10872 = CARTESIAN_POINT('',(0.32,-2.86,2.54));
#10873 = LINE('',#10874,#10875);
#10874 = CARTESIAN_POINT('',(0.32,-3.335,2.54));
#10875 = VECTOR('',#10876,1.);
#10876 = DIRECTION('',(0.,1.,0.));
#10877 = ORIENTED_EDGE('',*,*,#10878,.T.);
#10878 = EDGE_CURVE('',#10871,#10879,#10881,.T.);
#10879 = VERTEX_POINT('',#10880);
#10880 = CARTESIAN_POINT('',(-0.32,-2.86,2.54));
#10881 = LINE('',#10882,#10883);
#10882 = CARTESIAN_POINT('',(-0.16,-2.86,2.54));
#10883 = VECTOR('',#10884,1.);
#10884 = DIRECTION('',(-1.,0.,0.));
#10885 = ORIENTED_EDGE('',*,*,#10886,.T.);
#10886 = EDGE_CURVE('',#10879,#10863,#10887,.T.);
#10887 = LINE('',#10888,#10889);
#10888 = CARTESIAN_POINT('',(-0.32,-3.335,2.54));
#10889 = VECTOR('',#10890,1.);
#10890 = DIRECTION('',(0.,1.,0.));
#10891 = PLANE('',#10892);
#10892 = AXIS2_PLACEMENT_3D('',#10893,#10894,#10895);
#10893 = CARTESIAN_POINT('',(4.259053689278E-17,-3.81,2.54));
#10894 = DIRECTION('',(0.,0.,1.));
#10895 = DIRECTION('',(1.,0.,-0.));
#10896 = ADVANCED_FACE('',(#10897),#10908,.F.);
#10897 = FACE_BOUND('',#10898,.F.);
#10898 = EDGE_LOOP('',(#10899,#10905,#10906,#10907));
#10899 = ORIENTED_EDGE('',*,*,#10900,.T.);
#10900 = EDGE_CURVE('',#10413,#10742,#10901,.T.);
#10901 = LINE('',#10902,#10903);
#10902 = CARTESIAN_POINT('',(1.27,1.016,0.));
#10903 = VECTOR('',#10904,1.);
#10904 = DIRECTION('',(0.,0.,1.));
#10905 = ORIENTED_EDGE('',*,*,#10749,.T.);
#10906 = ORIENTED_EDGE('',*,*,#10180,.F.);
#10907 = ORIENTED_EDGE('',*,*,#10420,.F.);
#10908 = PLANE('',#10909);
#10909 = AXIS2_PLACEMENT_3D('',#10910,#10911,#10912);
#10910 = CARTESIAN_POINT('',(1.27,1.016,0.));
#10911 = DIRECTION('',(-0.707106781187,-0.707106781187,0.));
#10912 = DIRECTION('',(-0.707106781187,0.707106781187,0.));
#10913 = ADVANCED_FACE('',(#10914),#10925,.F.);
#10914 = FACE_BOUND('',#10915,.F.);
#10915 = EDGE_LOOP('',(#10916,#10917,#10918,#10924));
#10916 = ORIENTED_EDGE('',*,*,#10220,.T.);
#10917 = ORIENTED_EDGE('',*,*,#10573,.T.);
#10918 = ORIENTED_EDGE('',*,*,#10919,.F.);
#10919 = EDGE_CURVE('',#10245,#10574,#10920,.T.);
#10920 = LINE('',#10921,#10922);
#10921 = CARTESIAN_POINT('',(-1.016,-1.27,0.));
#10922 = VECTOR('',#10923,1.);
#10923 = DIRECTION('',(0.,0.,1.));
#10924 = ORIENTED_EDGE('',*,*,#10244,.F.);
#10925 = PLANE('',#10926);
#10926 = AXIS2_PLACEMENT_3D('',#10927,#10928,#10929);
#10927 = CARTESIAN_POINT('',(-1.27,-1.016,0.));
#10928 = DIRECTION('',(0.707106781187,0.707106781187,0.));
#10929 = DIRECTION('',(0.707106781187,-0.707106781187,0.));
#10930 = ADVANCED_FACE('',(#10931),#10942,.F.);
#10931 = FACE_BOUND('',#10932,.F.);
#10932 = EDGE_LOOP('',(#10933,#10939,#10940,#10941));
#10933 = ORIENTED_EDGE('',*,*,#10934,.T.);
#10934 = EDGE_CURVE('',#10405,#10734,#10935,.T.);
#10935 = LINE('',#10936,#10937);
#10936 = CARTESIAN_POINT('',(1.27,-1.016,0.));
#10937 = VECTOR('',#10938,1.);
#10938 = DIRECTION('',(0.,0.,1.));
#10939 = ORIENTED_EDGE('',*,*,#10741,.T.);
#10940 = ORIENTED_EDGE('',*,*,#10900,.F.);
#10941 = ORIENTED_EDGE('',*,*,#10412,.F.);
#10942 = PLANE('',#10943);
#10943 = AXIS2_PLACEMENT_3D('',#10944,#10945,#10946);
#10944 = CARTESIAN_POINT('',(1.27,-1.016,0.));
#10945 = DIRECTION('',(-1.,0.,0.));
#10946 = DIRECTION('',(0.,1.,0.));
#10947 = ADVANCED_FACE('',(#10948),#10959,.F.);
#10948 = FACE_BOUND('',#10949,.F.);
#10949 = EDGE_LOOP('',(#10950,#10951,#10952,#10958));
#10950 = ORIENTED_EDGE('',*,*,#10919,.T.);
#10951 = ORIENTED_EDGE('',*,*,#10581,.T.);
#10952 = ORIENTED_EDGE('',*,*,#10953,.F.);
#10953 = EDGE_CURVE('',#10253,#10582,#10954,.T.);
#10954 = LINE('',#10955,#10956);
#10955 = CARTESIAN_POINT('',(-1.27,-1.524,0.));
#10956 = VECTOR('',#10957,1.);
#10957 = DIRECTION('',(0.,0.,1.));
#10958 = ORIENTED_EDGE('',*,*,#10252,.F.);
#10959 = PLANE('',#10960);
#10960 = AXIS2_PLACEMENT_3D('',#10961,#10962,#10963);
#10961 = CARTESIAN_POINT('',(-1.016,-1.27,0.));
#10962 = DIRECTION('',(0.707106781187,-0.707106781187,0.));
#10963 = DIRECTION('',(-0.707106781187,-0.707106781187,0.));
#10964 = ADVANCED_FACE('',(#10965),#10976,.F.);
#10965 = FACE_BOUND('',#10966,.F.);
#10966 = EDGE_LOOP('',(#10967,#10973,#10974,#10975));
#10967 = ORIENTED_EDGE('',*,*,#10968,.T.);
#10968 = EDGE_CURVE('',#10397,#10726,#10969,.T.);
#10969 = LINE('',#10970,#10971);
#10970 = CARTESIAN_POINT('',(1.016,-1.27,0.));
#10971 = VECTOR('',#10972,1.);
#10972 = DIRECTION('',(0.,0.,1.));
#10973 = ORIENTED_EDGE('',*,*,#10733,.T.);
#10974 = ORIENTED_EDGE('',*,*,#10934,.F.);
#10975 = ORIENTED_EDGE('',*,*,#10404,.F.);
#10976 = PLANE('',#10977);
#10977 = AXIS2_PLACEMENT_3D('',#10978,#10979,#10980);
#10978 = CARTESIAN_POINT('',(1.016,-1.27,0.));
#10979 = DIRECTION('',(-0.707106781187,0.707106781187,0.));
#10980 = DIRECTION('',(0.707106781187,0.707106781187,0.));
#10981 = ADVANCED_FACE('',(#10982),#10993,.F.);
#10982 = FACE_BOUND('',#10983,.F.);
#10983 = EDGE_LOOP('',(#10984,#10985,#10986,#10992));
#10984 = ORIENTED_EDGE('',*,*,#10953,.T.);
#10985 = ORIENTED_EDGE('',*,*,#10589,.T.);
#10986 = ORIENTED_EDGE('',*,*,#10987,.F.);
#10987 = EDGE_CURVE('',#10261,#10590,#10988,.T.);
#10988 = LINE('',#10989,#10990);
#10989 = CARTESIAN_POINT('',(-1.27,-3.556,0.));
#10990 = VECTOR('',#10991,1.);
#10991 = DIRECTION('',(0.,0.,1.));
#10992 = ORIENTED_EDGE('',*,*,#10260,.F.);
#10993 = PLANE('',#10994);
#10994 = AXIS2_PLACEMENT_3D('',#10995,#10996,#10997);
#10995 = CARTESIAN_POINT('',(-1.27,-1.524,0.));
#10996 = DIRECTION('',(1.,0.,0.));
#10997 = DIRECTION('',(0.,-1.,0.));
#10998 = ADVANCED_FACE('',(#10999),#11010,.F.);
#10999 = FACE_BOUND('',#11000,.F.);
#11000 = EDGE_LOOP('',(#11001,#11007,#11008,#11009));
#11001 = ORIENTED_EDGE('',*,*,#11002,.T.);
#11002 = EDGE_CURVE('',#10389,#10718,#11003,.T.);
#11003 = LINE('',#11004,#11005);
#11004 = CARTESIAN_POINT('',(1.27,-1.524,0.));
#11005 = VECTOR('',#11006,1.);
#11006 = DIRECTION('',(0.,0.,1.));
#11007 = ORIENTED_EDGE('',*,*,#10725,.T.);
#11008 = ORIENTED_EDGE('',*,*,#10968,.F.);
#11009 = ORIENTED_EDGE('',*,*,#10396,.F.);
#11010 = PLANE('',#11011);
#11011 = AXIS2_PLACEMENT_3D('',#11012,#11013,#11014);
#11012 = CARTESIAN_POINT('',(1.27,-1.524,0.));
#11013 = DIRECTION('',(-0.707106781187,-0.707106781187,0.));
#11014 = DIRECTION('',(-0.707106781187,0.707106781187,0.));
#11015 = ADVANCED_FACE('',(#11016),#11027,.F.);
#11016 = FACE_BOUND('',#11017,.F.);
#11017 = EDGE_LOOP('',(#11018,#11019,#11020,#11026));
#11018 = ORIENTED_EDGE('',*,*,#10987,.T.);
#11019 = ORIENTED_EDGE('',*,*,#10597,.T.);
#11020 = ORIENTED_EDGE('',*,*,#11021,.F.);
#11021 = EDGE_CURVE('',#10269,#10598,#11022,.T.);
#11022 = LINE('',#11023,#11024);
#11023 = CARTESIAN_POINT('',(-1.016,-3.81,0.));
#11024 = VECTOR('',#11025,1.);
#11025 = DIRECTION('',(0.,0.,1.));
#11026 = ORIENTED_EDGE('',*,*,#10268,.F.);
#11027 = PLANE('',#11028);
#11028 = AXIS2_PLACEMENT_3D('',#11029,#11030,#11031);
#11029 = CARTESIAN_POINT('',(-1.27,-3.556,0.));
#11030 = DIRECTION('',(0.707106781187,0.707106781187,0.));
#11031 = DIRECTION('',(0.707106781187,-0.707106781187,0.));
#11032 = ADVANCED_FACE('',(#11033),#11044,.F.);
#11033 = FACE_BOUND('',#11034,.F.);
#11034 = EDGE_LOOP('',(#11035,#11041,#11042,#11043));
#11035 = ORIENTED_EDGE('',*,*,#11036,.T.);
#11036 = EDGE_CURVE('',#10381,#10710,#11037,.T.);
#11037 = LINE('',#11038,#11039);
#11038 = CARTESIAN_POINT('',(1.27,-3.556,0.));
#11039 = VECTOR('',#11040,1.);
#11040 = DIRECTION('',(0.,0.,1.));
#11041 = ORIENTED_EDGE('',*,*,#10717,.T.);
#11042 = ORIENTED_EDGE('',*,*,#11002,.F.);
#11043 = ORIENTED_EDGE('',*,*,#10388,.F.);
#11044 = PLANE('',#11045);
#11045 = AXIS2_PLACEMENT_3D('',#11046,#11047,#11048);
#11046 = CARTESIAN_POINT('',(1.27,-3.556,0.));
#11047 = DIRECTION('',(-1.,0.,0.));
#11048 = DIRECTION('',(0.,1.,0.));
#11049 = ADVANCED_FACE('',(#11050),#11061,.F.);
#11050 = FACE_BOUND('',#11051,.F.);
#11051 = EDGE_LOOP('',(#11052,#11053,#11054,#11060));
#11052 = ORIENTED_EDGE('',*,*,#11021,.T.);
#11053 = ORIENTED_EDGE('',*,*,#10605,.T.);
#11054 = ORIENTED_EDGE('',*,*,#11055,.F.);
#11055 = EDGE_CURVE('',#10277,#10606,#11056,.T.);
#11056 = LINE('',#11057,#11058);
#11057 = CARTESIAN_POINT('',(-1.27,-4.064,0.));
#11058 = VECTOR('',#11059,1.);
#11059 = DIRECTION('',(0.,0.,1.));
#11060 = ORIENTED_EDGE('',*,*,#10276,.F.);
#11061 = PLANE('',#11062);
#11062 = AXIS2_PLACEMENT_3D('',#11063,#11064,#11065);
#11063 = CARTESIAN_POINT('',(-1.016,-3.81,0.));
#11064 = DIRECTION('',(0.707106781187,-0.707106781187,0.));
#11065 = DIRECTION('',(-0.707106781187,-0.707106781187,0.));
#11066 = ADVANCED_FACE('',(#11067),#11078,.F.);
#11067 = FACE_BOUND('',#11068,.F.);
#11068 = EDGE_LOOP('',(#11069,#11075,#11076,#11077));
#11069 = ORIENTED_EDGE('',*,*,#11070,.T.);
#11070 = EDGE_CURVE('',#10373,#10702,#11071,.T.);
#11071 = LINE('',#11072,#11073);
#11072 = CARTESIAN_POINT('',(1.016,-3.81,0.));
#11073 = VECTOR('',#11074,1.);
#11074 = DIRECTION('',(0.,0.,1.));
#11075 = ORIENTED_EDGE('',*,*,#10709,.T.);
#11076 = ORIENTED_EDGE('',*,*,#11036,.F.);
#11077 = ORIENTED_EDGE('',*,*,#10380,.F.);
#11078 = PLANE('',#11079);
#11079 = AXIS2_PLACEMENT_3D('',#11080,#11081,#11082);
#11080 = CARTESIAN_POINT('',(1.016,-3.81,0.));
#11081 = DIRECTION('',(-0.707106781187,0.707106781187,0.));
#11082 = DIRECTION('',(0.707106781187,0.707106781187,0.));
#11083 = ADVANCED_FACE('',(#11084),#11095,.F.);
#11084 = FACE_BOUND('',#11085,.F.);
#11085 = EDGE_LOOP('',(#11086,#11087,#11088,#11094));
#11086 = ORIENTED_EDGE('',*,*,#11055,.T.);
#11087 = ORIENTED_EDGE('',*,*,#10613,.T.);
#11088 = ORIENTED_EDGE('',*,*,#11089,.F.);
#11089 = EDGE_CURVE('',#10285,#10614,#11090,.T.);
#11090 = LINE('',#11091,#11092);
#11091 = CARTESIAN_POINT('',(-1.27,-6.096,0.));
#11092 = VECTOR('',#11093,1.);
#11093 = DIRECTION('',(0.,0.,1.));
#11094 = ORIENTED_EDGE('',*,*,#10284,.F.);
#11095 = PLANE('',#11096);
#11096 = AXIS2_PLACEMENT_3D('',#11097,#11098,#11099);
#11097 = CARTESIAN_POINT('',(-1.27,-4.064,0.));
#11098 = DIRECTION('',(1.,0.,0.));
#11099 = DIRECTION('',(0.,-1.,0.));
#11100 = ADVANCED_FACE('',(#11101),#11112,.F.);
#11101 = FACE_BOUND('',#11102,.F.);
#11102 = EDGE_LOOP('',(#11103,#11109,#11110,#11111));
#11103 = ORIENTED_EDGE('',*,*,#11104,.T.);
#11104 = EDGE_CURVE('',#10365,#10694,#11105,.T.);
#11105 = LINE('',#11106,#11107);
#11106 = CARTESIAN_POINT('',(1.27,-4.064,0.));
#11107 = VECTOR('',#11108,1.);
#11108 = DIRECTION('',(0.,0.,1.));
#11109 = ORIENTED_EDGE('',*,*,#10701,.T.);
#11110 = ORIENTED_EDGE('',*,*,#11070,.F.);
#11111 = ORIENTED_EDGE('',*,*,#10372,.F.);
#11112 = PLANE('',#11113);
#11113 = AXIS2_PLACEMENT_3D('',#11114,#11115,#11116);
#11114 = CARTESIAN_POINT('',(1.27,-4.064,0.));
#11115 = DIRECTION('',(-0.707106781187,-0.707106781187,0.));
#11116 = DIRECTION('',(-0.707106781187,0.707106781187,0.));
#11117 = ADVANCED_FACE('',(#11118),#11129,.F.);
#11118 = FACE_BOUND('',#11119,.F.);
#11119 = EDGE_LOOP('',(#11120,#11121,#11122,#11128));
#11120 = ORIENTED_EDGE('',*,*,#11089,.T.);
#11121 = ORIENTED_EDGE('',*,*,#10621,.T.);
#11122 = ORIENTED_EDGE('',*,*,#11123,.F.);
#11123 = EDGE_CURVE('',#10293,#10622,#11124,.T.);
#11124 = LINE('',#11125,#11126);
#11125 = CARTESIAN_POINT('',(-1.016,-6.35,0.));
#11126 = VECTOR('',#11127,1.);
#11127 = DIRECTION('',(0.,0.,1.));
#11128 = ORIENTED_EDGE('',*,*,#10292,.F.);
#11129 = PLANE('',#11130);
#11130 = AXIS2_PLACEMENT_3D('',#11131,#11132,#11133);
#11131 = CARTESIAN_POINT('',(-1.27,-6.096,0.));
#11132 = DIRECTION('',(0.707106781187,0.707106781187,0.));
#11133 = DIRECTION('',(0.707106781187,-0.707106781187,0.));
#11134 = ADVANCED_FACE('',(#11135),#11146,.F.);
#11135 = FACE_BOUND('',#11136,.F.);
#11136 = EDGE_LOOP('',(#11137,#11143,#11144,#11145));
#11137 = ORIENTED_EDGE('',*,*,#11138,.T.);
#11138 = EDGE_CURVE('',#10357,#10686,#11139,.T.);
#11139 = LINE('',#11140,#11141);
#11140 = CARTESIAN_POINT('',(1.27,-6.096,0.));
#11141 = VECTOR('',#11142,1.);
#11142 = DIRECTION('',(0.,0.,1.));
#11143 = ORIENTED_EDGE('',*,*,#10693,.T.);
#11144 = ORIENTED_EDGE('',*,*,#11104,.F.);
#11145 = ORIENTED_EDGE('',*,*,#10364,.F.);
#11146 = PLANE('',#11147);
#11147 = AXIS2_PLACEMENT_3D('',#11148,#11149,#11150);
#11148 = CARTESIAN_POINT('',(1.27,-6.096,0.));
#11149 = DIRECTION('',(-1.,0.,0.));
#11150 = DIRECTION('',(0.,1.,0.));
#11151 = ADVANCED_FACE('',(#11152),#11163,.F.);
#11152 = FACE_BOUND('',#11153,.F.);
#11153 = EDGE_LOOP('',(#11154,#11155,#11156,#11162));
#11154 = ORIENTED_EDGE('',*,*,#11123,.T.);
#11155 = ORIENTED_EDGE('',*,*,#10629,.T.);
#11156 = ORIENTED_EDGE('',*,*,#11157,.F.);
#11157 = EDGE_CURVE('',#10301,#10630,#11158,.T.);
#11158 = LINE('',#11159,#11160);
#11159 = CARTESIAN_POINT('',(-1.27,-6.604,0.));
#11160 = VECTOR('',#11161,1.);
#11161 = DIRECTION('',(0.,0.,1.));
#11162 = ORIENTED_EDGE('',*,*,#10300,.F.);
#11163 = PLANE('',#11164);
#11164 = AXIS2_PLACEMENT_3D('',#11165,#11166,#11167);
#11165 = CARTESIAN_POINT('',(-1.016,-6.35,0.));
#11166 = DIRECTION('',(0.707106781187,-0.707106781187,0.));
#11167 = DIRECTION('',(-0.707106781187,-0.707106781187,0.));
#11168 = ADVANCED_FACE('',(#11169),#11180,.F.);
#11169 = FACE_BOUND('',#11170,.F.);
#11170 = EDGE_LOOP('',(#11171,#11177,#11178,#11179));
#11171 = ORIENTED_EDGE('',*,*,#11172,.T.);
#11172 = EDGE_CURVE('',#10349,#10678,#11173,.T.);
#11173 = LINE('',#11174,#11175);
#11174 = CARTESIAN_POINT('',(1.016,-6.35,0.));
#11175 = VECTOR('',#11176,1.);
#11176 = DIRECTION('',(0.,0.,1.));
#11177 = ORIENTED_EDGE('',*,*,#10685,.T.);
#11178 = ORIENTED_EDGE('',*,*,#11138,.F.);
#11179 = ORIENTED_EDGE('',*,*,#10356,.F.);
#11180 = PLANE('',#11181);
#11181 = AXIS2_PLACEMENT_3D('',#11182,#11183,#11184);
#11182 = CARTESIAN_POINT('',(1.016,-6.35,0.));
#11183 = DIRECTION('',(-0.707106781187,0.707106781187,0.));
#11184 = DIRECTION('',(0.707106781187,0.707106781187,0.));
#11185 = ADVANCED_FACE('',(#11186),#11197,.F.);
#11186 = FACE_BOUND('',#11187,.F.);
#11187 = EDGE_LOOP('',(#11188,#11189,#11190,#11196));
#11188 = ORIENTED_EDGE('',*,*,#11157,.T.);
#11189 = ORIENTED_EDGE('',*,*,#10637,.T.);
#11190 = ORIENTED_EDGE('',*,*,#11191,.F.);
#11191 = EDGE_CURVE('',#10309,#10638,#11192,.T.);
#11192 = LINE('',#11193,#11194);
#11193 = CARTESIAN_POINT('',(-1.27,-8.636,0.));
#11194 = VECTOR('',#11195,1.);
#11195 = DIRECTION('',(0.,0.,1.));
#11196 = ORIENTED_EDGE('',*,*,#10308,.F.);
#11197 = PLANE('',#11198);
#11198 = AXIS2_PLACEMENT_3D('',#11199,#11200,#11201);
#11199 = CARTESIAN_POINT('',(-1.27,-6.604,0.));
#11200 = DIRECTION('',(1.,0.,0.));
#11201 = DIRECTION('',(0.,-1.,0.));
#11202 = ADVANCED_FACE('',(#11203),#11214,.F.);
#11203 = FACE_BOUND('',#11204,.F.);
#11204 = EDGE_LOOP('',(#11205,#11211,#11212,#11213));
#11205 = ORIENTED_EDGE('',*,*,#11206,.T.);
#11206 = EDGE_CURVE('',#10341,#10670,#11207,.T.);
#11207 = LINE('',#11208,#11209);
#11208 = CARTESIAN_POINT('',(1.27,-6.604,0.));
#11209 = VECTOR('',#11210,1.);
#11210 = DIRECTION('',(0.,0.,1.));
#11211 = ORIENTED_EDGE('',*,*,#10677,.T.);
#11212 = ORIENTED_EDGE('',*,*,#11172,.F.);
#11213 = ORIENTED_EDGE('',*,*,#10348,.F.);
#11214 = PLANE('',#11215);
#11215 = AXIS2_PLACEMENT_3D('',#11216,#11217,#11218);
#11216 = CARTESIAN_POINT('',(1.27,-6.604,0.));
#11217 = DIRECTION('',(-0.707106781187,-0.707106781187,0.));
#11218 = DIRECTION('',(-0.707106781187,0.707106781187,0.));
#11219 = ADVANCED_FACE('',(#11220),#11231,.F.);
#11220 = FACE_BOUND('',#11221,.F.);
#11221 = EDGE_LOOP('',(#11222,#11223,#11224,#11230));
#11222 = ORIENTED_EDGE('',*,*,#11191,.T.);
#11223 = ORIENTED_EDGE('',*,*,#10645,.T.);
#11224 = ORIENTED_EDGE('',*,*,#11225,.F.);
#11225 = EDGE_CURVE('',#10317,#10646,#11226,.T.);
#11226 = LINE('',#11227,#11228);
#11227 = CARTESIAN_POINT('',(-1.016,-8.89,0.));
#11228 = VECTOR('',#11229,1.);
#11229 = DIRECTION('',(0.,0.,1.));
#11230 = ORIENTED_EDGE('',*,*,#10316,.F.);
#11231 = PLANE('',#11232);
#11232 = AXIS2_PLACEMENT_3D('',#11233,#11234,#11235);
#11233 = CARTESIAN_POINT('',(-1.27,-8.636,0.));
#11234 = DIRECTION('',(0.707106781187,0.707106781187,0.));
#11235 = DIRECTION('',(0.707106781187,-0.707106781187,0.));
#11236 = ADVANCED_FACE('',(#11237),#11248,.F.);
#11237 = FACE_BOUND('',#11238,.F.);
#11238 = EDGE_LOOP('',(#11239,#11245,#11246,#11247));
#11239 = ORIENTED_EDGE('',*,*,#11240,.T.);
#11240 = EDGE_CURVE('',#10333,#10662,#11241,.T.);
#11241 = LINE('',#11242,#11243);
#11242 = CARTESIAN_POINT('',(1.27,-8.636,0.));
#11243 = VECTOR('',#11244,1.);
#11244 = DIRECTION('',(0.,0.,1.));
#11245 = ORIENTED_EDGE('',*,*,#10669,.T.);
#11246 = ORIENTED_EDGE('',*,*,#11206,.F.);
#11247 = ORIENTED_EDGE('',*,*,#10340,.F.);
#11248 = PLANE('',#11249);
#11249 = AXIS2_PLACEMENT_3D('',#11250,#11251,#11252);
#11250 = CARTESIAN_POINT('',(1.27,-8.636,0.));
#11251 = DIRECTION('',(-1.,0.,0.));
#11252 = DIRECTION('',(0.,1.,0.));
#11253 = ADVANCED_FACE('',(#11254),#11265,.F.);
#11254 = FACE_BOUND('',#11255,.F.);
#11255 = EDGE_LOOP('',(#11256,#11257,#11258,#11264));
#11256 = ORIENTED_EDGE('',*,*,#11225,.T.);
#11257 = ORIENTED_EDGE('',*,*,#10653,.T.);
#11258 = ORIENTED_EDGE('',*,*,#11259,.F.);
#11259 = EDGE_CURVE('',#10325,#10654,#11260,.T.);
#11260 = LINE('',#11261,#11262);
#11261 = CARTESIAN_POINT('',(1.016,-8.89,0.));
#11262 = VECTOR('',#11263,1.);
#11263 = DIRECTION('',(0.,0.,1.));
#11264 = ORIENTED_EDGE('',*,*,#10324,.F.);
#11265 = PLANE('',#11266);
#11266 = AXIS2_PLACEMENT_3D('',#11267,#11268,#11269);
#11267 = CARTESIAN_POINT('',(-1.016,-8.89,0.));
#11268 = DIRECTION('',(0.,1.,0.));
#11269 = DIRECTION('',(1.,0.,0.));
#11270 = ADVANCED_FACE('',(#11271),#11277,.F.);
#11271 = FACE_BOUND('',#11272,.F.);
#11272 = EDGE_LOOP('',(#11273,#11274,#11275,#11276));
#11273 = ORIENTED_EDGE('',*,*,#11259,.T.);
#11274 = ORIENTED_EDGE('',*,*,#10661,.T.);
#11275 = ORIENTED_EDGE('',*,*,#11240,.F.);
#11276 = ORIENTED_EDGE('',*,*,#10332,.F.);
#11277 = PLANE('',#11278);
#11278 = AXIS2_PLACEMENT_3D('',#11279,#11280,#11281);
#11279 = CARTESIAN_POINT('',(1.016,-8.89,0.));
#11280 = DIRECTION('',(-0.707106781187,0.707106781187,0.));
#11281 = DIRECTION('',(0.707106781187,0.707106781187,0.));
#11282 = ADVANCED_FACE('',(#11283),#11308,.T.);
#11283 = FACE_BOUND('',#11284,.T.);
#11284 = EDGE_LOOP('',(#11285,#11293,#11301,#11307));
#11285 = ORIENTED_EDGE('',*,*,#11286,.F.);
#11286 = EDGE_CURVE('',#11287,#10430,#11289,.T.);
#11287 = VERTEX_POINT('',#11288);
#11288 = CARTESIAN_POINT('',(0.32,-4.76,-2.84));
#11289 = LINE('',#11290,#11291);
#11290 = CARTESIAN_POINT('',(0.32,-4.76,-3.));
#11291 = VECTOR('',#11292,1.);
#11292 = DIRECTION('',(0.,0.,1.));
#11293 = ORIENTED_EDGE('',*,*,#11294,.F.);
#11294 = EDGE_CURVE('',#11295,#11287,#11297,.T.);
#11295 = VERTEX_POINT('',#11296);
#11296 = CARTESIAN_POINT('',(-0.32,-4.76,-2.84));
#11297 = LINE('',#11298,#11299);
#11298 = CARTESIAN_POINT('',(-0.32,-4.76,-2.84));
#11299 = VECTOR('',#11300,1.);
#11300 = DIRECTION('',(1.,0.,0.));
#11301 = ORIENTED_EDGE('',*,*,#11302,.T.);
#11302 = EDGE_CURVE('',#11295,#10432,#11303,.T.);
#11303 = LINE('',#11304,#11305);
#11304 = CARTESIAN_POINT('',(-0.32,-4.76,-3.));
#11305 = VECTOR('',#11306,1.);
#11306 = DIRECTION('',(0.,0.,1.));
#11307 = ORIENTED_EDGE('',*,*,#10429,.F.);
#11308 = PLANE('',#11309);
#11309 = AXIS2_PLACEMENT_3D('',#11310,#11311,#11312);
#11310 = CARTESIAN_POINT('',(-0.32,-4.76,-3.));
#11311 = DIRECTION('',(0.,1.,0.));
#11312 = DIRECTION('',(0.,-0.,1.));
#11313 = ADVANCED_FACE('',(#11314),#11332,.F.);
#11314 = FACE_BOUND('',#11315,.F.);
#11315 = EDGE_LOOP('',(#11316,#11324,#11330,#11331));
#11316 = ORIENTED_EDGE('',*,*,#11317,.F.);
#11317 = EDGE_CURVE('',#11318,#10448,#11320,.T.);
#11318 = VERTEX_POINT('',#11319);
#11319 = CARTESIAN_POINT('',(-0.32,-5.4,-2.84));
#11320 = LINE('',#11321,#11322);
#11321 = CARTESIAN_POINT('',(-0.32,-5.4,-3.));
#11322 = VECTOR('',#11323,1.);
#11323 = DIRECTION('',(0.,0.,1.));
#11324 = ORIENTED_EDGE('',*,*,#11325,.T.);
#11325 = EDGE_CURVE('',#11318,#11295,#11326,.T.);
#11326 = LINE('',#11327,#11328);
#11327 = CARTESIAN_POINT('',(-0.32,-5.4,-2.84));
#11328 = VECTOR('',#11329,1.);
#11329 = DIRECTION('',(0.,1.,0.));
#11330 = ORIENTED_EDGE('',*,*,#11302,.T.);
#11331 = ORIENTED_EDGE('',*,*,#10455,.F.);
#11332 = PLANE('',#11333);
#11333 = AXIS2_PLACEMENT_3D('',#11334,#11335,#11336);
#11334 = CARTESIAN_POINT('',(-0.32,-5.4,-3.));
#11335 = DIRECTION('',(1.,0.,0.));
#11336 = DIRECTION('',(0.,0.,1.));
#11337 = ADVANCED_FACE('',(#11338),#11356,.F.);
#11338 = FACE_BOUND('',#11339,.F.);
#11339 = EDGE_LOOP('',(#11340,#11348,#11354,#11355));
#11340 = ORIENTED_EDGE('',*,*,#11341,.F.);
#11341 = EDGE_CURVE('',#11342,#10440,#11344,.T.);
#11342 = VERTEX_POINT('',#11343);
#11343 = CARTESIAN_POINT('',(0.32,-5.4,-2.84));
#11344 = LINE('',#11345,#11346);
#11345 = CARTESIAN_POINT('',(0.32,-5.4,-3.));
#11346 = VECTOR('',#11347,1.);
#11347 = DIRECTION('',(0.,0.,1.));
#11348 = ORIENTED_EDGE('',*,*,#11349,.F.);
#11349 = EDGE_CURVE('',#11318,#11342,#11350,.T.);
#11350 = LINE('',#11351,#11352);
#11351 = CARTESIAN_POINT('',(-0.32,-5.4,-2.84));
#11352 = VECTOR('',#11353,1.);
#11353 = DIRECTION('',(1.,0.,0.));
#11354 = ORIENTED_EDGE('',*,*,#11317,.T.);
#11355 = ORIENTED_EDGE('',*,*,#10447,.F.);
#11356 = PLANE('',#11357);
#11357 = AXIS2_PLACEMENT_3D('',#11358,#11359,#11360);
#11358 = CARTESIAN_POINT('',(-0.32,-5.4,-3.));
#11359 = DIRECTION('',(0.,1.,0.));
#11360 = DIRECTION('',(0.,-0.,1.));
#11361 = ADVANCED_FACE('',(#11362),#11373,.T.);
#11362 = FACE_BOUND('',#11363,.T.);
#11363 = EDGE_LOOP('',(#11364,#11365,#11371,#11372));
#11364 = ORIENTED_EDGE('',*,*,#11341,.F.);
#11365 = ORIENTED_EDGE('',*,*,#11366,.T.);
#11366 = EDGE_CURVE('',#11342,#11287,#11367,.T.);
#11367 = LINE('',#11368,#11369);
#11368 = CARTESIAN_POINT('',(0.32,-5.4,-2.84));
#11369 = VECTOR('',#11370,1.);
#11370 = DIRECTION('',(0.,1.,0.));
#11371 = ORIENTED_EDGE('',*,*,#11286,.T.);
#11372 = ORIENTED_EDGE('',*,*,#10439,.F.);
#11373 = PLANE('',#11374);
#11374 = AXIS2_PLACEMENT_3D('',#11375,#11376,#11377);
#11375 = CARTESIAN_POINT('',(0.32,-5.4,-3.));
#11376 = DIRECTION('',(1.,0.,0.));
#11377 = DIRECTION('',(0.,0.,1.));
#11378 = ADVANCED_FACE('',(#11379),#11404,.T.);
#11379 = FACE_BOUND('',#11380,.T.);
#11380 = EDGE_LOOP('',(#11381,#11389,#11397,#11403));
#11381 = ORIENTED_EDGE('',*,*,#11382,.F.);
#11382 = EDGE_CURVE('',#11383,#10464,#11385,.T.);
#11383 = VERTEX_POINT('',#11384);
#11384 = CARTESIAN_POINT('',(0.32,-7.94,-2.84));
#11385 = LINE('',#11386,#11387);
#11386 = CARTESIAN_POINT('',(0.32,-7.94,-3.));
#11387 = VECTOR('',#11388,1.);
#11388 = DIRECTION('',(0.,0.,1.));
#11389 = ORIENTED_EDGE('',*,*,#11390,.T.);
#11390 = EDGE_CURVE('',#11383,#11391,#11393,.T.);
#11391 = VERTEX_POINT('',#11392);
#11392 = CARTESIAN_POINT('',(0.32,-7.3,-2.84));
#11393 = LINE('',#11394,#11395);
#11394 = CARTESIAN_POINT('',(0.32,-7.94,-2.84));
#11395 = VECTOR('',#11396,1.);
#11396 = DIRECTION('',(0.,1.,0.));
#11397 = ORIENTED_EDGE('',*,*,#11398,.T.);
#11398 = EDGE_CURVE('',#11391,#10466,#11399,.T.);
#11399 = LINE('',#11400,#11401);
#11400 = CARTESIAN_POINT('',(0.32,-7.3,-3.));
#11401 = VECTOR('',#11402,1.);
#11402 = DIRECTION('',(0.,0.,1.));
#11403 = ORIENTED_EDGE('',*,*,#10463,.F.);
#11404 = PLANE('',#11405);
#11405 = AXIS2_PLACEMENT_3D('',#11406,#11407,#11408);
#11406 = CARTESIAN_POINT('',(0.32,-7.94,-3.));
#11407 = DIRECTION('',(1.,0.,0.));
#11408 = DIRECTION('',(0.,0.,1.));
#11409 = ADVANCED_FACE('',(#11410),#11428,.T.);
#11410 = FACE_BOUND('',#11411,.T.);
#11411 = EDGE_LOOP('',(#11412,#11413,#11421,#11427));
#11412 = ORIENTED_EDGE('',*,*,#11398,.F.);
#11413 = ORIENTED_EDGE('',*,*,#11414,.F.);
#11414 = EDGE_CURVE('',#11415,#11391,#11417,.T.);
#11415 = VERTEX_POINT('',#11416);
#11416 = CARTESIAN_POINT('',(-0.32,-7.3,-2.84));
#11417 = LINE('',#11418,#11419);
#11418 = CARTESIAN_POINT('',(-0.32,-7.3,-2.84));
#11419 = VECTOR('',#11420,1.);
#11420 = DIRECTION('',(1.,0.,0.));
#11421 = ORIENTED_EDGE('',*,*,#11422,.T.);
#11422 = EDGE_CURVE('',#11415,#10482,#11423,.T.);
#11423 = LINE('',#11424,#11425);
#11424 = CARTESIAN_POINT('',(-0.32,-7.3,-3.));
#11425 = VECTOR('',#11426,1.);
#11426 = DIRECTION('',(0.,0.,1.));
#11427 = ORIENTED_EDGE('',*,*,#10489,.F.);
#11428 = PLANE('',#11429);
#11429 = AXIS2_PLACEMENT_3D('',#11430,#11431,#11432);
#11430 = CARTESIAN_POINT('',(-0.32,-7.3,-3.));
#11431 = DIRECTION('',(0.,1.,0.));
#11432 = DIRECTION('',(0.,-0.,1.));
#11433 = ADVANCED_FACE('',(#11434),#11452,.F.);
#11434 = FACE_BOUND('',#11435,.F.);
#11435 = EDGE_LOOP('',(#11436,#11444,#11450,#11451));
#11436 = ORIENTED_EDGE('',*,*,#11437,.F.);
#11437 = EDGE_CURVE('',#11438,#10474,#11440,.T.);
#11438 = VERTEX_POINT('',#11439);
#11439 = CARTESIAN_POINT('',(-0.32,-7.94,-2.84));
#11440 = LINE('',#11441,#11442);
#11441 = CARTESIAN_POINT('',(-0.32,-7.94,-3.));
#11442 = VECTOR('',#11443,1.);
#11443 = DIRECTION('',(0.,0.,1.));
#11444 = ORIENTED_EDGE('',*,*,#11445,.T.);
#11445 = EDGE_CURVE('',#11438,#11415,#11446,.T.);
#11446 = LINE('',#11447,#11448);
#11447 = CARTESIAN_POINT('',(-0.32,-7.94,-2.84));
#11448 = VECTOR('',#11449,1.);
#11449 = DIRECTION('',(0.,1.,0.));
#11450 = ORIENTED_EDGE('',*,*,#11422,.T.);
#11451 = ORIENTED_EDGE('',*,*,#10481,.F.);
#11452 = PLANE('',#11453);
#11453 = AXIS2_PLACEMENT_3D('',#11454,#11455,#11456);
#11454 = CARTESIAN_POINT('',(-0.32,-7.94,-3.));
#11455 = DIRECTION('',(1.,0.,0.));
#11456 = DIRECTION('',(0.,0.,1.));
#11457 = ADVANCED_FACE('',(#11458),#11469,.F.);
#11458 = FACE_BOUND('',#11459,.F.);
#11459 = EDGE_LOOP('',(#11460,#11461,#11467,#11468));
#11460 = ORIENTED_EDGE('',*,*,#11382,.F.);
#11461 = ORIENTED_EDGE('',*,*,#11462,.F.);
#11462 = EDGE_CURVE('',#11438,#11383,#11463,.T.);
#11463 = LINE('',#11464,#11465);
#11464 = CARTESIAN_POINT('',(-0.32,-7.94,-2.84));
#11465 = VECTOR('',#11466,1.);
#11466 = DIRECTION('',(1.,0.,0.));
#11467 = ORIENTED_EDGE('',*,*,#11437,.T.);
#11468 = ORIENTED_EDGE('',*,*,#10473,.F.);
#11469 = PLANE('',#11470);
#11470 = AXIS2_PLACEMENT_3D('',#11471,#11472,#11473);
#11471 = CARTESIAN_POINT('',(-0.32,-7.94,-3.));
#11472 = DIRECTION('',(0.,1.,0.));
#11473 = DIRECTION('',(0.,-0.,1.));
#11474 = ADVANCED_FACE('',(#11475),#11500,.T.);
#11475 = FACE_BOUND('',#11476,.T.);
#11476 = EDGE_LOOP('',(#11477,#11485,#11493,#11499));
#11477 = ORIENTED_EDGE('',*,*,#11478,.F.);
#11478 = EDGE_CURVE('',#11479,#10498,#11481,.T.);
#11479 = VERTEX_POINT('',#11480);
#11480 = CARTESIAN_POINT('',(0.32,-0.32,-2.84));
#11481 = LINE('',#11482,#11483);
#11482 = CARTESIAN_POINT('',(0.32,-0.32,-3.));
#11483 = VECTOR('',#11484,1.);
#11484 = DIRECTION('',(0.,0.,1.));
#11485 = ORIENTED_EDGE('',*,*,#11486,.T.);
#11486 = EDGE_CURVE('',#11479,#11487,#11489,.T.);
#11487 = VERTEX_POINT('',#11488);
#11488 = CARTESIAN_POINT('',(0.32,0.32,-2.84));
#11489 = LINE('',#11490,#11491);
#11490 = CARTESIAN_POINT('',(0.32,-0.32,-2.84));
#11491 = VECTOR('',#11492,1.);
#11492 = DIRECTION('',(0.,1.,0.));
#11493 = ORIENTED_EDGE('',*,*,#11494,.T.);
#11494 = EDGE_CURVE('',#11487,#10500,#11495,.T.);
#11495 = LINE('',#11496,#11497);
#11496 = CARTESIAN_POINT('',(0.32,0.32,-3.));
#11497 = VECTOR('',#11498,1.);
#11498 = DIRECTION('',(0.,0.,1.));
#11499 = ORIENTED_EDGE('',*,*,#10497,.F.);
#11500 = PLANE('',#11501);
#11501 = AXIS2_PLACEMENT_3D('',#11502,#11503,#11504);
#11502 = CARTESIAN_POINT('',(0.32,-0.32,-3.));
#11503 = DIRECTION('',(1.,0.,0.));
#11504 = DIRECTION('',(0.,0.,1.));
#11505 = ADVANCED_FACE('',(#11506),#11524,.T.);
#11506 = FACE_BOUND('',#11507,.T.);
#11507 = EDGE_LOOP('',(#11508,#11509,#11517,#11523));
#11508 = ORIENTED_EDGE('',*,*,#11494,.F.);
#11509 = ORIENTED_EDGE('',*,*,#11510,.F.);
#11510 = EDGE_CURVE('',#11511,#11487,#11513,.T.);
#11511 = VERTEX_POINT('',#11512);
#11512 = CARTESIAN_POINT('',(-0.32,0.32,-2.84));
#11513 = LINE('',#11514,#11515);
#11514 = CARTESIAN_POINT('',(-0.32,0.32,-2.84));
#11515 = VECTOR('',#11516,1.);
#11516 = DIRECTION('',(1.,0.,0.));
#11517 = ORIENTED_EDGE('',*,*,#11518,.T.);
#11518 = EDGE_CURVE('',#11511,#10516,#11519,.T.);
#11519 = LINE('',#11520,#11521);
#11520 = CARTESIAN_POINT('',(-0.32,0.32,-3.));
#11521 = VECTOR('',#11522,1.);
#11522 = DIRECTION('',(0.,0.,1.));
#11523 = ORIENTED_EDGE('',*,*,#10523,.F.);
#11524 = PLANE('',#11525);
#11525 = AXIS2_PLACEMENT_3D('',#11526,#11527,#11528);
#11526 = CARTESIAN_POINT('',(-0.32,0.32,-3.));
#11527 = DIRECTION('',(0.,1.,0.));
#11528 = DIRECTION('',(0.,-0.,1.));
#11529 = ADVANCED_FACE('',(#11530),#11548,.F.);
#11530 = FACE_BOUND('',#11531,.F.);
#11531 = EDGE_LOOP('',(#11532,#11540,#11546,#11547));
#11532 = ORIENTED_EDGE('',*,*,#11533,.F.);
#11533 = EDGE_CURVE('',#11534,#10508,#11536,.T.);
#11534 = VERTEX_POINT('',#11535);
#11535 = CARTESIAN_POINT('',(-0.32,-0.32,-2.84));
#11536 = LINE('',#11537,#11538);
#11537 = CARTESIAN_POINT('',(-0.32,-0.32,-3.));
#11538 = VECTOR('',#11539,1.);
#11539 = DIRECTION('',(0.,0.,1.));
#11540 = ORIENTED_EDGE('',*,*,#11541,.T.);
#11541 = EDGE_CURVE('',#11534,#11511,#11542,.T.);
#11542 = LINE('',#11543,#11544);
#11543 = CARTESIAN_POINT('',(-0.32,-0.32,-2.84));
#11544 = VECTOR('',#11545,1.);
#11545 = DIRECTION('',(0.,1.,0.));
#11546 = ORIENTED_EDGE('',*,*,#11518,.T.);
#11547 = ORIENTED_EDGE('',*,*,#10515,.F.);
#11548 = PLANE('',#11549);
#11549 = AXIS2_PLACEMENT_3D('',#11550,#11551,#11552);
#11550 = CARTESIAN_POINT('',(-0.32,-0.32,-3.));
#11551 = DIRECTION('',(1.,0.,0.));
#11552 = DIRECTION('',(0.,0.,1.));
#11553 = ADVANCED_FACE('',(#11554),#11565,.F.);
#11554 = FACE_BOUND('',#11555,.F.);
#11555 = EDGE_LOOP('',(#11556,#11557,#11563,#11564));
#11556 = ORIENTED_EDGE('',*,*,#11478,.F.);
#11557 = ORIENTED_EDGE('',*,*,#11558,.F.);
#11558 = EDGE_CURVE('',#11534,#11479,#11559,.T.);
#11559 = LINE('',#11560,#11561);
#11560 = CARTESIAN_POINT('',(-0.32,-0.32,-2.84));
#11561 = VECTOR('',#11562,1.);
#11562 = DIRECTION('',(1.,0.,0.));
#11563 = ORIENTED_EDGE('',*,*,#11533,.T.);
#11564 = ORIENTED_EDGE('',*,*,#10507,.F.);
#11565 = PLANE('',#11566);
#11566 = AXIS2_PLACEMENT_3D('',#11567,#11568,#11569);
#11567 = CARTESIAN_POINT('',(-0.32,-0.32,-3.));
#11568 = DIRECTION('',(0.,1.,0.));
#11569 = DIRECTION('',(0.,-0.,1.));
#11570 = ADVANCED_FACE('',(#11571),#11596,.T.);
#11571 = FACE_BOUND('',#11572,.T.);
#11572 = EDGE_LOOP('',(#11573,#11581,#11589,#11595));
#11573 = ORIENTED_EDGE('',*,*,#11574,.F.);
#11574 = EDGE_CURVE('',#11575,#10532,#11577,.T.);
#11575 = VERTEX_POINT('',#11576);
#11576 = CARTESIAN_POINT('',(0.32,-2.22,-2.84));
#11577 = LINE('',#11578,#11579);
#11578 = CARTESIAN_POINT('',(0.32,-2.22,-3.));
#11579 = VECTOR('',#11580,1.);
#11580 = DIRECTION('',(0.,0.,1.));
#11581 = ORIENTED_EDGE('',*,*,#11582,.F.);
#11582 = EDGE_CURVE('',#11583,#11575,#11585,.T.);
#11583 = VERTEX_POINT('',#11584);
#11584 = CARTESIAN_POINT('',(-0.32,-2.22,-2.84));
#11585 = LINE('',#11586,#11587);
#11586 = CARTESIAN_POINT('',(-0.32,-2.22,-2.84));
#11587 = VECTOR('',#11588,1.);
#11588 = DIRECTION('',(1.,0.,0.));
#11589 = ORIENTED_EDGE('',*,*,#11590,.T.);
#11590 = EDGE_CURVE('',#11583,#10534,#11591,.T.);
#11591 = LINE('',#11592,#11593);
#11592 = CARTESIAN_POINT('',(-0.32,-2.22,-3.));
#11593 = VECTOR('',#11594,1.);
#11594 = DIRECTION('',(0.,0.,1.));
#11595 = ORIENTED_EDGE('',*,*,#10531,.F.);
#11596 = PLANE('',#11597);
#11597 = AXIS2_PLACEMENT_3D('',#11598,#11599,#11600);
#11598 = CARTESIAN_POINT('',(-0.32,-2.22,-3.));
#11599 = DIRECTION('',(0.,1.,0.));
#11600 = DIRECTION('',(0.,-0.,1.));
#11601 = ADVANCED_FACE('',(#11602),#11620,.F.);
#11602 = FACE_BOUND('',#11603,.F.);
#11603 = EDGE_LOOP('',(#11604,#11612,#11618,#11619));
#11604 = ORIENTED_EDGE('',*,*,#11605,.F.);
#11605 = EDGE_CURVE('',#11606,#10550,#11608,.T.);
#11606 = VERTEX_POINT('',#11607);
#11607 = CARTESIAN_POINT('',(-0.32,-2.86,-2.84));
#11608 = LINE('',#11609,#11610);
#11609 = CARTESIAN_POINT('',(-0.32,-2.86,-3.));
#11610 = VECTOR('',#11611,1.);
#11611 = DIRECTION('',(0.,0.,1.));
#11612 = ORIENTED_EDGE('',*,*,#11613,.T.);
#11613 = EDGE_CURVE('',#11606,#11583,#11614,.T.);
#11614 = LINE('',#11615,#11616);
#11615 = CARTESIAN_POINT('',(-0.32,-2.86,-2.84));
#11616 = VECTOR('',#11617,1.);
#11617 = DIRECTION('',(0.,1.,0.));
#11618 = ORIENTED_EDGE('',*,*,#11590,.T.);
#11619 = ORIENTED_EDGE('',*,*,#10557,.F.);
#11620 = PLANE('',#11621);
#11621 = AXIS2_PLACEMENT_3D('',#11622,#11623,#11624);
#11622 = CARTESIAN_POINT('',(-0.32,-2.86,-3.));
#11623 = DIRECTION('',(1.,0.,0.));
#11624 = DIRECTION('',(0.,0.,1.));
#11625 = ADVANCED_FACE('',(#11626),#11644,.F.);
#11626 = FACE_BOUND('',#11627,.F.);
#11627 = EDGE_LOOP('',(#11628,#11636,#11642,#11643));
#11628 = ORIENTED_EDGE('',*,*,#11629,.F.);
#11629 = EDGE_CURVE('',#11630,#10542,#11632,.T.);
#11630 = VERTEX_POINT('',#11631);
#11631 = CARTESIAN_POINT('',(0.32,-2.86,-2.84));
#11632 = LINE('',#11633,#11634);
#11633 = CARTESIAN_POINT('',(0.32,-2.86,-3.));
#11634 = VECTOR('',#11635,1.);
#11635 = DIRECTION('',(0.,0.,1.));
#11636 = ORIENTED_EDGE('',*,*,#11637,.F.);
#11637 = EDGE_CURVE('',#11606,#11630,#11638,.T.);
#11638 = LINE('',#11639,#11640);
#11639 = CARTESIAN_POINT('',(-0.32,-2.86,-2.84));
#11640 = VECTOR('',#11641,1.);
#11641 = DIRECTION('',(1.,0.,0.));
#11642 = ORIENTED_EDGE('',*,*,#11605,.T.);
#11643 = ORIENTED_EDGE('',*,*,#10549,.F.);
#11644 = PLANE('',#11645);
#11645 = AXIS2_PLACEMENT_3D('',#11646,#11647,#11648);
#11646 = CARTESIAN_POINT('',(-0.32,-2.86,-3.));
#11647 = DIRECTION('',(0.,1.,0.));
#11648 = DIRECTION('',(0.,-0.,1.));
#11649 = ADVANCED_FACE('',(#11650),#11661,.T.);
#11650 = FACE_BOUND('',#11651,.T.);
#11651 = EDGE_LOOP('',(#11652,#11653,#11659,#11660));
#11652 = ORIENTED_EDGE('',*,*,#11629,.F.);
#11653 = ORIENTED_EDGE('',*,*,#11654,.T.);
#11654 = EDGE_CURVE('',#11630,#11575,#11655,.T.);
#11655 = LINE('',#11656,#11657);
#11656 = CARTESIAN_POINT('',(0.32,-2.86,-2.84));
#11657 = VECTOR('',#11658,1.);
#11658 = DIRECTION('',(0.,1.,0.));
#11659 = ORIENTED_EDGE('',*,*,#11574,.T.);
#11660 = ORIENTED_EDGE('',*,*,#10541,.F.);
#11661 = PLANE('',#11662);
#11662 = AXIS2_PLACEMENT_3D('',#11663,#11664,#11665);
#11663 = CARTESIAN_POINT('',(0.32,-2.86,-3.));
#11664 = DIRECTION('',(1.,0.,0.));
#11665 = DIRECTION('',(0.,0.,1.));
#11666 = ADVANCED_FACE('',(#11667),#11692,.T.);
#11667 = FACE_BOUND('',#11668,.T.);
#11668 = EDGE_LOOP('',(#11669,#11677,#11678,#11686));
#11669 = ORIENTED_EDGE('',*,*,#11670,.F.);
#11670 = EDGE_CURVE('',#10759,#11671,#11673,.T.);
#11671 = VERTEX_POINT('',#11672);
#11672 = CARTESIAN_POINT('',(0.32,-4.76,8.38));
#11673 = LINE('',#11674,#11675);
#11674 = CARTESIAN_POINT('',(0.32,-4.76,-3.));
#11675 = VECTOR('',#11676,1.);
#11676 = DIRECTION('',(0.,0.,1.));
#11677 = ORIENTED_EDGE('',*,*,#10758,.T.);
#11678 = ORIENTED_EDGE('',*,*,#11679,.T.);
#11679 = EDGE_CURVE('',#10761,#11680,#11682,.T.);
#11680 = VERTEX_POINT('',#11681);
#11681 = CARTESIAN_POINT('',(-0.32,-4.76,8.38));
#11682 = LINE('',#11683,#11684);
#11683 = CARTESIAN_POINT('',(-0.32,-4.76,-3.));
#11684 = VECTOR('',#11685,1.);
#11685 = DIRECTION('',(0.,0.,1.));
#11686 = ORIENTED_EDGE('',*,*,#11687,.T.);
#11687 = EDGE_CURVE('',#11680,#11671,#11688,.T.);
#11688 = LINE('',#11689,#11690);
#11689 = CARTESIAN_POINT('',(-0.32,-4.76,8.38));
#11690 = VECTOR('',#11691,1.);
#11691 = DIRECTION('',(1.,0.,0.));
#11692 = PLANE('',#11693);
#11693 = AXIS2_PLACEMENT_3D('',#11694,#11695,#11696);
#11694 = CARTESIAN_POINT('',(-0.32,-4.76,-3.));
#11695 = DIRECTION('',(0.,1.,0.));
#11696 = DIRECTION('',(0.,-0.,1.));
#11697 = ADVANCED_FACE('',(#11698),#11716,.F.);
#11698 = FACE_BOUND('',#11699,.F.);
#11699 = EDGE_LOOP('',(#11700,#11708,#11709,#11710));
#11700 = ORIENTED_EDGE('',*,*,#11701,.F.);
#11701 = EDGE_CURVE('',#10777,#11702,#11704,.T.);
#11702 = VERTEX_POINT('',#11703);
#11703 = CARTESIAN_POINT('',(-0.32,-5.4,8.38));
#11704 = LINE('',#11705,#11706);
#11705 = CARTESIAN_POINT('',(-0.32,-5.4,-3.));
#11706 = VECTOR('',#11707,1.);
#11707 = DIRECTION('',(0.,0.,1.));
#11708 = ORIENTED_EDGE('',*,*,#10784,.T.);
#11709 = ORIENTED_EDGE('',*,*,#11679,.T.);
#11710 = ORIENTED_EDGE('',*,*,#11711,.F.);
#11711 = EDGE_CURVE('',#11702,#11680,#11712,.T.);
#11712 = LINE('',#11713,#11714);
#11713 = CARTESIAN_POINT('',(-0.32,-5.4,8.38));
#11714 = VECTOR('',#11715,1.);
#11715 = DIRECTION('',(0.,1.,0.));
#11716 = PLANE('',#11717);
#11717 = AXIS2_PLACEMENT_3D('',#11718,#11719,#11720);
#11718 = CARTESIAN_POINT('',(-0.32,-5.4,-3.));
#11719 = DIRECTION('',(1.,0.,0.));
#11720 = DIRECTION('',(0.,0.,1.));
#11721 = ADVANCED_FACE('',(#11722),#11740,.F.);
#11722 = FACE_BOUND('',#11723,.F.);
#11723 = EDGE_LOOP('',(#11724,#11732,#11733,#11734));
#11724 = ORIENTED_EDGE('',*,*,#11725,.F.);
#11725 = EDGE_CURVE('',#10769,#11726,#11728,.T.);
#11726 = VERTEX_POINT('',#11727);
#11727 = CARTESIAN_POINT('',(0.32,-5.4,8.38));
#11728 = LINE('',#11729,#11730);
#11729 = CARTESIAN_POINT('',(0.32,-5.4,-3.));
#11730 = VECTOR('',#11731,1.);
#11731 = DIRECTION('',(0.,0.,1.));
#11732 = ORIENTED_EDGE('',*,*,#10776,.T.);
#11733 = ORIENTED_EDGE('',*,*,#11701,.T.);
#11734 = ORIENTED_EDGE('',*,*,#11735,.T.);
#11735 = EDGE_CURVE('',#11702,#11726,#11736,.T.);
#11736 = LINE('',#11737,#11738);
#11737 = CARTESIAN_POINT('',(-0.32,-5.4,8.38));
#11738 = VECTOR('',#11739,1.);
#11739 = DIRECTION('',(1.,0.,0.));
#11740 = PLANE('',#11741);
#11741 = AXIS2_PLACEMENT_3D('',#11742,#11743,#11744);
#11742 = CARTESIAN_POINT('',(-0.32,-5.4,-3.));
#11743 = DIRECTION('',(0.,1.,0.));
#11744 = DIRECTION('',(0.,-0.,1.));
#11745 = ADVANCED_FACE('',(#11746),#11757,.T.);
#11746 = FACE_BOUND('',#11747,.T.);
#11747 = EDGE_LOOP('',(#11748,#11749,#11750,#11751));
#11748 = ORIENTED_EDGE('',*,*,#11725,.F.);
#11749 = ORIENTED_EDGE('',*,*,#10768,.T.);
#11750 = ORIENTED_EDGE('',*,*,#11670,.T.);
#11751 = ORIENTED_EDGE('',*,*,#11752,.F.);
#11752 = EDGE_CURVE('',#11726,#11671,#11753,.T.);
#11753 = LINE('',#11754,#11755);
#11754 = CARTESIAN_POINT('',(0.32,-5.4,8.38));
#11755 = VECTOR('',#11756,1.);
#11756 = DIRECTION('',(0.,1.,0.));
#11757 = PLANE('',#11758);
#11758 = AXIS2_PLACEMENT_3D('',#11759,#11760,#11761);
#11759 = CARTESIAN_POINT('',(0.32,-5.4,-3.));
#11760 = DIRECTION('',(1.,0.,0.));
#11761 = DIRECTION('',(0.,0.,1.));
#11762 = ADVANCED_FACE('',(#11763),#11788,.T.);
#11763 = FACE_BOUND('',#11764,.T.);
#11764 = EDGE_LOOP('',(#11765,#11773,#11774,#11782));
#11765 = ORIENTED_EDGE('',*,*,#11766,.F.);
#11766 = EDGE_CURVE('',#10793,#11767,#11769,.T.);
#11767 = VERTEX_POINT('',#11768);
#11768 = CARTESIAN_POINT('',(0.32,-7.94,8.38));
#11769 = LINE('',#11770,#11771);
#11770 = CARTESIAN_POINT('',(0.32,-7.94,-3.));
#11771 = VECTOR('',#11772,1.);
#11772 = DIRECTION('',(0.,0.,1.));
#11773 = ORIENTED_EDGE('',*,*,#10792,.T.);
#11774 = ORIENTED_EDGE('',*,*,#11775,.T.);
#11775 = EDGE_CURVE('',#10795,#11776,#11778,.T.);
#11776 = VERTEX_POINT('',#11777);
#11777 = CARTESIAN_POINT('',(0.32,-7.3,8.38));
#11778 = LINE('',#11779,#11780);
#11779 = CARTESIAN_POINT('',(0.32,-7.3,-3.));
#11780 = VECTOR('',#11781,1.);
#11781 = DIRECTION('',(0.,0.,1.));
#11782 = ORIENTED_EDGE('',*,*,#11783,.F.);
#11783 = EDGE_CURVE('',#11767,#11776,#11784,.T.);
#11784 = LINE('',#11785,#11786);
#11785 = CARTESIAN_POINT('',(0.32,-7.94,8.38));
#11786 = VECTOR('',#11787,1.);
#11787 = DIRECTION('',(0.,1.,0.));
#11788 = PLANE('',#11789);
#11789 = AXIS2_PLACEMENT_3D('',#11790,#11791,#11792);
#11790 = CARTESIAN_POINT('',(0.32,-7.94,-3.));
#11791 = DIRECTION('',(1.,0.,0.));
#11792 = DIRECTION('',(0.,0.,1.));
#11793 = ADVANCED_FACE('',(#11794),#11812,.T.);
#11794 = FACE_BOUND('',#11795,.T.);
#11795 = EDGE_LOOP('',(#11796,#11797,#11798,#11806));
#11796 = ORIENTED_EDGE('',*,*,#11775,.F.);
#11797 = ORIENTED_EDGE('',*,*,#10818,.T.);
#11798 = ORIENTED_EDGE('',*,*,#11799,.T.);
#11799 = EDGE_CURVE('',#10811,#11800,#11802,.T.);
#11800 = VERTEX_POINT('',#11801);
#11801 = CARTESIAN_POINT('',(-0.32,-7.3,8.38));
#11802 = LINE('',#11803,#11804);
#11803 = CARTESIAN_POINT('',(-0.32,-7.3,-3.));
#11804 = VECTOR('',#11805,1.);
#11805 = DIRECTION('',(0.,0.,1.));
#11806 = ORIENTED_EDGE('',*,*,#11807,.T.);
#11807 = EDGE_CURVE('',#11800,#11776,#11808,.T.);
#11808 = LINE('',#11809,#11810);
#11809 = CARTESIAN_POINT('',(-0.32,-7.3,8.38));
#11810 = VECTOR('',#11811,1.);
#11811 = DIRECTION('',(1.,0.,0.));
#11812 = PLANE('',#11813);
#11813 = AXIS2_PLACEMENT_3D('',#11814,#11815,#11816);
#11814 = CARTESIAN_POINT('',(-0.32,-7.3,-3.));
#11815 = DIRECTION('',(0.,1.,0.));
#11816 = DIRECTION('',(0.,-0.,1.));
#11817 = ADVANCED_FACE('',(#11818),#11836,.F.);
#11818 = FACE_BOUND('',#11819,.F.);
#11819 = EDGE_LOOP('',(#11820,#11828,#11829,#11830));
#11820 = ORIENTED_EDGE('',*,*,#11821,.F.);
#11821 = EDGE_CURVE('',#10803,#11822,#11824,.T.);
#11822 = VERTEX_POINT('',#11823);
#11823 = CARTESIAN_POINT('',(-0.32,-7.94,8.38));
#11824 = LINE('',#11825,#11826);
#11825 = CARTESIAN_POINT('',(-0.32,-7.94,-3.));
#11826 = VECTOR('',#11827,1.);
#11827 = DIRECTION('',(0.,0.,1.));
#11828 = ORIENTED_EDGE('',*,*,#10810,.T.);
#11829 = ORIENTED_EDGE('',*,*,#11799,.T.);
#11830 = ORIENTED_EDGE('',*,*,#11831,.F.);
#11831 = EDGE_CURVE('',#11822,#11800,#11832,.T.);
#11832 = LINE('',#11833,#11834);
#11833 = CARTESIAN_POINT('',(-0.32,-7.94,8.38));
#11834 = VECTOR('',#11835,1.);
#11835 = DIRECTION('',(0.,1.,0.));
#11836 = PLANE('',#11837);
#11837 = AXIS2_PLACEMENT_3D('',#11838,#11839,#11840);
#11838 = CARTESIAN_POINT('',(-0.32,-7.94,-3.));
#11839 = DIRECTION('',(1.,0.,0.));
#11840 = DIRECTION('',(0.,0.,1.));
#11841 = ADVANCED_FACE('',(#11842),#11853,.F.);
#11842 = FACE_BOUND('',#11843,.F.);
#11843 = EDGE_LOOP('',(#11844,#11845,#11846,#11847));
#11844 = ORIENTED_EDGE('',*,*,#11766,.F.);
#11845 = ORIENTED_EDGE('',*,*,#10802,.T.);
#11846 = ORIENTED_EDGE('',*,*,#11821,.T.);
#11847 = ORIENTED_EDGE('',*,*,#11848,.T.);
#11848 = EDGE_CURVE('',#11822,#11767,#11849,.T.);
#11849 = LINE('',#11850,#11851);
#11850 = CARTESIAN_POINT('',(-0.32,-7.94,8.38));
#11851 = VECTOR('',#11852,1.);
#11852 = DIRECTION('',(1.,0.,0.));
#11853 = PLANE('',#11854);
#11854 = AXIS2_PLACEMENT_3D('',#11855,#11856,#11857);
#11855 = CARTESIAN_POINT('',(-0.32,-7.94,-3.));
#11856 = DIRECTION('',(0.,1.,0.));
#11857 = DIRECTION('',(0.,-0.,1.));
#11858 = ADVANCED_FACE('',(#11859),#11884,.T.);
#11859 = FACE_BOUND('',#11860,.T.);
#11860 = EDGE_LOOP('',(#11861,#11869,#11870,#11878));
#11861 = ORIENTED_EDGE('',*,*,#11862,.F.);
#11862 = EDGE_CURVE('',#10827,#11863,#11865,.T.);
#11863 = VERTEX_POINT('',#11864);
#11864 = CARTESIAN_POINT('',(0.32,-0.32,8.38));
#11865 = LINE('',#11866,#11867);
#11866 = CARTESIAN_POINT('',(0.32,-0.32,-3.));
#11867 = VECTOR('',#11868,1.);
#11868 = DIRECTION('',(0.,0.,1.));
#11869 = ORIENTED_EDGE('',*,*,#10826,.T.);
#11870 = ORIENTED_EDGE('',*,*,#11871,.T.);
#11871 = EDGE_CURVE('',#10829,#11872,#11874,.T.);
#11872 = VERTEX_POINT('',#11873);
#11873 = CARTESIAN_POINT('',(0.32,0.32,8.38));
#11874 = LINE('',#11875,#11876);
#11875 = CARTESIAN_POINT('',(0.32,0.32,-3.));
#11876 = VECTOR('',#11877,1.);
#11877 = DIRECTION('',(0.,0.,1.));
#11878 = ORIENTED_EDGE('',*,*,#11879,.F.);
#11879 = EDGE_CURVE('',#11863,#11872,#11880,.T.);
#11880 = LINE('',#11881,#11882);
#11881 = CARTESIAN_POINT('',(0.32,-0.32,8.38));
#11882 = VECTOR('',#11883,1.);
#11883 = DIRECTION('',(0.,1.,0.));
#11884 = PLANE('',#11885);
#11885 = AXIS2_PLACEMENT_3D('',#11886,#11887,#11888);
#11886 = CARTESIAN_POINT('',(0.32,-0.32,-3.));
#11887 = DIRECTION('',(1.,0.,0.));
#11888 = DIRECTION('',(0.,0.,1.));
#11889 = ADVANCED_FACE('',(#11890),#11908,.T.);
#11890 = FACE_BOUND('',#11891,.T.);
#11891 = EDGE_LOOP('',(#11892,#11893,#11894,#11902));
#11892 = ORIENTED_EDGE('',*,*,#11871,.F.);
#11893 = ORIENTED_EDGE('',*,*,#10852,.T.);
#11894 = ORIENTED_EDGE('',*,*,#11895,.T.);
#11895 = EDGE_CURVE('',#10845,#11896,#11898,.T.);
#11896 = VERTEX_POINT('',#11897);
#11897 = CARTESIAN_POINT('',(-0.32,0.32,8.38));
#11898 = LINE('',#11899,#11900);
#11899 = CARTESIAN_POINT('',(-0.32,0.32,-3.));
#11900 = VECTOR('',#11901,1.);
#11901 = DIRECTION('',(0.,0.,1.));
#11902 = ORIENTED_EDGE('',*,*,#11903,.T.);
#11903 = EDGE_CURVE('',#11896,#11872,#11904,.T.);
#11904 = LINE('',#11905,#11906);
#11905 = CARTESIAN_POINT('',(-0.32,0.32,8.38));
#11906 = VECTOR('',#11907,1.);
#11907 = DIRECTION('',(1.,0.,0.));
#11908 = PLANE('',#11909);
#11909 = AXIS2_PLACEMENT_3D('',#11910,#11911,#11912);
#11910 = CARTESIAN_POINT('',(-0.32,0.32,-3.));
#11911 = DIRECTION('',(0.,1.,0.));
#11912 = DIRECTION('',(0.,-0.,1.));
#11913 = ADVANCED_FACE('',(#11914),#11932,.F.);
#11914 = FACE_BOUND('',#11915,.F.);
#11915 = EDGE_LOOP('',(#11916,#11924,#11925,#11926));
#11916 = ORIENTED_EDGE('',*,*,#11917,.F.);
#11917 = EDGE_CURVE('',#10837,#11918,#11920,.T.);
#11918 = VERTEX_POINT('',#11919);
#11919 = CARTESIAN_POINT('',(-0.32,-0.32,8.38));
#11920 = LINE('',#11921,#11922);
#11921 = CARTESIAN_POINT('',(-0.32,-0.32,-3.));
#11922 = VECTOR('',#11923,1.);
#11923 = DIRECTION('',(0.,0.,1.));
#11924 = ORIENTED_EDGE('',*,*,#10844,.T.);
#11925 = ORIENTED_EDGE('',*,*,#11895,.T.);
#11926 = ORIENTED_EDGE('',*,*,#11927,.F.);
#11927 = EDGE_CURVE('',#11918,#11896,#11928,.T.);
#11928 = LINE('',#11929,#11930);
#11929 = CARTESIAN_POINT('',(-0.32,-0.32,8.38));
#11930 = VECTOR('',#11931,1.);
#11931 = DIRECTION('',(0.,1.,0.));
#11932 = PLANE('',#11933);
#11933 = AXIS2_PLACEMENT_3D('',#11934,#11935,#11936);
#11934 = CARTESIAN_POINT('',(-0.32,-0.32,-3.));
#11935 = DIRECTION('',(1.,0.,0.));
#11936 = DIRECTION('',(0.,0.,1.));
#11937 = ADVANCED_FACE('',(#11938),#11949,.F.);
#11938 = FACE_BOUND('',#11939,.F.);
#11939 = EDGE_LOOP('',(#11940,#11941,#11942,#11943));
#11940 = ORIENTED_EDGE('',*,*,#11862,.F.);
#11941 = ORIENTED_EDGE('',*,*,#10836,.T.);
#11942 = ORIENTED_EDGE('',*,*,#11917,.T.);
#11943 = ORIENTED_EDGE('',*,*,#11944,.T.);
#11944 = EDGE_CURVE('',#11918,#11863,#11945,.T.);
#11945 = LINE('',#11946,#11947);
#11946 = CARTESIAN_POINT('',(-0.32,-0.32,8.38));
#11947 = VECTOR('',#11948,1.);
#11948 = DIRECTION('',(1.,0.,0.));
#11949 = PLANE('',#11950);
#11950 = AXIS2_PLACEMENT_3D('',#11951,#11952,#11953);
#11951 = CARTESIAN_POINT('',(-0.32,-0.32,-3.));
#11952 = DIRECTION('',(0.,1.,0.));
#11953 = DIRECTION('',(0.,-0.,1.));
#11954 = ADVANCED_FACE('',(#11955),#11980,.T.);
#11955 = FACE_BOUND('',#11956,.T.);
#11956 = EDGE_LOOP('',(#11957,#11965,#11966,#11974));
#11957 = ORIENTED_EDGE('',*,*,#11958,.F.);
#11958 = EDGE_CURVE('',#10861,#11959,#11961,.T.);
#11959 = VERTEX_POINT('',#11960);
#11960 = CARTESIAN_POINT('',(0.32,-2.22,8.38));
#11961 = LINE('',#11962,#11963);
#11962 = CARTESIAN_POINT('',(0.32,-2.22,-3.));
#11963 = VECTOR('',#11964,1.);
#11964 = DIRECTION('',(0.,0.,1.));
#11965 = ORIENTED_EDGE('',*,*,#10860,.T.);
#11966 = ORIENTED_EDGE('',*,*,#11967,.T.);
#11967 = EDGE_CURVE('',#10863,#11968,#11970,.T.);
#11968 = VERTEX_POINT('',#11969);
#11969 = CARTESIAN_POINT('',(-0.32,-2.22,8.38));
#11970 = LINE('',#11971,#11972);
#11971 = CARTESIAN_POINT('',(-0.32,-2.22,-3.));
#11972 = VECTOR('',#11973,1.);
#11973 = DIRECTION('',(0.,0.,1.));
#11974 = ORIENTED_EDGE('',*,*,#11975,.T.);
#11975 = EDGE_CURVE('',#11968,#11959,#11976,.T.);
#11976 = LINE('',#11977,#11978);
#11977 = CARTESIAN_POINT('',(-0.32,-2.22,8.38));
#11978 = VECTOR('',#11979,1.);
#11979 = DIRECTION('',(1.,0.,0.));
#11980 = PLANE('',#11981);
#11981 = AXIS2_PLACEMENT_3D('',#11982,#11983,#11984);
#11982 = CARTESIAN_POINT('',(-0.32,-2.22,-3.));
#11983 = DIRECTION('',(0.,1.,0.));
#11984 = DIRECTION('',(0.,-0.,1.));
#11985 = ADVANCED_FACE('',(#11986),#12004,.F.);
#11986 = FACE_BOUND('',#11987,.F.);
#11987 = EDGE_LOOP('',(#11988,#11996,#11997,#11998));
#11988 = ORIENTED_EDGE('',*,*,#11989,.F.);
#11989 = EDGE_CURVE('',#10879,#11990,#11992,.T.);
#11990 = VERTEX_POINT('',#11991);
#11991 = CARTESIAN_POINT('',(-0.32,-2.86,8.38));
#11992 = LINE('',#11993,#11994);
#11993 = CARTESIAN_POINT('',(-0.32,-2.86,-3.));
#11994 = VECTOR('',#11995,1.);
#11995 = DIRECTION('',(0.,0.,1.));
#11996 = ORIENTED_EDGE('',*,*,#10886,.T.);
#11997 = ORIENTED_EDGE('',*,*,#11967,.T.);
#11998 = ORIENTED_EDGE('',*,*,#11999,.F.);
#11999 = EDGE_CURVE('',#11990,#11968,#12000,.T.);
#12000 = LINE('',#12001,#12002);
#12001 = CARTESIAN_POINT('',(-0.32,-2.86,8.38));
#12002 = VECTOR('',#12003,1.);
#12003 = DIRECTION('',(0.,1.,0.));
#12004 = PLANE('',#12005);
#12005 = AXIS2_PLACEMENT_3D('',#12006,#12007,#12008);
#12006 = CARTESIAN_POINT('',(-0.32,-2.86,-3.));
#12007 = DIRECTION('',(1.,0.,0.));
#12008 = DIRECTION('',(0.,0.,1.));
#12009 = ADVANCED_FACE('',(#12010),#12028,.F.);
#12010 = FACE_BOUND('',#12011,.F.);
#12011 = EDGE_LOOP('',(#12012,#12020,#12021,#12022));
#12012 = ORIENTED_EDGE('',*,*,#12013,.F.);
#12013 = EDGE_CURVE('',#10871,#12014,#12016,.T.);
#12014 = VERTEX_POINT('',#12015);
#12015 = CARTESIAN_POINT('',(0.32,-2.86,8.38));
#12016 = LINE('',#12017,#12018);
#12017 = CARTESIAN_POINT('',(0.32,-2.86,-3.));
#12018 = VECTOR('',#12019,1.);
#12019 = DIRECTION('',(0.,0.,1.));
#12020 = ORIENTED_EDGE('',*,*,#10878,.T.);
#12021 = ORIENTED_EDGE('',*,*,#11989,.T.);
#12022 = ORIENTED_EDGE('',*,*,#12023,.T.);
#12023 = EDGE_CURVE('',#11990,#12014,#12024,.T.);
#12024 = LINE('',#12025,#12026);
#12025 = CARTESIAN_POINT('',(-0.32,-2.86,8.38));
#12026 = VECTOR('',#12027,1.);
#12027 = DIRECTION('',(1.,0.,0.));
#12028 = PLANE('',#12029);
#12029 = AXIS2_PLACEMENT_3D('',#12030,#12031,#12032);
#12030 = CARTESIAN_POINT('',(-0.32,-2.86,-3.));
#12031 = DIRECTION('',(0.,1.,0.));
#12032 = DIRECTION('',(0.,-0.,1.));
#12033 = ADVANCED_FACE('',(#12034),#12045,.T.);
#12034 = FACE_BOUND('',#12035,.T.);
#12035 = EDGE_LOOP('',(#12036,#12037,#12038,#12039));
#12036 = ORIENTED_EDGE('',*,*,#12013,.F.);
#12037 = ORIENTED_EDGE('',*,*,#10870,.T.);
#12038 = ORIENTED_EDGE('',*,*,#11958,.T.);
#12039 = ORIENTED_EDGE('',*,*,#12040,.F.);
#12040 = EDGE_CURVE('',#12014,#11959,#12041,.T.);
#12041 = LINE('',#12042,#12043);
#12042 = CARTESIAN_POINT('',(0.32,-2.86,8.38));
#12043 = VECTOR('',#12044,1.);
#12044 = DIRECTION('',(0.,1.,0.));
#12045 = PLANE('',#12046);
#12046 = AXIS2_PLACEMENT_3D('',#12047,#12048,#12049);
#12047 = CARTESIAN_POINT('',(0.32,-2.86,-3.));
#12048 = DIRECTION('',(1.,0.,0.));
#12049 = DIRECTION('',(0.,0.,1.));
#12050 = ADVANCED_FACE('',(#12051),#12076,.F.);
#12051 = FACE_BOUND('',#12052,.T.);
#12052 = EDGE_LOOP('',(#12053,#12061,#12062,#12070));
#12053 = ORIENTED_EDGE('',*,*,#12054,.F.);
#12054 = EDGE_CURVE('',#11295,#12055,#12057,.T.);
#12055 = VERTEX_POINT('',#12056);
#12056 = CARTESIAN_POINT('',(-0.16,-4.92,-3.));
#12057 = LINE('',#12058,#12059);
#12058 = CARTESIAN_POINT('',(-0.16,-4.92,-3.));
#12059 = VECTOR('',#12060,1.);
#12060 = DIRECTION('',(0.57735026919,-0.57735026919,-0.57735026919));
#12061 = ORIENTED_EDGE('',*,*,#11294,.T.);
#12062 = ORIENTED_EDGE('',*,*,#12063,.T.);
#12063 = EDGE_CURVE('',#11287,#12064,#12066,.T.);
#12064 = VERTEX_POINT('',#12065);
#12065 = CARTESIAN_POINT('',(0.16,-4.92,-3.));
#12066 = LINE('',#12067,#12068);
#12067 = CARTESIAN_POINT('',(5.333333333333E-02,-5.026666666667,
    -3.106666666667));
#12068 = VECTOR('',#12069,1.);
#12069 = DIRECTION('',(-0.57735026919,-0.57735026919,-0.57735026919));
#12070 = ORIENTED_EDGE('',*,*,#12071,.F.);
#12071 = EDGE_CURVE('',#12055,#12064,#12072,.T.);
#12072 = LINE('',#12073,#12074);
#12073 = CARTESIAN_POINT('',(-0.32,-4.92,-3.));
#12074 = VECTOR('',#12075,1.);
#12075 = DIRECTION('',(1.,0.,0.));
#12076 = PLANE('',#12077);
#12077 = AXIS2_PLACEMENT_3D('',#12078,#12079,#12080);
#12078 = CARTESIAN_POINT('',(-0.32,-4.84,-2.92));
#12079 = DIRECTION('',(-1.735167508357E-18,-0.707106781187,
    0.707106781187));
#12080 = DIRECTION('',(-1.,1.226948711654E-18,-1.226948711654E-18));
#12081 = ADVANCED_FACE('',(#12082),#12100,.T.);
#12082 = FACE_BOUND('',#12083,.T.);
#12083 = EDGE_LOOP('',(#12084,#12092,#12093,#12094));
#12084 = ORIENTED_EDGE('',*,*,#12085,.F.);
#12085 = EDGE_CURVE('',#11318,#12086,#12088,.T.);
#12086 = VERTEX_POINT('',#12087);
#12087 = CARTESIAN_POINT('',(-0.16,-5.24,-3.));
#12088 = LINE('',#12089,#12090);
#12089 = CARTESIAN_POINT('',(-0.266666666667,-5.346666666667,
    -2.893333333333));
#12090 = VECTOR('',#12091,1.);
#12091 = DIRECTION('',(0.57735026919,0.57735026919,-0.57735026919));
#12092 = ORIENTED_EDGE('',*,*,#11325,.T.);
#12093 = ORIENTED_EDGE('',*,*,#12054,.T.);
#12094 = ORIENTED_EDGE('',*,*,#12095,.F.);
#12095 = EDGE_CURVE('',#12086,#12055,#12096,.T.);
#12096 = LINE('',#12097,#12098);
#12097 = CARTESIAN_POINT('',(-0.16,-5.4,-3.));
#12098 = VECTOR('',#12099,1.);
#12099 = DIRECTION('',(0.,1.,0.));
#12100 = PLANE('',#12101);
#12101 = AXIS2_PLACEMENT_3D('',#12102,#12103,#12104);
#12102 = CARTESIAN_POINT('',(-0.24,-5.4,-2.92));
#12103 = DIRECTION('',(-0.707106781187,-1.735167508357E-18,
    -0.707106781187));
#12104 = DIRECTION('',(-1.226948711654E-18,1.,-1.226948711654E-18));
#12105 = ADVANCED_FACE('',(#12106),#12124,.T.);
#12106 = FACE_BOUND('',#12107,.F.);
#12107 = EDGE_LOOP('',(#12108,#12109,#12110,#12118));
#12108 = ORIENTED_EDGE('',*,*,#12085,.F.);
#12109 = ORIENTED_EDGE('',*,*,#11349,.T.);
#12110 = ORIENTED_EDGE('',*,*,#12111,.T.);
#12111 = EDGE_CURVE('',#11342,#12112,#12114,.T.);
#12112 = VERTEX_POINT('',#12113);
#12113 = CARTESIAN_POINT('',(0.16,-5.24,-3.));
#12114 = LINE('',#12115,#12116);
#12115 = CARTESIAN_POINT('',(0.16,-5.24,-3.));
#12116 = VECTOR('',#12117,1.);
#12117 = DIRECTION('',(-0.57735026919,0.57735026919,-0.57735026919));
#12118 = ORIENTED_EDGE('',*,*,#12119,.F.);
#12119 = EDGE_CURVE('',#12086,#12112,#12120,.T.);
#12120 = LINE('',#12121,#12122);
#12121 = CARTESIAN_POINT('',(-0.32,-5.24,-3.));
#12122 = VECTOR('',#12123,1.);
#12123 = DIRECTION('',(1.,0.,0.));
#12124 = PLANE('',#12125);
#12125 = AXIS2_PLACEMENT_3D('',#12126,#12127,#12128);
#12126 = CARTESIAN_POINT('',(-0.32,-5.32,-2.92));
#12127 = DIRECTION('',(1.735167508357E-18,-0.707106781187,
    -0.707106781187));
#12128 = DIRECTION('',(-1.,-1.226948711654E-18,-1.226948711654E-18));
#12129 = ADVANCED_FACE('',(#12130),#12141,.F.);
#12130 = FACE_BOUND('',#12131,.F.);
#12131 = EDGE_LOOP('',(#12132,#12133,#12134,#12135));
#12132 = ORIENTED_EDGE('',*,*,#12111,.F.);
#12133 = ORIENTED_EDGE('',*,*,#11366,.T.);
#12134 = ORIENTED_EDGE('',*,*,#12063,.T.);
#12135 = ORIENTED_EDGE('',*,*,#12136,.F.);
#12136 = EDGE_CURVE('',#12112,#12064,#12137,.T.);
#12137 = LINE('',#12138,#12139);
#12138 = CARTESIAN_POINT('',(0.16,-5.4,-3.));
#12139 = VECTOR('',#12140,1.);
#12140 = DIRECTION('',(0.,1.,0.));
#12141 = PLANE('',#12142);
#12142 = AXIS2_PLACEMENT_3D('',#12143,#12144,#12145);
#12143 = CARTESIAN_POINT('',(0.24,-5.4,-2.92));
#12144 = DIRECTION('',(-0.707106781187,1.735167508357E-18,0.707106781187
    ));
#12145 = DIRECTION('',(1.226948711654E-18,1.,-1.226948711654E-18));
#12146 = ADVANCED_FACE('',(#12147),#12172,.F.);
#12147 = FACE_BOUND('',#12148,.F.);
#12148 = EDGE_LOOP('',(#12149,#12157,#12158,#12166));
#12149 = ORIENTED_EDGE('',*,*,#12150,.F.);
#12150 = EDGE_CURVE('',#11383,#12151,#12153,.T.);
#12151 = VERTEX_POINT('',#12152);
#12152 = CARTESIAN_POINT('',(0.16,-7.78,-3.));
#12153 = LINE('',#12154,#12155);
#12154 = CARTESIAN_POINT('',(0.16,-7.78,-3.));
#12155 = VECTOR('',#12156,1.);
#12156 = DIRECTION('',(-0.57735026919,0.57735026919,-0.57735026919));
#12157 = ORIENTED_EDGE('',*,*,#11390,.T.);
#12158 = ORIENTED_EDGE('',*,*,#12159,.T.);
#12159 = EDGE_CURVE('',#11391,#12160,#12162,.T.);
#12160 = VERTEX_POINT('',#12161);
#12161 = CARTESIAN_POINT('',(0.16,-7.46,-3.));
#12162 = LINE('',#12163,#12164);
#12163 = CARTESIAN_POINT('',(5.333333333333E-02,-7.566666666667,
    -3.106666666667));
#12164 = VECTOR('',#12165,1.);
#12165 = DIRECTION('',(-0.57735026919,-0.57735026919,-0.57735026919));
#12166 = ORIENTED_EDGE('',*,*,#12167,.F.);
#12167 = EDGE_CURVE('',#12151,#12160,#12168,.T.);
#12168 = LINE('',#12169,#12170);
#12169 = CARTESIAN_POINT('',(0.16,-7.94,-3.));
#12170 = VECTOR('',#12171,1.);
#12171 = DIRECTION('',(0.,1.,0.));
#12172 = PLANE('',#12173);
#12173 = AXIS2_PLACEMENT_3D('',#12174,#12175,#12176);
#12174 = CARTESIAN_POINT('',(0.24,-7.94,-2.92));
#12175 = DIRECTION('',(-0.707106781187,1.735167508357E-18,0.707106781187
    ));
#12176 = DIRECTION('',(1.226948711654E-18,1.,-1.226948711654E-18));
#12177 = ADVANCED_FACE('',(#12178),#12196,.F.);
#12178 = FACE_BOUND('',#12179,.T.);
#12179 = EDGE_LOOP('',(#12180,#12188,#12189,#12190));
#12180 = ORIENTED_EDGE('',*,*,#12181,.F.);
#12181 = EDGE_CURVE('',#11415,#12182,#12184,.T.);
#12182 = VERTEX_POINT('',#12183);
#12183 = CARTESIAN_POINT('',(-0.16,-7.46,-3.));
#12184 = LINE('',#12185,#12186);
#12185 = CARTESIAN_POINT('',(-0.16,-7.46,-3.));
#12186 = VECTOR('',#12187,1.);
#12187 = DIRECTION('',(0.57735026919,-0.57735026919,-0.57735026919));
#12188 = ORIENTED_EDGE('',*,*,#11414,.T.);
#12189 = ORIENTED_EDGE('',*,*,#12159,.T.);
#12190 = ORIENTED_EDGE('',*,*,#12191,.F.);
#12191 = EDGE_CURVE('',#12182,#12160,#12192,.T.);
#12192 = LINE('',#12193,#12194);
#12193 = CARTESIAN_POINT('',(-0.32,-7.46,-3.));
#12194 = VECTOR('',#12195,1.);
#12195 = DIRECTION('',(1.,0.,0.));
#12196 = PLANE('',#12197);
#12197 = AXIS2_PLACEMENT_3D('',#12198,#12199,#12200);
#12198 = CARTESIAN_POINT('',(-0.32,-7.38,-2.92));
#12199 = DIRECTION('',(-1.735167508357E-18,-0.707106781187,
    0.707106781187));
#12200 = DIRECTION('',(-1.,1.226948711654E-18,-1.226948711654E-18));
#12201 = ADVANCED_FACE('',(#12202),#12220,.T.);
#12202 = FACE_BOUND('',#12203,.T.);
#12203 = EDGE_LOOP('',(#12204,#12212,#12213,#12214));
#12204 = ORIENTED_EDGE('',*,*,#12205,.F.);
#12205 = EDGE_CURVE('',#11438,#12206,#12208,.T.);
#12206 = VERTEX_POINT('',#12207);
#12207 = CARTESIAN_POINT('',(-0.16,-7.78,-3.));
#12208 = LINE('',#12209,#12210);
#12209 = CARTESIAN_POINT('',(-0.266666666667,-7.886666666667,
    -2.893333333333));
#12210 = VECTOR('',#12211,1.);
#12211 = DIRECTION('',(0.57735026919,0.57735026919,-0.57735026919));
#12212 = ORIENTED_EDGE('',*,*,#11445,.T.);
#12213 = ORIENTED_EDGE('',*,*,#12181,.T.);
#12214 = ORIENTED_EDGE('',*,*,#12215,.F.);
#12215 = EDGE_CURVE('',#12206,#12182,#12216,.T.);
#12216 = LINE('',#12217,#12218);
#12217 = CARTESIAN_POINT('',(-0.16,-7.94,-3.));
#12218 = VECTOR('',#12219,1.);
#12219 = DIRECTION('',(0.,1.,0.));
#12220 = PLANE('',#12221);
#12221 = AXIS2_PLACEMENT_3D('',#12222,#12223,#12224);
#12222 = CARTESIAN_POINT('',(-0.24,-7.94,-2.92));
#12223 = DIRECTION('',(-0.707106781187,-1.735167508357E-18,
    -0.707106781187));
#12224 = DIRECTION('',(-1.226948711654E-18,1.,-1.226948711654E-18));
#12225 = ADVANCED_FACE('',(#12226),#12237,.T.);
#12226 = FACE_BOUND('',#12227,.F.);
#12227 = EDGE_LOOP('',(#12228,#12229,#12230,#12231));
#12228 = ORIENTED_EDGE('',*,*,#12205,.F.);
#12229 = ORIENTED_EDGE('',*,*,#11462,.T.);
#12230 = ORIENTED_EDGE('',*,*,#12150,.T.);
#12231 = ORIENTED_EDGE('',*,*,#12232,.F.);
#12232 = EDGE_CURVE('',#12206,#12151,#12233,.T.);
#12233 = LINE('',#12234,#12235);
#12234 = CARTESIAN_POINT('',(-0.32,-7.78,-3.));
#12235 = VECTOR('',#12236,1.);
#12236 = DIRECTION('',(1.,0.,0.));
#12237 = PLANE('',#12238);
#12238 = AXIS2_PLACEMENT_3D('',#12239,#12240,#12241);
#12239 = CARTESIAN_POINT('',(-0.32,-7.86,-2.92));
#12240 = DIRECTION('',(1.735167508357E-18,-0.707106781187,
    -0.707106781187));
#12241 = DIRECTION('',(-1.,-1.226948711654E-18,-1.226948711654E-18));
#12242 = ADVANCED_FACE('',(#12243),#12268,.F.);
#12243 = FACE_BOUND('',#12244,.F.);
#12244 = EDGE_LOOP('',(#12245,#12253,#12254,#12262));
#12245 = ORIENTED_EDGE('',*,*,#12246,.F.);
#12246 = EDGE_CURVE('',#11479,#12247,#12249,.T.);
#12247 = VERTEX_POINT('',#12248);
#12248 = CARTESIAN_POINT('',(0.16,-0.16,-3.));
#12249 = LINE('',#12250,#12251);
#12250 = CARTESIAN_POINT('',(0.16,-0.16,-3.));
#12251 = VECTOR('',#12252,1.);
#12252 = DIRECTION('',(-0.57735026919,0.57735026919,-0.57735026919));
#12253 = ORIENTED_EDGE('',*,*,#11486,.T.);
#12254 = ORIENTED_EDGE('',*,*,#12255,.T.);
#12255 = EDGE_CURVE('',#11487,#12256,#12258,.T.);
#12256 = VERTEX_POINT('',#12257);
#12257 = CARTESIAN_POINT('',(0.16,0.16,-3.));
#12258 = LINE('',#12259,#12260);
#12259 = CARTESIAN_POINT('',(5.333333333333E-02,5.333333333333E-02,
    -3.106666666667));
#12260 = VECTOR('',#12261,1.);
#12261 = DIRECTION('',(-0.57735026919,-0.57735026919,-0.57735026919));
#12262 = ORIENTED_EDGE('',*,*,#12263,.F.);
#12263 = EDGE_CURVE('',#12247,#12256,#12264,.T.);
#12264 = LINE('',#12265,#12266);
#12265 = CARTESIAN_POINT('',(0.16,-0.32,-3.));
#12266 = VECTOR('',#12267,1.);
#12267 = DIRECTION('',(0.,1.,0.));
#12268 = PLANE('',#12269);
#12269 = AXIS2_PLACEMENT_3D('',#12270,#12271,#12272);
#12270 = CARTESIAN_POINT('',(0.24,-0.32,-2.92));
#12271 = DIRECTION('',(-0.707106781187,1.735167508357E-18,0.707106781187
    ));
#12272 = DIRECTION('',(1.226948711654E-18,1.,-1.226948711654E-18));
#12273 = ADVANCED_FACE('',(#12274),#12292,.F.);
#12274 = FACE_BOUND('',#12275,.T.);
#12275 = EDGE_LOOP('',(#12276,#12284,#12285,#12286));
#12276 = ORIENTED_EDGE('',*,*,#12277,.F.);
#12277 = EDGE_CURVE('',#11511,#12278,#12280,.T.);
#12278 = VERTEX_POINT('',#12279);
#12279 = CARTESIAN_POINT('',(-0.16,0.16,-3.));
#12280 = LINE('',#12281,#12282);
#12281 = CARTESIAN_POINT('',(-0.16,0.16,-3.));
#12282 = VECTOR('',#12283,1.);
#12283 = DIRECTION('',(0.57735026919,-0.57735026919,-0.57735026919));
#12284 = ORIENTED_EDGE('',*,*,#11510,.T.);
#12285 = ORIENTED_EDGE('',*,*,#12255,.T.);
#12286 = ORIENTED_EDGE('',*,*,#12287,.F.);
#12287 = EDGE_CURVE('',#12278,#12256,#12288,.T.);
#12288 = LINE('',#12289,#12290);
#12289 = CARTESIAN_POINT('',(-0.32,0.16,-3.));
#12290 = VECTOR('',#12291,1.);
#12291 = DIRECTION('',(1.,0.,0.));
#12292 = PLANE('',#12293);
#12293 = AXIS2_PLACEMENT_3D('',#12294,#12295,#12296);
#12294 = CARTESIAN_POINT('',(-0.32,0.24,-2.92));
#12295 = DIRECTION('',(-1.735167508357E-18,-0.707106781187,
    0.707106781187));
#12296 = DIRECTION('',(-1.,1.226948711654E-18,-1.226948711654E-18));
#12297 = ADVANCED_FACE('',(#12298),#12316,.T.);
#12298 = FACE_BOUND('',#12299,.T.);
#12299 = EDGE_LOOP('',(#12300,#12308,#12309,#12310));
#12300 = ORIENTED_EDGE('',*,*,#12301,.F.);
#12301 = EDGE_CURVE('',#11534,#12302,#12304,.T.);
#12302 = VERTEX_POINT('',#12303);
#12303 = CARTESIAN_POINT('',(-0.16,-0.16,-3.));
#12304 = LINE('',#12305,#12306);
#12305 = CARTESIAN_POINT('',(-0.266666666667,-0.266666666667,
    -2.893333333333));
#12306 = VECTOR('',#12307,1.);
#12307 = DIRECTION('',(0.57735026919,0.57735026919,-0.57735026919));
#12308 = ORIENTED_EDGE('',*,*,#11541,.T.);
#12309 = ORIENTED_EDGE('',*,*,#12277,.T.);
#12310 = ORIENTED_EDGE('',*,*,#12311,.F.);
#12311 = EDGE_CURVE('',#12302,#12278,#12312,.T.);
#12312 = LINE('',#12313,#12314);
#12313 = CARTESIAN_POINT('',(-0.16,-0.32,-3.));
#12314 = VECTOR('',#12315,1.);
#12315 = DIRECTION('',(0.,1.,0.));
#12316 = PLANE('',#12317);
#12317 = AXIS2_PLACEMENT_3D('',#12318,#12319,#12320);
#12318 = CARTESIAN_POINT('',(-0.24,-0.32,-2.92));
#12319 = DIRECTION('',(-0.707106781187,-1.735167508357E-18,
    -0.707106781187));
#12320 = DIRECTION('',(-1.226948711654E-18,1.,-1.226948711654E-18));
#12321 = ADVANCED_FACE('',(#12322),#12333,.T.);
#12322 = FACE_BOUND('',#12323,.F.);
#12323 = EDGE_LOOP('',(#12324,#12325,#12326,#12327));
#12324 = ORIENTED_EDGE('',*,*,#12301,.F.);
#12325 = ORIENTED_EDGE('',*,*,#11558,.T.);
#12326 = ORIENTED_EDGE('',*,*,#12246,.T.);
#12327 = ORIENTED_EDGE('',*,*,#12328,.F.);
#12328 = EDGE_CURVE('',#12302,#12247,#12329,.T.);
#12329 = LINE('',#12330,#12331);
#12330 = CARTESIAN_POINT('',(-0.32,-0.16,-3.));
#12331 = VECTOR('',#12332,1.);
#12332 = DIRECTION('',(1.,0.,0.));
#12333 = PLANE('',#12334);
#12334 = AXIS2_PLACEMENT_3D('',#12335,#12336,#12337);
#12335 = CARTESIAN_POINT('',(-0.32,-0.24,-2.92));
#12336 = DIRECTION('',(1.735167508357E-18,-0.707106781187,
    -0.707106781187));
#12337 = DIRECTION('',(-1.,-1.226948711654E-18,-1.226948711654E-18));
#12338 = ADVANCED_FACE('',(#12339),#12364,.F.);
#12339 = FACE_BOUND('',#12340,.T.);
#12340 = EDGE_LOOP('',(#12341,#12349,#12350,#12358));
#12341 = ORIENTED_EDGE('',*,*,#12342,.F.);
#12342 = EDGE_CURVE('',#11583,#12343,#12345,.T.);
#12343 = VERTEX_POINT('',#12344);
#12344 = CARTESIAN_POINT('',(-0.16,-2.38,-3.));
#12345 = LINE('',#12346,#12347);
#12346 = CARTESIAN_POINT('',(-0.16,-2.38,-3.));
#12347 = VECTOR('',#12348,1.);
#12348 = DIRECTION('',(0.57735026919,-0.57735026919,-0.57735026919));
#12349 = ORIENTED_EDGE('',*,*,#11582,.T.);
#12350 = ORIENTED_EDGE('',*,*,#12351,.T.);
#12351 = EDGE_CURVE('',#11575,#12352,#12354,.T.);
#12352 = VERTEX_POINT('',#12353);
#12353 = CARTESIAN_POINT('',(0.16,-2.38,-3.));
#12354 = LINE('',#12355,#12356);
#12355 = CARTESIAN_POINT('',(5.333333333333E-02,-2.486666666667,
    -3.106666666667));
#12356 = VECTOR('',#12357,1.);
#12357 = DIRECTION('',(-0.57735026919,-0.57735026919,-0.57735026919));
#12358 = ORIENTED_EDGE('',*,*,#12359,.F.);
#12359 = EDGE_CURVE('',#12343,#12352,#12360,.T.);
#12360 = LINE('',#12361,#12362);
#12361 = CARTESIAN_POINT('',(-0.32,-2.38,-3.));
#12362 = VECTOR('',#12363,1.);
#12363 = DIRECTION('',(1.,0.,0.));
#12364 = PLANE('',#12365);
#12365 = AXIS2_PLACEMENT_3D('',#12366,#12367,#12368);
#12366 = CARTESIAN_POINT('',(-0.32,-2.3,-2.92));
#12367 = DIRECTION('',(-1.735167508357E-18,-0.707106781187,
    0.707106781187));
#12368 = DIRECTION('',(-1.,1.226948711654E-18,-1.226948711654E-18));
#12369 = ADVANCED_FACE('',(#12370),#12388,.T.);
#12370 = FACE_BOUND('',#12371,.T.);
#12371 = EDGE_LOOP('',(#12372,#12380,#12381,#12382));
#12372 = ORIENTED_EDGE('',*,*,#12373,.F.);
#12373 = EDGE_CURVE('',#11606,#12374,#12376,.T.);
#12374 = VERTEX_POINT('',#12375);
#12375 = CARTESIAN_POINT('',(-0.16,-2.7,-3.));
#12376 = LINE('',#12377,#12378);
#12377 = CARTESIAN_POINT('',(-0.266666666667,-2.806666666667,
    -2.893333333333));
#12378 = VECTOR('',#12379,1.);
#12379 = DIRECTION('',(0.57735026919,0.57735026919,-0.57735026919));
#12380 = ORIENTED_EDGE('',*,*,#11613,.T.);
#12381 = ORIENTED_EDGE('',*,*,#12342,.T.);
#12382 = ORIENTED_EDGE('',*,*,#12383,.F.);
#12383 = EDGE_CURVE('',#12374,#12343,#12384,.T.);
#12384 = LINE('',#12385,#12386);
#12385 = CARTESIAN_POINT('',(-0.16,-2.86,-3.));
#12386 = VECTOR('',#12387,1.);
#12387 = DIRECTION('',(0.,1.,0.));
#12388 = PLANE('',#12389);
#12389 = AXIS2_PLACEMENT_3D('',#12390,#12391,#12392);
#12390 = CARTESIAN_POINT('',(-0.24,-2.86,-2.92));
#12391 = DIRECTION('',(-0.707106781187,-1.735167508357E-18,
    -0.707106781187));
#12392 = DIRECTION('',(-1.226948711654E-18,1.,-1.226948711654E-18));
#12393 = ADVANCED_FACE('',(#12394),#12412,.T.);
#12394 = FACE_BOUND('',#12395,.F.);
#12395 = EDGE_LOOP('',(#12396,#12397,#12398,#12406));
#12396 = ORIENTED_EDGE('',*,*,#12373,.F.);
#12397 = ORIENTED_EDGE('',*,*,#11637,.T.);
#12398 = ORIENTED_EDGE('',*,*,#12399,.T.);
#12399 = EDGE_CURVE('',#11630,#12400,#12402,.T.);
#12400 = VERTEX_POINT('',#12401);
#12401 = CARTESIAN_POINT('',(0.16,-2.7,-3.));
#12402 = LINE('',#12403,#12404);
#12403 = CARTESIAN_POINT('',(0.16,-2.7,-3.));
#12404 = VECTOR('',#12405,1.);
#12405 = DIRECTION('',(-0.57735026919,0.57735026919,-0.57735026919));
#12406 = ORIENTED_EDGE('',*,*,#12407,.F.);
#12407 = EDGE_CURVE('',#12374,#12400,#12408,.T.);
#12408 = LINE('',#12409,#12410);
#12409 = CARTESIAN_POINT('',(-0.32,-2.7,-3.));
#12410 = VECTOR('',#12411,1.);
#12411 = DIRECTION('',(1.,0.,0.));
#12412 = PLANE('',#12413);
#12413 = AXIS2_PLACEMENT_3D('',#12414,#12415,#12416);
#12414 = CARTESIAN_POINT('',(-0.32,-2.78,-2.92));
#12415 = DIRECTION('',(1.735167508357E-18,-0.707106781187,
    -0.707106781187));
#12416 = DIRECTION('',(-1.,-1.226948711654E-18,-1.226948711654E-18));
#12417 = ADVANCED_FACE('',(#12418),#12429,.F.);
#12418 = FACE_BOUND('',#12419,.F.);
#12419 = EDGE_LOOP('',(#12420,#12421,#12422,#12423));
#12420 = ORIENTED_EDGE('',*,*,#12399,.F.);
#12421 = ORIENTED_EDGE('',*,*,#11654,.T.);
#12422 = ORIENTED_EDGE('',*,*,#12351,.T.);
#12423 = ORIENTED_EDGE('',*,*,#12424,.F.);
#12424 = EDGE_CURVE('',#12400,#12352,#12425,.T.);
#12425 = LINE('',#12426,#12427);
#12426 = CARTESIAN_POINT('',(0.16,-2.86,-3.));
#12427 = VECTOR('',#12428,1.);
#12428 = DIRECTION('',(0.,1.,0.));
#12429 = PLANE('',#12430);
#12430 = AXIS2_PLACEMENT_3D('',#12431,#12432,#12433);
#12431 = CARTESIAN_POINT('',(0.24,-2.86,-2.92));
#12432 = DIRECTION('',(-0.707106781187,1.735167508357E-18,0.707106781187
    ));
#12433 = DIRECTION('',(1.226948711654E-18,1.,-1.226948711654E-18));
#12434 = ADVANCED_FACE('',(#12435),#12460,.T.);
#12435 = FACE_BOUND('',#12436,.F.);
#12436 = EDGE_LOOP('',(#12437,#12445,#12446,#12454));
#12437 = ORIENTED_EDGE('',*,*,#12438,.F.);
#12438 = EDGE_CURVE('',#11680,#12439,#12441,.T.);
#12439 = VERTEX_POINT('',#12440);
#12440 = CARTESIAN_POINT('',(-0.16,-4.92,8.54));
#12441 = LINE('',#12442,#12443);
#12442 = CARTESIAN_POINT('',(-0.16,-4.92,8.54));
#12443 = VECTOR('',#12444,1.);
#12444 = DIRECTION('',(0.57735026919,-0.57735026919,0.57735026919));
#12445 = ORIENTED_EDGE('',*,*,#11687,.T.);
#12446 = ORIENTED_EDGE('',*,*,#12447,.T.);
#12447 = EDGE_CURVE('',#11671,#12448,#12450,.T.);
#12448 = VERTEX_POINT('',#12449);
#12449 = CARTESIAN_POINT('',(0.16,-4.92,8.54));
#12450 = LINE('',#12451,#12452);
#12451 = CARTESIAN_POINT('',(5.333333333333E-02,-5.026666666667,
    8.646666666667));
#12452 = VECTOR('',#12453,1.);
#12453 = DIRECTION('',(-0.57735026919,-0.57735026919,0.57735026919));
#12454 = ORIENTED_EDGE('',*,*,#12455,.F.);
#12455 = EDGE_CURVE('',#12439,#12448,#12456,.T.);
#12456 = LINE('',#12457,#12458);
#12457 = CARTESIAN_POINT('',(-0.32,-4.92,8.54));
#12458 = VECTOR('',#12459,1.);
#12459 = DIRECTION('',(1.,0.,0.));
#12460 = PLANE('',#12461);
#12461 = AXIS2_PLACEMENT_3D('',#12462,#12463,#12464);
#12462 = CARTESIAN_POINT('',(-0.32,-4.84,8.46));
#12463 = DIRECTION('',(1.735167508357E-18,0.707106781187,0.707106781187)
  );
#12464 = DIRECTION('',(-1.,1.226948711654E-18,1.226948711654E-18));
#12465 = ADVANCED_FACE('',(#12466),#12484,.F.);
#12466 = FACE_BOUND('',#12467,.F.);
#12467 = EDGE_LOOP('',(#12468,#12476,#12477,#12478));
#12468 = ORIENTED_EDGE('',*,*,#12469,.F.);
#12469 = EDGE_CURVE('',#11702,#12470,#12472,.T.);
#12470 = VERTEX_POINT('',#12471);
#12471 = CARTESIAN_POINT('',(-0.16,-5.24,8.54));
#12472 = LINE('',#12473,#12474);
#12473 = CARTESIAN_POINT('',(-0.266666666667,-5.346666666667,
    8.433333333333));
#12474 = VECTOR('',#12475,1.);
#12475 = DIRECTION('',(0.57735026919,0.57735026919,0.57735026919));
#12476 = ORIENTED_EDGE('',*,*,#11711,.T.);
#12477 = ORIENTED_EDGE('',*,*,#12438,.T.);
#12478 = ORIENTED_EDGE('',*,*,#12479,.F.);
#12479 = EDGE_CURVE('',#12470,#12439,#12480,.T.);
#12480 = LINE('',#12481,#12482);
#12481 = CARTESIAN_POINT('',(-0.16,-5.4,8.54));
#12482 = VECTOR('',#12483,1.);
#12483 = DIRECTION('',(0.,1.,0.));
#12484 = PLANE('',#12485);
#12485 = AXIS2_PLACEMENT_3D('',#12486,#12487,#12488);
#12486 = CARTESIAN_POINT('',(-0.24,-5.4,8.46));
#12487 = DIRECTION('',(0.707106781187,1.735167508357E-18,-0.707106781187
    ));
#12488 = DIRECTION('',(-1.226948711654E-18,1.,1.226948711654E-18));
#12489 = ADVANCED_FACE('',(#12490),#12508,.F.);
#12490 = FACE_BOUND('',#12491,.T.);
#12491 = EDGE_LOOP('',(#12492,#12493,#12494,#12502));
#12492 = ORIENTED_EDGE('',*,*,#12469,.F.);
#12493 = ORIENTED_EDGE('',*,*,#11735,.T.);
#12494 = ORIENTED_EDGE('',*,*,#12495,.T.);
#12495 = EDGE_CURVE('',#11726,#12496,#12498,.T.);
#12496 = VERTEX_POINT('',#12497);
#12497 = CARTESIAN_POINT('',(0.16,-5.24,8.54));
#12498 = LINE('',#12499,#12500);
#12499 = CARTESIAN_POINT('',(0.16,-5.24,8.54));
#12500 = VECTOR('',#12501,1.);
#12501 = DIRECTION('',(-0.57735026919,0.57735026919,0.57735026919));
#12502 = ORIENTED_EDGE('',*,*,#12503,.F.);
#12503 = EDGE_CURVE('',#12470,#12496,#12504,.T.);
#12504 = LINE('',#12505,#12506);
#12505 = CARTESIAN_POINT('',(-0.32,-5.24,8.54));
#12506 = VECTOR('',#12507,1.);
#12507 = DIRECTION('',(1.,0.,0.));
#12508 = PLANE('',#12509);
#12509 = AXIS2_PLACEMENT_3D('',#12510,#12511,#12512);
#12510 = CARTESIAN_POINT('',(-0.32,-5.32,8.46));
#12511 = DIRECTION('',(-1.735167508357E-18,0.707106781187,
    -0.707106781187));
#12512 = DIRECTION('',(-1.,-1.226948711654E-18,1.226948711654E-18));
#12513 = ADVANCED_FACE('',(#12514),#12525,.T.);
#12514 = FACE_BOUND('',#12515,.T.);
#12515 = EDGE_LOOP('',(#12516,#12517,#12518,#12519));
#12516 = ORIENTED_EDGE('',*,*,#12495,.F.);
#12517 = ORIENTED_EDGE('',*,*,#11752,.T.);
#12518 = ORIENTED_EDGE('',*,*,#12447,.T.);
#12519 = ORIENTED_EDGE('',*,*,#12520,.F.);
#12520 = EDGE_CURVE('',#12496,#12448,#12521,.T.);
#12521 = LINE('',#12522,#12523);
#12522 = CARTESIAN_POINT('',(0.16,-5.4,8.54));
#12523 = VECTOR('',#12524,1.);
#12524 = DIRECTION('',(0.,1.,0.));
#12525 = PLANE('',#12526);
#12526 = AXIS2_PLACEMENT_3D('',#12527,#12528,#12529);
#12527 = CARTESIAN_POINT('',(0.24,-5.4,8.46));
#12528 = DIRECTION('',(0.707106781187,-1.735167508357E-18,0.707106781187
    ));
#12529 = DIRECTION('',(1.226948711654E-18,1.,1.226948711654E-18));
#12530 = ADVANCED_FACE('',(#12531),#12556,.T.);
#12531 = FACE_BOUND('',#12532,.T.);
#12532 = EDGE_LOOP('',(#12533,#12541,#12542,#12550));
#12533 = ORIENTED_EDGE('',*,*,#12534,.F.);
#12534 = EDGE_CURVE('',#11767,#12535,#12537,.T.);
#12535 = VERTEX_POINT('',#12536);
#12536 = CARTESIAN_POINT('',(0.16,-7.78,8.54));
#12537 = LINE('',#12538,#12539);
#12538 = CARTESIAN_POINT('',(0.16,-7.78,8.54));
#12539 = VECTOR('',#12540,1.);
#12540 = DIRECTION('',(-0.57735026919,0.57735026919,0.57735026919));
#12541 = ORIENTED_EDGE('',*,*,#11783,.T.);
#12542 = ORIENTED_EDGE('',*,*,#12543,.T.);
#12543 = EDGE_CURVE('',#11776,#12544,#12546,.T.);
#12544 = VERTEX_POINT('',#12545);
#12545 = CARTESIAN_POINT('',(0.16,-7.46,8.54));
#12546 = LINE('',#12547,#12548);
#12547 = CARTESIAN_POINT('',(5.333333333333E-02,-7.566666666667,
    8.646666666667));
#12548 = VECTOR('',#12549,1.);
#12549 = DIRECTION('',(-0.57735026919,-0.57735026919,0.57735026919));
#12550 = ORIENTED_EDGE('',*,*,#12551,.F.);
#12551 = EDGE_CURVE('',#12535,#12544,#12552,.T.);
#12552 = LINE('',#12553,#12554);
#12553 = CARTESIAN_POINT('',(0.16,-7.94,8.54));
#12554 = VECTOR('',#12555,1.);
#12555 = DIRECTION('',(0.,1.,0.));
#12556 = PLANE('',#12557);
#12557 = AXIS2_PLACEMENT_3D('',#12558,#12559,#12560);
#12558 = CARTESIAN_POINT('',(0.24,-7.94,8.46));
#12559 = DIRECTION('',(0.707106781187,-1.735167508357E-18,0.707106781187
    ));
#12560 = DIRECTION('',(1.226948711654E-18,1.,1.226948711654E-18));
#12561 = ADVANCED_FACE('',(#12562),#12580,.T.);
#12562 = FACE_BOUND('',#12563,.F.);
#12563 = EDGE_LOOP('',(#12564,#12572,#12573,#12574));
#12564 = ORIENTED_EDGE('',*,*,#12565,.F.);
#12565 = EDGE_CURVE('',#11800,#12566,#12568,.T.);
#12566 = VERTEX_POINT('',#12567);
#12567 = CARTESIAN_POINT('',(-0.16,-7.46,8.54));
#12568 = LINE('',#12569,#12570);
#12569 = CARTESIAN_POINT('',(-0.16,-7.46,8.54));
#12570 = VECTOR('',#12571,1.);
#12571 = DIRECTION('',(0.57735026919,-0.57735026919,0.57735026919));
#12572 = ORIENTED_EDGE('',*,*,#11807,.T.);
#12573 = ORIENTED_EDGE('',*,*,#12543,.T.);
#12574 = ORIENTED_EDGE('',*,*,#12575,.F.);
#12575 = EDGE_CURVE('',#12566,#12544,#12576,.T.);
#12576 = LINE('',#12577,#12578);
#12577 = CARTESIAN_POINT('',(-0.32,-7.46,8.54));
#12578 = VECTOR('',#12579,1.);
#12579 = DIRECTION('',(1.,0.,0.));
#12580 = PLANE('',#12581);
#12581 = AXIS2_PLACEMENT_3D('',#12582,#12583,#12584);
#12582 = CARTESIAN_POINT('',(-0.32,-7.38,8.46));
#12583 = DIRECTION('',(1.735167508357E-18,0.707106781187,0.707106781187)
  );
#12584 = DIRECTION('',(-1.,1.226948711654E-18,1.226948711654E-18));
#12585 = ADVANCED_FACE('',(#12586),#12604,.F.);
#12586 = FACE_BOUND('',#12587,.F.);
#12587 = EDGE_LOOP('',(#12588,#12596,#12597,#12598));
#12588 = ORIENTED_EDGE('',*,*,#12589,.F.);
#12589 = EDGE_CURVE('',#11822,#12590,#12592,.T.);
#12590 = VERTEX_POINT('',#12591);
#12591 = CARTESIAN_POINT('',(-0.16,-7.78,8.54));
#12592 = LINE('',#12593,#12594);
#12593 = CARTESIAN_POINT('',(-0.266666666667,-7.886666666667,
    8.433333333333));
#12594 = VECTOR('',#12595,1.);
#12595 = DIRECTION('',(0.57735026919,0.57735026919,0.57735026919));
#12596 = ORIENTED_EDGE('',*,*,#11831,.T.);
#12597 = ORIENTED_EDGE('',*,*,#12565,.T.);
#12598 = ORIENTED_EDGE('',*,*,#12599,.F.);
#12599 = EDGE_CURVE('',#12590,#12566,#12600,.T.);
#12600 = LINE('',#12601,#12602);
#12601 = CARTESIAN_POINT('',(-0.16,-7.94,8.54));
#12602 = VECTOR('',#12603,1.);
#12603 = DIRECTION('',(0.,1.,0.));
#12604 = PLANE('',#12605);
#12605 = AXIS2_PLACEMENT_3D('',#12606,#12607,#12608);
#12606 = CARTESIAN_POINT('',(-0.24,-7.94,8.46));
#12607 = DIRECTION('',(0.707106781187,1.735167508357E-18,-0.707106781187
    ));
#12608 = DIRECTION('',(-1.226948711654E-18,1.,1.226948711654E-18));
#12609 = ADVANCED_FACE('',(#12610),#12621,.F.);
#12610 = FACE_BOUND('',#12611,.T.);
#12611 = EDGE_LOOP('',(#12612,#12613,#12614,#12615));
#12612 = ORIENTED_EDGE('',*,*,#12589,.F.);
#12613 = ORIENTED_EDGE('',*,*,#11848,.T.);
#12614 = ORIENTED_EDGE('',*,*,#12534,.T.);
#12615 = ORIENTED_EDGE('',*,*,#12616,.F.);
#12616 = EDGE_CURVE('',#12590,#12535,#12617,.T.);
#12617 = LINE('',#12618,#12619);
#12618 = CARTESIAN_POINT('',(-0.32,-7.78,8.54));
#12619 = VECTOR('',#12620,1.);
#12620 = DIRECTION('',(1.,0.,0.));
#12621 = PLANE('',#12622);
#12622 = AXIS2_PLACEMENT_3D('',#12623,#12624,#12625);
#12623 = CARTESIAN_POINT('',(-0.32,-7.86,8.46));
#12624 = DIRECTION('',(-1.735167508357E-18,0.707106781187,
    -0.707106781187));
#12625 = DIRECTION('',(-1.,-1.226948711654E-18,1.226948711654E-18));
#12626 = ADVANCED_FACE('',(#12627),#12652,.T.);
#12627 = FACE_BOUND('',#12628,.T.);
#12628 = EDGE_LOOP('',(#12629,#12637,#12638,#12646));
#12629 = ORIENTED_EDGE('',*,*,#12630,.F.);
#12630 = EDGE_CURVE('',#11863,#12631,#12633,.T.);
#12631 = VERTEX_POINT('',#12632);
#12632 = CARTESIAN_POINT('',(0.16,-0.16,8.54));
#12633 = LINE('',#12634,#12635);
#12634 = CARTESIAN_POINT('',(0.16,-0.16,8.54));
#12635 = VECTOR('',#12636,1.);
#12636 = DIRECTION('',(-0.57735026919,0.57735026919,0.57735026919));
#12637 = ORIENTED_EDGE('',*,*,#11879,.T.);
#12638 = ORIENTED_EDGE('',*,*,#12639,.T.);
#12639 = EDGE_CURVE('',#11872,#12640,#12642,.T.);
#12640 = VERTEX_POINT('',#12641);
#12641 = CARTESIAN_POINT('',(0.16,0.16,8.54));
#12642 = LINE('',#12643,#12644);
#12643 = CARTESIAN_POINT('',(5.333333333333E-02,5.333333333333E-02,
    8.646666666667));
#12644 = VECTOR('',#12645,1.);
#12645 = DIRECTION('',(-0.57735026919,-0.57735026919,0.57735026919));
#12646 = ORIENTED_EDGE('',*,*,#12647,.F.);
#12647 = EDGE_CURVE('',#12631,#12640,#12648,.T.);
#12648 = LINE('',#12649,#12650);
#12649 = CARTESIAN_POINT('',(0.16,-0.32,8.54));
#12650 = VECTOR('',#12651,1.);
#12651 = DIRECTION('',(0.,1.,0.));
#12652 = PLANE('',#12653);
#12653 = AXIS2_PLACEMENT_3D('',#12654,#12655,#12656);
#12654 = CARTESIAN_POINT('',(0.24,-0.32,8.46));
#12655 = DIRECTION('',(0.707106781187,-1.735167508357E-18,0.707106781187
    ));
#12656 = DIRECTION('',(1.226948711654E-18,1.,1.226948711654E-18));
#12657 = ADVANCED_FACE('',(#12658),#12676,.T.);
#12658 = FACE_BOUND('',#12659,.F.);
#12659 = EDGE_LOOP('',(#12660,#12668,#12669,#12670));
#12660 = ORIENTED_EDGE('',*,*,#12661,.F.);
#12661 = EDGE_CURVE('',#11896,#12662,#12664,.T.);
#12662 = VERTEX_POINT('',#12663);
#12663 = CARTESIAN_POINT('',(-0.16,0.16,8.54));
#12664 = LINE('',#12665,#12666);
#12665 = CARTESIAN_POINT('',(-0.16,0.16,8.54));
#12666 = VECTOR('',#12667,1.);
#12667 = DIRECTION('',(0.57735026919,-0.57735026919,0.57735026919));
#12668 = ORIENTED_EDGE('',*,*,#11903,.T.);
#12669 = ORIENTED_EDGE('',*,*,#12639,.T.);
#12670 = ORIENTED_EDGE('',*,*,#12671,.F.);
#12671 = EDGE_CURVE('',#12662,#12640,#12672,.T.);
#12672 = LINE('',#12673,#12674);
#12673 = CARTESIAN_POINT('',(-0.32,0.16,8.54));
#12674 = VECTOR('',#12675,1.);
#12675 = DIRECTION('',(1.,0.,0.));
#12676 = PLANE('',#12677);
#12677 = AXIS2_PLACEMENT_3D('',#12678,#12679,#12680);
#12678 = CARTESIAN_POINT('',(-0.32,0.24,8.46));
#12679 = DIRECTION('',(1.735167508357E-18,0.707106781187,0.707106781187)
  );
#12680 = DIRECTION('',(-1.,1.226948711654E-18,1.226948711654E-18));
#12681 = ADVANCED_FACE('',(#12682),#12700,.F.);
#12682 = FACE_BOUND('',#12683,.F.);
#12683 = EDGE_LOOP('',(#12684,#12692,#12693,#12694));
#12684 = ORIENTED_EDGE('',*,*,#12685,.F.);
#12685 = EDGE_CURVE('',#11918,#12686,#12688,.T.);
#12686 = VERTEX_POINT('',#12687);
#12687 = CARTESIAN_POINT('',(-0.16,-0.16,8.54));
#12688 = LINE('',#12689,#12690);
#12689 = CARTESIAN_POINT('',(-0.266666666667,-0.266666666667,
    8.433333333333));
#12690 = VECTOR('',#12691,1.);
#12691 = DIRECTION('',(0.57735026919,0.57735026919,0.57735026919));
#12692 = ORIENTED_EDGE('',*,*,#11927,.T.);
#12693 = ORIENTED_EDGE('',*,*,#12661,.T.);
#12694 = ORIENTED_EDGE('',*,*,#12695,.F.);
#12695 = EDGE_CURVE('',#12686,#12662,#12696,.T.);
#12696 = LINE('',#12697,#12698);
#12697 = CARTESIAN_POINT('',(-0.16,-0.32,8.54));
#12698 = VECTOR('',#12699,1.);
#12699 = DIRECTION('',(0.,1.,0.));
#12700 = PLANE('',#12701);
#12701 = AXIS2_PLACEMENT_3D('',#12702,#12703,#12704);
#12702 = CARTESIAN_POINT('',(-0.24,-0.32,8.46));
#12703 = DIRECTION('',(0.707106781187,1.735167508357E-18,-0.707106781187
    ));
#12704 = DIRECTION('',(-1.226948711654E-18,1.,1.226948711654E-18));
#12705 = ADVANCED_FACE('',(#12706),#12717,.F.);
#12706 = FACE_BOUND('',#12707,.T.);
#12707 = EDGE_LOOP('',(#12708,#12709,#12710,#12711));
#12708 = ORIENTED_EDGE('',*,*,#12685,.F.);
#12709 = ORIENTED_EDGE('',*,*,#11944,.T.);
#12710 = ORIENTED_EDGE('',*,*,#12630,.T.);
#12711 = ORIENTED_EDGE('',*,*,#12712,.F.);
#12712 = EDGE_CURVE('',#12686,#12631,#12713,.T.);
#12713 = LINE('',#12714,#12715);
#12714 = CARTESIAN_POINT('',(-0.32,-0.16,8.54));
#12715 = VECTOR('',#12716,1.);
#12716 = DIRECTION('',(1.,0.,0.));
#12717 = PLANE('',#12718);
#12718 = AXIS2_PLACEMENT_3D('',#12719,#12720,#12721);
#12719 = CARTESIAN_POINT('',(-0.32,-0.24,8.46));
#12720 = DIRECTION('',(-1.735167508357E-18,0.707106781187,
    -0.707106781187));
#12721 = DIRECTION('',(-1.,-1.226948711654E-18,1.226948711654E-18));
#12722 = ADVANCED_FACE('',(#12723),#12748,.T.);
#12723 = FACE_BOUND('',#12724,.F.);
#12724 = EDGE_LOOP('',(#12725,#12733,#12734,#12742));
#12725 = ORIENTED_EDGE('',*,*,#12726,.F.);
#12726 = EDGE_CURVE('',#11968,#12727,#12729,.T.);
#12727 = VERTEX_POINT('',#12728);
#12728 = CARTESIAN_POINT('',(-0.16,-2.38,8.54));
#12729 = LINE('',#12730,#12731);
#12730 = CARTESIAN_POINT('',(-0.16,-2.38,8.54));
#12731 = VECTOR('',#12732,1.);
#12732 = DIRECTION('',(0.57735026919,-0.57735026919,0.57735026919));
#12733 = ORIENTED_EDGE('',*,*,#11975,.T.);
#12734 = ORIENTED_EDGE('',*,*,#12735,.T.);
#12735 = EDGE_CURVE('',#11959,#12736,#12738,.T.);
#12736 = VERTEX_POINT('',#12737);
#12737 = CARTESIAN_POINT('',(0.16,-2.38,8.54));
#12738 = LINE('',#12739,#12740);
#12739 = CARTESIAN_POINT('',(5.333333333333E-02,-2.486666666667,
    8.646666666667));
#12740 = VECTOR('',#12741,1.);
#12741 = DIRECTION('',(-0.57735026919,-0.57735026919,0.57735026919));
#12742 = ORIENTED_EDGE('',*,*,#12743,.F.);
#12743 = EDGE_CURVE('',#12727,#12736,#12744,.T.);
#12744 = LINE('',#12745,#12746);
#12745 = CARTESIAN_POINT('',(-0.32,-2.38,8.54));
#12746 = VECTOR('',#12747,1.);
#12747 = DIRECTION('',(1.,0.,0.));
#12748 = PLANE('',#12749);
#12749 = AXIS2_PLACEMENT_3D('',#12750,#12751,#12752);
#12750 = CARTESIAN_POINT('',(-0.32,-2.3,8.46));
#12751 = DIRECTION('',(1.735167508357E-18,0.707106781187,0.707106781187)
  );
#12752 = DIRECTION('',(-1.,1.226948711654E-18,1.226948711654E-18));
#12753 = ADVANCED_FACE('',(#12754),#12772,.F.);
#12754 = FACE_BOUND('',#12755,.F.);
#12755 = EDGE_LOOP('',(#12756,#12764,#12765,#12766));
#12756 = ORIENTED_EDGE('',*,*,#12757,.F.);
#12757 = EDGE_CURVE('',#11990,#12758,#12760,.T.);
#12758 = VERTEX_POINT('',#12759);
#12759 = CARTESIAN_POINT('',(-0.16,-2.7,8.54));
#12760 = LINE('',#12761,#12762);
#12761 = CARTESIAN_POINT('',(-0.266666666667,-2.806666666667,
    8.433333333333));
#12762 = VECTOR('',#12763,1.);
#12763 = DIRECTION('',(0.57735026919,0.57735026919,0.57735026919));
#12764 = ORIENTED_EDGE('',*,*,#11999,.T.);
#12765 = ORIENTED_EDGE('',*,*,#12726,.T.);
#12766 = ORIENTED_EDGE('',*,*,#12767,.F.);
#12767 = EDGE_CURVE('',#12758,#12727,#12768,.T.);
#12768 = LINE('',#12769,#12770);
#12769 = CARTESIAN_POINT('',(-0.16,-2.86,8.54));
#12770 = VECTOR('',#12771,1.);
#12771 = DIRECTION('',(0.,1.,0.));
#12772 = PLANE('',#12773);
#12773 = AXIS2_PLACEMENT_3D('',#12774,#12775,#12776);
#12774 = CARTESIAN_POINT('',(-0.24,-2.86,8.46));
#12775 = DIRECTION('',(0.707106781187,1.735167508357E-18,-0.707106781187
    ));
#12776 = DIRECTION('',(-1.226948711654E-18,1.,1.226948711654E-18));
#12777 = ADVANCED_FACE('',(#12778),#12796,.F.);
#12778 = FACE_BOUND('',#12779,.T.);
#12779 = EDGE_LOOP('',(#12780,#12781,#12782,#12790));
#12780 = ORIENTED_EDGE('',*,*,#12757,.F.);
#12781 = ORIENTED_EDGE('',*,*,#12023,.T.);
#12782 = ORIENTED_EDGE('',*,*,#12783,.T.);
#12783 = EDGE_CURVE('',#12014,#12784,#12786,.T.);
#12784 = VERTEX_POINT('',#12785);
#12785 = CARTESIAN_POINT('',(0.16,-2.7,8.54));
#12786 = LINE('',#12787,#12788);
#12787 = CARTESIAN_POINT('',(0.16,-2.7,8.54));
#12788 = VECTOR('',#12789,1.);
#12789 = DIRECTION('',(-0.57735026919,0.57735026919,0.57735026919));
#12790 = ORIENTED_EDGE('',*,*,#12791,.F.);
#12791 = EDGE_CURVE('',#12758,#12784,#12792,.T.);
#12792 = LINE('',#12793,#12794);
#12793 = CARTESIAN_POINT('',(-0.32,-2.7,8.54));
#12794 = VECTOR('',#12795,1.);
#12795 = DIRECTION('',(1.,0.,0.));
#12796 = PLANE('',#12797);
#12797 = AXIS2_PLACEMENT_3D('',#12798,#12799,#12800);
#12798 = CARTESIAN_POINT('',(-0.32,-2.78,8.46));
#12799 = DIRECTION('',(-1.735167508357E-18,0.707106781187,
    -0.707106781187));
#12800 = DIRECTION('',(-1.,-1.226948711654E-18,1.226948711654E-18));
#12801 = ADVANCED_FACE('',(#12802),#12813,.T.);
#12802 = FACE_BOUND('',#12803,.T.);
#12803 = EDGE_LOOP('',(#12804,#12805,#12806,#12807));
#12804 = ORIENTED_EDGE('',*,*,#12783,.F.);
#12805 = ORIENTED_EDGE('',*,*,#12040,.T.);
#12806 = ORIENTED_EDGE('',*,*,#12735,.T.);
#12807 = ORIENTED_EDGE('',*,*,#12808,.F.);
#12808 = EDGE_CURVE('',#12784,#12736,#12809,.T.);
#12809 = LINE('',#12810,#12811);
#12810 = CARTESIAN_POINT('',(0.16,-2.86,8.54));
#12811 = VECTOR('',#12812,1.);
#12812 = DIRECTION('',(0.,1.,0.));
#12813 = PLANE('',#12814);
#12814 = AXIS2_PLACEMENT_3D('',#12815,#12816,#12817);
#12815 = CARTESIAN_POINT('',(0.24,-2.86,8.46));
#12816 = DIRECTION('',(0.707106781187,-1.735167508357E-18,0.707106781187
    ));
#12817 = DIRECTION('',(1.226948711654E-18,1.,1.226948711654E-18));
#12818 = ADVANCED_FACE('',(#12819),#12825,.F.);
#12819 = FACE_BOUND('',#12820,.F.);
#12820 = EDGE_LOOP('',(#12821,#12822,#12823,#12824));
#12821 = ORIENTED_EDGE('',*,*,#12136,.T.);
#12822 = ORIENTED_EDGE('',*,*,#12071,.F.);
#12823 = ORIENTED_EDGE('',*,*,#12095,.F.);
#12824 = ORIENTED_EDGE('',*,*,#12119,.T.);
#12825 = PLANE('',#12826);
#12826 = AXIS2_PLACEMENT_3D('',#12827,#12828,#12829);
#12827 = CARTESIAN_POINT('',(-0.32,-5.4,-3.));
#12828 = DIRECTION('',(0.,0.,1.));
#12829 = DIRECTION('',(1.,0.,-0.));
#12830 = ADVANCED_FACE('',(#12831),#12837,.F.);
#12831 = FACE_BOUND('',#12832,.F.);
#12832 = EDGE_LOOP('',(#12833,#12834,#12835,#12836));
#12833 = ORIENTED_EDGE('',*,*,#12167,.T.);
#12834 = ORIENTED_EDGE('',*,*,#12191,.F.);
#12835 = ORIENTED_EDGE('',*,*,#12215,.F.);
#12836 = ORIENTED_EDGE('',*,*,#12232,.T.);
#12837 = PLANE('',#12838);
#12838 = AXIS2_PLACEMENT_3D('',#12839,#12840,#12841);
#12839 = CARTESIAN_POINT('',(-0.32,-7.94,-3.));
#12840 = DIRECTION('',(0.,0.,1.));
#12841 = DIRECTION('',(1.,0.,-0.));
#12842 = ADVANCED_FACE('',(#12843),#12849,.F.);
#12843 = FACE_BOUND('',#12844,.F.);
#12844 = EDGE_LOOP('',(#12845,#12846,#12847,#12848));
#12845 = ORIENTED_EDGE('',*,*,#12263,.T.);
#12846 = ORIENTED_EDGE('',*,*,#12287,.F.);
#12847 = ORIENTED_EDGE('',*,*,#12311,.F.);
#12848 = ORIENTED_EDGE('',*,*,#12328,.T.);
#12849 = PLANE('',#12850);
#12850 = AXIS2_PLACEMENT_3D('',#12851,#12852,#12853);
#12851 = CARTESIAN_POINT('',(-0.32,-0.32,-3.));
#12852 = DIRECTION('',(0.,0.,1.));
#12853 = DIRECTION('',(1.,0.,-0.));
#12854 = ADVANCED_FACE('',(#12855),#12861,.F.);
#12855 = FACE_BOUND('',#12856,.F.);
#12856 = EDGE_LOOP('',(#12857,#12858,#12859,#12860));
#12857 = ORIENTED_EDGE('',*,*,#12424,.T.);
#12858 = ORIENTED_EDGE('',*,*,#12359,.F.);
#12859 = ORIENTED_EDGE('',*,*,#12383,.F.);
#12860 = ORIENTED_EDGE('',*,*,#12407,.T.);
#12861 = PLANE('',#12862);
#12862 = AXIS2_PLACEMENT_3D('',#12863,#12864,#12865);
#12863 = CARTESIAN_POINT('',(-0.32,-2.86,-3.));
#12864 = DIRECTION('',(0.,0.,1.));
#12865 = DIRECTION('',(1.,0.,-0.));
#12866 = ADVANCED_FACE('',(#12867),#12873,.T.);
#12867 = FACE_BOUND('',#12868,.T.);
#12868 = EDGE_LOOP('',(#12869,#12870,#12871,#12872));
#12869 = ORIENTED_EDGE('',*,*,#12520,.T.);
#12870 = ORIENTED_EDGE('',*,*,#12455,.F.);
#12871 = ORIENTED_EDGE('',*,*,#12479,.F.);
#12872 = ORIENTED_EDGE('',*,*,#12503,.T.);
#12873 = PLANE('',#12874);
#12874 = AXIS2_PLACEMENT_3D('',#12875,#12876,#12877);
#12875 = CARTESIAN_POINT('',(-0.32,-5.4,8.54));
#12876 = DIRECTION('',(0.,0.,1.));
#12877 = DIRECTION('',(1.,0.,-0.));
#12878 = ADVANCED_FACE('',(#12879),#12885,.T.);
#12879 = FACE_BOUND('',#12880,.T.);
#12880 = EDGE_LOOP('',(#12881,#12882,#12883,#12884));
#12881 = ORIENTED_EDGE('',*,*,#12551,.T.);
#12882 = ORIENTED_EDGE('',*,*,#12575,.F.);
#12883 = ORIENTED_EDGE('',*,*,#12599,.F.);
#12884 = ORIENTED_EDGE('',*,*,#12616,.T.);
#12885 = PLANE('',#12886);
#12886 = AXIS2_PLACEMENT_3D('',#12887,#12888,#12889);
#12887 = CARTESIAN_POINT('',(-0.32,-7.94,8.54));
#12888 = DIRECTION('',(0.,0.,1.));
#12889 = DIRECTION('',(1.,0.,-0.));
#12890 = ADVANCED_FACE('',(#12891),#12897,.T.);
#12891 = FACE_BOUND('',#12892,.T.);
#12892 = EDGE_LOOP('',(#12893,#12894,#12895,#12896));
#12893 = ORIENTED_EDGE('',*,*,#12647,.T.);
#12894 = ORIENTED_EDGE('',*,*,#12671,.F.);
#12895 = ORIENTED_EDGE('',*,*,#12695,.F.);
#12896 = ORIENTED_EDGE('',*,*,#12712,.T.);
#12897 = PLANE('',#12898);
#12898 = AXIS2_PLACEMENT_3D('',#12899,#12900,#12901);
#12899 = CARTESIAN_POINT('',(-0.32,-0.32,8.54));
#12900 = DIRECTION('',(0.,0.,1.));
#12901 = DIRECTION('',(1.,0.,-0.));
#12902 = ADVANCED_FACE('',(#12903),#12909,.T.);
#12903 = FACE_BOUND('',#12904,.T.);
#12904 = EDGE_LOOP('',(#12905,#12906,#12907,#12908));
#12905 = ORIENTED_EDGE('',*,*,#12808,.T.);
#12906 = ORIENTED_EDGE('',*,*,#12743,.F.);
#12907 = ORIENTED_EDGE('',*,*,#12767,.F.);
#12908 = ORIENTED_EDGE('',*,*,#12791,.T.);
#12909 = PLANE('',#12910);
#12910 = AXIS2_PLACEMENT_3D('',#12911,#12912,#12913);
#12911 = CARTESIAN_POINT('',(-0.32,-2.86,8.54));
#12912 = DIRECTION('',(0.,0.,1.));
#12913 = DIRECTION('',(1.,0.,-0.));
#12914 = ( GEOMETRIC_REPRESENTATION_CONTEXT(3) 
GLOBAL_UNCERTAINTY_ASSIGNED_CONTEXT((#12918)) 
GLOBAL_UNIT_ASSIGNED_CONTEXT((#12915,#12916,#12917)) 
REPRESENTATION_CONTEXT('Context #1',
  '3D Context with UNIT and UNCERTAINTY') );
#12915 = ( LENGTH_UNIT() NAMED_UNIT(*) SI_UNIT(.MILLI.,.METRE.) );
#12916 = ( NAMED_UNIT(*) PLANE_ANGLE_UNIT() SI_UNIT($,.RADIAN.) );
#12917 = ( NAMED_UNIT(*) SI_UNIT($,.STERADIAN.) SOLID_ANGLE_UNIT() );
#12918 = UNCERTAINTY_MEASURE_WITH_UNIT(LENGTH_MEASURE(1.E-07),#12915,
  'distance_accuracy_value','confusion accuracy');
#12919 = CONTEXT_DEPENDENT_SHAPE_REPRESENTATION(#12920,#12922);
#12920 = ( REPRESENTATION_RELATIONSHIP('','',#10133,#10) 
REPRESENTATION_RELATIONSHIP_WITH_TRANSFORMATION(#12921) 
SHAPE_REPRESENTATION_RELATIONSHIP() );
#12921 = ITEM_DEFINED_TRANSFORMATION('','',#11,#31);
#12922 = PRODUCT_DEFINITION_SHAPE('Placement','Placement of an item',
  #12923);
#12923 = NEXT_ASSEMBLY_USAGE_OCCURRENCE('7','J2','',#5,#10128,$);
#12924 = PRODUCT_RELATED_PRODUCT_CATEGORY('part',$,(#10130));
#12925 = CONTEXT_DEPENDENT_SHAPE_REPRESENTATION(#12926,#12928);
#12926 = ( REPRESENTATION_RELATIONSHIP('','',#7101,#10) 
REPRESENTATION_RELATIONSHIP_WITH_TRANSFORMATION(#12927) 
SHAPE_REPRESENTATION_RELATIONSHIP() );
#12927 = ITEM_DEFINED_TRANSFORMATION('','',#11,#35);
#12928 = PRODUCT_DEFINITION_SHAPE('Placement','Placement of an item',
  #12929);
#12929 = NEXT_ASSEMBLY_USAGE_OCCURRENCE('8','R2','',#5,#7096,$);
#12930 = SHAPE_DEFINITION_REPRESENTATION(#12931,#12937);
#12931 = PRODUCT_DEFINITION_SHAPE('','',#12932);
#12932 = PRODUCT_DEFINITION('design','',#12933,#12936);
#12933 = PRODUCT_DEFINITION_FORMATION('','',#12934);
#12934 = PRODUCT('LED_0603_1608Metric','LED_0603_1608Metric','',(#12935)
  );
#12935 = PRODUCT_CONTEXT('',#2,'mechanical');
#12936 = PRODUCT_DEFINITION_CONTEXT('part definition',#2,'design');
#12937 = ADVANCED_BREP_SHAPE_REPRESENTATION('',(#11,#12938),#14461);
#12938 = MANIFOLD_SOLID_BREP('',#12939);
#12939 = CLOSED_SHELL('',(#12940,#12980,#13027,#13106,#13130,#13170,
    #13201,#13218,#13251,#13275,#13342,#13463,#13530,#13554,#13585,
    #13618,#13674,#13698,#13722,#13746,#13779,#13791,#13854,#13879,
    #13896,#13920,#13938,#13956,#13974,#13991,#14008,#14039,#14064,
    #14089,#14113,#14130,#14161,#14185,#14202,#14230,#14255,#14279,
    #14304,#14351,#14368,#14380,#14402,#14414,#14432,#14450));
#12940 = ADVANCED_FACE('',(#12941),#12975,.F.);
#12941 = FACE_BOUND('',#12942,.F.);
#12942 = EDGE_LOOP('',(#12943,#12953,#12961,#12969));
#12943 = ORIENTED_EDGE('',*,*,#12944,.T.);
#12944 = EDGE_CURVE('',#12945,#12947,#12949,.T.);
#12945 = VERTEX_POINT('',#12946);
#12946 = CARTESIAN_POINT('',(-0.5,-0.4,0.47));
#12947 = VERTEX_POINT('',#12948);
#12948 = CARTESIAN_POINT('',(-0.45,-0.4,1.1));
#12949 = LINE('',#12950,#12951);
#12950 = CARTESIAN_POINT('',(-0.5,-0.4,0.47));
#12951 = VECTOR('',#12952,1.);
#12952 = DIRECTION('',(7.911630099815E-02,0.,0.996865392576));
#12953 = ORIENTED_EDGE('',*,*,#12954,.T.);
#12954 = EDGE_CURVE('',#12947,#12955,#12957,.T.);
#12955 = VERTEX_POINT('',#12956);
#12956 = CARTESIAN_POINT('',(0.45,-0.4,1.1));
#12957 = LINE('',#12958,#12959);
#12958 = CARTESIAN_POINT('',(-0.45,-0.4,1.1));
#12959 = VECTOR('',#12960,1.);
#12960 = DIRECTION('',(1.,0.,0.));
#12961 = ORIENTED_EDGE('',*,*,#12962,.T.);
#12962 = EDGE_CURVE('',#12955,#12963,#12965,.T.);
#12963 = VERTEX_POINT('',#12964);
#12964 = CARTESIAN_POINT('',(0.5,-0.4,0.47));
#12965 = LINE('',#12966,#12967);
#12966 = CARTESIAN_POINT('',(0.45,-0.4,1.1));
#12967 = VECTOR('',#12968,1.);
#12968 = DIRECTION('',(7.911630099815E-02,0.,-0.996865392576));
#12969 = ORIENTED_EDGE('',*,*,#12970,.T.);
#12970 = EDGE_CURVE('',#12963,#12945,#12971,.T.);
#12971 = LINE('',#12972,#12973);
#12972 = CARTESIAN_POINT('',(0.5,-0.4,0.47));
#12973 = VECTOR('',#12974,1.);
#12974 = DIRECTION('',(-1.,0.,0.));
#12975 = PLANE('',#12976);
#12976 = AXIS2_PLACEMENT_3D('',#12977,#12978,#12979);
#12977 = CARTESIAN_POINT('',(-8.772411109409E-18,-0.4,0.775044128294));
#12978 = DIRECTION('',(0.,1.,0.));
#12979 = DIRECTION('',(0.,-0.,1.));
#12980 = ADVANCED_FACE('',(#12981),#13022,.T.);
#12981 = FACE_BOUND('',#12982,.T.);
#12982 = EDGE_LOOP('',(#12983,#12993,#13001,#13007,#13008,#13016));
#12983 = ORIENTED_EDGE('',*,*,#12984,.T.);
#12984 = EDGE_CURVE('',#12985,#12987,#12989,.T.);
#12985 = VERTEX_POINT('',#12986);
#12986 = CARTESIAN_POINT('',(-0.5,0.4,0.47));
#12987 = VERTEX_POINT('',#12988);
#12988 = CARTESIAN_POINT('',(-0.5,0.3,0.47));
#12989 = LINE('',#12990,#12991);
#12990 = CARTESIAN_POINT('',(-0.5,0.4,0.47));
#12991 = VECTOR('',#12992,1.);
#12992 = DIRECTION('',(0.,-1.,0.));
#12993 = ORIENTED_EDGE('',*,*,#12994,.F.);
#12994 = EDGE_CURVE('',#12995,#12987,#12997,.T.);
#12995 = VERTEX_POINT('',#12996);
#12996 = CARTESIAN_POINT('',(-0.5,-0.3,0.47));
#12997 = LINE('',#12998,#12999);
#12998 = CARTESIAN_POINT('',(-0.5,-0.4,0.47));
#12999 = VECTOR('',#13000,1.);
#13000 = DIRECTION('',(0.,1.,0.));
#13001 = ORIENTED_EDGE('',*,*,#13002,.T.);
#13002 = EDGE_CURVE('',#12995,#12945,#13003,.T.);
#13003 = LINE('',#13004,#13005);
#13004 = CARTESIAN_POINT('',(-0.5,0.4,0.47));
#13005 = VECTOR('',#13006,1.);
#13006 = DIRECTION('',(0.,-1.,0.));
#13007 = ORIENTED_EDGE('',*,*,#12944,.T.);
#13008 = ORIENTED_EDGE('',*,*,#13009,.F.);
#13009 = EDGE_CURVE('',#13010,#12947,#13012,.T.);
#13010 = VERTEX_POINT('',#13011);
#13011 = CARTESIAN_POINT('',(-0.45,0.4,1.1));
#13012 = LINE('',#13013,#13014);
#13013 = CARTESIAN_POINT('',(-0.45,0.4,1.1));
#13014 = VECTOR('',#13015,1.);
#13015 = DIRECTION('',(0.,-1.,0.));
#13016 = ORIENTED_EDGE('',*,*,#13017,.F.);
#13017 = EDGE_CURVE('',#12985,#13010,#13018,.T.);
#13018 = LINE('',#13019,#13020);
#13019 = CARTESIAN_POINT('',(-0.5,0.4,0.47));
#13020 = VECTOR('',#13021,1.);
#13021 = DIRECTION('',(7.911630099815E-02,0.,0.996865392576));
#13022 = PLANE('',#13023);
#13023 = AXIS2_PLACEMENT_3D('',#13024,#13025,#13026);
#13024 = CARTESIAN_POINT('',(-0.5,0.4,0.47));
#13025 = DIRECTION('',(-0.996865392576,0.,7.911630099815E-02));
#13026 = DIRECTION('',(7.911630099815E-02,0.,0.996865392576));
#13027 = ADVANCED_FACE('',(#13028),#13101,.F.);
#13028 = FACE_BOUND('',#13029,.F.);
#13029 = EDGE_LOOP('',(#13030,#13040,#13048,#13056,#13062,#13063,#13071,
    #13079,#13087,#13095));
#13030 = ORIENTED_EDGE('',*,*,#13031,.F.);
#13031 = EDGE_CURVE('',#13032,#13034,#13036,.T.);
#13032 = VERTEX_POINT('',#13033);
#13033 = CARTESIAN_POINT('',(-0.77,-0.4,3.E-02));
#13034 = VERTEX_POINT('',#13035);
#13035 = CARTESIAN_POINT('',(-0.725,-0.4,3.E-02));
#13036 = LINE('',#13037,#13038);
#13037 = CARTESIAN_POINT('',(-0.77,-0.4,3.E-02));
#13038 = VECTOR('',#13039,1.);
#13039 = DIRECTION('',(1.,0.,0.));
#13040 = ORIENTED_EDGE('',*,*,#13041,.T.);
#13041 = EDGE_CURVE('',#13032,#13042,#13044,.T.);
#13042 = VERTEX_POINT('',#13043);
#13043 = CARTESIAN_POINT('',(-0.77,-0.4,0.47));
#13044 = LINE('',#13045,#13046);
#13045 = CARTESIAN_POINT('',(-0.77,-0.4,3.E-02));
#13046 = VECTOR('',#13047,1.);
#13047 = DIRECTION('',(0.,0.,1.));
#13048 = ORIENTED_EDGE('',*,*,#13049,.T.);
#13049 = EDGE_CURVE('',#13042,#13050,#13052,.T.);
#13050 = VERTEX_POINT('',#13051);
#13051 = CARTESIAN_POINT('',(-0.725,-0.4,0.47));
#13052 = LINE('',#13053,#13054);
#13053 = CARTESIAN_POINT('',(-0.77,-0.4,0.47));
#13054 = VECTOR('',#13055,1.);
#13055 = DIRECTION('',(1.,0.,0.));
#13056 = ORIENTED_EDGE('',*,*,#13057,.T.);
#13057 = EDGE_CURVE('',#13050,#12945,#13058,.T.);
#13058 = LINE('',#13059,#13060);
#13059 = CARTESIAN_POINT('',(-0.77,-0.4,0.47));
#13060 = VECTOR('',#13061,1.);
#13061 = DIRECTION('',(1.,0.,0.));
#13062 = ORIENTED_EDGE('',*,*,#12970,.F.);
#13063 = ORIENTED_EDGE('',*,*,#13064,.T.);
#13064 = EDGE_CURVE('',#12963,#13065,#13067,.T.);
#13065 = VERTEX_POINT('',#13066);
#13066 = CARTESIAN_POINT('',(0.725,-0.4,0.47));
#13067 = LINE('',#13068,#13069);
#13068 = CARTESIAN_POINT('',(-0.77,-0.4,0.47));
#13069 = VECTOR('',#13070,1.);
#13070 = DIRECTION('',(1.,0.,0.));
#13071 = ORIENTED_EDGE('',*,*,#13072,.T.);
#13072 = EDGE_CURVE('',#13065,#13073,#13075,.T.);
#13073 = VERTEX_POINT('',#13074);
#13074 = CARTESIAN_POINT('',(0.77,-0.4,0.47));
#13075 = LINE('',#13076,#13077);
#13076 = CARTESIAN_POINT('',(-0.77,-0.4,0.47));
#13077 = VECTOR('',#13078,1.);
#13078 = DIRECTION('',(1.,0.,0.));
#13079 = ORIENTED_EDGE('',*,*,#13080,.F.);
#13080 = EDGE_CURVE('',#13081,#13073,#13083,.T.);
#13081 = VERTEX_POINT('',#13082);
#13082 = CARTESIAN_POINT('',(0.77,-0.4,3.E-02));
#13083 = LINE('',#13084,#13085);
#13084 = CARTESIAN_POINT('',(0.77,-0.4,3.E-02));
#13085 = VECTOR('',#13086,1.);
#13086 = DIRECTION('',(0.,0.,1.));
#13087 = ORIENTED_EDGE('',*,*,#13088,.F.);
#13088 = EDGE_CURVE('',#13089,#13081,#13091,.T.);
#13089 = VERTEX_POINT('',#13090);
#13090 = CARTESIAN_POINT('',(0.725,-0.4,3.E-02));
#13091 = LINE('',#13092,#13093);
#13092 = CARTESIAN_POINT('',(-0.77,-0.4,3.E-02));
#13093 = VECTOR('',#13094,1.);
#13094 = DIRECTION('',(1.,0.,0.));
#13095 = ORIENTED_EDGE('',*,*,#13096,.F.);
#13096 = EDGE_CURVE('',#13034,#13089,#13097,.T.);
#13097 = LINE('',#13098,#13099);
#13098 = CARTESIAN_POINT('',(-0.77,-0.4,3.E-02));
#13099 = VECTOR('',#13100,1.);
#13100 = DIRECTION('',(1.,0.,0.));
#13101 = PLANE('',#13102);
#13102 = AXIS2_PLACEMENT_3D('',#13103,#13104,#13105);
#13103 = CARTESIAN_POINT('',(-0.77,-0.4,3.E-02));
#13104 = DIRECTION('',(0.,1.,0.));
#13105 = DIRECTION('',(0.,-0.,1.));
#13106 = ADVANCED_FACE('',(#13107),#13125,.T.);
#13107 = FACE_BOUND('',#13108,.T.);
#13108 = EDGE_LOOP('',(#13109,#13110,#13111,#13119));
#13109 = ORIENTED_EDGE('',*,*,#13009,.T.);
#13110 = ORIENTED_EDGE('',*,*,#12954,.T.);
#13111 = ORIENTED_EDGE('',*,*,#13112,.F.);
#13112 = EDGE_CURVE('',#13113,#12955,#13115,.T.);
#13113 = VERTEX_POINT('',#13114);
#13114 = CARTESIAN_POINT('',(0.45,0.4,1.1));
#13115 = LINE('',#13116,#13117);
#13116 = CARTESIAN_POINT('',(0.45,0.4,1.1));
#13117 = VECTOR('',#13118,1.);
#13118 = DIRECTION('',(0.,-1.,0.));
#13119 = ORIENTED_EDGE('',*,*,#13120,.F.);
#13120 = EDGE_CURVE('',#13010,#13113,#13121,.T.);
#13121 = LINE('',#13122,#13123);
#13122 = CARTESIAN_POINT('',(-0.45,0.4,1.1));
#13123 = VECTOR('',#13124,1.);
#13124 = DIRECTION('',(1.,0.,0.));
#13125 = PLANE('',#13126);
#13126 = AXIS2_PLACEMENT_3D('',#13127,#13128,#13129);
#13127 = CARTESIAN_POINT('',(-0.45,0.4,1.1));
#13128 = DIRECTION('',(0.,0.,1.));
#13129 = DIRECTION('',(1.,0.,-0.));
#13130 = ADVANCED_FACE('',(#13131),#13165,.T.);
#13131 = FACE_BOUND('',#13132,.T.);
#13132 = EDGE_LOOP('',(#13133,#13134,#13135,#13143,#13151,#13159));
#13133 = ORIENTED_EDGE('',*,*,#13112,.T.);
#13134 = ORIENTED_EDGE('',*,*,#12962,.T.);
#13135 = ORIENTED_EDGE('',*,*,#13136,.F.);
#13136 = EDGE_CURVE('',#13137,#12963,#13139,.T.);
#13137 = VERTEX_POINT('',#13138);
#13138 = CARTESIAN_POINT('',(0.5,-0.3,0.47));
#13139 = LINE('',#13140,#13141);
#13140 = CARTESIAN_POINT('',(0.5,0.4,0.47));
#13141 = VECTOR('',#13142,1.);
#13142 = DIRECTION('',(0.,-1.,0.));
#13143 = ORIENTED_EDGE('',*,*,#13144,.T.);
#13144 = EDGE_CURVE('',#13137,#13145,#13147,.T.);
#13145 = VERTEX_POINT('',#13146);
#13146 = CARTESIAN_POINT('',(0.5,0.3,0.47));
#13147 = LINE('',#13148,#13149);
#13148 = CARTESIAN_POINT('',(0.5,-0.4,0.47));
#13149 = VECTOR('',#13150,1.);
#13150 = DIRECTION('',(0.,1.,0.));
#13151 = ORIENTED_EDGE('',*,*,#13152,.F.);
#13152 = EDGE_CURVE('',#13153,#13145,#13155,.T.);
#13153 = VERTEX_POINT('',#13154);
#13154 = CARTESIAN_POINT('',(0.5,0.4,0.47));
#13155 = LINE('',#13156,#13157);
#13156 = CARTESIAN_POINT('',(0.5,0.4,0.47));
#13157 = VECTOR('',#13158,1.);
#13158 = DIRECTION('',(0.,-1.,0.));
#13159 = ORIENTED_EDGE('',*,*,#13160,.F.);
#13160 = EDGE_CURVE('',#13113,#13153,#13161,.T.);
#13161 = LINE('',#13162,#13163);
#13162 = CARTESIAN_POINT('',(0.45,0.4,1.1));
#13163 = VECTOR('',#13164,1.);
#13164 = DIRECTION('',(7.911630099815E-02,0.,-0.996865392576));
#13165 = PLANE('',#13166);
#13166 = AXIS2_PLACEMENT_3D('',#13167,#13168,#13169);
#13167 = CARTESIAN_POINT('',(0.45,0.4,1.1));
#13168 = DIRECTION('',(0.996865392576,0.,7.911630099815E-02));
#13169 = DIRECTION('',(7.911630099815E-02,0.,-0.996865392576));
#13170 = ADVANCED_FACE('',(#13171),#13196,.T.);
#13171 = FACE_BOUND('',#13172,.T.);
#13172 = EDGE_LOOP('',(#13173,#13181,#13189,#13195));
#13173 = ORIENTED_EDGE('',*,*,#13174,.F.);
#13174 = EDGE_CURVE('',#13175,#12985,#13177,.T.);
#13175 = VERTEX_POINT('',#13176);
#13176 = CARTESIAN_POINT('',(-0.725,0.4,0.47));
#13177 = LINE('',#13178,#13179);
#13178 = CARTESIAN_POINT('',(-0.77,0.4,0.47));
#13179 = VECTOR('',#13180,1.);
#13180 = DIRECTION('',(1.,0.,0.));
#13181 = ORIENTED_EDGE('',*,*,#13182,.F.);
#13182 = EDGE_CURVE('',#13183,#13175,#13185,.T.);
#13183 = VERTEX_POINT('',#13184);
#13184 = CARTESIAN_POINT('',(-0.725,0.3,0.47));
#13185 = LINE('',#13186,#13187);
#13186 = CARTESIAN_POINT('',(-0.725,5.E-02,0.47));
#13187 = VECTOR('',#13188,1.);
#13188 = DIRECTION('',(0.,1.,0.));
#13189 = ORIENTED_EDGE('',*,*,#13190,.F.);
#13190 = EDGE_CURVE('',#12987,#13183,#13191,.T.);
#13191 = LINE('',#13192,#13193);
#13192 = CARTESIAN_POINT('',(-0.7475,0.3,0.47));
#13193 = VECTOR('',#13194,1.);
#13194 = DIRECTION('',(-1.,0.,0.));
#13195 = ORIENTED_EDGE('',*,*,#12984,.F.);
#13196 = PLANE('',#13197);
#13197 = AXIS2_PLACEMENT_3D('',#13198,#13199,#13200);
#13198 = CARTESIAN_POINT('',(-0.77,-0.4,0.47));
#13199 = DIRECTION('',(0.,0.,1.));
#13200 = DIRECTION('',(1.,0.,-0.));
#13201 = ADVANCED_FACE('',(#13202),#13213,.T.);
#13202 = FACE_BOUND('',#13203,.T.);
#13203 = EDGE_LOOP('',(#13204,#13205,#13206,#13207));
#13204 = ORIENTED_EDGE('',*,*,#13017,.T.);
#13205 = ORIENTED_EDGE('',*,*,#13120,.T.);
#13206 = ORIENTED_EDGE('',*,*,#13160,.T.);
#13207 = ORIENTED_EDGE('',*,*,#13208,.T.);
#13208 = EDGE_CURVE('',#13153,#12985,#13209,.T.);
#13209 = LINE('',#13210,#13211);
#13210 = CARTESIAN_POINT('',(0.5,0.4,0.47));
#13211 = VECTOR('',#13212,1.);
#13212 = DIRECTION('',(-1.,0.,0.));
#13213 = PLANE('',#13214);
#13214 = AXIS2_PLACEMENT_3D('',#13215,#13216,#13217);
#13215 = CARTESIAN_POINT('',(-8.772411109409E-18,0.4,0.775044128294));
#13216 = DIRECTION('',(0.,1.,0.));
#13217 = DIRECTION('',(0.,-0.,1.));
#13218 = ADVANCED_FACE('',(#13219),#13246,.T.);
#13219 = FACE_BOUND('',#13220,.T.);
#13220 = EDGE_LOOP('',(#13221,#13230,#13238,#13245));
#13221 = ORIENTED_EDGE('',*,*,#13222,.F.);
#13222 = EDGE_CURVE('',#13223,#12987,#13225,.T.);
#13223 = VERTEX_POINT('',#13224);
#13224 = CARTESIAN_POINT('',(-0.53,0.3,0.5));
#13225 = CIRCLE('',#13226,3.E-02);
#13226 = AXIS2_PLACEMENT_3D('',#13227,#13228,#13229);
#13227 = CARTESIAN_POINT('',(-0.53,0.3,0.47));
#13228 = DIRECTION('',(-0.,1.,0.));
#13229 = DIRECTION('',(1.,0.,0.));
#13230 = ORIENTED_EDGE('',*,*,#13231,.F.);
#13231 = EDGE_CURVE('',#13232,#13223,#13234,.T.);
#13232 = VERTEX_POINT('',#13233);
#13233 = CARTESIAN_POINT('',(-0.53,-0.3,0.5));
#13234 = LINE('',#13235,#13236);
#13235 = CARTESIAN_POINT('',(-0.53,-0.4,0.5));
#13236 = VECTOR('',#13237,1.);
#13237 = DIRECTION('',(0.,1.,0.));
#13238 = ORIENTED_EDGE('',*,*,#13239,.T.);
#13239 = EDGE_CURVE('',#13232,#12995,#13240,.T.);
#13240 = CIRCLE('',#13241,3.E-02);
#13241 = AXIS2_PLACEMENT_3D('',#13242,#13243,#13244);
#13242 = CARTESIAN_POINT('',(-0.53,-0.3,0.47));
#13243 = DIRECTION('',(-0.,1.,0.));
#13244 = DIRECTION('',(1.,0.,0.));
#13245 = ORIENTED_EDGE('',*,*,#12994,.T.);
#13246 = CYLINDRICAL_SURFACE('',#13247,3.E-02);
#13247 = AXIS2_PLACEMENT_3D('',#13248,#13249,#13250);
#13248 = CARTESIAN_POINT('',(-0.53,-0.4,0.47));
#13249 = DIRECTION('',(0.,1.,0.));
#13250 = DIRECTION('',(1.,0.,0.));
#13251 = ADVANCED_FACE('',(#13252),#13270,.T.);
#13252 = FACE_BOUND('',#13253,.T.);
#13253 = EDGE_LOOP('',(#13254,#13262,#13263,#13264));
#13254 = ORIENTED_EDGE('',*,*,#13255,.F.);
#13255 = EDGE_CURVE('',#13050,#13256,#13258,.T.);
#13256 = VERTEX_POINT('',#13257);
#13257 = CARTESIAN_POINT('',(-0.725,-0.3,0.47));
#13258 = LINE('',#13259,#13260);
#13259 = CARTESIAN_POINT('',(-0.725,-0.35,0.47));
#13260 = VECTOR('',#13261,1.);
#13261 = DIRECTION('',(0.,1.,0.));
#13262 = ORIENTED_EDGE('',*,*,#13057,.T.);
#13263 = ORIENTED_EDGE('',*,*,#13002,.F.);
#13264 = ORIENTED_EDGE('',*,*,#13265,.F.);
#13265 = EDGE_CURVE('',#13256,#12995,#13266,.T.);
#13266 = LINE('',#13267,#13268);
#13267 = CARTESIAN_POINT('',(-2.25E-02,-0.3,0.47));
#13268 = VECTOR('',#13269,1.);
#13269 = DIRECTION('',(1.,0.,0.));
#13270 = PLANE('',#13271);
#13271 = AXIS2_PLACEMENT_3D('',#13272,#13273,#13274);
#13272 = CARTESIAN_POINT('',(-0.77,-0.4,0.47));
#13273 = DIRECTION('',(0.,0.,1.));
#13274 = DIRECTION('',(1.,0.,-0.));
#13275 = ADVANCED_FACE('',(#13276),#13337,.F.);
#13276 = FACE_BOUND('',#13277,.F.);
#13277 = EDGE_LOOP('',(#13278,#13288,#13297,#13305,#13314,#13322,#13328,
    #13329,#13330,#13331));
#13278 = ORIENTED_EDGE('',*,*,#13279,.F.);
#13279 = EDGE_CURVE('',#13280,#13282,#13284,.T.);
#13280 = VERTEX_POINT('',#13281);
#13281 = CARTESIAN_POINT('',(-0.77,-0.4,-3.469446951954E-18));
#13282 = VERTEX_POINT('',#13283);
#13283 = CARTESIAN_POINT('',(-0.725,-0.4,0.));
#13284 = LINE('',#13285,#13286);
#13285 = CARTESIAN_POINT('',(-0.8,-0.4,0.));
#13286 = VECTOR('',#13287,1.);
#13287 = DIRECTION('',(1.,0.,0.));
#13288 = ORIENTED_EDGE('',*,*,#13289,.F.);
#13289 = EDGE_CURVE('',#13290,#13280,#13292,.T.);
#13290 = VERTEX_POINT('',#13291);
#13291 = CARTESIAN_POINT('',(-0.8,-0.4,3.E-02));
#13292 = CIRCLE('',#13293,3.E-02);
#13293 = AXIS2_PLACEMENT_3D('',#13294,#13295,#13296);
#13294 = CARTESIAN_POINT('',(-0.77,-0.4,3.E-02));
#13295 = DIRECTION('',(0.,-1.,0.));
#13296 = DIRECTION('',(0.,0.,1.));
#13297 = ORIENTED_EDGE('',*,*,#13298,.T.);
#13298 = EDGE_CURVE('',#13290,#13299,#13301,.T.);
#13299 = VERTEX_POINT('',#13300);
#13300 = CARTESIAN_POINT('',(-0.8,-0.4,0.47));
#13301 = LINE('',#13302,#13303);
#13302 = CARTESIAN_POINT('',(-0.8,-0.4,0.));
#13303 = VECTOR('',#13304,1.);
#13304 = DIRECTION('',(0.,0.,1.));
#13305 = ORIENTED_EDGE('',*,*,#13306,.T.);
#13306 = EDGE_CURVE('',#13299,#13307,#13309,.T.);
#13307 = VERTEX_POINT('',#13308);
#13308 = CARTESIAN_POINT('',(-0.77,-0.4,0.5));
#13309 = CIRCLE('',#13310,3.E-02);
#13310 = AXIS2_PLACEMENT_3D('',#13311,#13312,#13313);
#13311 = CARTESIAN_POINT('',(-0.77,-0.4,0.47));
#13312 = DIRECTION('',(0.,1.,0.));
#13313 = DIRECTION('',(0.,-0.,1.));
#13314 = ORIENTED_EDGE('',*,*,#13315,.T.);
#13315 = EDGE_CURVE('',#13307,#13316,#13318,.T.);
#13316 = VERTEX_POINT('',#13317);
#13317 = CARTESIAN_POINT('',(-0.725,-0.4,0.5));
#13318 = LINE('',#13319,#13320);
#13319 = CARTESIAN_POINT('',(-0.8,-0.4,0.5));
#13320 = VECTOR('',#13321,1.);
#13321 = DIRECTION('',(1.,0.,0.));
#13322 = ORIENTED_EDGE('',*,*,#13323,.F.);
#13323 = EDGE_CURVE('',#13050,#13316,#13324,.T.);
#13324 = LINE('',#13325,#13326);
#13325 = CARTESIAN_POINT('',(-0.725,-0.4,0.375));
#13326 = VECTOR('',#13327,1.);
#13327 = DIRECTION('',(0.,0.,1.));
#13328 = ORIENTED_EDGE('',*,*,#13049,.F.);
#13329 = ORIENTED_EDGE('',*,*,#13041,.F.);
#13330 = ORIENTED_EDGE('',*,*,#13031,.T.);
#13331 = ORIENTED_EDGE('',*,*,#13332,.F.);
#13332 = EDGE_CURVE('',#13282,#13034,#13333,.T.);
#13333 = LINE('',#13334,#13335);
#13334 = CARTESIAN_POINT('',(-0.725,-0.4,0.375));
#13335 = VECTOR('',#13336,1.);
#13336 = DIRECTION('',(0.,0.,1.));
#13337 = PLANE('',#13338);
#13338 = AXIS2_PLACEMENT_3D('',#13339,#13340,#13341);
#13339 = CARTESIAN_POINT('',(-0.8,-0.4,0.));
#13340 = DIRECTION('',(0.,1.,0.));
#13341 = DIRECTION('',(0.,-0.,1.));
#13342 = ADVANCED_FACE('',(#13343,#13432),#13458,.F.);
#13343 = FACE_BOUND('',#13344,.F.);
#13344 = EDGE_LOOP('',(#13345,#13353,#13354,#13362,#13370,#13378,#13386,
    #13394,#13402,#13410,#13418,#13426));
#13345 = ORIENTED_EDGE('',*,*,#13346,.F.);
#13346 = EDGE_CURVE('',#13034,#13347,#13349,.T.);
#13347 = VERTEX_POINT('',#13348);
#13348 = CARTESIAN_POINT('',(-0.725,-0.3,3.E-02));
#13349 = LINE('',#13350,#13351);
#13350 = CARTESIAN_POINT('',(-0.725,-0.35,3.E-02));
#13351 = VECTOR('',#13352,1.);
#13352 = DIRECTION('',(0.,1.,0.));
#13353 = ORIENTED_EDGE('',*,*,#13096,.T.);
#13354 = ORIENTED_EDGE('',*,*,#13355,.F.);
#13355 = EDGE_CURVE('',#13356,#13089,#13358,.T.);
#13356 = VERTEX_POINT('',#13357);
#13357 = CARTESIAN_POINT('',(0.725,-0.3,3.E-02));
#13358 = LINE('',#13359,#13360);
#13359 = CARTESIAN_POINT('',(0.725,-0.45,3.E-02));
#13360 = VECTOR('',#13361,1.);
#13361 = DIRECTION('',(0.,-1.,0.));
#13362 = ORIENTED_EDGE('',*,*,#13363,.F.);
#13363 = EDGE_CURVE('',#13364,#13356,#13366,.T.);
#13364 = VERTEX_POINT('',#13365);
#13365 = CARTESIAN_POINT('',(0.5,-0.3,3.E-02));
#13366 = LINE('',#13367,#13368);
#13367 = CARTESIAN_POINT('',(-2.25E-02,-0.3,3.E-02));
#13368 = VECTOR('',#13369,1.);
#13369 = DIRECTION('',(1.,0.,0.));
#13370 = ORIENTED_EDGE('',*,*,#13371,.T.);
#13371 = EDGE_CURVE('',#13364,#13372,#13374,.T.);
#13372 = VERTEX_POINT('',#13373);
#13373 = CARTESIAN_POINT('',(0.5,0.3,3.E-02));
#13374 = LINE('',#13375,#13376);
#13375 = CARTESIAN_POINT('',(0.5,-0.4,3.E-02));
#13376 = VECTOR('',#13377,1.);
#13377 = DIRECTION('',(0.,1.,0.));
#13378 = ORIENTED_EDGE('',*,*,#13379,.F.);
#13379 = EDGE_CURVE('',#13380,#13372,#13382,.T.);
#13380 = VERTEX_POINT('',#13381);
#13381 = CARTESIAN_POINT('',(0.725,0.3,3.E-02));
#13382 = LINE('',#13383,#13384);
#13383 = CARTESIAN_POINT('',(-0.7475,0.3,3.E-02));
#13384 = VECTOR('',#13385,1.);
#13385 = DIRECTION('',(-1.,0.,0.));
#13386 = ORIENTED_EDGE('',*,*,#13387,.F.);
#13387 = EDGE_CURVE('',#13388,#13380,#13390,.T.);
#13388 = VERTEX_POINT('',#13389);
#13389 = CARTESIAN_POINT('',(0.725,0.4,3.E-02));
#13390 = LINE('',#13391,#13392);
#13391 = CARTESIAN_POINT('',(0.725,-5.E-02,3.E-02));
#13392 = VECTOR('',#13393,1.);
#13393 = DIRECTION('',(0.,-1.,0.));
#13394 = ORIENTED_EDGE('',*,*,#13395,.F.);
#13395 = EDGE_CURVE('',#13396,#13388,#13398,.T.);
#13396 = VERTEX_POINT('',#13397);
#13397 = CARTESIAN_POINT('',(-0.725,0.4,3.E-02));
#13398 = LINE('',#13399,#13400);
#13399 = CARTESIAN_POINT('',(-0.77,0.4,3.E-02));
#13400 = VECTOR('',#13401,1.);
#13401 = DIRECTION('',(1.,0.,0.));
#13402 = ORIENTED_EDGE('',*,*,#13403,.F.);
#13403 = EDGE_CURVE('',#13404,#13396,#13406,.T.);
#13404 = VERTEX_POINT('',#13405);
#13405 = CARTESIAN_POINT('',(-0.725,0.3,3.E-02));
#13406 = LINE('',#13407,#13408);
#13407 = CARTESIAN_POINT('',(-0.725,5.E-02,3.E-02));
#13408 = VECTOR('',#13409,1.);
#13409 = DIRECTION('',(0.,1.,0.));
#13410 = ORIENTED_EDGE('',*,*,#13411,.F.);
#13411 = EDGE_CURVE('',#13412,#13404,#13414,.T.);
#13412 = VERTEX_POINT('',#13413);
#13413 = CARTESIAN_POINT('',(-0.5,0.3,3.E-02));
#13414 = LINE('',#13415,#13416);
#13415 = CARTESIAN_POINT('',(-0.7475,0.3,3.E-02));
#13416 = VECTOR('',#13417,1.);
#13417 = DIRECTION('',(-1.,0.,0.));
#13418 = ORIENTED_EDGE('',*,*,#13419,.F.);
#13419 = EDGE_CURVE('',#13420,#13412,#13422,.T.);
#13420 = VERTEX_POINT('',#13421);
#13421 = CARTESIAN_POINT('',(-0.5,-0.3,3.E-02));
#13422 = LINE('',#13423,#13424);
#13423 = CARTESIAN_POINT('',(-0.5,-0.4,3.E-02));
#13424 = VECTOR('',#13425,1.);
#13425 = DIRECTION('',(0.,1.,0.));
#13426 = ORIENTED_EDGE('',*,*,#13427,.F.);
#13427 = EDGE_CURVE('',#13347,#13420,#13428,.T.);
#13428 = LINE('',#13429,#13430);
#13429 = CARTESIAN_POINT('',(-2.25E-02,-0.3,3.E-02));
#13430 = VECTOR('',#13431,1.);
#13431 = DIRECTION('',(1.,0.,0.));
#13432 = FACE_BOUND('',#13433,.F.);
#13433 = EDGE_LOOP('',(#13434,#13444,#13452));
#13434 = ORIENTED_EDGE('',*,*,#13435,.T.);
#13435 = EDGE_CURVE('',#13436,#13438,#13440,.T.);
#13436 = VERTEX_POINT('',#13437);
#13437 = CARTESIAN_POINT('',(0.277128129211,0.32,3.E-02));
#13438 = VERTEX_POINT('',#13439);
#13439 = CARTESIAN_POINT('',(0.277128129211,-0.32,3.E-02));
#13440 = LINE('',#13441,#13442);
#13441 = CARTESIAN_POINT('',(0.277128129211,0.32,3.E-02));
#13442 = VECTOR('',#13443,1.);
#13443 = DIRECTION('',(0.,-1.,0.));
#13444 = ORIENTED_EDGE('',*,*,#13445,.T.);
#13445 = EDGE_CURVE('',#13438,#13446,#13448,.T.);
#13446 = VERTEX_POINT('',#13447);
#13447 = CARTESIAN_POINT('',(-0.277128129211,0.,3.E-02));
#13448 = LINE('',#13449,#13450);
#13449 = CARTESIAN_POINT('',(0.277128129211,-0.32,3.E-02));
#13450 = VECTOR('',#13451,1.);
#13451 = DIRECTION('',(-0.866025403784,0.5,0.));
#13452 = ORIENTED_EDGE('',*,*,#13453,.T.);
#13453 = EDGE_CURVE('',#13446,#13436,#13454,.T.);
#13454 = LINE('',#13455,#13456);
#13455 = CARTESIAN_POINT('',(-0.277128129211,0.,3.E-02));
#13456 = VECTOR('',#13457,1.);
#13457 = DIRECTION('',(0.866025403784,0.5,0.));
#13458 = PLANE('',#13459);
#13459 = AXIS2_PLACEMENT_3D('',#13460,#13461,#13462);
#13460 = CARTESIAN_POINT('',(-0.77,-0.4,3.E-02));
#13461 = DIRECTION('',(0.,0.,1.));
#13462 = DIRECTION('',(1.,0.,-0.));
#13463 = ADVANCED_FACE('',(#13464),#13525,.F.);
#13464 = FACE_BOUND('',#13465,.F.);
#13465 = EDGE_LOOP('',(#13466,#13476,#13482,#13483,#13484,#13485,#13493,
    #13501,#13510,#13518));
#13466 = ORIENTED_EDGE('',*,*,#13467,.F.);
#13467 = EDGE_CURVE('',#13468,#13470,#13472,.T.);
#13468 = VERTEX_POINT('',#13469);
#13469 = CARTESIAN_POINT('',(0.725,-0.4,0.));
#13470 = VERTEX_POINT('',#13471);
#13471 = CARTESIAN_POINT('',(0.77,-0.4,-3.469446951954E-18));
#13472 = LINE('',#13473,#13474);
#13473 = CARTESIAN_POINT('',(0.5,-0.4,0.));
#13474 = VECTOR('',#13475,1.);
#13475 = DIRECTION('',(1.,0.,0.));
#13476 = ORIENTED_EDGE('',*,*,#13477,.F.);
#13477 = EDGE_CURVE('',#13089,#13468,#13478,.T.);
#13478 = LINE('',#13479,#13480);
#13479 = CARTESIAN_POINT('',(0.725,-0.4,0.375));
#13480 = VECTOR('',#13481,1.);
#13481 = DIRECTION('',(0.,0.,-1.));
#13482 = ORIENTED_EDGE('',*,*,#13088,.T.);
#13483 = ORIENTED_EDGE('',*,*,#13080,.T.);
#13484 = ORIENTED_EDGE('',*,*,#13072,.F.);
#13485 = ORIENTED_EDGE('',*,*,#13486,.F.);
#13486 = EDGE_CURVE('',#13487,#13065,#13489,.T.);
#13487 = VERTEX_POINT('',#13488);
#13488 = CARTESIAN_POINT('',(0.725,-0.4,0.5));
#13489 = LINE('',#13490,#13491);
#13490 = CARTESIAN_POINT('',(0.725,-0.4,0.375));
#13491 = VECTOR('',#13492,1.);
#13492 = DIRECTION('',(0.,0.,-1.));
#13493 = ORIENTED_EDGE('',*,*,#13494,.T.);
#13494 = EDGE_CURVE('',#13487,#13495,#13497,.T.);
#13495 = VERTEX_POINT('',#13496);
#13496 = CARTESIAN_POINT('',(0.77,-0.4,0.5));
#13497 = LINE('',#13498,#13499);
#13498 = CARTESIAN_POINT('',(0.5,-0.4,0.5));
#13499 = VECTOR('',#13500,1.);
#13500 = DIRECTION('',(1.,0.,0.));
#13501 = ORIENTED_EDGE('',*,*,#13502,.F.);
#13502 = EDGE_CURVE('',#13503,#13495,#13505,.T.);
#13503 = VERTEX_POINT('',#13504);
#13504 = CARTESIAN_POINT('',(0.8,-0.4,0.47));
#13505 = CIRCLE('',#13506,3.E-02);
#13506 = AXIS2_PLACEMENT_3D('',#13507,#13508,#13509);
#13507 = CARTESIAN_POINT('',(0.77,-0.4,0.47));
#13508 = DIRECTION('',(0.,-1.,0.));
#13509 = DIRECTION('',(0.,0.,1.));
#13510 = ORIENTED_EDGE('',*,*,#13511,.F.);
#13511 = EDGE_CURVE('',#13512,#13503,#13514,.T.);
#13512 = VERTEX_POINT('',#13513);
#13513 = CARTESIAN_POINT('',(0.8,-0.4,3.E-02));
#13514 = LINE('',#13515,#13516);
#13515 = CARTESIAN_POINT('',(0.8,-0.4,0.));
#13516 = VECTOR('',#13517,1.);
#13517 = DIRECTION('',(0.,0.,1.));
#13518 = ORIENTED_EDGE('',*,*,#13519,.T.);
#13519 = EDGE_CURVE('',#13512,#13470,#13520,.T.);
#13520 = CIRCLE('',#13521,3.E-02);
#13521 = AXIS2_PLACEMENT_3D('',#13522,#13523,#13524);
#13522 = CARTESIAN_POINT('',(0.77,-0.4,3.E-02));
#13523 = DIRECTION('',(0.,1.,0.));
#13524 = DIRECTION('',(0.,-0.,1.));
#13525 = PLANE('',#13526);
#13526 = AXIS2_PLACEMENT_3D('',#13527,#13528,#13529);
#13527 = CARTESIAN_POINT('',(0.5,-0.4,0.));
#13528 = DIRECTION('',(0.,1.,0.));
#13529 = DIRECTION('',(0.,-0.,1.));
#13530 = ADVANCED_FACE('',(#13531),#13549,.T.);
#13531 = FACE_BOUND('',#13532,.T.);
#13532 = EDGE_LOOP('',(#13533,#13541,#13542,#13543));
#13533 = ORIENTED_EDGE('',*,*,#13534,.F.);
#13534 = EDGE_CURVE('',#13137,#13535,#13537,.T.);
#13535 = VERTEX_POINT('',#13536);
#13536 = CARTESIAN_POINT('',(0.725,-0.3,0.47));
#13537 = LINE('',#13538,#13539);
#13538 = CARTESIAN_POINT('',(-2.25E-02,-0.3,0.47));
#13539 = VECTOR('',#13540,1.);
#13540 = DIRECTION('',(1.,0.,0.));
#13541 = ORIENTED_EDGE('',*,*,#13136,.T.);
#13542 = ORIENTED_EDGE('',*,*,#13064,.T.);
#13543 = ORIENTED_EDGE('',*,*,#13544,.F.);
#13544 = EDGE_CURVE('',#13535,#13065,#13545,.T.);
#13545 = LINE('',#13546,#13547);
#13546 = CARTESIAN_POINT('',(0.725,-0.45,0.47));
#13547 = VECTOR('',#13548,1.);
#13548 = DIRECTION('',(0.,-1.,0.));
#13549 = PLANE('',#13550);
#13550 = AXIS2_PLACEMENT_3D('',#13551,#13552,#13553);
#13551 = CARTESIAN_POINT('',(-0.77,-0.4,0.47));
#13552 = DIRECTION('',(0.,0.,1.));
#13553 = DIRECTION('',(1.,0.,-0.));
#13554 = ADVANCED_FACE('',(#13555),#13580,.T.);
#13555 = FACE_BOUND('',#13556,.T.);
#13556 = EDGE_LOOP('',(#13557,#13565,#13566,#13574));
#13557 = ORIENTED_EDGE('',*,*,#13558,.F.);
#13558 = EDGE_CURVE('',#13153,#13559,#13561,.T.);
#13559 = VERTEX_POINT('',#13560);
#13560 = CARTESIAN_POINT('',(0.725,0.4,0.47));
#13561 = LINE('',#13562,#13563);
#13562 = CARTESIAN_POINT('',(-0.77,0.4,0.47));
#13563 = VECTOR('',#13564,1.);
#13564 = DIRECTION('',(1.,0.,0.));
#13565 = ORIENTED_EDGE('',*,*,#13152,.T.);
#13566 = ORIENTED_EDGE('',*,*,#13567,.F.);
#13567 = EDGE_CURVE('',#13568,#13145,#13570,.T.);
#13568 = VERTEX_POINT('',#13569);
#13569 = CARTESIAN_POINT('',(0.725,0.3,0.47));
#13570 = LINE('',#13571,#13572);
#13571 = CARTESIAN_POINT('',(-0.7475,0.3,0.47));
#13572 = VECTOR('',#13573,1.);
#13573 = DIRECTION('',(-1.,0.,0.));
#13574 = ORIENTED_EDGE('',*,*,#13575,.F.);
#13575 = EDGE_CURVE('',#13559,#13568,#13576,.T.);
#13576 = LINE('',#13577,#13578);
#13577 = CARTESIAN_POINT('',(0.725,-5.E-02,0.47));
#13578 = VECTOR('',#13579,1.);
#13579 = DIRECTION('',(0.,-1.,0.));
#13580 = PLANE('',#13581);
#13581 = AXIS2_PLACEMENT_3D('',#13582,#13583,#13584);
#13582 = CARTESIAN_POINT('',(-0.77,-0.4,0.47));
#13583 = DIRECTION('',(0.,0.,1.));
#13584 = DIRECTION('',(1.,0.,-0.));
#13585 = ADVANCED_FACE('',(#13586),#13613,.T.);
#13586 = FACE_BOUND('',#13587,.T.);
#13587 = EDGE_LOOP('',(#13588,#13589,#13598,#13606));
#13588 = ORIENTED_EDGE('',*,*,#13144,.F.);
#13589 = ORIENTED_EDGE('',*,*,#13590,.T.);
#13590 = EDGE_CURVE('',#13137,#13591,#13593,.T.);
#13591 = VERTEX_POINT('',#13592);
#13592 = CARTESIAN_POINT('',(0.53,-0.3,0.5));
#13593 = CIRCLE('',#13594,3.E-02);
#13594 = AXIS2_PLACEMENT_3D('',#13595,#13596,#13597);
#13595 = CARTESIAN_POINT('',(0.53,-0.3,0.47));
#13596 = DIRECTION('',(0.,1.,-0.));
#13597 = DIRECTION('',(-1.,0.,0.));
#13598 = ORIENTED_EDGE('',*,*,#13599,.T.);
#13599 = EDGE_CURVE('',#13591,#13600,#13602,.T.);
#13600 = VERTEX_POINT('',#13601);
#13601 = CARTESIAN_POINT('',(0.53,0.3,0.5));
#13602 = LINE('',#13603,#13604);
#13603 = CARTESIAN_POINT('',(0.53,-0.4,0.5));
#13604 = VECTOR('',#13605,1.);
#13605 = DIRECTION('',(0.,1.,0.));
#13606 = ORIENTED_EDGE('',*,*,#13607,.F.);
#13607 = EDGE_CURVE('',#13145,#13600,#13608,.T.);
#13608 = CIRCLE('',#13609,3.E-02);
#13609 = AXIS2_PLACEMENT_3D('',#13610,#13611,#13612);
#13610 = CARTESIAN_POINT('',(0.53,0.3,0.47));
#13611 = DIRECTION('',(0.,1.,-0.));
#13612 = DIRECTION('',(-1.,0.,0.));
#13613 = CYLINDRICAL_SURFACE('',#13614,3.E-02);
#13614 = AXIS2_PLACEMENT_3D('',#13615,#13616,#13617);
#13615 = CARTESIAN_POINT('',(0.53,-0.4,0.47));
#13616 = DIRECTION('',(0.,1.,0.));
#13617 = DIRECTION('',(-1.,0.,0.));
#13618 = ADVANCED_FACE('',(#13619),#13669,.T.);
#13619 = FACE_BOUND('',#13620,.T.);
#13620 = EDGE_LOOP('',(#13621,#13629,#13637,#13643,#13644,#13645,#13646,
    #13654,#13662,#13668));
#13621 = ORIENTED_EDGE('',*,*,#13622,.F.);
#13622 = EDGE_CURVE('',#13623,#13396,#13625,.T.);
#13623 = VERTEX_POINT('',#13624);
#13624 = CARTESIAN_POINT('',(-0.77,0.4,3.E-02));
#13625 = LINE('',#13626,#13627);
#13626 = CARTESIAN_POINT('',(-0.77,0.4,3.E-02));
#13627 = VECTOR('',#13628,1.);
#13628 = DIRECTION('',(1.,0.,0.));
#13629 = ORIENTED_EDGE('',*,*,#13630,.T.);
#13630 = EDGE_CURVE('',#13623,#13631,#13633,.T.);
#13631 = VERTEX_POINT('',#13632);
#13632 = CARTESIAN_POINT('',(-0.77,0.4,0.47));
#13633 = LINE('',#13634,#13635);
#13634 = CARTESIAN_POINT('',(-0.77,0.4,3.E-02));
#13635 = VECTOR('',#13636,1.);
#13636 = DIRECTION('',(0.,0.,1.));
#13637 = ORIENTED_EDGE('',*,*,#13638,.T.);
#13638 = EDGE_CURVE('',#13631,#13175,#13639,.T.);
#13639 = LINE('',#13640,#13641);
#13640 = CARTESIAN_POINT('',(-0.77,0.4,0.47));
#13641 = VECTOR('',#13642,1.);
#13642 = DIRECTION('',(1.,0.,0.));
#13643 = ORIENTED_EDGE('',*,*,#13174,.T.);
#13644 = ORIENTED_EDGE('',*,*,#13208,.F.);
#13645 = ORIENTED_EDGE('',*,*,#13558,.T.);
#13646 = ORIENTED_EDGE('',*,*,#13647,.T.);
#13647 = EDGE_CURVE('',#13559,#13648,#13650,.T.);
#13648 = VERTEX_POINT('',#13649);
#13649 = CARTESIAN_POINT('',(0.77,0.4,0.47));
#13650 = LINE('',#13651,#13652);
#13651 = CARTESIAN_POINT('',(-0.77,0.4,0.47));
#13652 = VECTOR('',#13653,1.);
#13653 = DIRECTION('',(1.,0.,0.));
#13654 = ORIENTED_EDGE('',*,*,#13655,.F.);
#13655 = EDGE_CURVE('',#13656,#13648,#13658,.T.);
#13656 = VERTEX_POINT('',#13657);
#13657 = CARTESIAN_POINT('',(0.77,0.4,3.E-02));
#13658 = LINE('',#13659,#13660);
#13659 = CARTESIAN_POINT('',(0.77,0.4,3.E-02));
#13660 = VECTOR('',#13661,1.);
#13661 = DIRECTION('',(0.,0.,1.));
#13662 = ORIENTED_EDGE('',*,*,#13663,.F.);
#13663 = EDGE_CURVE('',#13388,#13656,#13664,.T.);
#13664 = LINE('',#13665,#13666);
#13665 = CARTESIAN_POINT('',(-0.77,0.4,3.E-02));
#13666 = VECTOR('',#13667,1.);
#13667 = DIRECTION('',(1.,0.,0.));
#13668 = ORIENTED_EDGE('',*,*,#13395,.F.);
#13669 = PLANE('',#13670);
#13670 = AXIS2_PLACEMENT_3D('',#13671,#13672,#13673);
#13671 = CARTESIAN_POINT('',(-0.77,0.4,3.E-02));
#13672 = DIRECTION('',(0.,1.,0.));
#13673 = DIRECTION('',(0.,-0.,1.));
#13674 = ADVANCED_FACE('',(#13675),#13693,.F.);
#13675 = FACE_BOUND('',#13676,.F.);
#13676 = EDGE_LOOP('',(#13677,#13685,#13691,#13692));
#13677 = ORIENTED_EDGE('',*,*,#13678,.F.);
#13678 = EDGE_CURVE('',#13679,#13223,#13681,.T.);
#13679 = VERTEX_POINT('',#13680);
#13680 = CARTESIAN_POINT('',(-0.725,0.3,0.5));
#13681 = LINE('',#13682,#13683);
#13682 = CARTESIAN_POINT('',(-0.7625,0.3,0.5));
#13683 = VECTOR('',#13684,1.);
#13684 = DIRECTION('',(1.,0.,0.));
#13685 = ORIENTED_EDGE('',*,*,#13686,.T.);
#13686 = EDGE_CURVE('',#13679,#13183,#13687,.T.);
#13687 = LINE('',#13688,#13689);
#13688 = CARTESIAN_POINT('',(-0.725,0.3,0.75));
#13689 = VECTOR('',#13690,1.);
#13690 = DIRECTION('',(-0.,-0.,-1.));
#13691 = ORIENTED_EDGE('',*,*,#13190,.F.);
#13692 = ORIENTED_EDGE('',*,*,#13222,.F.);
#13693 = PLANE('',#13694);
#13694 = AXIS2_PLACEMENT_3D('',#13695,#13696,#13697);
#13695 = CARTESIAN_POINT('',(-0.725,0.3,0.75));
#13696 = DIRECTION('',(0.,-1.,0.));
#13697 = DIRECTION('',(1.,0.,0.));
#13698 = ADVANCED_FACE('',(#13699),#13717,.F.);
#13699 = FACE_BOUND('',#13700,.F.);
#13700 = EDGE_LOOP('',(#13701,#13702,#13710,#13716));
#13701 = ORIENTED_EDGE('',*,*,#13686,.F.);
#13702 = ORIENTED_EDGE('',*,*,#13703,.F.);
#13703 = EDGE_CURVE('',#13704,#13679,#13706,.T.);
#13704 = VERTEX_POINT('',#13705);
#13705 = CARTESIAN_POINT('',(-0.725,0.4,0.5));
#13706 = LINE('',#13707,#13708);
#13707 = CARTESIAN_POINT('',(-0.725,5.E-02,0.5));
#13708 = VECTOR('',#13709,1.);
#13709 = DIRECTION('',(0.,-1.,0.));
#13710 = ORIENTED_EDGE('',*,*,#13711,.F.);
#13711 = EDGE_CURVE('',#13175,#13704,#13712,.T.);
#13712 = LINE('',#13713,#13714);
#13713 = CARTESIAN_POINT('',(-0.725,0.4,0.375));
#13714 = VECTOR('',#13715,1.);
#13715 = DIRECTION('',(0.,0.,1.));
#13716 = ORIENTED_EDGE('',*,*,#13182,.F.);
#13717 = PLANE('',#13718);
#13718 = AXIS2_PLACEMENT_3D('',#13719,#13720,#13721);
#13719 = CARTESIAN_POINT('',(-0.725,0.5,0.75));
#13720 = DIRECTION('',(-1.,0.,0.));
#13721 = DIRECTION('',(0.,-1.,0.));
#13722 = ADVANCED_FACE('',(#13723),#13741,.F.);
#13723 = FACE_BOUND('',#13724,.F.);
#13724 = EDGE_LOOP('',(#13725,#13733,#13739,#13740));
#13725 = ORIENTED_EDGE('',*,*,#13726,.F.);
#13726 = EDGE_CURVE('',#13727,#13256,#13729,.T.);
#13727 = VERTEX_POINT('',#13728);
#13728 = CARTESIAN_POINT('',(-0.725,-0.3,0.5));
#13729 = LINE('',#13730,#13731);
#13730 = CARTESIAN_POINT('',(-0.725,-0.3,0.75));
#13731 = VECTOR('',#13732,1.);
#13732 = DIRECTION('',(-0.,-0.,-1.));
#13733 = ORIENTED_EDGE('',*,*,#13734,.F.);
#13734 = EDGE_CURVE('',#13232,#13727,#13735,.T.);
#13735 = LINE('',#13736,#13737);
#13736 = CARTESIAN_POINT('',(-3.75E-02,-0.3,0.5));
#13737 = VECTOR('',#13738,1.);
#13738 = DIRECTION('',(-1.,0.,0.));
#13739 = ORIENTED_EDGE('',*,*,#13239,.T.);
#13740 = ORIENTED_EDGE('',*,*,#13265,.F.);
#13741 = PLANE('',#13742);
#13742 = AXIS2_PLACEMENT_3D('',#13743,#13744,#13745);
#13743 = CARTESIAN_POINT('',(0.725,-0.3,0.75));
#13744 = DIRECTION('',(0.,1.,0.));
#13745 = DIRECTION('',(-1.,0.,0.));
#13746 = ADVANCED_FACE('',(#13747),#13774,.T.);
#13747 = FACE_BOUND('',#13748,.T.);
#13748 = EDGE_LOOP('',(#13749,#13757,#13763,#13764,#13770,#13771,#13772,
    #13773));
#13749 = ORIENTED_EDGE('',*,*,#13750,.F.);
#13750 = EDGE_CURVE('',#13751,#13704,#13753,.T.);
#13751 = VERTEX_POINT('',#13752);
#13752 = CARTESIAN_POINT('',(-0.77,0.4,0.5));
#13753 = LINE('',#13754,#13755);
#13754 = CARTESIAN_POINT('',(-0.8,0.4,0.5));
#13755 = VECTOR('',#13756,1.);
#13756 = DIRECTION('',(1.,0.,0.));
#13757 = ORIENTED_EDGE('',*,*,#13758,.F.);
#13758 = EDGE_CURVE('',#13307,#13751,#13759,.T.);
#13759 = LINE('',#13760,#13761);
#13760 = CARTESIAN_POINT('',(-0.77,-0.4,0.5));
#13761 = VECTOR('',#13762,1.);
#13762 = DIRECTION('',(0.,1.,0.));
#13763 = ORIENTED_EDGE('',*,*,#13315,.T.);
#13764 = ORIENTED_EDGE('',*,*,#13765,.F.);
#13765 = EDGE_CURVE('',#13727,#13316,#13766,.T.);
#13766 = LINE('',#13767,#13768);
#13767 = CARTESIAN_POINT('',(-0.725,-0.35,0.5));
#13768 = VECTOR('',#13769,1.);
#13769 = DIRECTION('',(0.,-1.,0.));
#13770 = ORIENTED_EDGE('',*,*,#13734,.F.);
#13771 = ORIENTED_EDGE('',*,*,#13231,.T.);
#13772 = ORIENTED_EDGE('',*,*,#13678,.F.);
#13773 = ORIENTED_EDGE('',*,*,#13703,.F.);
#13774 = PLANE('',#13775);
#13775 = AXIS2_PLACEMENT_3D('',#13776,#13777,#13778);
#13776 = CARTESIAN_POINT('',(-0.8,-0.4,0.5));
#13777 = DIRECTION('',(0.,0.,1.));
#13778 = DIRECTION('',(1.,0.,-0.));
#13779 = ADVANCED_FACE('',(#13780),#13786,.F.);
#13780 = FACE_BOUND('',#13781,.F.);
#13781 = EDGE_LOOP('',(#13782,#13783,#13784,#13785));
#13782 = ORIENTED_EDGE('',*,*,#13765,.F.);
#13783 = ORIENTED_EDGE('',*,*,#13726,.T.);
#13784 = ORIENTED_EDGE('',*,*,#13255,.F.);
#13785 = ORIENTED_EDGE('',*,*,#13323,.T.);
#13786 = PLANE('',#13787);
#13787 = AXIS2_PLACEMENT_3D('',#13788,#13789,#13790);
#13788 = CARTESIAN_POINT('',(-0.725,-0.3,0.75));
#13789 = DIRECTION('',(-1.,0.,0.));
#13790 = DIRECTION('',(0.,-1.,0.));
#13791 = ADVANCED_FACE('',(#13792),#13849,.F.);
#13792 = FACE_BOUND('',#13793,.F.);
#13793 = EDGE_LOOP('',(#13794,#13804,#13810,#13811,#13819,#13827,#13835,
    #13843));
#13794 = ORIENTED_EDGE('',*,*,#13795,.F.);
#13795 = EDGE_CURVE('',#13796,#13798,#13800,.T.);
#13796 = VERTEX_POINT('',#13797);
#13797 = CARTESIAN_POINT('',(-0.77,0.4,-3.469446951954E-18));
#13798 = VERTEX_POINT('',#13799);
#13799 = CARTESIAN_POINT('',(-0.725,0.4,0.));
#13800 = LINE('',#13801,#13802);
#13801 = CARTESIAN_POINT('',(-0.8,0.4,0.));
#13802 = VECTOR('',#13803,1.);
#13803 = DIRECTION('',(1.,0.,0.));
#13804 = ORIENTED_EDGE('',*,*,#13805,.F.);
#13805 = EDGE_CURVE('',#13280,#13796,#13806,.T.);
#13806 = LINE('',#13807,#13808);
#13807 = CARTESIAN_POINT('',(-0.77,-0.4,-3.469446951954E-18));
#13808 = VECTOR('',#13809,1.);
#13809 = DIRECTION('',(0.,1.,0.));
#13810 = ORIENTED_EDGE('',*,*,#13279,.T.);
#13811 = ORIENTED_EDGE('',*,*,#13812,.F.);
#13812 = EDGE_CURVE('',#13813,#13282,#13815,.T.);
#13813 = VERTEX_POINT('',#13814);
#13814 = CARTESIAN_POINT('',(-0.725,-0.3,0.));
#13815 = LINE('',#13816,#13817);
#13816 = CARTESIAN_POINT('',(-0.725,-0.35,0.));
#13817 = VECTOR('',#13818,1.);
#13818 = DIRECTION('',(0.,-1.,0.));
#13819 = ORIENTED_EDGE('',*,*,#13820,.F.);
#13820 = EDGE_CURVE('',#13821,#13813,#13823,.T.);
#13821 = VERTEX_POINT('',#13822);
#13822 = CARTESIAN_POINT('',(-0.53,-0.3,-3.469446951954E-18));
#13823 = LINE('',#13824,#13825);
#13824 = CARTESIAN_POINT('',(-3.75E-02,-0.3,0.));
#13825 = VECTOR('',#13826,1.);
#13826 = DIRECTION('',(-1.,0.,0.));
#13827 = ORIENTED_EDGE('',*,*,#13828,.T.);
#13828 = EDGE_CURVE('',#13821,#13829,#13831,.T.);
#13829 = VERTEX_POINT('',#13830);
#13830 = CARTESIAN_POINT('',(-0.53,0.3,-3.469446951954E-18));
#13831 = LINE('',#13832,#13833);
#13832 = CARTESIAN_POINT('',(-0.53,-0.4,-3.469446951954E-18));
#13833 = VECTOR('',#13834,1.);
#13834 = DIRECTION('',(0.,1.,0.));
#13835 = ORIENTED_EDGE('',*,*,#13836,.F.);
#13836 = EDGE_CURVE('',#13837,#13829,#13839,.T.);
#13837 = VERTEX_POINT('',#13838);
#13838 = CARTESIAN_POINT('',(-0.725,0.3,0.));
#13839 = LINE('',#13840,#13841);
#13840 = CARTESIAN_POINT('',(-0.7625,0.3,0.));
#13841 = VECTOR('',#13842,1.);
#13842 = DIRECTION('',(1.,0.,0.));
#13843 = ORIENTED_EDGE('',*,*,#13844,.F.);
#13844 = EDGE_CURVE('',#13798,#13837,#13845,.T.);
#13845 = LINE('',#13846,#13847);
#13846 = CARTESIAN_POINT('',(-0.725,5.E-02,0.));
#13847 = VECTOR('',#13848,1.);
#13848 = DIRECTION('',(0.,-1.,0.));
#13849 = PLANE('',#13850);
#13850 = AXIS2_PLACEMENT_3D('',#13851,#13852,#13853);
#13851 = CARTESIAN_POINT('',(-0.8,-0.4,0.));
#13852 = DIRECTION('',(0.,0.,1.));
#13853 = DIRECTION('',(1.,0.,-0.));
#13854 = ADVANCED_FACE('',(#13855),#13874,.T.);
#13855 = FACE_BOUND('',#13856,.T.);
#13856 = EDGE_LOOP('',(#13857,#13865,#13872,#13873));
#13857 = ORIENTED_EDGE('',*,*,#13858,.T.);
#13858 = EDGE_CURVE('',#13290,#13859,#13861,.T.);
#13859 = VERTEX_POINT('',#13860);
#13860 = CARTESIAN_POINT('',(-0.8,0.4,3.E-02));
#13861 = LINE('',#13862,#13863);
#13862 = CARTESIAN_POINT('',(-0.8,-0.4,3.E-02));
#13863 = VECTOR('',#13864,1.);
#13864 = DIRECTION('',(0.,1.,0.));
#13865 = ORIENTED_EDGE('',*,*,#13866,.T.);
#13866 = EDGE_CURVE('',#13859,#13796,#13867,.T.);
#13867 = CIRCLE('',#13868,3.E-02);
#13868 = AXIS2_PLACEMENT_3D('',#13869,#13870,#13871);
#13869 = CARTESIAN_POINT('',(-0.77,0.4,3.E-02));
#13870 = DIRECTION('',(0.,-1.,0.));
#13871 = DIRECTION('',(0.,0.,1.));
#13872 = ORIENTED_EDGE('',*,*,#13805,.F.);
#13873 = ORIENTED_EDGE('',*,*,#13289,.F.);
#13874 = CYLINDRICAL_SURFACE('',#13875,3.E-02);
#13875 = AXIS2_PLACEMENT_3D('',#13876,#13877,#13878);
#13876 = CARTESIAN_POINT('',(-0.77,-0.4,3.E-02));
#13877 = DIRECTION('',(0.,1.,0.));
#13878 = DIRECTION('',(-1.,0.,0.));
#13879 = ADVANCED_FACE('',(#13880),#13891,.F.);
#13880 = FACE_BOUND('',#13881,.F.);
#13881 = EDGE_LOOP('',(#13882,#13883,#13889,#13890));
#13882 = ORIENTED_EDGE('',*,*,#13346,.T.);
#13883 = ORIENTED_EDGE('',*,*,#13884,.T.);
#13884 = EDGE_CURVE('',#13347,#13813,#13885,.T.);
#13885 = LINE('',#13886,#13887);
#13886 = CARTESIAN_POINT('',(-0.725,-0.3,0.75));
#13887 = VECTOR('',#13888,1.);
#13888 = DIRECTION('',(-0.,-0.,-1.));
#13889 = ORIENTED_EDGE('',*,*,#13812,.T.);
#13890 = ORIENTED_EDGE('',*,*,#13332,.T.);
#13891 = PLANE('',#13892);
#13892 = AXIS2_PLACEMENT_3D('',#13893,#13894,#13895);
#13893 = CARTESIAN_POINT('',(-0.725,-0.3,0.75));
#13894 = DIRECTION('',(-1.,0.,0.));
#13895 = DIRECTION('',(0.,-1.,0.));
#13896 = ADVANCED_FACE('',(#13897),#13915,.F.);
#13897 = FACE_BOUND('',#13898,.F.);
#13898 = EDGE_LOOP('',(#13899,#13900,#13901,#13909));
#13899 = ORIENTED_EDGE('',*,*,#13298,.F.);
#13900 = ORIENTED_EDGE('',*,*,#13858,.T.);
#13901 = ORIENTED_EDGE('',*,*,#13902,.T.);
#13902 = EDGE_CURVE('',#13859,#13903,#13905,.T.);
#13903 = VERTEX_POINT('',#13904);
#13904 = CARTESIAN_POINT('',(-0.8,0.4,0.47));
#13905 = LINE('',#13906,#13907);
#13906 = CARTESIAN_POINT('',(-0.8,0.4,0.));
#13907 = VECTOR('',#13908,1.);
#13908 = DIRECTION('',(0.,0.,1.));
#13909 = ORIENTED_EDGE('',*,*,#13910,.F.);
#13910 = EDGE_CURVE('',#13299,#13903,#13911,.T.);
#13911 = LINE('',#13912,#13913);
#13912 = CARTESIAN_POINT('',(-0.8,-0.4,0.47));
#13913 = VECTOR('',#13914,1.);
#13914 = DIRECTION('',(0.,1.,0.));
#13915 = PLANE('',#13916);
#13916 = AXIS2_PLACEMENT_3D('',#13917,#13918,#13919);
#13917 = CARTESIAN_POINT('',(-0.8,-0.4,0.));
#13918 = DIRECTION('',(1.,0.,0.));
#13919 = DIRECTION('',(0.,0.,1.));
#13920 = ADVANCED_FACE('',(#13921),#13933,.T.);
#13921 = FACE_BOUND('',#13922,.T.);
#13922 = EDGE_LOOP('',(#13923,#13924,#13925,#13932));
#13923 = ORIENTED_EDGE('',*,*,#13306,.T.);
#13924 = ORIENTED_EDGE('',*,*,#13758,.T.);
#13925 = ORIENTED_EDGE('',*,*,#13926,.F.);
#13926 = EDGE_CURVE('',#13903,#13751,#13927,.T.);
#13927 = CIRCLE('',#13928,3.E-02);
#13928 = AXIS2_PLACEMENT_3D('',#13929,#13930,#13931);
#13929 = CARTESIAN_POINT('',(-0.77,0.4,0.47));
#13930 = DIRECTION('',(0.,1.,0.));
#13931 = DIRECTION('',(0.,-0.,1.));
#13932 = ORIENTED_EDGE('',*,*,#13910,.F.);
#13933 = CYLINDRICAL_SURFACE('',#13934,3.E-02);
#13934 = AXIS2_PLACEMENT_3D('',#13935,#13936,#13937);
#13935 = CARTESIAN_POINT('',(-0.77,-0.4,0.47));
#13936 = DIRECTION('',(0.,1.,0.));
#13937 = DIRECTION('',(-1.,0.,0.));
#13938 = ADVANCED_FACE('',(#13939),#13951,.F.);
#13939 = FACE_BOUND('',#13940,.F.);
#13940 = EDGE_LOOP('',(#13941,#13942,#13943,#13950));
#13941 = ORIENTED_EDGE('',*,*,#13884,.F.);
#13942 = ORIENTED_EDGE('',*,*,#13427,.T.);
#13943 = ORIENTED_EDGE('',*,*,#13944,.T.);
#13944 = EDGE_CURVE('',#13420,#13821,#13945,.T.);
#13945 = CIRCLE('',#13946,3.E-02);
#13946 = AXIS2_PLACEMENT_3D('',#13947,#13948,#13949);
#13947 = CARTESIAN_POINT('',(-0.53,-0.3,3.E-02));
#13948 = DIRECTION('',(-0.,1.,0.));
#13949 = DIRECTION('',(1.,0.,0.));
#13950 = ORIENTED_EDGE('',*,*,#13820,.T.);
#13951 = PLANE('',#13952);
#13952 = AXIS2_PLACEMENT_3D('',#13953,#13954,#13955);
#13953 = CARTESIAN_POINT('',(0.725,-0.3,0.75));
#13954 = DIRECTION('',(0.,1.,0.));
#13955 = DIRECTION('',(-1.,0.,0.));
#13956 = ADVANCED_FACE('',(#13957),#13969,.T.);
#13957 = FACE_BOUND('',#13958,.T.);
#13958 = EDGE_LOOP('',(#13959,#13960,#13961,#13962));
#13959 = ORIENTED_EDGE('',*,*,#13419,.F.);
#13960 = ORIENTED_EDGE('',*,*,#13944,.T.);
#13961 = ORIENTED_EDGE('',*,*,#13828,.T.);
#13962 = ORIENTED_EDGE('',*,*,#13963,.F.);
#13963 = EDGE_CURVE('',#13412,#13829,#13964,.T.);
#13964 = CIRCLE('',#13965,3.E-02);
#13965 = AXIS2_PLACEMENT_3D('',#13966,#13967,#13968);
#13966 = CARTESIAN_POINT('',(-0.53,0.3,3.E-02));
#13967 = DIRECTION('',(-0.,1.,0.));
#13968 = DIRECTION('',(1.,0.,0.));
#13969 = CYLINDRICAL_SURFACE('',#13970,3.E-02);
#13970 = AXIS2_PLACEMENT_3D('',#13971,#13972,#13973);
#13971 = CARTESIAN_POINT('',(-0.53,-0.4,3.E-02));
#13972 = DIRECTION('',(0.,1.,0.));
#13973 = DIRECTION('',(1.,0.,0.));
#13974 = ADVANCED_FACE('',(#13975),#13986,.F.);
#13975 = FACE_BOUND('',#13976,.F.);
#13976 = EDGE_LOOP('',(#13977,#13978,#13984,#13985));
#13977 = ORIENTED_EDGE('',*,*,#13411,.T.);
#13978 = ORIENTED_EDGE('',*,*,#13979,.T.);
#13979 = EDGE_CURVE('',#13404,#13837,#13980,.T.);
#13980 = LINE('',#13981,#13982);
#13981 = CARTESIAN_POINT('',(-0.725,0.3,0.75));
#13982 = VECTOR('',#13983,1.);
#13983 = DIRECTION('',(-0.,-0.,-1.));
#13984 = ORIENTED_EDGE('',*,*,#13836,.T.);
#13985 = ORIENTED_EDGE('',*,*,#13963,.F.);
#13986 = PLANE('',#13987);
#13987 = AXIS2_PLACEMENT_3D('',#13988,#13989,#13990);
#13988 = CARTESIAN_POINT('',(-0.725,0.3,0.75));
#13989 = DIRECTION('',(0.,-1.,0.));
#13990 = DIRECTION('',(1.,0.,0.));
#13991 = ADVANCED_FACE('',(#13992),#14003,.F.);
#13992 = FACE_BOUND('',#13993,.F.);
#13993 = EDGE_LOOP('',(#13994,#13995,#13996,#14002));
#13994 = ORIENTED_EDGE('',*,*,#13979,.F.);
#13995 = ORIENTED_EDGE('',*,*,#13403,.T.);
#13996 = ORIENTED_EDGE('',*,*,#13997,.F.);
#13997 = EDGE_CURVE('',#13798,#13396,#13998,.T.);
#13998 = LINE('',#13999,#14000);
#13999 = CARTESIAN_POINT('',(-0.725,0.4,0.375));
#14000 = VECTOR('',#14001,1.);
#14001 = DIRECTION('',(0.,0.,1.));
#14002 = ORIENTED_EDGE('',*,*,#13844,.T.);
#14003 = PLANE('',#14004);
#14004 = AXIS2_PLACEMENT_3D('',#14005,#14006,#14007);
#14005 = CARTESIAN_POINT('',(-0.725,0.5,0.75));
#14006 = DIRECTION('',(-1.,0.,0.));
#14007 = DIRECTION('',(0.,-1.,0.));
#14008 = ADVANCED_FACE('',(#14009),#14034,.F.);
#14009 = FACE_BOUND('',#14010,.F.);
#14010 = EDGE_LOOP('',(#14011,#14012,#14020,#14028));
#14011 = ORIENTED_EDGE('',*,*,#13387,.T.);
#14012 = ORIENTED_EDGE('',*,*,#14013,.T.);
#14013 = EDGE_CURVE('',#13380,#14014,#14016,.T.);
#14014 = VERTEX_POINT('',#14015);
#14015 = CARTESIAN_POINT('',(0.725,0.3,0.));
#14016 = LINE('',#14017,#14018);
#14017 = CARTESIAN_POINT('',(0.725,0.3,0.75));
#14018 = VECTOR('',#14019,1.);
#14019 = DIRECTION('',(-0.,-0.,-1.));
#14020 = ORIENTED_EDGE('',*,*,#14021,.T.);
#14021 = EDGE_CURVE('',#14014,#14022,#14024,.T.);
#14022 = VERTEX_POINT('',#14023);
#14023 = CARTESIAN_POINT('',(0.725,0.4,0.));
#14024 = LINE('',#14025,#14026);
#14025 = CARTESIAN_POINT('',(0.725,-5.E-02,0.));
#14026 = VECTOR('',#14027,1.);
#14027 = DIRECTION('',(0.,1.,0.));
#14028 = ORIENTED_EDGE('',*,*,#14029,.F.);
#14029 = EDGE_CURVE('',#13388,#14022,#14030,.T.);
#14030 = LINE('',#14031,#14032);
#14031 = CARTESIAN_POINT('',(0.725,0.4,0.375));
#14032 = VECTOR('',#14033,1.);
#14033 = DIRECTION('',(0.,0.,-1.));
#14034 = PLANE('',#14035);
#14035 = AXIS2_PLACEMENT_3D('',#14036,#14037,#14038);
#14036 = CARTESIAN_POINT('',(0.725,0.3,0.75));
#14037 = DIRECTION('',(1.,0.,0.));
#14038 = DIRECTION('',(-0.,1.,0.));
#14039 = ADVANCED_FACE('',(#14040),#14059,.F.);
#14040 = FACE_BOUND('',#14041,.F.);
#14041 = EDGE_LOOP('',(#14042,#14043,#14044,#14053));
#14042 = ORIENTED_EDGE('',*,*,#14013,.F.);
#14043 = ORIENTED_EDGE('',*,*,#13379,.T.);
#14044 = ORIENTED_EDGE('',*,*,#14045,.F.);
#14045 = EDGE_CURVE('',#14046,#13372,#14048,.T.);
#14046 = VERTEX_POINT('',#14047);
#14047 = CARTESIAN_POINT('',(0.53,0.3,-3.469446951954E-18));
#14048 = CIRCLE('',#14049,3.E-02);
#14049 = AXIS2_PLACEMENT_3D('',#14050,#14051,#14052);
#14050 = CARTESIAN_POINT('',(0.53,0.3,3.E-02));
#14051 = DIRECTION('',(0.,1.,-0.));
#14052 = DIRECTION('',(-1.,0.,0.));
#14053 = ORIENTED_EDGE('',*,*,#14054,.T.);
#14054 = EDGE_CURVE('',#14046,#14014,#14055,.T.);
#14055 = LINE('',#14056,#14057);
#14056 = CARTESIAN_POINT('',(-0.1125,0.3,0.));
#14057 = VECTOR('',#14058,1.);
#14058 = DIRECTION('',(1.,0.,0.));
#14059 = PLANE('',#14060);
#14060 = AXIS2_PLACEMENT_3D('',#14061,#14062,#14063);
#14061 = CARTESIAN_POINT('',(-0.725,0.3,0.75));
#14062 = DIRECTION('',(0.,-1.,0.));
#14063 = DIRECTION('',(1.,0.,0.));
#14064 = ADVANCED_FACE('',(#14065),#14084,.T.);
#14065 = FACE_BOUND('',#14066,.T.);
#14066 = EDGE_LOOP('',(#14067,#14068,#14076,#14083));
#14067 = ORIENTED_EDGE('',*,*,#14045,.F.);
#14068 = ORIENTED_EDGE('',*,*,#14069,.F.);
#14069 = EDGE_CURVE('',#14070,#14046,#14072,.T.);
#14070 = VERTEX_POINT('',#14071);
#14071 = CARTESIAN_POINT('',(0.53,-0.3,-3.469446951954E-18));
#14072 = LINE('',#14073,#14074);
#14073 = CARTESIAN_POINT('',(0.53,-0.4,-3.469446951954E-18));
#14074 = VECTOR('',#14075,1.);
#14075 = DIRECTION('',(0.,1.,0.));
#14076 = ORIENTED_EDGE('',*,*,#14077,.T.);
#14077 = EDGE_CURVE('',#14070,#13364,#14078,.T.);
#14078 = CIRCLE('',#14079,3.E-02);
#14079 = AXIS2_PLACEMENT_3D('',#14080,#14081,#14082);
#14080 = CARTESIAN_POINT('',(0.53,-0.3,3.E-02));
#14081 = DIRECTION('',(0.,1.,-0.));
#14082 = DIRECTION('',(-1.,0.,0.));
#14083 = ORIENTED_EDGE('',*,*,#13371,.T.);
#14084 = CYLINDRICAL_SURFACE('',#14085,3.E-02);
#14085 = AXIS2_PLACEMENT_3D('',#14086,#14087,#14088);
#14086 = CARTESIAN_POINT('',(0.53,-0.4,3.E-02));
#14087 = DIRECTION('',(0.,1.,0.));
#14088 = DIRECTION('',(-1.,0.,0.));
#14089 = ADVANCED_FACE('',(#14090),#14108,.F.);
#14090 = FACE_BOUND('',#14091,.F.);
#14091 = EDGE_LOOP('',(#14092,#14093,#14101,#14107));
#14092 = ORIENTED_EDGE('',*,*,#13363,.T.);
#14093 = ORIENTED_EDGE('',*,*,#14094,.T.);
#14094 = EDGE_CURVE('',#13356,#14095,#14097,.T.);
#14095 = VERTEX_POINT('',#14096);
#14096 = CARTESIAN_POINT('',(0.725,-0.3,0.));
#14097 = LINE('',#14098,#14099);
#14098 = CARTESIAN_POINT('',(0.725,-0.3,0.75));
#14099 = VECTOR('',#14100,1.);
#14100 = DIRECTION('',(-0.,-0.,-1.));
#14101 = ORIENTED_EDGE('',*,*,#14102,.T.);
#14102 = EDGE_CURVE('',#14095,#14070,#14103,.T.);
#14103 = LINE('',#14104,#14105);
#14104 = CARTESIAN_POINT('',(0.6125,-0.3,0.));
#14105 = VECTOR('',#14106,1.);
#14106 = DIRECTION('',(-1.,0.,0.));
#14107 = ORIENTED_EDGE('',*,*,#14077,.T.);
#14108 = PLANE('',#14109);
#14109 = AXIS2_PLACEMENT_3D('',#14110,#14111,#14112);
#14110 = CARTESIAN_POINT('',(0.725,-0.3,0.75));
#14111 = DIRECTION('',(0.,1.,0.));
#14112 = DIRECTION('',(-1.,0.,0.));
#14113 = ADVANCED_FACE('',(#14114),#14125,.F.);
#14114 = FACE_BOUND('',#14115,.F.);
#14115 = EDGE_LOOP('',(#14116,#14117,#14118,#14119));
#14116 = ORIENTED_EDGE('',*,*,#14094,.F.);
#14117 = ORIENTED_EDGE('',*,*,#13355,.T.);
#14118 = ORIENTED_EDGE('',*,*,#13477,.T.);
#14119 = ORIENTED_EDGE('',*,*,#14120,.T.);
#14120 = EDGE_CURVE('',#13468,#14095,#14121,.T.);
#14121 = LINE('',#14122,#14123);
#14122 = CARTESIAN_POINT('',(0.725,-0.45,0.));
#14123 = VECTOR('',#14124,1.);
#14124 = DIRECTION('',(0.,1.,0.));
#14125 = PLANE('',#14126);
#14126 = AXIS2_PLACEMENT_3D('',#14127,#14128,#14129);
#14127 = CARTESIAN_POINT('',(0.725,-0.5,0.75));
#14128 = DIRECTION('',(1.,0.,0.));
#14129 = DIRECTION('',(-0.,1.,0.));
#14130 = ADVANCED_FACE('',(#14131),#14156,.T.);
#14131 = FACE_BOUND('',#14132,.T.);
#14132 = EDGE_LOOP('',(#14133,#14141,#14142,#14150));
#14133 = ORIENTED_EDGE('',*,*,#14134,.T.);
#14134 = EDGE_CURVE('',#14135,#13436,#14137,.T.);
#14135 = VERTEX_POINT('',#14136);
#14136 = CARTESIAN_POINT('',(0.277128129211,0.32,1.5E-02));
#14137 = LINE('',#14138,#14139);
#14138 = CARTESIAN_POINT('',(0.277128129211,0.32,1.5E-02));
#14139 = VECTOR('',#14140,1.);
#14140 = DIRECTION('',(0.,0.,1.));
#14141 = ORIENTED_EDGE('',*,*,#13435,.T.);
#14142 = ORIENTED_EDGE('',*,*,#14143,.F.);
#14143 = EDGE_CURVE('',#14144,#13438,#14146,.T.);
#14144 = VERTEX_POINT('',#14145);
#14145 = CARTESIAN_POINT('',(0.277128129211,-0.32,1.5E-02));
#14146 = LINE('',#14147,#14148);
#14147 = CARTESIAN_POINT('',(0.277128129211,-0.32,1.5E-02));
#14148 = VECTOR('',#14149,1.);
#14149 = DIRECTION('',(0.,0.,1.));
#14150 = ORIENTED_EDGE('',*,*,#14151,.F.);
#14151 = EDGE_CURVE('',#14135,#14144,#14152,.T.);
#14152 = LINE('',#14153,#14154);
#14153 = CARTESIAN_POINT('',(0.277128129211,0.32,1.5E-02));
#14154 = VECTOR('',#14155,1.);
#14155 = DIRECTION('',(0.,-1.,0.));
#14156 = PLANE('',#14157);
#14157 = AXIS2_PLACEMENT_3D('',#14158,#14159,#14160);
#14158 = CARTESIAN_POINT('',(0.277128129211,0.32,1.5E-02));
#14159 = DIRECTION('',(1.,0.,0.));
#14160 = DIRECTION('',(0.,-1.,0.));
#14161 = ADVANCED_FACE('',(#14162),#14180,.T.);
#14162 = FACE_BOUND('',#14163,.T.);
#14163 = EDGE_LOOP('',(#14164,#14172,#14173,#14174));
#14164 = ORIENTED_EDGE('',*,*,#14165,.T.);
#14165 = EDGE_CURVE('',#14166,#13446,#14168,.T.);
#14166 = VERTEX_POINT('',#14167);
#14167 = CARTESIAN_POINT('',(-0.277128129211,0.,1.5E-02));
#14168 = LINE('',#14169,#14170);
#14169 = CARTESIAN_POINT('',(-0.277128129211,0.,1.5E-02));
#14170 = VECTOR('',#14171,1.);
#14171 = DIRECTION('',(0.,0.,1.));
#14172 = ORIENTED_EDGE('',*,*,#13453,.T.);
#14173 = ORIENTED_EDGE('',*,*,#14134,.F.);
#14174 = ORIENTED_EDGE('',*,*,#14175,.F.);
#14175 = EDGE_CURVE('',#14166,#14135,#14176,.T.);
#14176 = LINE('',#14177,#14178);
#14177 = CARTESIAN_POINT('',(-0.277128129211,0.,1.5E-02));
#14178 = VECTOR('',#14179,1.);
#14179 = DIRECTION('',(0.866025403784,0.5,0.));
#14180 = PLANE('',#14181);
#14181 = AXIS2_PLACEMENT_3D('',#14182,#14183,#14184);
#14182 = CARTESIAN_POINT('',(-0.277128129211,0.,1.5E-02));
#14183 = DIRECTION('',(-0.5,0.866025403784,0.));
#14184 = DIRECTION('',(0.866025403784,0.5,0.));
#14185 = ADVANCED_FACE('',(#14186),#14197,.T.);
#14186 = FACE_BOUND('',#14187,.T.);
#14187 = EDGE_LOOP('',(#14188,#14189,#14190,#14191));
#14188 = ORIENTED_EDGE('',*,*,#14143,.T.);
#14189 = ORIENTED_EDGE('',*,*,#13445,.T.);
#14190 = ORIENTED_EDGE('',*,*,#14165,.F.);
#14191 = ORIENTED_EDGE('',*,*,#14192,.F.);
#14192 = EDGE_CURVE('',#14144,#14166,#14193,.T.);
#14193 = LINE('',#14194,#14195);
#14194 = CARTESIAN_POINT('',(0.277128129211,-0.32,1.5E-02));
#14195 = VECTOR('',#14196,1.);
#14196 = DIRECTION('',(-0.866025403784,0.5,0.));
#14197 = PLANE('',#14198);
#14198 = AXIS2_PLACEMENT_3D('',#14199,#14200,#14201);
#14199 = CARTESIAN_POINT('',(0.277128129211,-0.32,1.5E-02));
#14200 = DIRECTION('',(-0.5,-0.866025403784,0.));
#14201 = DIRECTION('',(-0.866025403784,0.5,0.));
#14202 = ADVANCED_FACE('',(#14203),#14225,.F.);
#14203 = FACE_BOUND('',#14204,.F.);
#14204 = EDGE_LOOP('',(#14205,#14213,#14214,#14215,#14216,#14217,#14218,
    #14219));
#14205 = ORIENTED_EDGE('',*,*,#14206,.F.);
#14206 = EDGE_CURVE('',#14022,#14207,#14209,.T.);
#14207 = VERTEX_POINT('',#14208);
#14208 = CARTESIAN_POINT('',(0.77,0.4,-3.469446951954E-18));
#14209 = LINE('',#14210,#14211);
#14210 = CARTESIAN_POINT('',(0.5,0.4,0.));
#14211 = VECTOR('',#14212,1.);
#14212 = DIRECTION('',(1.,0.,0.));
#14213 = ORIENTED_EDGE('',*,*,#14021,.F.);
#14214 = ORIENTED_EDGE('',*,*,#14054,.F.);
#14215 = ORIENTED_EDGE('',*,*,#14069,.F.);
#14216 = ORIENTED_EDGE('',*,*,#14102,.F.);
#14217 = ORIENTED_EDGE('',*,*,#14120,.F.);
#14218 = ORIENTED_EDGE('',*,*,#13467,.T.);
#14219 = ORIENTED_EDGE('',*,*,#14220,.T.);
#14220 = EDGE_CURVE('',#13470,#14207,#14221,.T.);
#14221 = LINE('',#14222,#14223);
#14222 = CARTESIAN_POINT('',(0.77,-0.4,-3.469446951954E-18));
#14223 = VECTOR('',#14224,1.);
#14224 = DIRECTION('',(0.,1.,0.));
#14225 = PLANE('',#14226);
#14226 = AXIS2_PLACEMENT_3D('',#14227,#14228,#14229);
#14227 = CARTESIAN_POINT('',(0.5,-0.4,0.));
#14228 = DIRECTION('',(0.,0.,1.));
#14229 = DIRECTION('',(1.,0.,-0.));
#14230 = ADVANCED_FACE('',(#14231),#14250,.T.);
#14231 = FACE_BOUND('',#14232,.T.);
#14232 = EDGE_LOOP('',(#14233,#14234,#14235,#14244));
#14233 = ORIENTED_EDGE('',*,*,#13519,.T.);
#14234 = ORIENTED_EDGE('',*,*,#14220,.T.);
#14235 = ORIENTED_EDGE('',*,*,#14236,.F.);
#14236 = EDGE_CURVE('',#14237,#14207,#14239,.T.);
#14237 = VERTEX_POINT('',#14238);
#14238 = CARTESIAN_POINT('',(0.8,0.4,3.E-02));
#14239 = CIRCLE('',#14240,3.E-02);
#14240 = AXIS2_PLACEMENT_3D('',#14241,#14242,#14243);
#14241 = CARTESIAN_POINT('',(0.77,0.4,3.E-02));
#14242 = DIRECTION('',(0.,1.,0.));
#14243 = DIRECTION('',(0.,-0.,1.));
#14244 = ORIENTED_EDGE('',*,*,#14245,.F.);
#14245 = EDGE_CURVE('',#13512,#14237,#14246,.T.);
#14246 = LINE('',#14247,#14248);
#14247 = CARTESIAN_POINT('',(0.8,-0.4,3.E-02));
#14248 = VECTOR('',#14249,1.);
#14249 = DIRECTION('',(0.,1.,0.));
#14250 = CYLINDRICAL_SURFACE('',#14251,3.E-02);
#14251 = AXIS2_PLACEMENT_3D('',#14252,#14253,#14254);
#14252 = CARTESIAN_POINT('',(0.77,-0.4,3.E-02));
#14253 = DIRECTION('',(0.,1.,0.));
#14254 = DIRECTION('',(1.,0.,0.));
#14255 = ADVANCED_FACE('',(#14256),#14274,.T.);
#14256 = FACE_BOUND('',#14257,.T.);
#14257 = EDGE_LOOP('',(#14258,#14259,#14260,#14268));
#14258 = ORIENTED_EDGE('',*,*,#13511,.F.);
#14259 = ORIENTED_EDGE('',*,*,#14245,.T.);
#14260 = ORIENTED_EDGE('',*,*,#14261,.T.);
#14261 = EDGE_CURVE('',#14237,#14262,#14264,.T.);
#14262 = VERTEX_POINT('',#14263);
#14263 = CARTESIAN_POINT('',(0.8,0.4,0.47));
#14264 = LINE('',#14265,#14266);
#14265 = CARTESIAN_POINT('',(0.8,0.4,0.));
#14266 = VECTOR('',#14267,1.);
#14267 = DIRECTION('',(0.,0.,1.));
#14268 = ORIENTED_EDGE('',*,*,#14269,.F.);
#14269 = EDGE_CURVE('',#13503,#14262,#14270,.T.);
#14270 = LINE('',#14271,#14272);
#14271 = CARTESIAN_POINT('',(0.8,-0.4,0.47));
#14272 = VECTOR('',#14273,1.);
#14273 = DIRECTION('',(0.,1.,0.));
#14274 = PLANE('',#14275);
#14275 = AXIS2_PLACEMENT_3D('',#14276,#14277,#14278);
#14276 = CARTESIAN_POINT('',(0.8,-0.4,0.));
#14277 = DIRECTION('',(1.,0.,0.));
#14278 = DIRECTION('',(0.,0.,1.));
#14279 = ADVANCED_FACE('',(#14280),#14299,.T.);
#14280 = FACE_BOUND('',#14281,.T.);
#14281 = EDGE_LOOP('',(#14282,#14283,#14292,#14298));
#14282 = ORIENTED_EDGE('',*,*,#14269,.T.);
#14283 = ORIENTED_EDGE('',*,*,#14284,.T.);
#14284 = EDGE_CURVE('',#14262,#14285,#14287,.T.);
#14285 = VERTEX_POINT('',#14286);
#14286 = CARTESIAN_POINT('',(0.77,0.4,0.5));
#14287 = CIRCLE('',#14288,3.E-02);
#14288 = AXIS2_PLACEMENT_3D('',#14289,#14290,#14291);
#14289 = CARTESIAN_POINT('',(0.77,0.4,0.47));
#14290 = DIRECTION('',(0.,-1.,0.));
#14291 = DIRECTION('',(0.,0.,1.));
#14292 = ORIENTED_EDGE('',*,*,#14293,.F.);
#14293 = EDGE_CURVE('',#13495,#14285,#14294,.T.);
#14294 = LINE('',#14295,#14296);
#14295 = CARTESIAN_POINT('',(0.77,-0.4,0.5));
#14296 = VECTOR('',#14297,1.);
#14297 = DIRECTION('',(0.,1.,0.));
#14298 = ORIENTED_EDGE('',*,*,#13502,.F.);
#14299 = CYLINDRICAL_SURFACE('',#14300,3.E-02);
#14300 = AXIS2_PLACEMENT_3D('',#14301,#14302,#14303);
#14301 = CARTESIAN_POINT('',(0.77,-0.4,0.47));
#14302 = DIRECTION('',(0.,1.,0.));
#14303 = DIRECTION('',(1.,0.,0.));
#14304 = ADVANCED_FACE('',(#14305),#14346,.T.);
#14305 = FACE_BOUND('',#14306,.T.);
#14306 = EDGE_LOOP('',(#14307,#14315,#14323,#14329,#14330,#14338,#14344,
    #14345));
#14307 = ORIENTED_EDGE('',*,*,#14308,.F.);
#14308 = EDGE_CURVE('',#14309,#14285,#14311,.T.);
#14309 = VERTEX_POINT('',#14310);
#14310 = CARTESIAN_POINT('',(0.725,0.4,0.5));
#14311 = LINE('',#14312,#14313);
#14312 = CARTESIAN_POINT('',(0.5,0.4,0.5));
#14313 = VECTOR('',#14314,1.);
#14314 = DIRECTION('',(1.,0.,0.));
#14315 = ORIENTED_EDGE('',*,*,#14316,.F.);
#14316 = EDGE_CURVE('',#14317,#14309,#14319,.T.);
#14317 = VERTEX_POINT('',#14318);
#14318 = CARTESIAN_POINT('',(0.725,0.3,0.5));
#14319 = LINE('',#14320,#14321);
#14320 = CARTESIAN_POINT('',(0.725,-5.E-02,0.5));
#14321 = VECTOR('',#14322,1.);
#14322 = DIRECTION('',(0.,1.,0.));
#14323 = ORIENTED_EDGE('',*,*,#14324,.F.);
#14324 = EDGE_CURVE('',#13600,#14317,#14325,.T.);
#14325 = LINE('',#14326,#14327);
#14326 = CARTESIAN_POINT('',(-0.1125,0.3,0.5));
#14327 = VECTOR('',#14328,1.);
#14328 = DIRECTION('',(1.,0.,0.));
#14329 = ORIENTED_EDGE('',*,*,#13599,.F.);
#14330 = ORIENTED_EDGE('',*,*,#14331,.F.);
#14331 = EDGE_CURVE('',#14332,#13591,#14334,.T.);
#14332 = VERTEX_POINT('',#14333);
#14333 = CARTESIAN_POINT('',(0.725,-0.3,0.5));
#14334 = LINE('',#14335,#14336);
#14335 = CARTESIAN_POINT('',(0.6125,-0.3,0.5));
#14336 = VECTOR('',#14337,1.);
#14337 = DIRECTION('',(-1.,0.,0.));
#14338 = ORIENTED_EDGE('',*,*,#14339,.F.);
#14339 = EDGE_CURVE('',#13487,#14332,#14340,.T.);
#14340 = LINE('',#14341,#14342);
#14341 = CARTESIAN_POINT('',(0.725,-0.45,0.5));
#14342 = VECTOR('',#14343,1.);
#14343 = DIRECTION('',(0.,1.,0.));
#14344 = ORIENTED_EDGE('',*,*,#13494,.T.);
#14345 = ORIENTED_EDGE('',*,*,#14293,.T.);
#14346 = PLANE('',#14347);
#14347 = AXIS2_PLACEMENT_3D('',#14348,#14349,#14350);
#14348 = CARTESIAN_POINT('',(0.5,-0.4,0.5));
#14349 = DIRECTION('',(0.,0.,1.));
#14350 = DIRECTION('',(1.,0.,-0.));
#14351 = ADVANCED_FACE('',(#14352),#14363,.F.);
#14352 = FACE_BOUND('',#14353,.F.);
#14353 = EDGE_LOOP('',(#14354,#14360,#14361,#14362));
#14354 = ORIENTED_EDGE('',*,*,#14355,.F.);
#14355 = EDGE_CURVE('',#14332,#13535,#14356,.T.);
#14356 = LINE('',#14357,#14358);
#14357 = CARTESIAN_POINT('',(0.725,-0.3,0.75));
#14358 = VECTOR('',#14359,1.);
#14359 = DIRECTION('',(-0.,-0.,-1.));
#14360 = ORIENTED_EDGE('',*,*,#14339,.F.);
#14361 = ORIENTED_EDGE('',*,*,#13486,.T.);
#14362 = ORIENTED_EDGE('',*,*,#13544,.F.);
#14363 = PLANE('',#14364);
#14364 = AXIS2_PLACEMENT_3D('',#14365,#14366,#14367);
#14365 = CARTESIAN_POINT('',(0.725,-0.5,0.75));
#14366 = DIRECTION('',(1.,0.,0.));
#14367 = DIRECTION('',(-0.,1.,0.));
#14368 = ADVANCED_FACE('',(#14369),#14375,.F.);
#14369 = FACE_BOUND('',#14370,.F.);
#14370 = EDGE_LOOP('',(#14371,#14372,#14373,#14374));
#14371 = ORIENTED_EDGE('',*,*,#14331,.F.);
#14372 = ORIENTED_EDGE('',*,*,#14355,.T.);
#14373 = ORIENTED_EDGE('',*,*,#13534,.F.);
#14374 = ORIENTED_EDGE('',*,*,#13590,.T.);
#14375 = PLANE('',#14376);
#14376 = AXIS2_PLACEMENT_3D('',#14377,#14378,#14379);
#14377 = CARTESIAN_POINT('',(0.725,-0.3,0.75));
#14378 = DIRECTION('',(0.,1.,0.));
#14379 = DIRECTION('',(-1.,0.,0.));
#14380 = ADVANCED_FACE('',(#14381),#14397,.F.);
#14381 = FACE_BOUND('',#14382,.F.);
#14382 = EDGE_LOOP('',(#14383,#14384,#14390,#14391));
#14383 = ORIENTED_EDGE('',*,*,#14316,.F.);
#14384 = ORIENTED_EDGE('',*,*,#14385,.T.);
#14385 = EDGE_CURVE('',#14317,#13568,#14386,.T.);
#14386 = LINE('',#14387,#14388);
#14387 = CARTESIAN_POINT('',(0.725,0.3,0.75));
#14388 = VECTOR('',#14389,1.);
#14389 = DIRECTION('',(-0.,-0.,-1.));
#14390 = ORIENTED_EDGE('',*,*,#13575,.F.);
#14391 = ORIENTED_EDGE('',*,*,#14392,.F.);
#14392 = EDGE_CURVE('',#14309,#13559,#14393,.T.);
#14393 = LINE('',#14394,#14395);
#14394 = CARTESIAN_POINT('',(0.725,0.4,0.375));
#14395 = VECTOR('',#14396,1.);
#14396 = DIRECTION('',(0.,0.,-1.));
#14397 = PLANE('',#14398);
#14398 = AXIS2_PLACEMENT_3D('',#14399,#14400,#14401);
#14399 = CARTESIAN_POINT('',(0.725,0.3,0.75));
#14400 = DIRECTION('',(1.,0.,0.));
#14401 = DIRECTION('',(-0.,1.,0.));
#14402 = ADVANCED_FACE('',(#14403),#14409,.F.);
#14403 = FACE_BOUND('',#14404,.F.);
#14404 = EDGE_LOOP('',(#14405,#14406,#14407,#14408));
#14405 = ORIENTED_EDGE('',*,*,#14385,.F.);
#14406 = ORIENTED_EDGE('',*,*,#14324,.F.);
#14407 = ORIENTED_EDGE('',*,*,#13607,.F.);
#14408 = ORIENTED_EDGE('',*,*,#13567,.F.);
#14409 = PLANE('',#14410);
#14410 = AXIS2_PLACEMENT_3D('',#14411,#14412,#14413);
#14411 = CARTESIAN_POINT('',(-0.725,0.3,0.75));
#14412 = DIRECTION('',(0.,-1.,0.));
#14413 = DIRECTION('',(1.,0.,0.));
#14414 = ADVANCED_FACE('',(#14415),#14427,.T.);
#14415 = FACE_BOUND('',#14416,.T.);
#14416 = EDGE_LOOP('',(#14417,#14418,#14419,#14420,#14421,#14422,#14423,
    #14424,#14425,#14426));
#14417 = ORIENTED_EDGE('',*,*,#13795,.F.);
#14418 = ORIENTED_EDGE('',*,*,#13866,.F.);
#14419 = ORIENTED_EDGE('',*,*,#13902,.T.);
#14420 = ORIENTED_EDGE('',*,*,#13926,.T.);
#14421 = ORIENTED_EDGE('',*,*,#13750,.T.);
#14422 = ORIENTED_EDGE('',*,*,#13711,.F.);
#14423 = ORIENTED_EDGE('',*,*,#13638,.F.);
#14424 = ORIENTED_EDGE('',*,*,#13630,.F.);
#14425 = ORIENTED_EDGE('',*,*,#13622,.T.);
#14426 = ORIENTED_EDGE('',*,*,#13997,.F.);
#14427 = PLANE('',#14428);
#14428 = AXIS2_PLACEMENT_3D('',#14429,#14430,#14431);
#14429 = CARTESIAN_POINT('',(-0.8,0.4,0.));
#14430 = DIRECTION('',(0.,1.,0.));
#14431 = DIRECTION('',(0.,-0.,1.));
#14432 = ADVANCED_FACE('',(#14433),#14445,.T.);
#14433 = FACE_BOUND('',#14434,.T.);
#14434 = EDGE_LOOP('',(#14435,#14436,#14437,#14438,#14439,#14440,#14441,
    #14442,#14443,#14444));
#14435 = ORIENTED_EDGE('',*,*,#14206,.F.);
#14436 = ORIENTED_EDGE('',*,*,#14029,.F.);
#14437 = ORIENTED_EDGE('',*,*,#13663,.T.);
#14438 = ORIENTED_EDGE('',*,*,#13655,.T.);
#14439 = ORIENTED_EDGE('',*,*,#13647,.F.);
#14440 = ORIENTED_EDGE('',*,*,#14392,.F.);
#14441 = ORIENTED_EDGE('',*,*,#14308,.T.);
#14442 = ORIENTED_EDGE('',*,*,#14284,.F.);
#14443 = ORIENTED_EDGE('',*,*,#14261,.F.);
#14444 = ORIENTED_EDGE('',*,*,#14236,.T.);
#14445 = PLANE('',#14446);
#14446 = AXIS2_PLACEMENT_3D('',#14447,#14448,#14449);
#14447 = CARTESIAN_POINT('',(0.5,0.4,0.));
#14448 = DIRECTION('',(0.,1.,0.));
#14449 = DIRECTION('',(0.,-0.,1.));
#14450 = ADVANCED_FACE('',(#14451),#14456,.T.);
#14451 = FACE_BOUND('',#14452,.T.);
#14452 = EDGE_LOOP('',(#14453,#14454,#14455));
#14453 = ORIENTED_EDGE('',*,*,#14175,.T.);
#14454 = ORIENTED_EDGE('',*,*,#14151,.T.);
#14455 = ORIENTED_EDGE('',*,*,#14192,.T.);
#14456 = PLANE('',#14457);
#14457 = AXIS2_PLACEMENT_3D('',#14458,#14459,#14460);
#14458 = CARTESIAN_POINT('',(9.237604307034E-02,0.,1.5E-02));
#14459 = DIRECTION('',(-0.,-0.,-1.));
#14460 = DIRECTION('',(-1.,0.,0.));
#14461 = ( GEOMETRIC_REPRESENTATION_CONTEXT(3) 
GLOBAL_UNCERTAINTY_ASSIGNED_CONTEXT((#14465)) 
GLOBAL_UNIT_ASSIGNED_CONTEXT((#14462,#14463,#14464)) 
REPRESENTATION_CONTEXT('Context #1',
  '3D Context with UNIT and UNCERTAINTY') );
#14462 = ( LENGTH_UNIT() NAMED_UNIT(*) SI_UNIT(.MILLI.,.METRE.) );
#14463 = ( NAMED_UNIT(*) PLANE_ANGLE_UNIT() SI_UNIT($,.RADIAN.) );
#14464 = ( NAMED_UNIT(*) SI_UNIT($,.STERADIAN.) SOLID_ANGLE_UNIT() );
#14465 = UNCERTAINTY_MEASURE_WITH_UNIT(LENGTH_MEASURE(1.E-07),#14462,
  'distance_accuracy_value','confusion accuracy');
#14466 = CONTEXT_DEPENDENT_SHAPE_REPRESENTATION(#14467,#14469);
#14467 = ( REPRESENTATION_RELATIONSHIP('','',#12937,#10) 
REPRESENTATION_RELATIONSHIP_WITH_TRANSFORMATION(#14468) 
SHAPE_REPRESENTATION_RELATIONSHIP() );
#14468 = ITEM_DEFINED_TRANSFORMATION('','',#11,#39);
#14469 = PRODUCT_DEFINITION_SHAPE('Placement','Placement of an item',
  #14470);
#14470 = NEXT_ASSEMBLY_USAGE_OCCURRENCE('9','D1','',#5,#12932,$);
#14471 = PRODUCT_RELATED_PRODUCT_CATEGORY('part',$,(#12934));
#14472 = CONTEXT_DEPENDENT_SHAPE_REPRESENTATION(#14473,#14475);
#14473 = ( REPRESENTATION_RELATIONSHIP('','',#7101,#10) 
REPRESENTATION_RELATIONSHIP_WITH_TRANSFORMATION(#14474) 
SHAPE_REPRESENTATION_RELATIONSHIP() );
#14474 = ITEM_DEFINED_TRANSFORMATION('','',#11,#43);
#14475 = PRODUCT_DEFINITION_SHAPE('Placement','Placement of an item',
  #14476);
#14476 = NEXT_ASSEMBLY_USAGE_OCCURRENCE('10','R4','',#5,#7096,$);
#14477 = CONTEXT_DEPENDENT_SHAPE_REPRESENTATION(#14478,#14480);
#14478 = ( REPRESENTATION_RELATIONSHIP('','',#7101,#10) 
REPRESENTATION_RELATIONSHIP_WITH_TRANSFORMATION(#14479) 
SHAPE_REPRESENTATION_RELATIONSHIP() );
#14479 = ITEM_DEFINED_TRANSFORMATION('','',#11,#47);
#14480 = PRODUCT_DEFINITION_SHAPE('Placement','Placement of an item',
  #14481);
#14481 = NEXT_ASSEMBLY_USAGE_OCCURRENCE('11','R1','',#5,#7096,$);
#14482 = CONTEXT_DEPENDENT_SHAPE_REPRESENTATION(#14483,#14485);
#14483 = ( REPRESENTATION_RELATIONSHIP('','',#7101,#10) 
REPRESENTATION_RELATIONSHIP_WITH_TRANSFORMATION(#14484) 
SHAPE_REPRESENTATION_RELATIONSHIP() );
#14484 = ITEM_DEFINED_TRANSFORMATION('','',#11,#51);
#14485 = PRODUCT_DEFINITION_SHAPE('Placement','Placement of an item',
  #14486);
#14486 = NEXT_ASSEMBLY_USAGE_OCCURRENCE('12','R5','',#5,#7096,$);
#14487 = CONTEXT_DEPENDENT_SHAPE_REPRESENTATION(#14488,#14490);
#14488 = ( REPRESENTATION_RELATIONSHIP('','',#7910,#10) 
REPRESENTATION_RELATIONSHIP_WITH_TRANSFORMATION(#14489) 
SHAPE_REPRESENTATION_RELATIONSHIP() );
#14489 = ITEM_DEFINED_TRANSFORMATION('','',#11,#55);
#14490 = PRODUCT_DEFINITION_SHAPE('Placement','Placement of an item',
  #14491);
#14491 = NEXT_ASSEMBLY_USAGE_OCCURRENCE('13','C3','',#5,#7905,$);
#14492 = CONTEXT_DEPENDENT_SHAPE_REPRESENTATION(#14493,#14495);
#14493 = ( REPRESENTATION_RELATIONSHIP('','',#7910,#10) 
REPRESENTATION_RELATIONSHIP_WITH_TRANSFORMATION(#14494) 
SHAPE_REPRESENTATION_RELATIONSHIP() );
#14494 = ITEM_DEFINED_TRANSFORMATION('','',#11,#59);
#14495 = PRODUCT_DEFINITION_SHAPE('Placement','Placement of an item',
  #14496);
#14496 = NEXT_ASSEMBLY_USAGE_OCCURRENCE('14','C1','',#5,#7905,$);
#14497 = SHAPE_DEFINITION_REPRESENTATION(#14498,#14504);
#14498 = PRODUCT_DEFINITION_SHAPE('','',#14499);
#14499 = PRODUCT_DEFINITION('design','',#14500,#14503);
#14500 = PRODUCT_DEFINITION_FORMATION('','',#14501);
#14501 = PRODUCT('TempBoard_PCB','TempBoard_PCB','',(#14502));
#14502 = PRODUCT_CONTEXT('',#2,'mechanical');
#14503 = PRODUCT_DEFINITION_CONTEXT('part definition',#2,'design');
#14504 = ADVANCED_BREP_SHAPE_REPRESENTATION('',(#11,#14505),#15380);
#14505 = MANIFOLD_SOLID_BREP('',#14506);
#14506 = CLOSED_SHELL('',(#14507,#14549,#14580,#14611,#14828,#15045,
    #15062,#15079,#15096,#15113,#15125,#15142,#15159,#15176,#15193,
    #15210,#15227,#15244,#15261,#15278,#15295,#15312,#15329,#15346,
    #15363));
#14507 = ADVANCED_FACE('',(#14508),#14544,.T.);
#14508 = FACE_BOUND('',#14509,.T.);
#14509 = EDGE_LOOP('',(#14510,#14520,#14529,#14537));
#14510 = ORIENTED_EDGE('',*,*,#14511,.T.);
#14511 = EDGE_CURVE('',#14512,#14514,#14516,.T.);
#14512 = VERTEX_POINT('',#14513);
#14513 = CARTESIAN_POINT('',(141.7,-53.9,0.));
#14514 = VERTEX_POINT('',#14515);
#14515 = CARTESIAN_POINT('',(141.7,-53.9,1.51));
#14516 = LINE('',#14517,#14518);
#14517 = CARTESIAN_POINT('',(141.7,-53.9,0.));
#14518 = VECTOR('',#14519,1.);
#14519 = DIRECTION('',(0.,0.,1.));
#14520 = ORIENTED_EDGE('',*,*,#14521,.T.);
#14521 = EDGE_CURVE('',#14514,#14522,#14524,.T.);
#14522 = VERTEX_POINT('',#14523);
#14523 = CARTESIAN_POINT('',(145.7,-57.9,1.51));
#14524 = CIRCLE('',#14525,4.00000042591);
#14525 = AXIS2_PLACEMENT_3D('',#14526,#14527,#14528);
#14526 = CARTESIAN_POINT('',(141.69999957409,-57.90000042591,1.51));
#14527 = DIRECTION('',(0.,0.,-1.));
#14528 = DIRECTION('',(1.064775318894E-07,1.,0.));
#14529 = ORIENTED_EDGE('',*,*,#14530,.F.);
#14530 = EDGE_CURVE('',#14531,#14522,#14533,.T.);
#14531 = VERTEX_POINT('',#14532);
#14532 = CARTESIAN_POINT('',(145.7,-57.9,0.));
#14533 = LINE('',#14534,#14535);
#14534 = CARTESIAN_POINT('',(145.7,-57.9,0.));
#14535 = VECTOR('',#14536,1.);
#14536 = DIRECTION('',(0.,0.,1.));
#14537 = ORIENTED_EDGE('',*,*,#14538,.F.);
#14538 = EDGE_CURVE('',#14512,#14531,#14539,.T.);
#14539 = CIRCLE('',#14540,4.00000042591);
#14540 = AXIS2_PLACEMENT_3D('',#14541,#14542,#14543);
#14541 = CARTESIAN_POINT('',(141.69999957409,-57.90000042591,0.));
#14542 = DIRECTION('',(0.,0.,-1.));
#14543 = DIRECTION('',(1.064775318894E-07,1.,0.));
#14544 = CYLINDRICAL_SURFACE('',#14545,4.00000042591);
#14545 = AXIS2_PLACEMENT_3D('',#14546,#14547,#14548);
#14546 = CARTESIAN_POINT('',(141.69999957409,-57.90000042591,0.));
#14547 = DIRECTION('',(0.,0.,-1.));
#14548 = DIRECTION('',(1.064775318894E-07,1.,0.));
#14549 = ADVANCED_FACE('',(#14550),#14575,.T.);
#14550 = FACE_BOUND('',#14551,.T.);
#14551 = EDGE_LOOP('',(#14552,#14562,#14568,#14569));
#14552 = ORIENTED_EDGE('',*,*,#14553,.T.);
#14553 = EDGE_CURVE('',#14554,#14556,#14558,.T.);
#14554 = VERTEX_POINT('',#14555);
#14555 = CARTESIAN_POINT('',(119.7,-53.9,0.));
#14556 = VERTEX_POINT('',#14557);
#14557 = CARTESIAN_POINT('',(119.7,-53.9,1.51));
#14558 = LINE('',#14559,#14560);
#14559 = CARTESIAN_POINT('',(119.7,-53.9,0.));
#14560 = VECTOR('',#14561,1.);
#14561 = DIRECTION('',(0.,0.,1.));
#14562 = ORIENTED_EDGE('',*,*,#14563,.T.);
#14563 = EDGE_CURVE('',#14556,#14514,#14564,.T.);
#14564 = LINE('',#14565,#14566);
#14565 = CARTESIAN_POINT('',(119.7,-53.9,1.51));
#14566 = VECTOR('',#14567,1.);
#14567 = DIRECTION('',(1.,0.,0.));
#14568 = ORIENTED_EDGE('',*,*,#14511,.F.);
#14569 = ORIENTED_EDGE('',*,*,#14570,.F.);
#14570 = EDGE_CURVE('',#14554,#14512,#14571,.T.);
#14571 = LINE('',#14572,#14573);
#14572 = CARTESIAN_POINT('',(119.7,-53.9,0.));
#14573 = VECTOR('',#14574,1.);
#14574 = DIRECTION('',(1.,0.,0.));
#14575 = PLANE('',#14576);
#14576 = AXIS2_PLACEMENT_3D('',#14577,#14578,#14579);
#14577 = CARTESIAN_POINT('',(119.7,-53.9,0.));
#14578 = DIRECTION('',(0.,1.,0.));
#14579 = DIRECTION('',(1.,0.,0.));
#14580 = ADVANCED_FACE('',(#14581),#14606,.T.);
#14581 = FACE_BOUND('',#14582,.T.);
#14582 = EDGE_LOOP('',(#14583,#14584,#14592,#14600));
#14583 = ORIENTED_EDGE('',*,*,#14530,.T.);
#14584 = ORIENTED_EDGE('',*,*,#14585,.T.);
#14585 = EDGE_CURVE('',#14522,#14586,#14588,.T.);
#14586 = VERTEX_POINT('',#14587);
#14587 = CARTESIAN_POINT('',(145.7,-79.9,1.51));
#14588 = LINE('',#14589,#14590);
#14589 = CARTESIAN_POINT('',(145.7,-57.9,1.51));
#14590 = VECTOR('',#14591,1.);
#14591 = DIRECTION('',(0.,-1.,0.));
#14592 = ORIENTED_EDGE('',*,*,#14593,.F.);
#14593 = EDGE_CURVE('',#14594,#14586,#14596,.T.);
#14594 = VERTEX_POINT('',#14595);
#14595 = CARTESIAN_POINT('',(145.7,-79.9,0.));
#14596 = LINE('',#14597,#14598);
#14597 = CARTESIAN_POINT('',(145.7,-79.9,0.));
#14598 = VECTOR('',#14599,1.);
#14599 = DIRECTION('',(0.,0.,1.));
#14600 = ORIENTED_EDGE('',*,*,#14601,.F.);
#14601 = EDGE_CURVE('',#14531,#14594,#14602,.T.);
#14602 = LINE('',#14603,#14604);
#14603 = CARTESIAN_POINT('',(145.7,-57.9,0.));
#14604 = VECTOR('',#14605,1.);
#14605 = DIRECTION('',(0.,-1.,0.));
#14606 = PLANE('',#14607);
#14607 = AXIS2_PLACEMENT_3D('',#14608,#14609,#14610);
#14608 = CARTESIAN_POINT('',(145.7,-57.9,0.));
#14609 = DIRECTION('',(1.,0.,-0.));
#14610 = DIRECTION('',(0.,-1.,0.));
#14611 = ADVANCED_FACE('',(#14612,#14658,#14669,#14680,#14691,#14702,
    #14713,#14724,#14735,#14746,#14757,#14768,#14779,#14790,#14801,
    #14812),#14823,.F.);
#14612 = FACE_BOUND('',#14613,.F.);
#14613 = EDGE_LOOP('',(#14614,#14615,#14616,#14625,#14633,#14642,#14650,
    #14657));
#14614 = ORIENTED_EDGE('',*,*,#14538,.F.);
#14615 = ORIENTED_EDGE('',*,*,#14570,.F.);
#14616 = ORIENTED_EDGE('',*,*,#14617,.F.);
#14617 = EDGE_CURVE('',#14618,#14554,#14620,.T.);
#14618 = VERTEX_POINT('',#14619);
#14619 = CARTESIAN_POINT('',(115.7,-57.9,0.));
#14620 = CIRCLE('',#14621,4.00000042591);
#14621 = AXIS2_PLACEMENT_3D('',#14622,#14623,#14624);
#14622 = CARTESIAN_POINT('',(119.70000042591,-57.90000042591,0.));
#14623 = DIRECTION('',(0.,0.,-1.));
#14624 = DIRECTION('',(-1.,1.064775354421E-07,0.));
#14625 = ORIENTED_EDGE('',*,*,#14626,.F.);
#14626 = EDGE_CURVE('',#14627,#14618,#14629,.T.);
#14627 = VERTEX_POINT('',#14628);
#14628 = CARTESIAN_POINT('',(115.7,-79.9,0.));
#14629 = LINE('',#14630,#14631);
#14630 = CARTESIAN_POINT('',(115.7,-79.9,0.));
#14631 = VECTOR('',#14632,1.);
#14632 = DIRECTION('',(0.,1.,0.));
#14633 = ORIENTED_EDGE('',*,*,#14634,.F.);
#14634 = EDGE_CURVE('',#14635,#14627,#14637,.T.);
#14635 = VERTEX_POINT('',#14636);
#14636 = CARTESIAN_POINT('',(119.7,-83.9,0.));
#14637 = CIRCLE('',#14638,4.00000042591);
#14638 = AXIS2_PLACEMENT_3D('',#14639,#14640,#14641);
#14639 = CARTESIAN_POINT('',(119.70000042591,-79.89999957409,0.));
#14640 = DIRECTION('',(0.,0.,-1.));
#14641 = DIRECTION('',(-1.064775389949E-07,-1.,-0.));
#14642 = ORIENTED_EDGE('',*,*,#14643,.F.);
#14643 = EDGE_CURVE('',#14644,#14635,#14646,.T.);
#14644 = VERTEX_POINT('',#14645);
#14645 = CARTESIAN_POINT('',(141.7,-83.9,0.));
#14646 = LINE('',#14647,#14648);
#14647 = CARTESIAN_POINT('',(141.7,-83.9,0.));
#14648 = VECTOR('',#14649,1.);
#14649 = DIRECTION('',(-1.,0.,0.));
#14650 = ORIENTED_EDGE('',*,*,#14651,.F.);
#14651 = EDGE_CURVE('',#14594,#14644,#14652,.T.);
#14652 = CIRCLE('',#14653,4.00000042591);
#14653 = AXIS2_PLACEMENT_3D('',#14654,#14655,#14656);
#14654 = CARTESIAN_POINT('',(141.69999957409,-79.89999957409,0.));
#14655 = DIRECTION('',(0.,0.,-1.));
#14656 = DIRECTION('',(1.,-1.064775389949E-07,0.));
#14657 = ORIENTED_EDGE('',*,*,#14601,.F.);
#14658 = FACE_BOUND('',#14659,.F.);
#14659 = EDGE_LOOP('',(#14660));
#14660 = ORIENTED_EDGE('',*,*,#14661,.T.);
#14661 = EDGE_CURVE('',#14662,#14662,#14664,.T.);
#14662 = VERTEX_POINT('',#14663);
#14663 = CARTESIAN_POINT('',(119.7,-81.5,0.));
#14664 = CIRCLE('',#14665,1.6);
#14665 = AXIS2_PLACEMENT_3D('',#14666,#14667,#14668);
#14666 = CARTESIAN_POINT('',(119.7,-79.9,0.));
#14667 = DIRECTION('',(-0.,0.,-1.));
#14668 = DIRECTION('',(8.881784197001E-15,-1.,-0.));
#14669 = FACE_BOUND('',#14670,.F.);
#14670 = EDGE_LOOP('',(#14671));
#14671 = ORIENTED_EDGE('',*,*,#14672,.T.);
#14672 = EDGE_CURVE('',#14673,#14673,#14675,.T.);
#14673 = VERTEX_POINT('',#14674);
#14674 = CARTESIAN_POINT('',(141.7,-81.5,0.));
#14675 = CIRCLE('',#14676,1.6);
#14676 = AXIS2_PLACEMENT_3D('',#14677,#14678,#14679);
#14677 = CARTESIAN_POINT('',(141.7,-79.9,0.));
#14678 = DIRECTION('',(-0.,0.,-1.));
#14679 = DIRECTION('',(-0.,-1.,0.));
#14680 = FACE_BOUND('',#14681,.F.);
#14681 = EDGE_LOOP('',(#14682));
#14682 = ORIENTED_EDGE('',*,*,#14683,.T.);
#14683 = EDGE_CURVE('',#14684,#14684,#14686,.T.);
#14684 = VERTEX_POINT('',#14685);
#14685 = CARTESIAN_POINT('',(142.,-73.14,0.));
#14686 = CIRCLE('',#14687,0.5);
#14687 = AXIS2_PLACEMENT_3D('',#14688,#14689,#14690);
#14688 = CARTESIAN_POINT('',(142.,-72.64,0.));
#14689 = DIRECTION('',(-0.,0.,-1.));
#14690 = DIRECTION('',(-0.,-1.,0.));
#14691 = FACE_BOUND('',#14692,.F.);
#14692 = EDGE_LOOP('',(#14693));
#14693 = ORIENTED_EDGE('',*,*,#14694,.T.);
#14694 = EDGE_CURVE('',#14695,#14695,#14697,.T.);
#14695 = VERTEX_POINT('',#14696);
#14696 = CARTESIAN_POINT('',(142.,-70.6,0.));
#14697 = CIRCLE('',#14698,0.5);
#14698 = AXIS2_PLACEMENT_3D('',#14699,#14700,#14701);
#14699 = CARTESIAN_POINT('',(142.,-70.1,0.));
#14700 = DIRECTION('',(-0.,0.,-1.));
#14701 = DIRECTION('',(-0.,-1.,0.));
#14702 = FACE_BOUND('',#14703,.F.);
#14703 = EDGE_LOOP('',(#14704));
#14704 = ORIENTED_EDGE('',*,*,#14705,.T.);
#14705 = EDGE_CURVE('',#14706,#14706,#14708,.T.);
#14706 = VERTEX_POINT('',#14707);
#14707 = CARTESIAN_POINT('',(125.8,-65.08,0.));
#14708 = CIRCLE('',#14709,0.6);
#14709 = AXIS2_PLACEMENT_3D('',#14710,#14711,#14712);
#14710 = CARTESIAN_POINT('',(125.8,-64.48,0.));
#14711 = DIRECTION('',(-0.,0.,-1.));
#14712 = DIRECTION('',(-2.368475785867E-14,-1.,0.));
#14713 = FACE_BOUND('',#14714,.F.);
#14714 = EDGE_LOOP('',(#14715));
#14715 = ORIENTED_EDGE('',*,*,#14716,.T.);
#14716 = EDGE_CURVE('',#14717,#14717,#14719,.T.);
#14717 = VERTEX_POINT('',#14718);
#14718 = CARTESIAN_POINT('',(128.3,-65.08,0.));
#14719 = CIRCLE('',#14720,0.6);
#14720 = AXIS2_PLACEMENT_3D('',#14721,#14722,#14723);
#14721 = CARTESIAN_POINT('',(128.3,-64.48,0.));
#14722 = DIRECTION('',(-0.,0.,-1.));
#14723 = DIRECTION('',(-0.,-1.,0.));
#14724 = FACE_BOUND('',#14725,.F.);
#14725 = EDGE_LOOP('',(#14726));
#14726 = ORIENTED_EDGE('',*,*,#14727,.T.);
#14727 = EDGE_CURVE('',#14728,#14728,#14730,.T.);
#14728 = VERTEX_POINT('',#14729);
#14729 = CARTESIAN_POINT('',(119.7,-59.5,0.));
#14730 = CIRCLE('',#14731,1.6);
#14731 = AXIS2_PLACEMENT_3D('',#14732,#14733,#14734);
#14732 = CARTESIAN_POINT('',(119.7,-57.9,0.));
#14733 = DIRECTION('',(-0.,0.,-1.));
#14734 = DIRECTION('',(8.881784197001E-15,-1.,-0.));
#14735 = FACE_BOUND('',#14736,.F.);
#14736 = EDGE_LOOP('',(#14737));
#14737 = ORIENTED_EDGE('',*,*,#14738,.T.);
#14738 = EDGE_CURVE('',#14739,#14739,#14741,.T.);
#14739 = VERTEX_POINT('',#14740);
#14740 = CARTESIAN_POINT('',(125.8,-58.15,0.));
#14741 = CIRCLE('',#14742,0.85);
#14742 = AXIS2_PLACEMENT_3D('',#14743,#14744,#14745);
#14743 = CARTESIAN_POINT('',(125.8,-57.3,0.));
#14744 = DIRECTION('',(-0.,0.,-1.));
#14745 = DIRECTION('',(-1.671865260612E-14,-1.,0.));
#14746 = FACE_BOUND('',#14747,.F.);
#14747 = EDGE_LOOP('',(#14748));
#14748 = ORIENTED_EDGE('',*,*,#14749,.T.);
#14749 = EDGE_CURVE('',#14750,#14750,#14752,.T.);
#14750 = VERTEX_POINT('',#14751);
#14751 = CARTESIAN_POINT('',(130.8,-65.08,0.));
#14752 = CIRCLE('',#14753,0.6);
#14753 = AXIS2_PLACEMENT_3D('',#14754,#14755,#14756);
#14754 = CARTESIAN_POINT('',(130.8,-64.48,0.));
#14755 = DIRECTION('',(-0.,0.,-1.));
#14756 = DIRECTION('',(-0.,-1.,0.));
#14757 = FACE_BOUND('',#14758,.F.);
#14758 = EDGE_LOOP('',(#14759));
#14759 = ORIENTED_EDGE('',*,*,#14760,.T.);
#14760 = EDGE_CURVE('',#14761,#14761,#14763,.T.);
#14761 = VERTEX_POINT('',#14762);
#14762 = CARTESIAN_POINT('',(133.3,-65.08,0.));
#14763 = CIRCLE('',#14764,0.6);
#14764 = AXIS2_PLACEMENT_3D('',#14765,#14766,#14767);
#14765 = CARTESIAN_POINT('',(133.3,-64.48,0.));
#14766 = DIRECTION('',(-0.,0.,-1.));
#14767 = DIRECTION('',(-0.,-1.,0.));
#14768 = FACE_BOUND('',#14769,.F.);
#14769 = EDGE_LOOP('',(#14770));
#14770 = ORIENTED_EDGE('',*,*,#14771,.T.);
#14771 = EDGE_CURVE('',#14772,#14772,#14774,.T.);
#14772 = VERTEX_POINT('',#14773);
#14773 = CARTESIAN_POINT('',(135.8,-65.08,0.));
#14774 = CIRCLE('',#14775,0.6);
#14775 = AXIS2_PLACEMENT_3D('',#14776,#14777,#14778);
#14776 = CARTESIAN_POINT('',(135.8,-64.48,0.));
#14777 = DIRECTION('',(-0.,0.,-1.));
#14778 = DIRECTION('',(-0.,-1.,0.));
#14779 = FACE_BOUND('',#14780,.F.);
#14780 = EDGE_LOOP('',(#14781));
#14781 = ORIENTED_EDGE('',*,*,#14782,.T.);
#14782 = EDGE_CURVE('',#14783,#14783,#14785,.T.);
#14783 = VERTEX_POINT('',#14784);
#14784 = CARTESIAN_POINT('',(142.,-68.06,0.));
#14785 = CIRCLE('',#14786,0.5);
#14786 = AXIS2_PLACEMENT_3D('',#14787,#14788,#14789);
#14787 = CARTESIAN_POINT('',(142.,-67.56,0.));
#14788 = DIRECTION('',(-0.,0.,-1.));
#14789 = DIRECTION('',(-0.,-1.,0.));
#14790 = FACE_BOUND('',#14791,.F.);
#14791 = EDGE_LOOP('',(#14792));
#14792 = ORIENTED_EDGE('',*,*,#14793,.T.);
#14793 = EDGE_CURVE('',#14794,#14794,#14796,.T.);
#14794 = VERTEX_POINT('',#14795);
#14795 = CARTESIAN_POINT('',(142.,-65.52,0.));
#14796 = CIRCLE('',#14797,0.5);
#14797 = AXIS2_PLACEMENT_3D('',#14798,#14799,#14800);
#14798 = CARTESIAN_POINT('',(142.,-65.02,0.));
#14799 = DIRECTION('',(-0.,0.,-1.));
#14800 = DIRECTION('',(-0.,-1.,0.));
#14801 = FACE_BOUND('',#14802,.F.);
#14802 = EDGE_LOOP('',(#14803));
#14803 = ORIENTED_EDGE('',*,*,#14804,.T.);
#14804 = EDGE_CURVE('',#14805,#14805,#14807,.T.);
#14805 = VERTEX_POINT('',#14806);
#14806 = CARTESIAN_POINT('',(135.8,-58.15,0.));
#14807 = CIRCLE('',#14808,0.85);
#14808 = AXIS2_PLACEMENT_3D('',#14809,#14810,#14811);
#14809 = CARTESIAN_POINT('',(135.8,-57.3,0.));
#14810 = DIRECTION('',(-0.,0.,-1.));
#14811 = DIRECTION('',(-0.,-1.,0.));
#14812 = FACE_BOUND('',#14813,.F.);
#14813 = EDGE_LOOP('',(#14814));
#14814 = ORIENTED_EDGE('',*,*,#14815,.T.);
#14815 = EDGE_CURVE('',#14816,#14816,#14818,.T.);
#14816 = VERTEX_POINT('',#14817);
#14817 = CARTESIAN_POINT('',(141.7,-59.5,0.));
#14818 = CIRCLE('',#14819,1.6);
#14819 = AXIS2_PLACEMENT_3D('',#14820,#14821,#14822);
#14820 = CARTESIAN_POINT('',(141.7,-57.9,0.));
#14821 = DIRECTION('',(-0.,0.,-1.));
#14822 = DIRECTION('',(-0.,-1.,0.));
#14823 = PLANE('',#14824);
#14824 = AXIS2_PLACEMENT_3D('',#14825,#14826,#14827);
#14825 = CARTESIAN_POINT('',(0.,0.,0.));
#14826 = DIRECTION('',(0.,0.,1.));
#14827 = DIRECTION('',(1.,0.,-0.));
#14828 = ADVANCED_FACE('',(#14829,#14875,#14886,#14897,#14908,#14919,
    #14930,#14941,#14952,#14963,#14974,#14985,#14996,#15007,#15018,
    #15029),#15040,.T.);
#14829 = FACE_BOUND('',#14830,.T.);
#14830 = EDGE_LOOP('',(#14831,#14832,#14833,#14842,#14850,#14859,#14867,
    #14874));
#14831 = ORIENTED_EDGE('',*,*,#14521,.F.);
#14832 = ORIENTED_EDGE('',*,*,#14563,.F.);
#14833 = ORIENTED_EDGE('',*,*,#14834,.F.);
#14834 = EDGE_CURVE('',#14835,#14556,#14837,.T.);
#14835 = VERTEX_POINT('',#14836);
#14836 = CARTESIAN_POINT('',(115.7,-57.9,1.51));
#14837 = CIRCLE('',#14838,4.00000042591);
#14838 = AXIS2_PLACEMENT_3D('',#14839,#14840,#14841);
#14839 = CARTESIAN_POINT('',(119.70000042591,-57.90000042591,1.51));
#14840 = DIRECTION('',(0.,0.,-1.));
#14841 = DIRECTION('',(-1.,1.064775354421E-07,0.));
#14842 = ORIENTED_EDGE('',*,*,#14843,.F.);
#14843 = EDGE_CURVE('',#14844,#14835,#14846,.T.);
#14844 = VERTEX_POINT('',#14845);
#14845 = CARTESIAN_POINT('',(115.7,-79.9,1.51));
#14846 = LINE('',#14847,#14848);
#14847 = CARTESIAN_POINT('',(115.7,-79.9,1.51));
#14848 = VECTOR('',#14849,1.);
#14849 = DIRECTION('',(0.,1.,0.));
#14850 = ORIENTED_EDGE('',*,*,#14851,.F.);
#14851 = EDGE_CURVE('',#14852,#14844,#14854,.T.);
#14852 = VERTEX_POINT('',#14853);
#14853 = CARTESIAN_POINT('',(119.7,-83.9,1.51));
#14854 = CIRCLE('',#14855,4.00000042591);
#14855 = AXIS2_PLACEMENT_3D('',#14856,#14857,#14858);
#14856 = CARTESIAN_POINT('',(119.70000042591,-79.89999957409,1.51));
#14857 = DIRECTION('',(0.,0.,-1.));
#14858 = DIRECTION('',(-1.064775389949E-07,-1.,-0.));
#14859 = ORIENTED_EDGE('',*,*,#14860,.F.);
#14860 = EDGE_CURVE('',#14861,#14852,#14863,.T.);
#14861 = VERTEX_POINT('',#14862);
#14862 = CARTESIAN_POINT('',(141.7,-83.9,1.51));
#14863 = LINE('',#14864,#14865);
#14864 = CARTESIAN_POINT('',(141.7,-83.9,1.51));
#14865 = VECTOR('',#14866,1.);
#14866 = DIRECTION('',(-1.,0.,0.));
#14867 = ORIENTED_EDGE('',*,*,#14868,.F.);
#14868 = EDGE_CURVE('',#14586,#14861,#14869,.T.);
#14869 = CIRCLE('',#14870,4.00000042591);
#14870 = AXIS2_PLACEMENT_3D('',#14871,#14872,#14873);
#14871 = CARTESIAN_POINT('',(141.69999957409,-79.89999957409,1.51));
#14872 = DIRECTION('',(0.,0.,-1.));
#14873 = DIRECTION('',(1.,-1.064775389949E-07,0.));
#14874 = ORIENTED_EDGE('',*,*,#14585,.F.);
#14875 = FACE_BOUND('',#14876,.T.);
#14876 = EDGE_LOOP('',(#14877));
#14877 = ORIENTED_EDGE('',*,*,#14878,.T.);
#14878 = EDGE_CURVE('',#14879,#14879,#14881,.T.);
#14879 = VERTEX_POINT('',#14880);
#14880 = CARTESIAN_POINT('',(119.7,-81.5,1.51));
#14881 = CIRCLE('',#14882,1.6);
#14882 = AXIS2_PLACEMENT_3D('',#14883,#14884,#14885);
#14883 = CARTESIAN_POINT('',(119.7,-79.9,1.51));
#14884 = DIRECTION('',(-0.,0.,-1.));
#14885 = DIRECTION('',(8.881784197001E-15,-1.,-0.));
#14886 = FACE_BOUND('',#14887,.T.);
#14887 = EDGE_LOOP('',(#14888));
#14888 = ORIENTED_EDGE('',*,*,#14889,.T.);
#14889 = EDGE_CURVE('',#14890,#14890,#14892,.T.);
#14890 = VERTEX_POINT('',#14891);
#14891 = CARTESIAN_POINT('',(141.7,-81.5,1.51));
#14892 = CIRCLE('',#14893,1.6);
#14893 = AXIS2_PLACEMENT_3D('',#14894,#14895,#14896);
#14894 = CARTESIAN_POINT('',(141.7,-79.9,1.51));
#14895 = DIRECTION('',(-0.,0.,-1.));
#14896 = DIRECTION('',(-0.,-1.,0.));
#14897 = FACE_BOUND('',#14898,.T.);
#14898 = EDGE_LOOP('',(#14899));
#14899 = ORIENTED_EDGE('',*,*,#14900,.T.);
#14900 = EDGE_CURVE('',#14901,#14901,#14903,.T.);
#14901 = VERTEX_POINT('',#14902);
#14902 = CARTESIAN_POINT('',(142.,-73.14,1.51));
#14903 = CIRCLE('',#14904,0.5);
#14904 = AXIS2_PLACEMENT_3D('',#14905,#14906,#14907);
#14905 = CARTESIAN_POINT('',(142.,-72.64,1.51));
#14906 = DIRECTION('',(-0.,0.,-1.));
#14907 = DIRECTION('',(-0.,-1.,0.));
#14908 = FACE_BOUND('',#14909,.T.);
#14909 = EDGE_LOOP('',(#14910));
#14910 = ORIENTED_EDGE('',*,*,#14911,.T.);
#14911 = EDGE_CURVE('',#14912,#14912,#14914,.T.);
#14912 = VERTEX_POINT('',#14913);
#14913 = CARTESIAN_POINT('',(142.,-70.6,1.51));
#14914 = CIRCLE('',#14915,0.5);
#14915 = AXIS2_PLACEMENT_3D('',#14916,#14917,#14918);
#14916 = CARTESIAN_POINT('',(142.,-70.1,1.51));
#14917 = DIRECTION('',(-0.,0.,-1.));
#14918 = DIRECTION('',(-0.,-1.,0.));
#14919 = FACE_BOUND('',#14920,.T.);
#14920 = EDGE_LOOP('',(#14921));
#14921 = ORIENTED_EDGE('',*,*,#14922,.T.);
#14922 = EDGE_CURVE('',#14923,#14923,#14925,.T.);
#14923 = VERTEX_POINT('',#14924);
#14924 = CARTESIAN_POINT('',(125.8,-65.08,1.51));
#14925 = CIRCLE('',#14926,0.6);
#14926 = AXIS2_PLACEMENT_3D('',#14927,#14928,#14929);
#14927 = CARTESIAN_POINT('',(125.8,-64.48,1.51));
#14928 = DIRECTION('',(-0.,0.,-1.));
#14929 = DIRECTION('',(-2.368475785867E-14,-1.,0.));
#14930 = FACE_BOUND('',#14931,.T.);
#14931 = EDGE_LOOP('',(#14932));
#14932 = ORIENTED_EDGE('',*,*,#14933,.T.);
#14933 = EDGE_CURVE('',#14934,#14934,#14936,.T.);
#14934 = VERTEX_POINT('',#14935);
#14935 = CARTESIAN_POINT('',(128.3,-65.08,1.51));
#14936 = CIRCLE('',#14937,0.6);
#14937 = AXIS2_PLACEMENT_3D('',#14938,#14939,#14940);
#14938 = CARTESIAN_POINT('',(128.3,-64.48,1.51));
#14939 = DIRECTION('',(-0.,0.,-1.));
#14940 = DIRECTION('',(-0.,-1.,0.));
#14941 = FACE_BOUND('',#14942,.T.);
#14942 = EDGE_LOOP('',(#14943));
#14943 = ORIENTED_EDGE('',*,*,#14944,.T.);
#14944 = EDGE_CURVE('',#14945,#14945,#14947,.T.);
#14945 = VERTEX_POINT('',#14946);
#14946 = CARTESIAN_POINT('',(119.7,-59.5,1.51));
#14947 = CIRCLE('',#14948,1.6);
#14948 = AXIS2_PLACEMENT_3D('',#14949,#14950,#14951);
#14949 = CARTESIAN_POINT('',(119.7,-57.9,1.51));
#14950 = DIRECTION('',(-0.,0.,-1.));
#14951 = DIRECTION('',(8.881784197001E-15,-1.,-0.));
#14952 = FACE_BOUND('',#14953,.T.);
#14953 = EDGE_LOOP('',(#14954));
#14954 = ORIENTED_EDGE('',*,*,#14955,.T.);
#14955 = EDGE_CURVE('',#14956,#14956,#14958,.T.);
#14956 = VERTEX_POINT('',#14957);
#14957 = CARTESIAN_POINT('',(125.8,-58.15,1.51));
#14958 = CIRCLE('',#14959,0.85);
#14959 = AXIS2_PLACEMENT_3D('',#14960,#14961,#14962);
#14960 = CARTESIAN_POINT('',(125.8,-57.3,1.51));
#14961 = DIRECTION('',(-0.,0.,-1.));
#14962 = DIRECTION('',(-1.671865260612E-14,-1.,0.));
#14963 = FACE_BOUND('',#14964,.T.);
#14964 = EDGE_LOOP('',(#14965));
#14965 = ORIENTED_EDGE('',*,*,#14966,.T.);
#14966 = EDGE_CURVE('',#14967,#14967,#14969,.T.);
#14967 = VERTEX_POINT('',#14968);
#14968 = CARTESIAN_POINT('',(130.8,-65.08,1.51));
#14969 = CIRCLE('',#14970,0.6);
#14970 = AXIS2_PLACEMENT_3D('',#14971,#14972,#14973);
#14971 = CARTESIAN_POINT('',(130.8,-64.48,1.51));
#14972 = DIRECTION('',(-0.,0.,-1.));
#14973 = DIRECTION('',(-0.,-1.,0.));
#14974 = FACE_BOUND('',#14975,.T.);
#14975 = EDGE_LOOP('',(#14976));
#14976 = ORIENTED_EDGE('',*,*,#14977,.T.);
#14977 = EDGE_CURVE('',#14978,#14978,#14980,.T.);
#14978 = VERTEX_POINT('',#14979);
#14979 = CARTESIAN_POINT('',(133.3,-65.08,1.51));
#14980 = CIRCLE('',#14981,0.6);
#14981 = AXIS2_PLACEMENT_3D('',#14982,#14983,#14984);
#14982 = CARTESIAN_POINT('',(133.3,-64.48,1.51));
#14983 = DIRECTION('',(-0.,0.,-1.));
#14984 = DIRECTION('',(-0.,-1.,0.));
#14985 = FACE_BOUND('',#14986,.T.);
#14986 = EDGE_LOOP('',(#14987));
#14987 = ORIENTED_EDGE('',*,*,#14988,.T.);
#14988 = EDGE_CURVE('',#14989,#14989,#14991,.T.);
#14989 = VERTEX_POINT('',#14990);
#14990 = CARTESIAN_POINT('',(135.8,-65.08,1.51));
#14991 = CIRCLE('',#14992,0.6);
#14992 = AXIS2_PLACEMENT_3D('',#14993,#14994,#14995);
#14993 = CARTESIAN_POINT('',(135.8,-64.48,1.51));
#14994 = DIRECTION('',(-0.,0.,-1.));
#14995 = DIRECTION('',(-0.,-1.,0.));
#14996 = FACE_BOUND('',#14997,.T.);
#14997 = EDGE_LOOP('',(#14998));
#14998 = ORIENTED_EDGE('',*,*,#14999,.T.);
#14999 = EDGE_CURVE('',#15000,#15000,#15002,.T.);
#15000 = VERTEX_POINT('',#15001);
#15001 = CARTESIAN_POINT('',(142.,-68.06,1.51));
#15002 = CIRCLE('',#15003,0.5);
#15003 = AXIS2_PLACEMENT_3D('',#15004,#15005,#15006);
#15004 = CARTESIAN_POINT('',(142.,-67.56,1.51));
#15005 = DIRECTION('',(-0.,0.,-1.));
#15006 = DIRECTION('',(-0.,-1.,0.));
#15007 = FACE_BOUND('',#15008,.T.);
#15008 = EDGE_LOOP('',(#15009));
#15009 = ORIENTED_EDGE('',*,*,#15010,.T.);
#15010 = EDGE_CURVE('',#15011,#15011,#15013,.T.);
#15011 = VERTEX_POINT('',#15012);
#15012 = CARTESIAN_POINT('',(142.,-65.52,1.51));
#15013 = CIRCLE('',#15014,0.5);
#15014 = AXIS2_PLACEMENT_3D('',#15015,#15016,#15017);
#15015 = CARTESIAN_POINT('',(142.,-65.02,1.51));
#15016 = DIRECTION('',(-0.,0.,-1.));
#15017 = DIRECTION('',(-0.,-1.,0.));
#15018 = FACE_BOUND('',#15019,.T.);
#15019 = EDGE_LOOP('',(#15020));
#15020 = ORIENTED_EDGE('',*,*,#15021,.T.);
#15021 = EDGE_CURVE('',#15022,#15022,#15024,.T.);
#15022 = VERTEX_POINT('',#15023);
#15023 = CARTESIAN_POINT('',(135.8,-58.15,1.51));
#15024 = CIRCLE('',#15025,0.85);
#15025 = AXIS2_PLACEMENT_3D('',#15026,#15027,#15028);
#15026 = CARTESIAN_POINT('',(135.8,-57.3,1.51));
#15027 = DIRECTION('',(-0.,0.,-1.));
#15028 = DIRECTION('',(-0.,-1.,0.));
#15029 = FACE_BOUND('',#15030,.T.);
#15030 = EDGE_LOOP('',(#15031));
#15031 = ORIENTED_EDGE('',*,*,#15032,.T.);
#15032 = EDGE_CURVE('',#15033,#15033,#15035,.T.);
#15033 = VERTEX_POINT('',#15034);
#15034 = CARTESIAN_POINT('',(141.7,-59.5,1.51));
#15035 = CIRCLE('',#15036,1.6);
#15036 = AXIS2_PLACEMENT_3D('',#15037,#15038,#15039);
#15037 = CARTESIAN_POINT('',(141.7,-57.9,1.51));
#15038 = DIRECTION('',(-0.,0.,-1.));
#15039 = DIRECTION('',(-0.,-1.,0.));
#15040 = PLANE('',#15041);
#15041 = AXIS2_PLACEMENT_3D('',#15042,#15043,#15044);
#15042 = CARTESIAN_POINT('',(0.,0.,1.51));
#15043 = DIRECTION('',(0.,0.,1.));
#15044 = DIRECTION('',(1.,0.,-0.));
#15045 = ADVANCED_FACE('',(#15046),#15057,.T.);
#15046 = FACE_BOUND('',#15047,.T.);
#15047 = EDGE_LOOP('',(#15048,#15054,#15055,#15056));
#15048 = ORIENTED_EDGE('',*,*,#15049,.T.);
#15049 = EDGE_CURVE('',#14618,#14835,#15050,.T.);
#15050 = LINE('',#15051,#15052);
#15051 = CARTESIAN_POINT('',(115.7,-57.9,0.));
#15052 = VECTOR('',#15053,1.);
#15053 = DIRECTION('',(0.,0.,1.));
#15054 = ORIENTED_EDGE('',*,*,#14834,.T.);
#15055 = ORIENTED_EDGE('',*,*,#14553,.F.);
#15056 = ORIENTED_EDGE('',*,*,#14617,.F.);
#15057 = CYLINDRICAL_SURFACE('',#15058,4.00000042591);
#15058 = AXIS2_PLACEMENT_3D('',#15059,#15060,#15061);
#15059 = CARTESIAN_POINT('',(119.70000042591,-57.90000042591,0.));
#15060 = DIRECTION('',(0.,0.,-1.));
#15061 = DIRECTION('',(-1.,1.064775354421E-07,0.));
#15062 = ADVANCED_FACE('',(#15063),#15074,.T.);
#15063 = FACE_BOUND('',#15064,.T.);
#15064 = EDGE_LOOP('',(#15065,#15066,#15067,#15073));
#15065 = ORIENTED_EDGE('',*,*,#14593,.T.);
#15066 = ORIENTED_EDGE('',*,*,#14868,.T.);
#15067 = ORIENTED_EDGE('',*,*,#15068,.F.);
#15068 = EDGE_CURVE('',#14644,#14861,#15069,.T.);
#15069 = LINE('',#15070,#15071);
#15070 = CARTESIAN_POINT('',(141.7,-83.9,0.));
#15071 = VECTOR('',#15072,1.);
#15072 = DIRECTION('',(0.,0.,1.));
#15073 = ORIENTED_EDGE('',*,*,#14651,.F.);
#15074 = CYLINDRICAL_SURFACE('',#15075,4.00000042591);
#15075 = AXIS2_PLACEMENT_3D('',#15076,#15077,#15078);
#15076 = CARTESIAN_POINT('',(141.69999957409,-79.89999957409,0.));
#15077 = DIRECTION('',(0.,0.,-1.));
#15078 = DIRECTION('',(1.,-1.064775389949E-07,0.));
#15079 = ADVANCED_FACE('',(#15080),#15091,.T.);
#15080 = FACE_BOUND('',#15081,.T.);
#15081 = EDGE_LOOP('',(#15082,#15088,#15089,#15090));
#15082 = ORIENTED_EDGE('',*,*,#15083,.T.);
#15083 = EDGE_CURVE('',#14627,#14844,#15084,.T.);
#15084 = LINE('',#15085,#15086);
#15085 = CARTESIAN_POINT('',(115.7,-79.9,0.));
#15086 = VECTOR('',#15087,1.);
#15087 = DIRECTION('',(0.,0.,1.));
#15088 = ORIENTED_EDGE('',*,*,#14843,.T.);
#15089 = ORIENTED_EDGE('',*,*,#15049,.F.);
#15090 = ORIENTED_EDGE('',*,*,#14626,.F.);
#15091 = PLANE('',#15092);
#15092 = AXIS2_PLACEMENT_3D('',#15093,#15094,#15095);
#15093 = CARTESIAN_POINT('',(115.7,-79.9,0.));
#15094 = DIRECTION('',(-1.,0.,0.));
#15095 = DIRECTION('',(0.,1.,0.));
#15096 = ADVANCED_FACE('',(#15097),#15108,.T.);
#15097 = FACE_BOUND('',#15098,.T.);
#15098 = EDGE_LOOP('',(#15099,#15100,#15101,#15107));
#15099 = ORIENTED_EDGE('',*,*,#15068,.T.);
#15100 = ORIENTED_EDGE('',*,*,#14860,.T.);
#15101 = ORIENTED_EDGE('',*,*,#15102,.F.);
#15102 = EDGE_CURVE('',#14635,#14852,#15103,.T.);
#15103 = LINE('',#15104,#15105);
#15104 = CARTESIAN_POINT('',(119.7,-83.9,0.));
#15105 = VECTOR('',#15106,1.);
#15106 = DIRECTION('',(0.,0.,1.));
#15107 = ORIENTED_EDGE('',*,*,#14643,.F.);
#15108 = PLANE('',#15109);
#15109 = AXIS2_PLACEMENT_3D('',#15110,#15111,#15112);
#15110 = CARTESIAN_POINT('',(141.7,-83.9,0.));
#15111 = DIRECTION('',(0.,-1.,0.));
#15112 = DIRECTION('',(-1.,0.,0.));
#15113 = ADVANCED_FACE('',(#15114),#15120,.T.);
#15114 = FACE_BOUND('',#15115,.T.);
#15115 = EDGE_LOOP('',(#15116,#15117,#15118,#15119));
#15116 = ORIENTED_EDGE('',*,*,#15102,.T.);
#15117 = ORIENTED_EDGE('',*,*,#14851,.T.);
#15118 = ORIENTED_EDGE('',*,*,#15083,.F.);
#15119 = ORIENTED_EDGE('',*,*,#14634,.F.);
#15120 = CYLINDRICAL_SURFACE('',#15121,4.00000042591);
#15121 = AXIS2_PLACEMENT_3D('',#15122,#15123,#15124);
#15122 = CARTESIAN_POINT('',(119.70000042591,-79.89999957409,0.));
#15123 = DIRECTION('',(0.,0.,-1.));
#15124 = DIRECTION('',(-1.064775389949E-07,-1.,-0.));
#15125 = ADVANCED_FACE('',(#15126),#15137,.F.);
#15126 = FACE_BOUND('',#15127,.T.);
#15127 = EDGE_LOOP('',(#15128,#15129,#15135,#15136));
#15128 = ORIENTED_EDGE('',*,*,#14661,.T.);
#15129 = ORIENTED_EDGE('',*,*,#15130,.T.);
#15130 = EDGE_CURVE('',#14662,#14879,#15131,.T.);
#15131 = LINE('',#15132,#15133);
#15132 = CARTESIAN_POINT('',(119.7,-81.5,-4.6E-02));
#15133 = VECTOR('',#15134,1.);
#15134 = DIRECTION('',(0.,0.,1.));
#15135 = ORIENTED_EDGE('',*,*,#14878,.F.);
#15136 = ORIENTED_EDGE('',*,*,#15130,.F.);
#15137 = CYLINDRICAL_SURFACE('',#15138,1.6);
#15138 = AXIS2_PLACEMENT_3D('',#15139,#15140,#15141);
#15139 = CARTESIAN_POINT('',(119.7,-79.9,-4.6E-02));
#15140 = DIRECTION('',(-0.,0.,-1.));
#15141 = DIRECTION('',(8.881784197001E-15,-1.,-0.));
#15142 = ADVANCED_FACE('',(#15143),#15154,.F.);
#15143 = FACE_BOUND('',#15144,.T.);
#15144 = EDGE_LOOP('',(#15145,#15146,#15152,#15153));
#15145 = ORIENTED_EDGE('',*,*,#14672,.T.);
#15146 = ORIENTED_EDGE('',*,*,#15147,.T.);
#15147 = EDGE_CURVE('',#14673,#14890,#15148,.T.);
#15148 = LINE('',#15149,#15150);
#15149 = CARTESIAN_POINT('',(141.7,-81.5,-4.6E-02));
#15150 = VECTOR('',#15151,1.);
#15151 = DIRECTION('',(0.,0.,1.));
#15152 = ORIENTED_EDGE('',*,*,#14889,.F.);
#15153 = ORIENTED_EDGE('',*,*,#15147,.F.);
#15154 = CYLINDRICAL_SURFACE('',#15155,1.6);
#15155 = AXIS2_PLACEMENT_3D('',#15156,#15157,#15158);
#15156 = CARTESIAN_POINT('',(141.7,-79.9,-4.6E-02));
#15157 = DIRECTION('',(-0.,-0.,-1.));
#15158 = DIRECTION('',(-0.,-1.,0.));
#15159 = ADVANCED_FACE('',(#15160),#15171,.F.);
#15160 = FACE_BOUND('',#15161,.T.);
#15161 = EDGE_LOOP('',(#15162,#15163,#15169,#15170));
#15162 = ORIENTED_EDGE('',*,*,#14683,.T.);
#15163 = ORIENTED_EDGE('',*,*,#15164,.T.);
#15164 = EDGE_CURVE('',#14684,#14901,#15165,.T.);
#15165 = LINE('',#15166,#15167);
#15166 = CARTESIAN_POINT('',(142.,-73.14,-4.6E-02));
#15167 = VECTOR('',#15168,1.);
#15168 = DIRECTION('',(0.,0.,1.));
#15169 = ORIENTED_EDGE('',*,*,#14900,.F.);
#15170 = ORIENTED_EDGE('',*,*,#15164,.F.);
#15171 = CYLINDRICAL_SURFACE('',#15172,0.5);
#15172 = AXIS2_PLACEMENT_3D('',#15173,#15174,#15175);
#15173 = CARTESIAN_POINT('',(142.,-72.64,-4.6E-02));
#15174 = DIRECTION('',(-0.,-0.,-1.));
#15175 = DIRECTION('',(-0.,-1.,0.));
#15176 = ADVANCED_FACE('',(#15177),#15188,.F.);
#15177 = FACE_BOUND('',#15178,.T.);
#15178 = EDGE_LOOP('',(#15179,#15180,#15186,#15187));
#15179 = ORIENTED_EDGE('',*,*,#14694,.T.);
#15180 = ORIENTED_EDGE('',*,*,#15181,.T.);
#15181 = EDGE_CURVE('',#14695,#14912,#15182,.T.);
#15182 = LINE('',#15183,#15184);
#15183 = CARTESIAN_POINT('',(142.,-70.6,-4.6E-02));
#15184 = VECTOR('',#15185,1.);
#15185 = DIRECTION('',(0.,0.,1.));
#15186 = ORIENTED_EDGE('',*,*,#14911,.F.);
#15187 = ORIENTED_EDGE('',*,*,#15181,.F.);
#15188 = CYLINDRICAL_SURFACE('',#15189,0.5);
#15189 = AXIS2_PLACEMENT_3D('',#15190,#15191,#15192);
#15190 = CARTESIAN_POINT('',(142.,-70.1,-4.6E-02));
#15191 = DIRECTION('',(-0.,-0.,-1.));
#15192 = DIRECTION('',(-0.,-1.,0.));
#15193 = ADVANCED_FACE('',(#15194),#15205,.F.);
#15194 = FACE_BOUND('',#15195,.T.);
#15195 = EDGE_LOOP('',(#15196,#15197,#15203,#15204));
#15196 = ORIENTED_EDGE('',*,*,#14705,.T.);
#15197 = ORIENTED_EDGE('',*,*,#15198,.T.);
#15198 = EDGE_CURVE('',#14706,#14923,#15199,.T.);
#15199 = LINE('',#15200,#15201);
#15200 = CARTESIAN_POINT('',(125.8,-65.08,-4.6E-02));
#15201 = VECTOR('',#15202,1.);
#15202 = DIRECTION('',(0.,0.,1.));
#15203 = ORIENTED_EDGE('',*,*,#14922,.F.);
#15204 = ORIENTED_EDGE('',*,*,#15198,.F.);
#15205 = CYLINDRICAL_SURFACE('',#15206,0.6);
#15206 = AXIS2_PLACEMENT_3D('',#15207,#15208,#15209);
#15207 = CARTESIAN_POINT('',(125.8,-64.48,-4.6E-02));
#15208 = DIRECTION('',(-0.,-0.,-1.));
#15209 = DIRECTION('',(-2.368475785867E-14,-1.,0.));
#15210 = ADVANCED_FACE('',(#15211),#15222,.F.);
#15211 = FACE_BOUND('',#15212,.T.);
#15212 = EDGE_LOOP('',(#15213,#15214,#15220,#15221));
#15213 = ORIENTED_EDGE('',*,*,#14716,.T.);
#15214 = ORIENTED_EDGE('',*,*,#15215,.T.);
#15215 = EDGE_CURVE('',#14717,#14934,#15216,.T.);
#15216 = LINE('',#15217,#15218);
#15217 = CARTESIAN_POINT('',(128.3,-65.08,-4.6E-02));
#15218 = VECTOR('',#15219,1.);
#15219 = DIRECTION('',(0.,0.,1.));
#15220 = ORIENTED_EDGE('',*,*,#14933,.F.);
#15221 = ORIENTED_EDGE('',*,*,#15215,.F.);
#15222 = CYLINDRICAL_SURFACE('',#15223,0.6);
#15223 = AXIS2_PLACEMENT_3D('',#15224,#15225,#15226);
#15224 = CARTESIAN_POINT('',(128.3,-64.48,-4.6E-02));
#15225 = DIRECTION('',(-0.,-0.,-1.));
#15226 = DIRECTION('',(-0.,-1.,0.));
#15227 = ADVANCED_FACE('',(#15228),#15239,.F.);
#15228 = FACE_BOUND('',#15229,.T.);
#15229 = EDGE_LOOP('',(#15230,#15231,#15237,#15238));
#15230 = ORIENTED_EDGE('',*,*,#14727,.T.);
#15231 = ORIENTED_EDGE('',*,*,#15232,.T.);
#15232 = EDGE_CURVE('',#14728,#14945,#15233,.T.);
#15233 = LINE('',#15234,#15235);
#15234 = CARTESIAN_POINT('',(119.7,-59.5,-4.6E-02));
#15235 = VECTOR('',#15236,1.);
#15236 = DIRECTION('',(0.,0.,1.));
#15237 = ORIENTED_EDGE('',*,*,#14944,.F.);
#15238 = ORIENTED_EDGE('',*,*,#15232,.F.);
#15239 = CYLINDRICAL_SURFACE('',#15240,1.6);
#15240 = AXIS2_PLACEMENT_3D('',#15241,#15242,#15243);
#15241 = CARTESIAN_POINT('',(119.7,-57.9,-4.6E-02));
#15242 = DIRECTION('',(-0.,0.,-1.));
#15243 = DIRECTION('',(8.881784197001E-15,-1.,-0.));
#15244 = ADVANCED_FACE('',(#15245),#15256,.F.);
#15245 = FACE_BOUND('',#15246,.T.);
#15246 = EDGE_LOOP('',(#15247,#15248,#15254,#15255));
#15247 = ORIENTED_EDGE('',*,*,#14738,.T.);
#15248 = ORIENTED_EDGE('',*,*,#15249,.T.);
#15249 = EDGE_CURVE('',#14739,#14956,#15250,.T.);
#15250 = LINE('',#15251,#15252);
#15251 = CARTESIAN_POINT('',(125.8,-58.15,-4.6E-02));
#15252 = VECTOR('',#15253,1.);
#15253 = DIRECTION('',(0.,0.,1.));
#15254 = ORIENTED_EDGE('',*,*,#14955,.F.);
#15255 = ORIENTED_EDGE('',*,*,#15249,.F.);
#15256 = CYLINDRICAL_SURFACE('',#15257,0.85);
#15257 = AXIS2_PLACEMENT_3D('',#15258,#15259,#15260);
#15258 = CARTESIAN_POINT('',(125.8,-57.3,-4.6E-02));
#15259 = DIRECTION('',(-0.,-0.,-1.));
#15260 = DIRECTION('',(-1.671865260612E-14,-1.,0.));
#15261 = ADVANCED_FACE('',(#15262),#15273,.F.);
#15262 = FACE_BOUND('',#15263,.T.);
#15263 = EDGE_LOOP('',(#15264,#15265,#15271,#15272));
#15264 = ORIENTED_EDGE('',*,*,#14749,.T.);
#15265 = ORIENTED_EDGE('',*,*,#15266,.T.);
#15266 = EDGE_CURVE('',#14750,#14967,#15267,.T.);
#15267 = LINE('',#15268,#15269);
#15268 = CARTESIAN_POINT('',(130.8,-65.08,-4.6E-02));
#15269 = VECTOR('',#15270,1.);
#15270 = DIRECTION('',(0.,0.,1.));
#15271 = ORIENTED_EDGE('',*,*,#14966,.F.);
#15272 = ORIENTED_EDGE('',*,*,#15266,.F.);
#15273 = CYLINDRICAL_SURFACE('',#15274,0.6);
#15274 = AXIS2_PLACEMENT_3D('',#15275,#15276,#15277);
#15275 = CARTESIAN_POINT('',(130.8,-64.48,-4.6E-02));
#15276 = DIRECTION('',(-0.,-0.,-1.));
#15277 = DIRECTION('',(-0.,-1.,0.));
#15278 = ADVANCED_FACE('',(#15279),#15290,.F.);
#15279 = FACE_BOUND('',#15280,.T.);
#15280 = EDGE_LOOP('',(#15281,#15282,#15288,#15289));
#15281 = ORIENTED_EDGE('',*,*,#14760,.T.);
#15282 = ORIENTED_EDGE('',*,*,#15283,.T.);
#15283 = EDGE_CURVE('',#14761,#14978,#15284,.T.);
#15284 = LINE('',#15285,#15286);
#15285 = CARTESIAN_POINT('',(133.3,-65.08,-4.6E-02));
#15286 = VECTOR('',#15287,1.);
#15287 = DIRECTION('',(0.,0.,1.));
#15288 = ORIENTED_EDGE('',*,*,#14977,.F.);
#15289 = ORIENTED_EDGE('',*,*,#15283,.F.);
#15290 = CYLINDRICAL_SURFACE('',#15291,0.6);
#15291 = AXIS2_PLACEMENT_3D('',#15292,#15293,#15294);
#15292 = CARTESIAN_POINT('',(133.3,-64.48,-4.6E-02));
#15293 = DIRECTION('',(-0.,-0.,-1.));
#15294 = DIRECTION('',(-0.,-1.,0.));
#15295 = ADVANCED_FACE('',(#15296),#15307,.F.);
#15296 = FACE_BOUND('',#15297,.T.);
#15297 = EDGE_LOOP('',(#15298,#15299,#15305,#15306));
#15298 = ORIENTED_EDGE('',*,*,#14771,.T.);
#15299 = ORIENTED_EDGE('',*,*,#15300,.T.);
#15300 = EDGE_CURVE('',#14772,#14989,#15301,.T.);
#15301 = LINE('',#15302,#15303);
#15302 = CARTESIAN_POINT('',(135.8,-65.08,-4.6E-02));
#15303 = VECTOR('',#15304,1.);
#15304 = DIRECTION('',(0.,0.,1.));
#15305 = ORIENTED_EDGE('',*,*,#14988,.F.);
#15306 = ORIENTED_EDGE('',*,*,#15300,.F.);
#15307 = CYLINDRICAL_SURFACE('',#15308,0.6);
#15308 = AXIS2_PLACEMENT_3D('',#15309,#15310,#15311);
#15309 = CARTESIAN_POINT('',(135.8,-64.48,-4.6E-02));
#15310 = DIRECTION('',(-0.,-0.,-1.));
#15311 = DIRECTION('',(-0.,-1.,0.));
#15312 = ADVANCED_FACE('',(#15313),#15324,.F.);
#15313 = FACE_BOUND('',#15314,.T.);
#15314 = EDGE_LOOP('',(#15315,#15316,#15322,#15323));
#15315 = ORIENTED_EDGE('',*,*,#14782,.T.);
#15316 = ORIENTED_EDGE('',*,*,#15317,.T.);
#15317 = EDGE_CURVE('',#14783,#15000,#15318,.T.);
#15318 = LINE('',#15319,#15320);
#15319 = CARTESIAN_POINT('',(142.,-68.06,-4.6E-02));
#15320 = VECTOR('',#15321,1.);
#15321 = DIRECTION('',(0.,0.,1.));
#15322 = ORIENTED_EDGE('',*,*,#14999,.F.);
#15323 = ORIENTED_EDGE('',*,*,#15317,.F.);
#15324 = CYLINDRICAL_SURFACE('',#15325,0.5);
#15325 = AXIS2_PLACEMENT_3D('',#15326,#15327,#15328);
#15326 = CARTESIAN_POINT('',(142.,-67.56,-4.6E-02));
#15327 = DIRECTION('',(-0.,-0.,-1.));
#15328 = DIRECTION('',(-0.,-1.,0.));
#15329 = ADVANCED_FACE('',(#15330),#15341,.F.);
#15330 = FACE_BOUND('',#15331,.T.);
#15331 = EDGE_LOOP('',(#15332,#15333,#15339,#15340));
#15332 = ORIENTED_EDGE('',*,*,#14793,.T.);
#15333 = ORIENTED_EDGE('',*,*,#15334,.T.);
#15334 = EDGE_CURVE('',#14794,#15011,#15335,.T.);
#15335 = LINE('',#15336,#15337);
#15336 = CARTESIAN_POINT('',(142.,-65.52,-4.6E-02));
#15337 = VECTOR('',#15338,1.);
#15338 = DIRECTION('',(0.,0.,1.));
#15339 = ORIENTED_EDGE('',*,*,#15010,.F.);
#15340 = ORIENTED_EDGE('',*,*,#15334,.F.);
#15341 = CYLINDRICAL_SURFACE('',#15342,0.5);
#15342 = AXIS2_PLACEMENT_3D('',#15343,#15344,#15345);
#15343 = CARTESIAN_POINT('',(142.,-65.02,-4.6E-02));
#15344 = DIRECTION('',(-0.,-0.,-1.));
#15345 = DIRECTION('',(-0.,-1.,0.));
#15346 = ADVANCED_FACE('',(#15347),#15358,.F.);
#15347 = FACE_BOUND('',#15348,.T.);
#15348 = EDGE_LOOP('',(#15349,#15350,#15356,#15357));
#15349 = ORIENTED_EDGE('',*,*,#14804,.T.);
#15350 = ORIENTED_EDGE('',*,*,#15351,.T.);
#15351 = EDGE_CURVE('',#14805,#15022,#15352,.T.);
#15352 = LINE('',#15353,#15354);
#15353 = CARTESIAN_POINT('',(135.8,-58.15,-4.6E-02));
#15354 = VECTOR('',#15355,1.);
#15355 = DIRECTION('',(0.,0.,1.));
#15356 = ORIENTED_EDGE('',*,*,#15021,.F.);
#15357 = ORIENTED_EDGE('',*,*,#15351,.F.);
#15358 = CYLINDRICAL_SURFACE('',#15359,0.85);
#15359 = AXIS2_PLACEMENT_3D('',#15360,#15361,#15362);
#15360 = CARTESIAN_POINT('',(135.8,-57.3,-4.6E-02));
#15361 = DIRECTION('',(-0.,-0.,-1.));
#15362 = DIRECTION('',(-0.,-1.,0.));
#15363 = ADVANCED_FACE('',(#15364),#15375,.F.);
#15364 = FACE_BOUND('',#15365,.T.);
#15365 = EDGE_LOOP('',(#15366,#15367,#15373,#15374));
#15366 = ORIENTED_EDGE('',*,*,#14815,.T.);
#15367 = ORIENTED_EDGE('',*,*,#15368,.T.);
#15368 = EDGE_CURVE('',#14816,#15033,#15369,.T.);
#15369 = LINE('',#15370,#15371);
#15370 = CARTESIAN_POINT('',(141.7,-59.5,-4.6E-02));
#15371 = VECTOR('',#15372,1.);
#15372 = DIRECTION('',(0.,0.,1.));
#15373 = ORIENTED_EDGE('',*,*,#15032,.F.);
#15374 = ORIENTED_EDGE('',*,*,#15368,.F.);
#15375 = CYLINDRICAL_SURFACE('',#15376,1.6);
#15376 = AXIS2_PLACEMENT_3D('',#15377,#15378,#15379);
#15377 = CARTESIAN_POINT('',(141.7,-57.9,-4.6E-02));
#15378 = DIRECTION('',(-0.,-0.,-1.));
#15379 = DIRECTION('',(-0.,-1.,0.));
#15380 = ( GEOMETRIC_REPRESENTATION_CONTEXT(3) 
GLOBAL_UNCERTAINTY_ASSIGNED_CONTEXT((#15384)) 
GLOBAL_UNIT_ASSIGNED_CONTEXT((#15381,#15382,#15383)) 
REPRESENTATION_CONTEXT('Context #1',
  '3D Context with UNIT and UNCERTAINTY') );
#15381 = ( LENGTH_UNIT() NAMED_UNIT(*) SI_UNIT(.MILLI.,.METRE.) );
#15382 = ( NAMED_UNIT(*) PLANE_ANGLE_UNIT() SI_UNIT($,.RADIAN.) );
#15383 = ( NAMED_UNIT(*) SI_UNIT($,.STERADIAN.) SOLID_ANGLE_UNIT() );
#15384 = UNCERTAINTY_MEASURE_WITH_UNIT(LENGTH_MEASURE(1.E-07),#15381,
  'distance_accuracy_value','confusion accuracy');
#15385 = CONTEXT_DEPENDENT_SHAPE_REPRESENTATION(#15386,#15388);
#15386 = ( REPRESENTATION_RELATIONSHIP('','',#14504,#10) 
REPRESENTATION_RELATIONSHIP_WITH_TRANSFORMATION(#15387) 
SHAPE_REPRESENTATION_RELATIONSHIP() );
#15387 = ITEM_DEFINED_TRANSFORMATION('','',#11,#63);
#15388 = PRODUCT_DEFINITION_SHAPE('Placement','Placement of an item',
  #15389);
#15389 = NEXT_ASSEMBLY_USAGE_OCCURRENCE('15','=>[0:1:1:8]','',#5,#14499,
  $);
#15390 = PRODUCT_RELATED_PRODUCT_CATEGORY('part',$,(#14501));
#15391 = MECHANICAL_DESIGN_GEOMETRIC_PRESENTATION_REPRESENTATION('',(
    #15392,#15400,#15407,#15414,#15421,#15428,#15435,#15442,#15449,
    #15456,#15463,#15470,#15477,#15484,#15491,#15498,#15505,#15512,
    #15519,#15526,#15533,#15540,#15547,#15554,#15561,#15568,#15575,
    #15582,#15589,#15597,#15604,#15611,#15618,#15625,#15632,#15639,
    #15646,#15653,#15660,#15667,#15674,#15681,#15688,#15695,#15702,
    #15709,#15716,#15723,#15730,#15737,#15744,#15751,#15758,#15765,
    #15772,#15779,#15786,#15793,#15800,#15807,#15814,#15821,#15828,
    #15835,#15842,#15849,#15856,#15863,#15870,#15877,#15884,#15891,
    #15898,#15905,#15912,#15919,#15926,#15933,#15940,#15947,#15954,
    #15961,#15968,#15975,#15982,#15989,#15996,#16003,#16010,#16017,
    #16024,#16031,#16038,#16045,#16052,#16059,#16066,#16073,#16080,
    #16087),#12914);
#15392 = STYLED_ITEM('color',(#15393),#10136);
#15393 = PRESENTATION_STYLE_ASSIGNMENT((#15394));
#15394 = SURFACE_STYLE_USAGE(.BOTH.,#15395);
#15395 = SURFACE_SIDE_STYLE('',(#15396));
#15396 = SURFACE_STYLE_FILL_AREA(#15397);
#15397 = FILL_AREA_STYLE('',(#15398));
#15398 = FILL_AREA_STYLE_COLOUR('',#15399);
#15399 = COLOUR_RGB('',0.147999998088,0.144999993226,0.144999993226);
#15400 = STYLED_ITEM('color',(#15401),#10176);
#15401 = PRESENTATION_STYLE_ASSIGNMENT((#15402));
#15402 = SURFACE_STYLE_USAGE(.BOTH.,#15403);
#15403 = SURFACE_SIDE_STYLE('',(#15404));
#15404 = SURFACE_STYLE_FILL_AREA(#15405);
#15405 = FILL_AREA_STYLE('',(#15406));
#15406 = FILL_AREA_STYLE_COLOUR('',#15399);
#15407 = STYLED_ITEM('color',(#15408),#10207);
#15408 = PRESENTATION_STYLE_ASSIGNMENT((#15409));
#15409 = SURFACE_STYLE_USAGE(.BOTH.,#15410);
#15410 = SURFACE_SIDE_STYLE('',(#15411));
#15411 = SURFACE_STYLE_FILL_AREA(#15412);
#15412 = FILL_AREA_STYLE('',(#15413));
#15413 = FILL_AREA_STYLE_COLOUR('',#15399);
#15414 = STYLED_ITEM('color',(#15415),#10238);
#15415 = PRESENTATION_STYLE_ASSIGNMENT((#15416));
#15416 = SURFACE_STYLE_USAGE(.BOTH.,#15417);
#15417 = SURFACE_SIDE_STYLE('',(#15418));
#15418 = SURFACE_STYLE_FILL_AREA(#15419);
#15419 = FILL_AREA_STYLE('',(#15420));
#15420 = FILL_AREA_STYLE_COLOUR('',#15399);
#15421 = STYLED_ITEM('color',(#15422),#10567);
#15422 = PRESENTATION_STYLE_ASSIGNMENT((#15423));
#15423 = SURFACE_STYLE_USAGE(.BOTH.,#15424);
#15424 = SURFACE_SIDE_STYLE('',(#15425));
#15425 = SURFACE_STYLE_FILL_AREA(#15426);
#15426 = FILL_AREA_STYLE('',(#15427));
#15427 = FILL_AREA_STYLE_COLOUR('',#15399);
#15428 = STYLED_ITEM('color',(#15429),#10896);
#15429 = PRESENTATION_STYLE_ASSIGNMENT((#15430));
#15430 = SURFACE_STYLE_USAGE(.BOTH.,#15431);
#15431 = SURFACE_SIDE_STYLE('',(#15432));
#15432 = SURFACE_STYLE_FILL_AREA(#15433);
#15433 = FILL_AREA_STYLE('',(#15434));
#15434 = FILL_AREA_STYLE_COLOUR('',#15399);
#15435 = STYLED_ITEM('color',(#15436),#10913);
#15436 = PRESENTATION_STYLE_ASSIGNMENT((#15437));
#15437 = SURFACE_STYLE_USAGE(.BOTH.,#15438);
#15438 = SURFACE_SIDE_STYLE('',(#15439));
#15439 = SURFACE_STYLE_FILL_AREA(#15440);
#15440 = FILL_AREA_STYLE('',(#15441));
#15441 = FILL_AREA_STYLE_COLOUR('',#15399);
#15442 = STYLED_ITEM('color',(#15443),#10930);
#15443 = PRESENTATION_STYLE_ASSIGNMENT((#15444));
#15444 = SURFACE_STYLE_USAGE(.BOTH.,#15445);
#15445 = SURFACE_SIDE_STYLE('',(#15446));
#15446 = SURFACE_STYLE_FILL_AREA(#15447);
#15447 = FILL_AREA_STYLE('',(#15448));
#15448 = FILL_AREA_STYLE_COLOUR('',#15399);
#15449 = STYLED_ITEM('color',(#15450),#10947);
#15450 = PRESENTATION_STYLE_ASSIGNMENT((#15451));
#15451 = SURFACE_STYLE_USAGE(.BOTH.,#15452);
#15452 = SURFACE_SIDE_STYLE('',(#15453));
#15453 = SURFACE_STYLE_FILL_AREA(#15454);
#15454 = FILL_AREA_STYLE('',(#15455));
#15455 = FILL_AREA_STYLE_COLOUR('',#15399);
#15456 = STYLED_ITEM('color',(#15457),#10964);
#15457 = PRESENTATION_STYLE_ASSIGNMENT((#15458));
#15458 = SURFACE_STYLE_USAGE(.BOTH.,#15459);
#15459 = SURFACE_SIDE_STYLE('',(#15460));
#15460 = SURFACE_STYLE_FILL_AREA(#15461);
#15461 = FILL_AREA_STYLE('',(#15462));
#15462 = FILL_AREA_STYLE_COLOUR('',#15399);
#15463 = STYLED_ITEM('color',(#15464),#10981);
#15464 = PRESENTATION_STYLE_ASSIGNMENT((#15465));
#15465 = SURFACE_STYLE_USAGE(.BOTH.,#15466);
#15466 = SURFACE_SIDE_STYLE('',(#15467));
#15467 = SURFACE_STYLE_FILL_AREA(#15468);
#15468 = FILL_AREA_STYLE('',(#15469));
#15469 = FILL_AREA_STYLE_COLOUR('',#15399);
#15470 = STYLED_ITEM('color',(#15471),#10998);
#15471 = PRESENTATION_STYLE_ASSIGNMENT((#15472));
#15472 = SURFACE_STYLE_USAGE(.BOTH.,#15473);
#15473 = SURFACE_SIDE_STYLE('',(#15474));
#15474 = SURFACE_STYLE_FILL_AREA(#15475);
#15475 = FILL_AREA_STYLE('',(#15476));
#15476 = FILL_AREA_STYLE_COLOUR('',#15399);
#15477 = STYLED_ITEM('color',(#15478),#11015);
#15478 = PRESENTATION_STYLE_ASSIGNMENT((#15479));
#15479 = SURFACE_STYLE_USAGE(.BOTH.,#15480);
#15480 = SURFACE_SIDE_STYLE('',(#15481));
#15481 = SURFACE_STYLE_FILL_AREA(#15482);
#15482 = FILL_AREA_STYLE('',(#15483));
#15483 = FILL_AREA_STYLE_COLOUR('',#15399);
#15484 = STYLED_ITEM('color',(#15485),#11032);
#15485 = PRESENTATION_STYLE_ASSIGNMENT((#15486));
#15486 = SURFACE_STYLE_USAGE(.BOTH.,#15487);
#15487 = SURFACE_SIDE_STYLE('',(#15488));
#15488 = SURFACE_STYLE_FILL_AREA(#15489);
#15489 = FILL_AREA_STYLE('',(#15490));
#15490 = FILL_AREA_STYLE_COLOUR('',#15399);
#15491 = STYLED_ITEM('color',(#15492),#11049);
#15492 = PRESENTATION_STYLE_ASSIGNMENT((#15493));
#15493 = SURFACE_STYLE_USAGE(.BOTH.,#15494);
#15494 = SURFACE_SIDE_STYLE('',(#15495));
#15495 = SURFACE_STYLE_FILL_AREA(#15496);
#15496 = FILL_AREA_STYLE('',(#15497));
#15497 = FILL_AREA_STYLE_COLOUR('',#15399);
#15498 = STYLED_ITEM('color',(#15499),#11066);
#15499 = PRESENTATION_STYLE_ASSIGNMENT((#15500));
#15500 = SURFACE_STYLE_USAGE(.BOTH.,#15501);
#15501 = SURFACE_SIDE_STYLE('',(#15502));
#15502 = SURFACE_STYLE_FILL_AREA(#15503);
#15503 = FILL_AREA_STYLE('',(#15504));
#15504 = FILL_AREA_STYLE_COLOUR('',#15399);
#15505 = STYLED_ITEM('color',(#15506),#11083);
#15506 = PRESENTATION_STYLE_ASSIGNMENT((#15507));
#15507 = SURFACE_STYLE_USAGE(.BOTH.,#15508);
#15508 = SURFACE_SIDE_STYLE('',(#15509));
#15509 = SURFACE_STYLE_FILL_AREA(#15510);
#15510 = FILL_AREA_STYLE('',(#15511));
#15511 = FILL_AREA_STYLE_COLOUR('',#15399);
#15512 = STYLED_ITEM('color',(#15513),#11100);
#15513 = PRESENTATION_STYLE_ASSIGNMENT((#15514));
#15514 = SURFACE_STYLE_USAGE(.BOTH.,#15515);
#15515 = SURFACE_SIDE_STYLE('',(#15516));
#15516 = SURFACE_STYLE_FILL_AREA(#15517);
#15517 = FILL_AREA_STYLE('',(#15518));
#15518 = FILL_AREA_STYLE_COLOUR('',#15399);
#15519 = STYLED_ITEM('color',(#15520),#11117);
#15520 = PRESENTATION_STYLE_ASSIGNMENT((#15521));
#15521 = SURFACE_STYLE_USAGE(.BOTH.,#15522);
#15522 = SURFACE_SIDE_STYLE('',(#15523));
#15523 = SURFACE_STYLE_FILL_AREA(#15524);
#15524 = FILL_AREA_STYLE('',(#15525));
#15525 = FILL_AREA_STYLE_COLOUR('',#15399);
#15526 = STYLED_ITEM('color',(#15527),#11134);
#15527 = PRESENTATION_STYLE_ASSIGNMENT((#15528));
#15528 = SURFACE_STYLE_USAGE(.BOTH.,#15529);
#15529 = SURFACE_SIDE_STYLE('',(#15530));
#15530 = SURFACE_STYLE_FILL_AREA(#15531);
#15531 = FILL_AREA_STYLE('',(#15532));
#15532 = FILL_AREA_STYLE_COLOUR('',#15399);
#15533 = STYLED_ITEM('color',(#15534),#11151);
#15534 = PRESENTATION_STYLE_ASSIGNMENT((#15535));
#15535 = SURFACE_STYLE_USAGE(.BOTH.,#15536);
#15536 = SURFACE_SIDE_STYLE('',(#15537));
#15537 = SURFACE_STYLE_FILL_AREA(#15538);
#15538 = FILL_AREA_STYLE('',(#15539));
#15539 = FILL_AREA_STYLE_COLOUR('',#15399);
#15540 = STYLED_ITEM('color',(#15541),#11168);
#15541 = PRESENTATION_STYLE_ASSIGNMENT((#15542));
#15542 = SURFACE_STYLE_USAGE(.BOTH.,#15543);
#15543 = SURFACE_SIDE_STYLE('',(#15544));
#15544 = SURFACE_STYLE_FILL_AREA(#15545);
#15545 = FILL_AREA_STYLE('',(#15546));
#15546 = FILL_AREA_STYLE_COLOUR('',#15399);
#15547 = STYLED_ITEM('color',(#15548),#11185);
#15548 = PRESENTATION_STYLE_ASSIGNMENT((#15549));
#15549 = SURFACE_STYLE_USAGE(.BOTH.,#15550);
#15550 = SURFACE_SIDE_STYLE('',(#15551));
#15551 = SURFACE_STYLE_FILL_AREA(#15552);
#15552 = FILL_AREA_STYLE('',(#15553));
#15553 = FILL_AREA_STYLE_COLOUR('',#15399);
#15554 = STYLED_ITEM('color',(#15555),#11202);
#15555 = PRESENTATION_STYLE_ASSIGNMENT((#15556));
#15556 = SURFACE_STYLE_USAGE(.BOTH.,#15557);
#15557 = SURFACE_SIDE_STYLE('',(#15558));
#15558 = SURFACE_STYLE_FILL_AREA(#15559);
#15559 = FILL_AREA_STYLE('',(#15560));
#15560 = FILL_AREA_STYLE_COLOUR('',#15399);
#15561 = STYLED_ITEM('color',(#15562),#11219);
#15562 = PRESENTATION_STYLE_ASSIGNMENT((#15563));
#15563 = SURFACE_STYLE_USAGE(.BOTH.,#15564);
#15564 = SURFACE_SIDE_STYLE('',(#15565));
#15565 = SURFACE_STYLE_FILL_AREA(#15566);
#15566 = FILL_AREA_STYLE('',(#15567));
#15567 = FILL_AREA_STYLE_COLOUR('',#15399);
#15568 = STYLED_ITEM('color',(#15569),#11236);
#15569 = PRESENTATION_STYLE_ASSIGNMENT((#15570));
#15570 = SURFACE_STYLE_USAGE(.BOTH.,#15571);
#15571 = SURFACE_SIDE_STYLE('',(#15572));
#15572 = SURFACE_STYLE_FILL_AREA(#15573);
#15573 = FILL_AREA_STYLE('',(#15574));
#15574 = FILL_AREA_STYLE_COLOUR('',#15399);
#15575 = STYLED_ITEM('color',(#15576),#11253);
#15576 = PRESENTATION_STYLE_ASSIGNMENT((#15577));
#15577 = SURFACE_STYLE_USAGE(.BOTH.,#15578);
#15578 = SURFACE_SIDE_STYLE('',(#15579));
#15579 = SURFACE_STYLE_FILL_AREA(#15580);
#15580 = FILL_AREA_STYLE('',(#15581));
#15581 = FILL_AREA_STYLE_COLOUR('',#15399);
#15582 = STYLED_ITEM('color',(#15583),#11270);
#15583 = PRESENTATION_STYLE_ASSIGNMENT((#15584));
#15584 = SURFACE_STYLE_USAGE(.BOTH.,#15585);
#15585 = SURFACE_SIDE_STYLE('',(#15586));
#15586 = SURFACE_STYLE_FILL_AREA(#15587);
#15587 = FILL_AREA_STYLE('',(#15588));
#15588 = FILL_AREA_STYLE_COLOUR('',#15399);
#15589 = STYLED_ITEM('color',(#15590),#11282);
#15590 = PRESENTATION_STYLE_ASSIGNMENT((#15591));
#15591 = SURFACE_STYLE_USAGE(.BOTH.,#15592);
#15592 = SURFACE_SIDE_STYLE('',(#15593));
#15593 = SURFACE_STYLE_FILL_AREA(#15594);
#15594 = FILL_AREA_STYLE('',(#15595));
#15595 = FILL_AREA_STYLE_COLOUR('',#15596);
#15596 = COLOUR_RGB('',0.859000020776,0.737999965183,0.495999988746);
#15597 = STYLED_ITEM('color',(#15598),#11313);
#15598 = PRESENTATION_STYLE_ASSIGNMENT((#15599));
#15599 = SURFACE_STYLE_USAGE(.BOTH.,#15600);
#15600 = SURFACE_SIDE_STYLE('',(#15601));
#15601 = SURFACE_STYLE_FILL_AREA(#15602);
#15602 = FILL_AREA_STYLE('',(#15603));
#15603 = FILL_AREA_STYLE_COLOUR('',#15596);
#15604 = STYLED_ITEM('color',(#15605),#11337);
#15605 = PRESENTATION_STYLE_ASSIGNMENT((#15606));
#15606 = SURFACE_STYLE_USAGE(.BOTH.,#15607);
#15607 = SURFACE_SIDE_STYLE('',(#15608));
#15608 = SURFACE_STYLE_FILL_AREA(#15609);
#15609 = FILL_AREA_STYLE('',(#15610));
#15610 = FILL_AREA_STYLE_COLOUR('',#15596);
#15611 = STYLED_ITEM('color',(#15612),#11361);
#15612 = PRESENTATION_STYLE_ASSIGNMENT((#15613));
#15613 = SURFACE_STYLE_USAGE(.BOTH.,#15614);
#15614 = SURFACE_SIDE_STYLE('',(#15615));
#15615 = SURFACE_STYLE_FILL_AREA(#15616);
#15616 = FILL_AREA_STYLE('',(#15617));
#15617 = FILL_AREA_STYLE_COLOUR('',#15596);
#15618 = STYLED_ITEM('color',(#15619),#11378);
#15619 = PRESENTATION_STYLE_ASSIGNMENT((#15620));
#15620 = SURFACE_STYLE_USAGE(.BOTH.,#15621);
#15621 = SURFACE_SIDE_STYLE('',(#15622));
#15622 = SURFACE_STYLE_FILL_AREA(#15623);
#15623 = FILL_AREA_STYLE('',(#15624));
#15624 = FILL_AREA_STYLE_COLOUR('',#15596);
#15625 = STYLED_ITEM('color',(#15626),#11409);
#15626 = PRESENTATION_STYLE_ASSIGNMENT((#15627));
#15627 = SURFACE_STYLE_USAGE(.BOTH.,#15628);
#15628 = SURFACE_SIDE_STYLE('',(#15629));
#15629 = SURFACE_STYLE_FILL_AREA(#15630);
#15630 = FILL_AREA_STYLE('',(#15631));
#15631 = FILL_AREA_STYLE_COLOUR('',#15596);
#15632 = STYLED_ITEM('color',(#15633),#11433);
#15633 = PRESENTATION_STYLE_ASSIGNMENT((#15634));
#15634 = SURFACE_STYLE_USAGE(.BOTH.,#15635);
#15635 = SURFACE_SIDE_STYLE('',(#15636));
#15636 = SURFACE_STYLE_FILL_AREA(#15637);
#15637 = FILL_AREA_STYLE('',(#15638));
#15638 = FILL_AREA_STYLE_COLOUR('',#15596);
#15639 = STYLED_ITEM('color',(#15640),#11457);
#15640 = PRESENTATION_STYLE_ASSIGNMENT((#15641));
#15641 = SURFACE_STYLE_USAGE(.BOTH.,#15642);
#15642 = SURFACE_SIDE_STYLE('',(#15643));
#15643 = SURFACE_STYLE_FILL_AREA(#15644);
#15644 = FILL_AREA_STYLE('',(#15645));
#15645 = FILL_AREA_STYLE_COLOUR('',#15596);
#15646 = STYLED_ITEM('color',(#15647),#11474);
#15647 = PRESENTATION_STYLE_ASSIGNMENT((#15648));
#15648 = SURFACE_STYLE_USAGE(.BOTH.,#15649);
#15649 = SURFACE_SIDE_STYLE('',(#15650));
#15650 = SURFACE_STYLE_FILL_AREA(#15651);
#15651 = FILL_AREA_STYLE('',(#15652));
#15652 = FILL_AREA_STYLE_COLOUR('',#15596);
#15653 = STYLED_ITEM('color',(#15654),#11505);
#15654 = PRESENTATION_STYLE_ASSIGNMENT((#15655));
#15655 = SURFACE_STYLE_USAGE(.BOTH.,#15656);
#15656 = SURFACE_SIDE_STYLE('',(#15657));
#15657 = SURFACE_STYLE_FILL_AREA(#15658);
#15658 = FILL_AREA_STYLE('',(#15659));
#15659 = FILL_AREA_STYLE_COLOUR('',#15596);
#15660 = STYLED_ITEM('color',(#15661),#11529);
#15661 = PRESENTATION_STYLE_ASSIGNMENT((#15662));
#15662 = SURFACE_STYLE_USAGE(.BOTH.,#15663);
#15663 = SURFACE_SIDE_STYLE('',(#15664));
#15664 = SURFACE_STYLE_FILL_AREA(#15665);
#15665 = FILL_AREA_STYLE('',(#15666));
#15666 = FILL_AREA_STYLE_COLOUR('',#15596);
#15667 = STYLED_ITEM('color',(#15668),#11553);
#15668 = PRESENTATION_STYLE_ASSIGNMENT((#15669));
#15669 = SURFACE_STYLE_USAGE(.BOTH.,#15670);
#15670 = SURFACE_SIDE_STYLE('',(#15671));
#15671 = SURFACE_STYLE_FILL_AREA(#15672);
#15672 = FILL_AREA_STYLE('',(#15673));
#15673 = FILL_AREA_STYLE_COLOUR('',#15596);
#15674 = STYLED_ITEM('color',(#15675),#11570);
#15675 = PRESENTATION_STYLE_ASSIGNMENT((#15676));
#15676 = SURFACE_STYLE_USAGE(.BOTH.,#15677);
#15677 = SURFACE_SIDE_STYLE('',(#15678));
#15678 = SURFACE_STYLE_FILL_AREA(#15679);
#15679 = FILL_AREA_STYLE('',(#15680));
#15680 = FILL_AREA_STYLE_COLOUR('',#15596);
#15681 = STYLED_ITEM('color',(#15682),#11601);
#15682 = PRESENTATION_STYLE_ASSIGNMENT((#15683));
#15683 = SURFACE_STYLE_USAGE(.BOTH.,#15684);
#15684 = SURFACE_SIDE_STYLE('',(#15685));
#15685 = SURFACE_STYLE_FILL_AREA(#15686);
#15686 = FILL_AREA_STYLE('',(#15687));
#15687 = FILL_AREA_STYLE_COLOUR('',#15596);
#15688 = STYLED_ITEM('color',(#15689),#11625);
#15689 = PRESENTATION_STYLE_ASSIGNMENT((#15690));
#15690 = SURFACE_STYLE_USAGE(.BOTH.,#15691);
#15691 = SURFACE_SIDE_STYLE('',(#15692));
#15692 = SURFACE_STYLE_FILL_AREA(#15693);
#15693 = FILL_AREA_STYLE('',(#15694));
#15694 = FILL_AREA_STYLE_COLOUR('',#15596);
#15695 = STYLED_ITEM('color',(#15696),#11649);
#15696 = PRESENTATION_STYLE_ASSIGNMENT((#15697));
#15697 = SURFACE_STYLE_USAGE(.BOTH.,#15698);
#15698 = SURFACE_SIDE_STYLE('',(#15699));
#15699 = SURFACE_STYLE_FILL_AREA(#15700);
#15700 = FILL_AREA_STYLE('',(#15701));
#15701 = FILL_AREA_STYLE_COLOUR('',#15596);
#15702 = STYLED_ITEM('color',(#15703),#11666);
#15703 = PRESENTATION_STYLE_ASSIGNMENT((#15704));
#15704 = SURFACE_STYLE_USAGE(.BOTH.,#15705);
#15705 = SURFACE_SIDE_STYLE('',(#15706));
#15706 = SURFACE_STYLE_FILL_AREA(#15707);
#15707 = FILL_AREA_STYLE('',(#15708));
#15708 = FILL_AREA_STYLE_COLOUR('',#15596);
#15709 = STYLED_ITEM('color',(#15710),#11697);
#15710 = PRESENTATION_STYLE_ASSIGNMENT((#15711));
#15711 = SURFACE_STYLE_USAGE(.BOTH.,#15712);
#15712 = SURFACE_SIDE_STYLE('',(#15713));
#15713 = SURFACE_STYLE_FILL_AREA(#15714);
#15714 = FILL_AREA_STYLE('',(#15715));
#15715 = FILL_AREA_STYLE_COLOUR('',#15596);
#15716 = STYLED_ITEM('color',(#15717),#11721);
#15717 = PRESENTATION_STYLE_ASSIGNMENT((#15718));
#15718 = SURFACE_STYLE_USAGE(.BOTH.,#15719);
#15719 = SURFACE_SIDE_STYLE('',(#15720));
#15720 = SURFACE_STYLE_FILL_AREA(#15721);
#15721 = FILL_AREA_STYLE('',(#15722));
#15722 = FILL_AREA_STYLE_COLOUR('',#15596);
#15723 = STYLED_ITEM('color',(#15724),#11745);
#15724 = PRESENTATION_STYLE_ASSIGNMENT((#15725));
#15725 = SURFACE_STYLE_USAGE(.BOTH.,#15726);
#15726 = SURFACE_SIDE_STYLE('',(#15727));
#15727 = SURFACE_STYLE_FILL_AREA(#15728);
#15728 = FILL_AREA_STYLE('',(#15729));
#15729 = FILL_AREA_STYLE_COLOUR('',#15596);
#15730 = STYLED_ITEM('color',(#15731),#11762);
#15731 = PRESENTATION_STYLE_ASSIGNMENT((#15732));
#15732 = SURFACE_STYLE_USAGE(.BOTH.,#15733);
#15733 = SURFACE_SIDE_STYLE('',(#15734));
#15734 = SURFACE_STYLE_FILL_AREA(#15735);
#15735 = FILL_AREA_STYLE('',(#15736));
#15736 = FILL_AREA_STYLE_COLOUR('',#15596);
#15737 = STYLED_ITEM('color',(#15738),#11793);
#15738 = PRESENTATION_STYLE_ASSIGNMENT((#15739));
#15739 = SURFACE_STYLE_USAGE(.BOTH.,#15740);
#15740 = SURFACE_SIDE_STYLE('',(#15741));
#15741 = SURFACE_STYLE_FILL_AREA(#15742);
#15742 = FILL_AREA_STYLE('',(#15743));
#15743 = FILL_AREA_STYLE_COLOUR('',#15596);
#15744 = STYLED_ITEM('color',(#15745),#11817);
#15745 = PRESENTATION_STYLE_ASSIGNMENT((#15746));
#15746 = SURFACE_STYLE_USAGE(.BOTH.,#15747);
#15747 = SURFACE_SIDE_STYLE('',(#15748));
#15748 = SURFACE_STYLE_FILL_AREA(#15749);
#15749 = FILL_AREA_STYLE('',(#15750));
#15750 = FILL_AREA_STYLE_COLOUR('',#15596);
#15751 = STYLED_ITEM('color',(#15752),#11841);
#15752 = PRESENTATION_STYLE_ASSIGNMENT((#15753));
#15753 = SURFACE_STYLE_USAGE(.BOTH.,#15754);
#15754 = SURFACE_SIDE_STYLE('',(#15755));
#15755 = SURFACE_STYLE_FILL_AREA(#15756);
#15756 = FILL_AREA_STYLE('',(#15757));
#15757 = FILL_AREA_STYLE_COLOUR('',#15596);
#15758 = STYLED_ITEM('color',(#15759),#11858);
#15759 = PRESENTATION_STYLE_ASSIGNMENT((#15760));
#15760 = SURFACE_STYLE_USAGE(.BOTH.,#15761);
#15761 = SURFACE_SIDE_STYLE('',(#15762));
#15762 = SURFACE_STYLE_FILL_AREA(#15763);
#15763 = FILL_AREA_STYLE('',(#15764));
#15764 = FILL_AREA_STYLE_COLOUR('',#15596);
#15765 = STYLED_ITEM('color',(#15766),#11889);
#15766 = PRESENTATION_STYLE_ASSIGNMENT((#15767));
#15767 = SURFACE_STYLE_USAGE(.BOTH.,#15768);
#15768 = SURFACE_SIDE_STYLE('',(#15769));
#15769 = SURFACE_STYLE_FILL_AREA(#15770);
#15770 = FILL_AREA_STYLE('',(#15771));
#15771 = FILL_AREA_STYLE_COLOUR('',#15596);
#15772 = STYLED_ITEM('color',(#15773),#11913);
#15773 = PRESENTATION_STYLE_ASSIGNMENT((#15774));
#15774 = SURFACE_STYLE_USAGE(.BOTH.,#15775);
#15775 = SURFACE_SIDE_STYLE('',(#15776));
#15776 = SURFACE_STYLE_FILL_AREA(#15777);
#15777 = FILL_AREA_STYLE('',(#15778));
#15778 = FILL_AREA_STYLE_COLOUR('',#15596);
#15779 = STYLED_ITEM('color',(#15780),#11937);
#15780 = PRESENTATION_STYLE_ASSIGNMENT((#15781));
#15781 = SURFACE_STYLE_USAGE(.BOTH.,#15782);
#15782 = SURFACE_SIDE_STYLE('',(#15783));
#15783 = SURFACE_STYLE_FILL_AREA(#15784);
#15784 = FILL_AREA_STYLE('',(#15785));
#15785 = FILL_AREA_STYLE_COLOUR('',#15596);
#15786 = STYLED_ITEM('color',(#15787),#11954);
#15787 = PRESENTATION_STYLE_ASSIGNMENT((#15788));
#15788 = SURFACE_STYLE_USAGE(.BOTH.,#15789);
#15789 = SURFACE_SIDE_STYLE('',(#15790));
#15790 = SURFACE_STYLE_FILL_AREA(#15791);
#15791 = FILL_AREA_STYLE('',(#15792));
#15792 = FILL_AREA_STYLE_COLOUR('',#15596);
#15793 = STYLED_ITEM('color',(#15794),#11985);
#15794 = PRESENTATION_STYLE_ASSIGNMENT((#15795));
#15795 = SURFACE_STYLE_USAGE(.BOTH.,#15796);
#15796 = SURFACE_SIDE_STYLE('',(#15797));
#15797 = SURFACE_STYLE_FILL_AREA(#15798);
#15798 = FILL_AREA_STYLE('',(#15799));
#15799 = FILL_AREA_STYLE_COLOUR('',#15596);
#15800 = STYLED_ITEM('color',(#15801),#12009);
#15801 = PRESENTATION_STYLE_ASSIGNMENT((#15802));
#15802 = SURFACE_STYLE_USAGE(.BOTH.,#15803);
#15803 = SURFACE_SIDE_STYLE('',(#15804));
#15804 = SURFACE_STYLE_FILL_AREA(#15805);
#15805 = FILL_AREA_STYLE('',(#15806));
#15806 = FILL_AREA_STYLE_COLOUR('',#15596);
#15807 = STYLED_ITEM('color',(#15808),#12033);
#15808 = PRESENTATION_STYLE_ASSIGNMENT((#15809));
#15809 = SURFACE_STYLE_USAGE(.BOTH.,#15810);
#15810 = SURFACE_SIDE_STYLE('',(#15811));
#15811 = SURFACE_STYLE_FILL_AREA(#15812);
#15812 = FILL_AREA_STYLE('',(#15813));
#15813 = FILL_AREA_STYLE_COLOUR('',#15596);
#15814 = STYLED_ITEM('color',(#15815),#12050);
#15815 = PRESENTATION_STYLE_ASSIGNMENT((#15816));
#15816 = SURFACE_STYLE_USAGE(.BOTH.,#15817);
#15817 = SURFACE_SIDE_STYLE('',(#15818));
#15818 = SURFACE_STYLE_FILL_AREA(#15819);
#15819 = FILL_AREA_STYLE('',(#15820));
#15820 = FILL_AREA_STYLE_COLOUR('',#15596);
#15821 = STYLED_ITEM('color',(#15822),#12081);
#15822 = PRESENTATION_STYLE_ASSIGNMENT((#15823));
#15823 = SURFACE_STYLE_USAGE(.BOTH.,#15824);
#15824 = SURFACE_SIDE_STYLE('',(#15825));
#15825 = SURFACE_STYLE_FILL_AREA(#15826);
#15826 = FILL_AREA_STYLE('',(#15827));
#15827 = FILL_AREA_STYLE_COLOUR('',#15596);
#15828 = STYLED_ITEM('color',(#15829),#12105);
#15829 = PRESENTATION_STYLE_ASSIGNMENT((#15830));
#15830 = SURFACE_STYLE_USAGE(.BOTH.,#15831);
#15831 = SURFACE_SIDE_STYLE('',(#15832));
#15832 = SURFACE_STYLE_FILL_AREA(#15833);
#15833 = FILL_AREA_STYLE('',(#15834));
#15834 = FILL_AREA_STYLE_COLOUR('',#15596);
#15835 = STYLED_ITEM('color',(#15836),#12129);
#15836 = PRESENTATION_STYLE_ASSIGNMENT((#15837));
#15837 = SURFACE_STYLE_USAGE(.BOTH.,#15838);
#15838 = SURFACE_SIDE_STYLE('',(#15839));
#15839 = SURFACE_STYLE_FILL_AREA(#15840);
#15840 = FILL_AREA_STYLE('',(#15841));
#15841 = FILL_AREA_STYLE_COLOUR('',#15596);
#15842 = STYLED_ITEM('color',(#15843),#12146);
#15843 = PRESENTATION_STYLE_ASSIGNMENT((#15844));
#15844 = SURFACE_STYLE_USAGE(.BOTH.,#15845);
#15845 = SURFACE_SIDE_STYLE('',(#15846));
#15846 = SURFACE_STYLE_FILL_AREA(#15847);
#15847 = FILL_AREA_STYLE('',(#15848));
#15848 = FILL_AREA_STYLE_COLOUR('',#15596);
#15849 = STYLED_ITEM('color',(#15850),#12177);
#15850 = PRESENTATION_STYLE_ASSIGNMENT((#15851));
#15851 = SURFACE_STYLE_USAGE(.BOTH.,#15852);
#15852 = SURFACE_SIDE_STYLE('',(#15853));
#15853 = SURFACE_STYLE_FILL_AREA(#15854);
#15854 = FILL_AREA_STYLE('',(#15855));
#15855 = FILL_AREA_STYLE_COLOUR('',#15596);
#15856 = STYLED_ITEM('color',(#15857),#12201);
#15857 = PRESENTATION_STYLE_ASSIGNMENT((#15858));
#15858 = SURFACE_STYLE_USAGE(.BOTH.,#15859);
#15859 = SURFACE_SIDE_STYLE('',(#15860));
#15860 = SURFACE_STYLE_FILL_AREA(#15861);
#15861 = FILL_AREA_STYLE('',(#15862));
#15862 = FILL_AREA_STYLE_COLOUR('',#15596);
#15863 = STYLED_ITEM('color',(#15864),#12225);
#15864 = PRESENTATION_STYLE_ASSIGNMENT((#15865));
#15865 = SURFACE_STYLE_USAGE(.BOTH.,#15866);
#15866 = SURFACE_SIDE_STYLE('',(#15867));
#15867 = SURFACE_STYLE_FILL_AREA(#15868);
#15868 = FILL_AREA_STYLE('',(#15869));
#15869 = FILL_AREA_STYLE_COLOUR('',#15596);
#15870 = STYLED_ITEM('color',(#15871),#12242);
#15871 = PRESENTATION_STYLE_ASSIGNMENT((#15872));
#15872 = SURFACE_STYLE_USAGE(.BOTH.,#15873);
#15873 = SURFACE_SIDE_STYLE('',(#15874));
#15874 = SURFACE_STYLE_FILL_AREA(#15875);
#15875 = FILL_AREA_STYLE('',(#15876));
#15876 = FILL_AREA_STYLE_COLOUR('',#15596);
#15877 = STYLED_ITEM('color',(#15878),#12273);
#15878 = PRESENTATION_STYLE_ASSIGNMENT((#15879));
#15879 = SURFACE_STYLE_USAGE(.BOTH.,#15880);
#15880 = SURFACE_SIDE_STYLE('',(#15881));
#15881 = SURFACE_STYLE_FILL_AREA(#15882);
#15882 = FILL_AREA_STYLE('',(#15883));
#15883 = FILL_AREA_STYLE_COLOUR('',#15596);
#15884 = STYLED_ITEM('color',(#15885),#12297);
#15885 = PRESENTATION_STYLE_ASSIGNMENT((#15886));
#15886 = SURFACE_STYLE_USAGE(.BOTH.,#15887);
#15887 = SURFACE_SIDE_STYLE('',(#15888));
#15888 = SURFACE_STYLE_FILL_AREA(#15889);
#15889 = FILL_AREA_STYLE('',(#15890));
#15890 = FILL_AREA_STYLE_COLOUR('',#15596);
#15891 = STYLED_ITEM('color',(#15892),#12321);
#15892 = PRESENTATION_STYLE_ASSIGNMENT((#15893));
#15893 = SURFACE_STYLE_USAGE(.BOTH.,#15894);
#15894 = SURFACE_SIDE_STYLE('',(#15895));
#15895 = SURFACE_STYLE_FILL_AREA(#15896);
#15896 = FILL_AREA_STYLE('',(#15897));
#15897 = FILL_AREA_STYLE_COLOUR('',#15596);
#15898 = STYLED_ITEM('color',(#15899),#12338);
#15899 = PRESENTATION_STYLE_ASSIGNMENT((#15900));
#15900 = SURFACE_STYLE_USAGE(.BOTH.,#15901);
#15901 = SURFACE_SIDE_STYLE('',(#15902));
#15902 = SURFACE_STYLE_FILL_AREA(#15903);
#15903 = FILL_AREA_STYLE('',(#15904));
#15904 = FILL_AREA_STYLE_COLOUR('',#15596);
#15905 = STYLED_ITEM('color',(#15906),#12369);
#15906 = PRESENTATION_STYLE_ASSIGNMENT((#15907));
#15907 = SURFACE_STYLE_USAGE(.BOTH.,#15908);
#15908 = SURFACE_SIDE_STYLE('',(#15909));
#15909 = SURFACE_STYLE_FILL_AREA(#15910);
#15910 = FILL_AREA_STYLE('',(#15911));
#15911 = FILL_AREA_STYLE_COLOUR('',#15596);
#15912 = STYLED_ITEM('color',(#15913),#12393);
#15913 = PRESENTATION_STYLE_ASSIGNMENT((#15914));
#15914 = SURFACE_STYLE_USAGE(.BOTH.,#15915);
#15915 = SURFACE_SIDE_STYLE('',(#15916));
#15916 = SURFACE_STYLE_FILL_AREA(#15917);
#15917 = FILL_AREA_STYLE('',(#15918));
#15918 = FILL_AREA_STYLE_COLOUR('',#15596);
#15919 = STYLED_ITEM('color',(#15920),#12417);
#15920 = PRESENTATION_STYLE_ASSIGNMENT((#15921));
#15921 = SURFACE_STYLE_USAGE(.BOTH.,#15922);
#15922 = SURFACE_SIDE_STYLE('',(#15923));
#15923 = SURFACE_STYLE_FILL_AREA(#15924);
#15924 = FILL_AREA_STYLE('',(#15925));
#15925 = FILL_AREA_STYLE_COLOUR('',#15596);
#15926 = STYLED_ITEM('color',(#15927),#12434);
#15927 = PRESENTATION_STYLE_ASSIGNMENT((#15928));
#15928 = SURFACE_STYLE_USAGE(.BOTH.,#15929);
#15929 = SURFACE_SIDE_STYLE('',(#15930));
#15930 = SURFACE_STYLE_FILL_AREA(#15931);
#15931 = FILL_AREA_STYLE('',(#15932));
#15932 = FILL_AREA_STYLE_COLOUR('',#15596);
#15933 = STYLED_ITEM('color',(#15934),#12465);
#15934 = PRESENTATION_STYLE_ASSIGNMENT((#15935));
#15935 = SURFACE_STYLE_USAGE(.BOTH.,#15936);
#15936 = SURFACE_SIDE_STYLE('',(#15937));
#15937 = SURFACE_STYLE_FILL_AREA(#15938);
#15938 = FILL_AREA_STYLE('',(#15939));
#15939 = FILL_AREA_STYLE_COLOUR('',#15596);
#15940 = STYLED_ITEM('color',(#15941),#12489);
#15941 = PRESENTATION_STYLE_ASSIGNMENT((#15942));
#15942 = SURFACE_STYLE_USAGE(.BOTH.,#15943);
#15943 = SURFACE_SIDE_STYLE('',(#15944));
#15944 = SURFACE_STYLE_FILL_AREA(#15945);
#15945 = FILL_AREA_STYLE('',(#15946));
#15946 = FILL_AREA_STYLE_COLOUR('',#15596);
#15947 = STYLED_ITEM('color',(#15948),#12513);
#15948 = PRESENTATION_STYLE_ASSIGNMENT((#15949));
#15949 = SURFACE_STYLE_USAGE(.BOTH.,#15950);
#15950 = SURFACE_SIDE_STYLE('',(#15951));
#15951 = SURFACE_STYLE_FILL_AREA(#15952);
#15952 = FILL_AREA_STYLE('',(#15953));
#15953 = FILL_AREA_STYLE_COLOUR('',#15596);
#15954 = STYLED_ITEM('color',(#15955),#12530);
#15955 = PRESENTATION_STYLE_ASSIGNMENT((#15956));
#15956 = SURFACE_STYLE_USAGE(.BOTH.,#15957);
#15957 = SURFACE_SIDE_STYLE('',(#15958));
#15958 = SURFACE_STYLE_FILL_AREA(#15959);
#15959 = FILL_AREA_STYLE('',(#15960));
#15960 = FILL_AREA_STYLE_COLOUR('',#15596);
#15961 = STYLED_ITEM('color',(#15962),#12561);
#15962 = PRESENTATION_STYLE_ASSIGNMENT((#15963));
#15963 = SURFACE_STYLE_USAGE(.BOTH.,#15964);
#15964 = SURFACE_SIDE_STYLE('',(#15965));
#15965 = SURFACE_STYLE_FILL_AREA(#15966);
#15966 = FILL_AREA_STYLE('',(#15967));
#15967 = FILL_AREA_STYLE_COLOUR('',#15596);
#15968 = STYLED_ITEM('color',(#15969),#12585);
#15969 = PRESENTATION_STYLE_ASSIGNMENT((#15970));
#15970 = SURFACE_STYLE_USAGE(.BOTH.,#15971);
#15971 = SURFACE_SIDE_STYLE('',(#15972));
#15972 = SURFACE_STYLE_FILL_AREA(#15973);
#15973 = FILL_AREA_STYLE('',(#15974));
#15974 = FILL_AREA_STYLE_COLOUR('',#15596);
#15975 = STYLED_ITEM('color',(#15976),#12609);
#15976 = PRESENTATION_STYLE_ASSIGNMENT((#15977));
#15977 = SURFACE_STYLE_USAGE(.BOTH.,#15978);
#15978 = SURFACE_SIDE_STYLE('',(#15979));
#15979 = SURFACE_STYLE_FILL_AREA(#15980);
#15980 = FILL_AREA_STYLE('',(#15981));
#15981 = FILL_AREA_STYLE_COLOUR('',#15596);
#15982 = STYLED_ITEM('color',(#15983),#12626);
#15983 = PRESENTATION_STYLE_ASSIGNMENT((#15984));
#15984 = SURFACE_STYLE_USAGE(.BOTH.,#15985);
#15985 = SURFACE_SIDE_STYLE('',(#15986));
#15986 = SURFACE_STYLE_FILL_AREA(#15987);
#15987 = FILL_AREA_STYLE('',(#15988));
#15988 = FILL_AREA_STYLE_COLOUR('',#15596);
#15989 = STYLED_ITEM('color',(#15990),#12657);
#15990 = PRESENTATION_STYLE_ASSIGNMENT((#15991));
#15991 = SURFACE_STYLE_USAGE(.BOTH.,#15992);
#15992 = SURFACE_SIDE_STYLE('',(#15993));
#15993 = SURFACE_STYLE_FILL_AREA(#15994);
#15994 = FILL_AREA_STYLE('',(#15995));
#15995 = FILL_AREA_STYLE_COLOUR('',#15596);
#15996 = STYLED_ITEM('color',(#15997),#12681);
#15997 = PRESENTATION_STYLE_ASSIGNMENT((#15998));
#15998 = SURFACE_STYLE_USAGE(.BOTH.,#15999);
#15999 = SURFACE_SIDE_STYLE('',(#16000));
#16000 = SURFACE_STYLE_FILL_AREA(#16001);
#16001 = FILL_AREA_STYLE('',(#16002));
#16002 = FILL_AREA_STYLE_COLOUR('',#15596);
#16003 = STYLED_ITEM('color',(#16004),#12705);
#16004 = PRESENTATION_STYLE_ASSIGNMENT((#16005));
#16005 = SURFACE_STYLE_USAGE(.BOTH.,#16006);
#16006 = SURFACE_SIDE_STYLE('',(#16007));
#16007 = SURFACE_STYLE_FILL_AREA(#16008);
#16008 = FILL_AREA_STYLE('',(#16009));
#16009 = FILL_AREA_STYLE_COLOUR('',#15596);
#16010 = STYLED_ITEM('color',(#16011),#12722);
#16011 = PRESENTATION_STYLE_ASSIGNMENT((#16012));
#16012 = SURFACE_STYLE_USAGE(.BOTH.,#16013);
#16013 = SURFACE_SIDE_STYLE('',(#16014));
#16014 = SURFACE_STYLE_FILL_AREA(#16015);
#16015 = FILL_AREA_STYLE('',(#16016));
#16016 = FILL_AREA_STYLE_COLOUR('',#15596);
#16017 = STYLED_ITEM('color',(#16018),#12753);
#16018 = PRESENTATION_STYLE_ASSIGNMENT((#16019));
#16019 = SURFACE_STYLE_USAGE(.BOTH.,#16020);
#16020 = SURFACE_SIDE_STYLE('',(#16021));
#16021 = SURFACE_STYLE_FILL_AREA(#16022);
#16022 = FILL_AREA_STYLE('',(#16023));
#16023 = FILL_AREA_STYLE_COLOUR('',#15596);
#16024 = STYLED_ITEM('color',(#16025),#12777);
#16025 = PRESENTATION_STYLE_ASSIGNMENT((#16026));
#16026 = SURFACE_STYLE_USAGE(.BOTH.,#16027);
#16027 = SURFACE_SIDE_STYLE('',(#16028));
#16028 = SURFACE_STYLE_FILL_AREA(#16029);
#16029 = FILL_AREA_STYLE('',(#16030));
#16030 = FILL_AREA_STYLE_COLOUR('',#15596);
#16031 = STYLED_ITEM('color',(#16032),#12801);
#16032 = PRESENTATION_STYLE_ASSIGNMENT((#16033));
#16033 = SURFACE_STYLE_USAGE(.BOTH.,#16034);
#16034 = SURFACE_SIDE_STYLE('',(#16035));
#16035 = SURFACE_STYLE_FILL_AREA(#16036);
#16036 = FILL_AREA_STYLE('',(#16037));
#16037 = FILL_AREA_STYLE_COLOUR('',#15596);
#16038 = STYLED_ITEM('color',(#16039),#12818);
#16039 = PRESENTATION_STYLE_ASSIGNMENT((#16040));
#16040 = SURFACE_STYLE_USAGE(.BOTH.,#16041);
#16041 = SURFACE_SIDE_STYLE('',(#16042));
#16042 = SURFACE_STYLE_FILL_AREA(#16043);
#16043 = FILL_AREA_STYLE('',(#16044));
#16044 = FILL_AREA_STYLE_COLOUR('',#15596);
#16045 = STYLED_ITEM('color',(#16046),#12830);
#16046 = PRESENTATION_STYLE_ASSIGNMENT((#16047));
#16047 = SURFACE_STYLE_USAGE(.BOTH.,#16048);
#16048 = SURFACE_SIDE_STYLE('',(#16049));
#16049 = SURFACE_STYLE_FILL_AREA(#16050);
#16050 = FILL_AREA_STYLE('',(#16051));
#16051 = FILL_AREA_STYLE_COLOUR('',#15596);
#16052 = STYLED_ITEM('color',(#16053),#12842);
#16053 = PRESENTATION_STYLE_ASSIGNMENT((#16054));
#16054 = SURFACE_STYLE_USAGE(.BOTH.,#16055);
#16055 = SURFACE_SIDE_STYLE('',(#16056));
#16056 = SURFACE_STYLE_FILL_AREA(#16057);
#16057 = FILL_AREA_STYLE('',(#16058));
#16058 = FILL_AREA_STYLE_COLOUR('',#15596);
#16059 = STYLED_ITEM('color',(#16060),#12854);
#16060 = PRESENTATION_STYLE_ASSIGNMENT((#16061));
#16061 = SURFACE_STYLE_USAGE(.BOTH.,#16062);
#16062 = SURFACE_SIDE_STYLE('',(#16063));
#16063 = SURFACE_STYLE_FILL_AREA(#16064);
#16064 = FILL_AREA_STYLE('',(#16065));
#16065 = FILL_AREA_STYLE_COLOUR('',#15596);
#16066 = STYLED_ITEM('color',(#16067),#12866);
#16067 = PRESENTATION_STYLE_ASSIGNMENT((#16068));
#16068 = SURFACE_STYLE_USAGE(.BOTH.,#16069);
#16069 = SURFACE_SIDE_STYLE('',(#16070));
#16070 = SURFACE_STYLE_FILL_AREA(#16071);
#16071 = FILL_AREA_STYLE('',(#16072));
#16072 = FILL_AREA_STYLE_COLOUR('',#15596);
#16073 = STYLED_ITEM('color',(#16074),#12878);
#16074 = PRESENTATION_STYLE_ASSIGNMENT((#16075));
#16075 = SURFACE_STYLE_USAGE(.BOTH.,#16076);
#16076 = SURFACE_SIDE_STYLE('',(#16077));
#16077 = SURFACE_STYLE_FILL_AREA(#16078);
#16078 = FILL_AREA_STYLE('',(#16079));
#16079 = FILL_AREA_STYLE_COLOUR('',#15596);
#16080 = STYLED_ITEM('color',(#16081),#12890);
#16081 = PRESENTATION_STYLE_ASSIGNMENT((#16082));
#16082 = SURFACE_STYLE_USAGE(.BOTH.,#16083);
#16083 = SURFACE_SIDE_STYLE('',(#16084));
#16084 = SURFACE_STYLE_FILL_AREA(#16085);
#16085 = FILL_AREA_STYLE('',(#16086));
#16086 = FILL_AREA_STYLE_COLOUR('',#15596);
#16087 = STYLED_ITEM('color',(#16088),#12902);
#16088 = PRESENTATION_STYLE_ASSIGNMENT((#16089));
#16089 = SURFACE_STYLE_USAGE(.BOTH.,#16090);
#16090 = SURFACE_SIDE_STYLE('',(#16091));
#16091 = SURFACE_STYLE_FILL_AREA(#16092);
#16092 = FILL_AREA_STYLE('',(#16093));
#16093 = FILL_AREA_STYLE_COLOUR('',#15596);
#16094 = MECHANICAL_DESIGN_GEOMETRIC_PRESENTATION_REPRESENTATION('',(
    #16095,#16103,#16110,#16117,#16124,#16131,#16138,#16145,#16153,
    #16160,#16167,#16174,#16181,#16188,#16196,#16203,#16210,#16217,
    #16224,#16231,#16238,#16245,#16252,#16259,#16266,#16273),#7892);
#16095 = STYLED_ITEM('color',(#16096),#7104);
#16096 = PRESENTATION_STYLE_ASSIGNMENT((#16097));
#16097 = SURFACE_STYLE_USAGE(.BOTH.,#16098);
#16098 = SURFACE_SIDE_STYLE('',(#16099));
#16099 = SURFACE_STYLE_FILL_AREA(#16100);
#16100 = FILL_AREA_STYLE('',(#16101));
#16101 = FILL_AREA_STYLE_COLOUR('',#16102);
#16102 = COLOUR_RGB('',0.823999987314,0.819999987296,0.781000009244);
#16103 = STYLED_ITEM('color',(#16104),#7144);
#16104 = PRESENTATION_STYLE_ASSIGNMENT((#16105));
#16105 = SURFACE_STYLE_USAGE(.BOTH.,#16106);
#16106 = SURFACE_SIDE_STYLE('',(#16107));
#16107 = SURFACE_STYLE_FILL_AREA(#16108);
#16108 = FILL_AREA_STYLE('',(#16109));
#16109 = FILL_AREA_STYLE_COLOUR('',#16102);
#16110 = STYLED_ITEM('color',(#16111),#7227);
#16111 = PRESENTATION_STYLE_ASSIGNMENT((#16112));
#16112 = SURFACE_STYLE_USAGE(.BOTH.,#16113);
#16113 = SURFACE_SIDE_STYLE('',(#16114));
#16114 = SURFACE_STYLE_FILL_AREA(#16115);
#16115 = FILL_AREA_STYLE('',(#16116));
#16116 = FILL_AREA_STYLE_COLOUR('',#16102);
#16117 = STYLED_ITEM('color',(#16118),#7252);
#16118 = PRESENTATION_STYLE_ASSIGNMENT((#16119));
#16119 = SURFACE_STYLE_USAGE(.BOTH.,#16120);
#16120 = SURFACE_SIDE_STYLE('',(#16121));
#16121 = SURFACE_STYLE_FILL_AREA(#16122);
#16122 = FILL_AREA_STYLE('',(#16123));
#16123 = FILL_AREA_STYLE_COLOUR('',#16102);
#16124 = STYLED_ITEM('color',(#16125),#7277);
#16125 = PRESENTATION_STYLE_ASSIGNMENT((#16126));
#16126 = SURFACE_STYLE_USAGE(.BOTH.,#16127);
#16127 = SURFACE_SIDE_STYLE('',(#16128));
#16128 = SURFACE_STYLE_FILL_AREA(#16129);
#16129 = FILL_AREA_STYLE('',(#16130));
#16130 = FILL_AREA_STYLE_COLOUR('',#16102);
#16131 = STYLED_ITEM('color',(#16132),#7344);
#16132 = PRESENTATION_STYLE_ASSIGNMENT((#16133));
#16133 = SURFACE_STYLE_USAGE(.BOTH.,#16134);
#16134 = SURFACE_SIDE_STYLE('',(#16135));
#16135 = SURFACE_STYLE_FILL_AREA(#16136);
#16136 = FILL_AREA_STYLE('',(#16137));
#16137 = FILL_AREA_STYLE_COLOUR('',#16102);
#16138 = STYLED_ITEM('color',(#16139),#7361);
#16139 = PRESENTATION_STYLE_ASSIGNMENT((#16140));
#16140 = SURFACE_STYLE_USAGE(.BOTH.,#16141);
#16141 = SURFACE_SIDE_STYLE('',(#16142));
#16142 = SURFACE_STYLE_FILL_AREA(#16143);
#16143 = FILL_AREA_STYLE('',(#16144));
#16144 = FILL_AREA_STYLE_COLOUR('',#16102);
#16145 = STYLED_ITEM('color',(#16146),#7378);
#16146 = PRESENTATION_STYLE_ASSIGNMENT((#16147));
#16147 = SURFACE_STYLE_USAGE(.BOTH.,#16148);
#16148 = SURFACE_SIDE_STYLE('',(#16149));
#16149 = SURFACE_STYLE_FILL_AREA(#16150);
#16150 = FILL_AREA_STYLE('',(#16151));
#16151 = FILL_AREA_STYLE_COLOUR('',#16152);
#16152 = COLOUR_RGB('',0.894999966383,0.890999961016,0.813000030345);
#16153 = STYLED_ITEM('color',(#16154),#7427);
#16154 = PRESENTATION_STYLE_ASSIGNMENT((#16155));
#16155 = SURFACE_STYLE_USAGE(.BOTH.,#16156);
#16156 = SURFACE_SIDE_STYLE('',(#16157));
#16157 = SURFACE_STYLE_FILL_AREA(#16158);
#16158 = FILL_AREA_STYLE('',(#16159));
#16159 = FILL_AREA_STYLE_COLOUR('',#16102);
#16160 = STYLED_ITEM('color',(#16161),#7444);
#16161 = PRESENTATION_STYLE_ASSIGNMENT((#16162));
#16162 = SURFACE_STYLE_USAGE(.BOTH.,#16163);
#16163 = SURFACE_SIDE_STYLE('',(#16164));
#16164 = SURFACE_STYLE_FILL_AREA(#16165);
#16165 = FILL_AREA_STYLE('',(#16166));
#16166 = FILL_AREA_STYLE_COLOUR('',#16102);
#16167 = STYLED_ITEM('color',(#16168),#7461);
#16168 = PRESENTATION_STYLE_ASSIGNMENT((#16169));
#16169 = SURFACE_STYLE_USAGE(.BOTH.,#16170);
#16170 = SURFACE_SIDE_STYLE('',(#16171));
#16171 = SURFACE_STYLE_FILL_AREA(#16172);
#16172 = FILL_AREA_STYLE('',(#16173));
#16173 = FILL_AREA_STYLE_COLOUR('',#16152);
#16174 = STYLED_ITEM('color',(#16175),#7510);
#16175 = PRESENTATION_STYLE_ASSIGNMENT((#16176));
#16176 = SURFACE_STYLE_USAGE(.BOTH.,#16177);
#16177 = SURFACE_SIDE_STYLE('',(#16178));
#16178 = SURFACE_STYLE_FILL_AREA(#16179);
#16179 = FILL_AREA_STYLE('',(#16180));
#16180 = FILL_AREA_STYLE_COLOUR('',#16152);
#16181 = STYLED_ITEM('color',(#16182),#7527);
#16182 = PRESENTATION_STYLE_ASSIGNMENT((#16183));
#16183 = SURFACE_STYLE_USAGE(.BOTH.,#16184);
#16184 = SURFACE_SIDE_STYLE('',(#16185));
#16185 = SURFACE_STYLE_FILL_AREA(#16186);
#16186 = FILL_AREA_STYLE('',(#16187));
#16187 = FILL_AREA_STYLE_COLOUR('',#16102);
#16188 = STYLED_ITEM('color',(#16189),#7596);
#16189 = PRESENTATION_STYLE_ASSIGNMENT((#16190));
#16190 = SURFACE_STYLE_USAGE(.BOTH.,#16191);
#16191 = SURFACE_SIDE_STYLE('',(#16192));
#16192 = SURFACE_STYLE_FILL_AREA(#16193);
#16193 = FILL_AREA_STYLE('',(#16194));
#16194 = FILL_AREA_STYLE_COLOUR('',#16195);
#16195 = COLOUR_RGB('',8.200000279077E-02,8.600000121357E-02,
  9.399999706163E-02);
#16196 = STYLED_ITEM('color',(#16197),#7627);
#16197 = PRESENTATION_STYLE_ASSIGNMENT((#16198));
#16198 = SURFACE_STYLE_USAGE(.BOTH.,#16199);
#16199 = SURFACE_SIDE_STYLE('',(#16200));
#16200 = SURFACE_STYLE_FILL_AREA(#16201);
#16201 = FILL_AREA_STYLE('',(#16202));
#16202 = FILL_AREA_STYLE_COLOUR('',#16195);
#16203 = STYLED_ITEM('color',(#16204),#7651);
#16204 = PRESENTATION_STYLE_ASSIGNMENT((#16205));
#16205 = SURFACE_STYLE_USAGE(.BOTH.,#16206);
#16206 = SURFACE_SIDE_STYLE('',(#16207));
#16207 = SURFACE_STYLE_FILL_AREA(#16208);
#16208 = FILL_AREA_STYLE('',(#16209));
#16209 = FILL_AREA_STYLE_COLOUR('',#16102);
#16210 = STYLED_ITEM('color',(#16211),#7720);
#16211 = PRESENTATION_STYLE_ASSIGNMENT((#16212));
#16212 = SURFACE_STYLE_USAGE(.BOTH.,#16213);
#16213 = SURFACE_SIDE_STYLE('',(#16214));
#16214 = SURFACE_STYLE_FILL_AREA(#16215);
#16215 = FILL_AREA_STYLE('',(#16216));
#16216 = FILL_AREA_STYLE_COLOUR('',#16195);
#16217 = STYLED_ITEM('color',(#16218),#7744);
#16218 = PRESENTATION_STYLE_ASSIGNMENT((#16219));
#16219 = SURFACE_STYLE_USAGE(.BOTH.,#16220);
#16220 = SURFACE_SIDE_STYLE('',(#16221));
#16221 = SURFACE_STYLE_FILL_AREA(#16222);
#16222 = FILL_AREA_STYLE('',(#16223));
#16223 = FILL_AREA_STYLE_COLOUR('',#16102);
#16224 = STYLED_ITEM('color',(#16225),#7761);
#16225 = PRESENTATION_STYLE_ASSIGNMENT((#16226));
#16226 = SURFACE_STYLE_USAGE(.BOTH.,#16227);
#16227 = SURFACE_SIDE_STYLE('',(#16228));
#16228 = SURFACE_STYLE_FILL_AREA(#16229);
#16229 = FILL_AREA_STYLE('',(#16230));
#16230 = FILL_AREA_STYLE_COLOUR('',#16102);
#16231 = STYLED_ITEM('color',(#16232),#7778);
#16232 = PRESENTATION_STYLE_ASSIGNMENT((#16233));
#16233 = SURFACE_STYLE_USAGE(.BOTH.,#16234);
#16234 = SURFACE_SIDE_STYLE('',(#16235));
#16235 = SURFACE_STYLE_FILL_AREA(#16236);
#16236 = FILL_AREA_STYLE('',(#16237));
#16237 = FILL_AREA_STYLE_COLOUR('',#16102);
#16238 = STYLED_ITEM('color',(#16239),#7795);
#16239 = PRESENTATION_STYLE_ASSIGNMENT((#16240));
#16240 = SURFACE_STYLE_USAGE(.BOTH.,#16241);
#16241 = SURFACE_SIDE_STYLE('',(#16242));
#16242 = SURFACE_STYLE_FILL_AREA(#16243);
#16243 = FILL_AREA_STYLE('',(#16244));
#16244 = FILL_AREA_STYLE_COLOUR('',#16102);
#16245 = STYLED_ITEM('color',(#16246),#7812);
#16246 = PRESENTATION_STYLE_ASSIGNMENT((#16247));
#16247 = SURFACE_STYLE_USAGE(.BOTH.,#16248);
#16248 = SURFACE_SIDE_STYLE('',(#16249));
#16249 = SURFACE_STYLE_FILL_AREA(#16250);
#16250 = FILL_AREA_STYLE('',(#16251));
#16251 = FILL_AREA_STYLE_COLOUR('',#16102);
#16252 = STYLED_ITEM('color',(#16253),#7829);
#16253 = PRESENTATION_STYLE_ASSIGNMENT((#16254));
#16254 = SURFACE_STYLE_USAGE(.BOTH.,#16255);
#16255 = SURFACE_SIDE_STYLE('',(#16256));
#16256 = SURFACE_STYLE_FILL_AREA(#16257);
#16257 = FILL_AREA_STYLE('',(#16258));
#16258 = FILL_AREA_STYLE_COLOUR('',#16102);
#16259 = STYLED_ITEM('color',(#16260),#7846);
#16260 = PRESENTATION_STYLE_ASSIGNMENT((#16261));
#16261 = SURFACE_STYLE_USAGE(.BOTH.,#16262);
#16262 = SURFACE_SIDE_STYLE('',(#16263));
#16263 = SURFACE_STYLE_FILL_AREA(#16264);
#16264 = FILL_AREA_STYLE('',(#16265));
#16265 = FILL_AREA_STYLE_COLOUR('',#16102);
#16266 = STYLED_ITEM('color',(#16267),#7863);
#16267 = PRESENTATION_STYLE_ASSIGNMENT((#16268));
#16268 = SURFACE_STYLE_USAGE(.BOTH.,#16269);
#16269 = SURFACE_SIDE_STYLE('',(#16270));
#16270 = SURFACE_STYLE_FILL_AREA(#16271);
#16271 = FILL_AREA_STYLE('',(#16272));
#16272 = FILL_AREA_STYLE_COLOUR('',#16195);
#16273 = STYLED_ITEM('color',(#16274),#7880);
#16274 = PRESENTATION_STYLE_ASSIGNMENT((#16275));
#16275 = SURFACE_STYLE_USAGE(.BOTH.,#16276);
#16276 = SURFACE_SIDE_STYLE('',(#16277));
#16277 = SURFACE_STYLE_FILL_AREA(#16278);
#16278 = FILL_AREA_STYLE('',(#16279));
#16279 = FILL_AREA_STYLE_COLOUR('',#16195);
#16280 = MECHANICAL_DESIGN_GEOMETRIC_PRESENTATION_REPRESENTATION('',(
    #16281,#16288,#16295,#16302,#16309,#16316,#16323,#16330,#16337,
    #16344,#16351,#16359,#16366,#16373,#16380,#16387,#16394,#16401,
    #16408,#16415,#16422,#16429,#16436,#16443,#16450,#16457,#16464,
    #16471),#8765);
#16281 = STYLED_ITEM('color',(#16282),#7913);
#16282 = PRESENTATION_STYLE_ASSIGNMENT((#16283));
#16283 = SURFACE_STYLE_USAGE(.BOTH.,#16284);
#16284 = SURFACE_SIDE_STYLE('',(#16285));
#16285 = SURFACE_STYLE_FILL_AREA(#16286);
#16286 = FILL_AREA_STYLE('',(#16287));
#16287 = FILL_AREA_STYLE_COLOUR('',#16102);
#16288 = STYLED_ITEM('color',(#16289),#7989);
#16289 = PRESENTATION_STYLE_ASSIGNMENT((#16290));
#16290 = SURFACE_STYLE_USAGE(.BOTH.,#16291);
#16291 = SURFACE_SIDE_STYLE('',(#16292));
#16292 = SURFACE_STYLE_FILL_AREA(#16293);
#16293 = FILL_AREA_STYLE('',(#16294));
#16294 = FILL_AREA_STYLE_COLOUR('',#16102);
#16295 = STYLED_ITEM('color',(#16296),#8020);
#16296 = PRESENTATION_STYLE_ASSIGNMENT((#16297));
#16297 = SURFACE_STYLE_USAGE(.BOTH.,#16298);
#16298 = SURFACE_SIDE_STYLE('',(#16299));
#16299 = SURFACE_STYLE_FILL_AREA(#16300);
#16300 = FILL_AREA_STYLE('',(#16301));
#16301 = FILL_AREA_STYLE_COLOUR('',#16102);
#16302 = STYLED_ITEM('color',(#16303),#8045);
#16303 = PRESENTATION_STYLE_ASSIGNMENT((#16304));
#16304 = SURFACE_STYLE_USAGE(.BOTH.,#16305);
#16305 = SURFACE_SIDE_STYLE('',(#16306));
#16306 = SURFACE_STYLE_FILL_AREA(#16307);
#16307 = FILL_AREA_STYLE('',(#16308));
#16308 = FILL_AREA_STYLE_COLOUR('',#16102);
#16309 = STYLED_ITEM('color',(#16310),#8070);
#16310 = PRESENTATION_STYLE_ASSIGNMENT((#16311));
#16311 = SURFACE_STYLE_USAGE(.BOTH.,#16312);
#16312 = SURFACE_SIDE_STYLE('',(#16313));
#16313 = SURFACE_STYLE_FILL_AREA(#16314);
#16314 = FILL_AREA_STYLE('',(#16315));
#16315 = FILL_AREA_STYLE_COLOUR('',#16102);
#16316 = STYLED_ITEM('color',(#16317),#8094);
#16317 = PRESENTATION_STYLE_ASSIGNMENT((#16318));
#16318 = SURFACE_STYLE_USAGE(.BOTH.,#16319);
#16319 = SURFACE_SIDE_STYLE('',(#16320));
#16320 = SURFACE_STYLE_FILL_AREA(#16321);
#16321 = FILL_AREA_STYLE('',(#16322));
#16322 = FILL_AREA_STYLE_COLOUR('',#16102);
#16323 = STYLED_ITEM('color',(#16324),#8118);
#16324 = PRESENTATION_STYLE_ASSIGNMENT((#16325));
#16325 = SURFACE_STYLE_USAGE(.BOTH.,#16326);
#16326 = SURFACE_SIDE_STYLE('',(#16327));
#16327 = SURFACE_STYLE_FILL_AREA(#16328);
#16328 = FILL_AREA_STYLE('',(#16329));
#16329 = FILL_AREA_STYLE_COLOUR('',#16102);
#16330 = STYLED_ITEM('color',(#16331),#8143);
#16331 = PRESENTATION_STYLE_ASSIGNMENT((#16332));
#16332 = SURFACE_STYLE_USAGE(.BOTH.,#16333);
#16333 = SURFACE_SIDE_STYLE('',(#16334));
#16334 = SURFACE_STYLE_FILL_AREA(#16335);
#16335 = FILL_AREA_STYLE('',(#16336));
#16336 = FILL_AREA_STYLE_COLOUR('',#16102);
#16337 = STYLED_ITEM('color',(#16338),#8168);
#16338 = PRESENTATION_STYLE_ASSIGNMENT((#16339));
#16339 = SURFACE_STYLE_USAGE(.BOTH.,#16340);
#16340 = SURFACE_SIDE_STYLE('',(#16341));
#16341 = SURFACE_STYLE_FILL_AREA(#16342);
#16342 = FILL_AREA_STYLE('',(#16343));
#16343 = FILL_AREA_STYLE_COLOUR('',#16102);
#16344 = STYLED_ITEM('color',(#16345),#8185);
#16345 = PRESENTATION_STYLE_ASSIGNMENT((#16346));
#16346 = SURFACE_STYLE_USAGE(.BOTH.,#16347);
#16347 = SURFACE_SIDE_STYLE('',(#16348));
#16348 = SURFACE_STYLE_FILL_AREA(#16349);
#16349 = FILL_AREA_STYLE('',(#16350));
#16350 = FILL_AREA_STYLE_COLOUR('',#16102);
#16351 = STYLED_ITEM('color',(#16352),#8271);
#16352 = PRESENTATION_STYLE_ASSIGNMENT((#16353));
#16353 = SURFACE_STYLE_USAGE(.BOTH.,#16354);
#16354 = SURFACE_SIDE_STYLE('',(#16355));
#16355 = SURFACE_STYLE_FILL_AREA(#16356);
#16356 = FILL_AREA_STYLE('',(#16357));
#16357 = FILL_AREA_STYLE_COLOUR('',#16358);
#16358 = COLOUR_RGB('',0.379000005575,0.270000008848,0.214999999939);
#16359 = STYLED_ITEM('color',(#16360),#8303);
#16360 = PRESENTATION_STYLE_ASSIGNMENT((#16361));
#16361 = SURFACE_STYLE_USAGE(.BOTH.,#16362);
#16362 = SURFACE_SIDE_STYLE('',(#16363));
#16363 = SURFACE_STYLE_FILL_AREA(#16364);
#16364 = FILL_AREA_STYLE('',(#16365));
#16365 = FILL_AREA_STYLE_COLOUR('',#16358);
#16366 = STYLED_ITEM('color',(#16367),#8327);
#16367 = PRESENTATION_STYLE_ASSIGNMENT((#16368));
#16368 = SURFACE_STYLE_USAGE(.BOTH.,#16369);
#16369 = SURFACE_SIDE_STYLE('',(#16370));
#16370 = SURFACE_STYLE_FILL_AREA(#16371);
#16371 = FILL_AREA_STYLE('',(#16372));
#16372 = FILL_AREA_STYLE_COLOUR('',#16358);
#16373 = STYLED_ITEM('color',(#16374),#8352);
#16374 = PRESENTATION_STYLE_ASSIGNMENT((#16375));
#16375 = SURFACE_STYLE_USAGE(.BOTH.,#16376);
#16376 = SURFACE_SIDE_STYLE('',(#16377));
#16377 = SURFACE_STYLE_FILL_AREA(#16378);
#16378 = FILL_AREA_STYLE('',(#16379));
#16379 = FILL_AREA_STYLE_COLOUR('',#16358);
#16380 = STYLED_ITEM('color',(#16381),#8376);
#16381 = PRESENTATION_STYLE_ASSIGNMENT((#16382));
#16382 = SURFACE_STYLE_USAGE(.BOTH.,#16383);
#16383 = SURFACE_SIDE_STYLE('',(#16384));
#16384 = SURFACE_STYLE_FILL_AREA(#16385);
#16385 = FILL_AREA_STYLE('',(#16386));
#16386 = FILL_AREA_STYLE_COLOUR('',#16358);
#16387 = STYLED_ITEM('color',(#16388),#8401);
#16388 = PRESENTATION_STYLE_ASSIGNMENT((#16389));
#16389 = SURFACE_STYLE_USAGE(.BOTH.,#16390);
#16390 = SURFACE_SIDE_STYLE('',(#16391));
#16391 = SURFACE_STYLE_FILL_AREA(#16392);
#16392 = FILL_AREA_STYLE('',(#16393));
#16393 = FILL_AREA_STYLE_COLOUR('',#16358);
#16394 = STYLED_ITEM('color',(#16395),#8425);
#16395 = PRESENTATION_STYLE_ASSIGNMENT((#16396));
#16396 = SURFACE_STYLE_USAGE(.BOTH.,#16397);
#16397 = SURFACE_SIDE_STYLE('',(#16398));
#16398 = SURFACE_STYLE_FILL_AREA(#16399);
#16399 = FILL_AREA_STYLE('',(#16400));
#16400 = FILL_AREA_STYLE_COLOUR('',#16358);
#16401 = STYLED_ITEM('color',(#16402),#8450);
#16402 = PRESENTATION_STYLE_ASSIGNMENT((#16403));
#16403 = SURFACE_STYLE_USAGE(.BOTH.,#16404);
#16404 = SURFACE_SIDE_STYLE('',(#16405));
#16405 = SURFACE_STYLE_FILL_AREA(#16406);
#16406 = FILL_AREA_STYLE('',(#16407));
#16407 = FILL_AREA_STYLE_COLOUR('',#16358);
#16408 = STYLED_ITEM('color',(#16409),#8467);
#16409 = PRESENTATION_STYLE_ASSIGNMENT((#16410));
#16410 = SURFACE_STYLE_USAGE(.BOTH.,#16411);
#16411 = SURFACE_SIDE_STYLE('',(#16412));
#16412 = SURFACE_STYLE_FILL_AREA(#16413);
#16413 = FILL_AREA_STYLE('',(#16414));
#16414 = FILL_AREA_STYLE_COLOUR('',#16102);
#16415 = STYLED_ITEM('color',(#16416),#8553);
#16416 = PRESENTATION_STYLE_ASSIGNMENT((#16417));
#16417 = SURFACE_STYLE_USAGE(.BOTH.,#16418);
#16418 = SURFACE_SIDE_STYLE('',(#16419));
#16419 = SURFACE_STYLE_FILL_AREA(#16420);
#16420 = FILL_AREA_STYLE('',(#16421));
#16421 = FILL_AREA_STYLE_COLOUR('',#16102);
#16422 = STYLED_ITEM('color',(#16423),#8584);
#16423 = PRESENTATION_STYLE_ASSIGNMENT((#16424));
#16424 = SURFACE_STYLE_USAGE(.BOTH.,#16425);
#16425 = SURFACE_SIDE_STYLE('',(#16426));
#16426 = SURFACE_STYLE_FILL_AREA(#16427);
#16427 = FILL_AREA_STYLE('',(#16428));
#16428 = FILL_AREA_STYLE_COLOUR('',#16102);
#16429 = STYLED_ITEM('color',(#16430),#8609);
#16430 = PRESENTATION_STYLE_ASSIGNMENT((#16431));
#16431 = SURFACE_STYLE_USAGE(.BOTH.,#16432);
#16432 = SURFACE_SIDE_STYLE('',(#16433));
#16433 = SURFACE_STYLE_FILL_AREA(#16434);
#16434 = FILL_AREA_STYLE('',(#16435));
#16435 = FILL_AREA_STYLE_COLOUR('',#16102);
#16436 = STYLED_ITEM('color',(#16437),#8634);
#16437 = PRESENTATION_STYLE_ASSIGNMENT((#16438));
#16438 = SURFACE_STYLE_USAGE(.BOTH.,#16439);
#16439 = SURFACE_SIDE_STYLE('',(#16440));
#16440 = SURFACE_STYLE_FILL_AREA(#16441);
#16441 = FILL_AREA_STYLE('',(#16442));
#16442 = FILL_AREA_STYLE_COLOUR('',#16102);
#16443 = STYLED_ITEM('color',(#16444),#8658);
#16444 = PRESENTATION_STYLE_ASSIGNMENT((#16445));
#16445 = SURFACE_STYLE_USAGE(.BOTH.,#16446);
#16446 = SURFACE_SIDE_STYLE('',(#16447));
#16447 = SURFACE_STYLE_FILL_AREA(#16448);
#16448 = FILL_AREA_STYLE('',(#16449));
#16449 = FILL_AREA_STYLE_COLOUR('',#16102);
#16450 = STYLED_ITEM('color',(#16451),#8682);
#16451 = PRESENTATION_STYLE_ASSIGNMENT((#16452));
#16452 = SURFACE_STYLE_USAGE(.BOTH.,#16453);
#16453 = SURFACE_SIDE_STYLE('',(#16454));
#16454 = SURFACE_STYLE_FILL_AREA(#16455);
#16455 = FILL_AREA_STYLE('',(#16456));
#16456 = FILL_AREA_STYLE_COLOUR('',#16102);
#16457 = STYLED_ITEM('color',(#16458),#8707);
#16458 = PRESENTATION_STYLE_ASSIGNMENT((#16459));
#16459 = SURFACE_STYLE_USAGE(.BOTH.,#16460);
#16460 = SURFACE_SIDE_STYLE('',(#16461));
#16461 = SURFACE_STYLE_FILL_AREA(#16462);
#16462 = FILL_AREA_STYLE('',(#16463));
#16463 = FILL_AREA_STYLE_COLOUR('',#16102);
#16464 = STYLED_ITEM('color',(#16465),#8732);
#16465 = PRESENTATION_STYLE_ASSIGNMENT((#16466));
#16466 = SURFACE_STYLE_USAGE(.BOTH.,#16467);
#16467 = SURFACE_SIDE_STYLE('',(#16468));
#16468 = SURFACE_STYLE_FILL_AREA(#16469);
#16469 = FILL_AREA_STYLE('',(#16470));
#16470 = FILL_AREA_STYLE_COLOUR('',#16102);
#16471 = STYLED_ITEM('color',(#16472),#8749);
#16472 = PRESENTATION_STYLE_ASSIGNMENT((#16473));
#16473 = SURFACE_STYLE_USAGE(.BOTH.,#16474);
#16474 = SURFACE_SIDE_STYLE('',(#16475));
#16475 = SURFACE_STYLE_FILL_AREA(#16476);
#16476 = FILL_AREA_STYLE('',(#16477));
#16477 = FILL_AREA_STYLE_COLOUR('',#16102);
#16478 = MECHANICAL_DESIGN_GEOMETRIC_PRESENTATION_REPRESENTATION('',(
    #16479,#16486,#16493,#16500,#16507,#16514,#16521,#16528,#16535,
    #16542,#16549,#16556,#16563,#16570,#16577,#16584,#16591,#16598,
    #16605,#16612,#16619,#16626,#16633,#16640,#16647,#16654,#16661,
    #16668,#16675,#16682,#16689,#16696,#16703,#16710,#16717,#16724,
    #16731,#16738,#16745,#16752,#16759,#16766,#16773,#16780,#16787,
    #16794,#16801,#16809),#10115);
#16479 = STYLED_ITEM('color',(#16480),#8786);
#16480 = PRESENTATION_STYLE_ASSIGNMENT((#16481));
#16481 = SURFACE_STYLE_USAGE(.BOTH.,#16482);
#16482 = SURFACE_SIDE_STYLE('',(#16483));
#16483 = SURFACE_STYLE_FILL_AREA(#16484);
#16484 = FILL_AREA_STYLE('',(#16485));
#16485 = FILL_AREA_STYLE_COLOUR('',#16102);
#16486 = STYLED_ITEM('color',(#16487),#8826);
#16487 = PRESENTATION_STYLE_ASSIGNMENT((#16488));
#16488 = SURFACE_STYLE_USAGE(.BOTH.,#16489);
#16489 = SURFACE_SIDE_STYLE('',(#16490));
#16490 = SURFACE_STYLE_FILL_AREA(#16491);
#16491 = FILL_AREA_STYLE('',(#16492));
#16492 = FILL_AREA_STYLE_COLOUR('',#16102);
#16493 = STYLED_ITEM('color',(#16494),#8857);
#16494 = PRESENTATION_STYLE_ASSIGNMENT((#16495));
#16495 = SURFACE_STYLE_USAGE(.BOTH.,#16496);
#16496 = SURFACE_SIDE_STYLE('',(#16497));
#16497 = SURFACE_STYLE_FILL_AREA(#16498);
#16498 = FILL_AREA_STYLE('',(#16499));
#16499 = FILL_AREA_STYLE_COLOUR('',#16102);
#16500 = STYLED_ITEM('color',(#16501),#8881);
#16501 = PRESENTATION_STYLE_ASSIGNMENT((#16502));
#16502 = SURFACE_STYLE_USAGE(.BOTH.,#16503);
#16503 = SURFACE_SIDE_STYLE('',(#16504));
#16504 = SURFACE_STYLE_FILL_AREA(#16505);
#16505 = FILL_AREA_STYLE('',(#16506));
#16506 = FILL_AREA_STYLE_COLOUR('',#16102);
#16507 = STYLED_ITEM('color',(#16508),#8905);
#16508 = PRESENTATION_STYLE_ASSIGNMENT((#16509));
#16509 = SURFACE_STYLE_USAGE(.BOTH.,#16510);
#16510 = SURFACE_SIDE_STYLE('',(#16511));
#16511 = SURFACE_STYLE_FILL_AREA(#16512);
#16512 = FILL_AREA_STYLE('',(#16513));
#16513 = FILL_AREA_STYLE_COLOUR('',#16102);
#16514 = STYLED_ITEM('color',(#16515),#8922);
#16515 = PRESENTATION_STYLE_ASSIGNMENT((#16516));
#16516 = SURFACE_STYLE_USAGE(.BOTH.,#16517);
#16517 = SURFACE_SIDE_STYLE('',(#16518));
#16518 = SURFACE_STYLE_FILL_AREA(#16519);
#16519 = FILL_AREA_STYLE('',(#16520));
#16520 = FILL_AREA_STYLE_COLOUR('',#15399);
#16521 = STYLED_ITEM('color',(#16522),#9206);
#16522 = PRESENTATION_STYLE_ASSIGNMENT((#16523));
#16523 = SURFACE_STYLE_USAGE(.BOTH.,#16524);
#16524 = SURFACE_SIDE_STYLE('',(#16525));
#16525 = SURFACE_STYLE_FILL_AREA(#16526);
#16526 = FILL_AREA_STYLE('',(#16527));
#16527 = FILL_AREA_STYLE_COLOUR('',#15399);
#16528 = STYLED_ITEM('color',(#16529),#9237);
#16529 = PRESENTATION_STYLE_ASSIGNMENT((#16530));
#16530 = SURFACE_STYLE_USAGE(.BOTH.,#16531);
#16531 = SURFACE_SIDE_STYLE('',(#16532));
#16532 = SURFACE_STYLE_FILL_AREA(#16533);
#16533 = FILL_AREA_STYLE('',(#16534));
#16534 = FILL_AREA_STYLE_COLOUR('',#15399);
#16535 = STYLED_ITEM('color',(#16536),#9261);
#16536 = PRESENTATION_STYLE_ASSIGNMENT((#16537));
#16537 = SURFACE_STYLE_USAGE(.BOTH.,#16538);
#16538 = SURFACE_SIDE_STYLE('',(#16539));
#16539 = SURFACE_STYLE_FILL_AREA(#16540);
#16540 = FILL_AREA_STYLE('',(#16541));
#16541 = FILL_AREA_STYLE_COLOUR('',#15399);
#16542 = STYLED_ITEM('color',(#16543),#9285);
#16543 = PRESENTATION_STYLE_ASSIGNMENT((#16544));
#16544 = SURFACE_STYLE_USAGE(.BOTH.,#16545);
#16545 = SURFACE_SIDE_STYLE('',(#16546));
#16546 = SURFACE_STYLE_FILL_AREA(#16547);
#16547 = FILL_AREA_STYLE('',(#16548));
#16548 = FILL_AREA_STYLE_COLOUR('',#15399);
#16549 = STYLED_ITEM('color',(#16550),#9302);
#16550 = PRESENTATION_STYLE_ASSIGNMENT((#16551));
#16551 = SURFACE_STYLE_USAGE(.BOTH.,#16552);
#16552 = SURFACE_SIDE_STYLE('',(#16553));
#16553 = SURFACE_STYLE_FILL_AREA(#16554);
#16554 = FILL_AREA_STYLE('',(#16555));
#16555 = FILL_AREA_STYLE_COLOUR('',#16102);
#16556 = STYLED_ITEM('color',(#16557),#9333);
#16557 = PRESENTATION_STYLE_ASSIGNMENT((#16558));
#16558 = SURFACE_STYLE_USAGE(.BOTH.,#16559);
#16559 = SURFACE_SIDE_STYLE('',(#16560));
#16560 = SURFACE_STYLE_FILL_AREA(#16561);
#16561 = FILL_AREA_STYLE('',(#16562));
#16562 = FILL_AREA_STYLE_COLOUR('',#16102);
#16563 = STYLED_ITEM('color',(#16564),#9357);
#16564 = PRESENTATION_STYLE_ASSIGNMENT((#16565));
#16565 = SURFACE_STYLE_USAGE(.BOTH.,#16566);
#16566 = SURFACE_SIDE_STYLE('',(#16567));
#16567 = SURFACE_STYLE_FILL_AREA(#16568);
#16568 = FILL_AREA_STYLE('',(#16569));
#16569 = FILL_AREA_STYLE_COLOUR('',#16102);
#16570 = STYLED_ITEM('color',(#16571),#9381);
#16571 = PRESENTATION_STYLE_ASSIGNMENT((#16572));
#16572 = SURFACE_STYLE_USAGE(.BOTH.,#16573);
#16573 = SURFACE_SIDE_STYLE('',(#16574));
#16574 = SURFACE_STYLE_FILL_AREA(#16575);
#16575 = FILL_AREA_STYLE('',(#16576));
#16576 = FILL_AREA_STYLE_COLOUR('',#16102);
#16577 = STYLED_ITEM('color',(#16578),#9398);
#16578 = PRESENTATION_STYLE_ASSIGNMENT((#16579));
#16579 = SURFACE_STYLE_USAGE(.BOTH.,#16580);
#16580 = SURFACE_SIDE_STYLE('',(#16581));
#16581 = SURFACE_STYLE_FILL_AREA(#16582);
#16582 = FILL_AREA_STYLE('',(#16583));
#16583 = FILL_AREA_STYLE_COLOUR('',#16102);
#16584 = STYLED_ITEM('color',(#16585),#9429);
#16585 = PRESENTATION_STYLE_ASSIGNMENT((#16586));
#16586 = SURFACE_STYLE_USAGE(.BOTH.,#16587);
#16587 = SURFACE_SIDE_STYLE('',(#16588));
#16588 = SURFACE_STYLE_FILL_AREA(#16589);
#16589 = FILL_AREA_STYLE('',(#16590));
#16590 = FILL_AREA_STYLE_COLOUR('',#16102);
#16591 = STYLED_ITEM('color',(#16592),#9453);
#16592 = PRESENTATION_STYLE_ASSIGNMENT((#16593));
#16593 = SURFACE_STYLE_USAGE(.BOTH.,#16594);
#16594 = SURFACE_SIDE_STYLE('',(#16595));
#16595 = SURFACE_STYLE_FILL_AREA(#16596);
#16596 = FILL_AREA_STYLE('',(#16597));
#16597 = FILL_AREA_STYLE_COLOUR('',#16102);
#16598 = STYLED_ITEM('color',(#16599),#9477);
#16599 = PRESENTATION_STYLE_ASSIGNMENT((#16600));
#16600 = SURFACE_STYLE_USAGE(.BOTH.,#16601);
#16601 = SURFACE_SIDE_STYLE('',(#16602));
#16602 = SURFACE_STYLE_FILL_AREA(#16603);
#16603 = FILL_AREA_STYLE('',(#16604));
#16604 = FILL_AREA_STYLE_COLOUR('',#16102);
#16605 = STYLED_ITEM('color',(#16606),#9494);
#16606 = PRESENTATION_STYLE_ASSIGNMENT((#16607));
#16607 = SURFACE_STYLE_USAGE(.BOTH.,#16608);
#16608 = SURFACE_SIDE_STYLE('',(#16609));
#16609 = SURFACE_STYLE_FILL_AREA(#16610);
#16610 = FILL_AREA_STYLE('',(#16611));
#16611 = FILL_AREA_STYLE_COLOUR('',#16102);
#16612 = STYLED_ITEM('color',(#16613),#9525);
#16613 = PRESENTATION_STYLE_ASSIGNMENT((#16614));
#16614 = SURFACE_STYLE_USAGE(.BOTH.,#16615);
#16615 = SURFACE_SIDE_STYLE('',(#16616));
#16616 = SURFACE_STYLE_FILL_AREA(#16617);
#16617 = FILL_AREA_STYLE('',(#16618));
#16618 = FILL_AREA_STYLE_COLOUR('',#16102);
#16619 = STYLED_ITEM('color',(#16620),#9549);
#16620 = PRESENTATION_STYLE_ASSIGNMENT((#16621));
#16621 = SURFACE_STYLE_USAGE(.BOTH.,#16622);
#16622 = SURFACE_SIDE_STYLE('',(#16623));
#16623 = SURFACE_STYLE_FILL_AREA(#16624);
#16624 = FILL_AREA_STYLE('',(#16625));
#16625 = FILL_AREA_STYLE_COLOUR('',#16102);
#16626 = STYLED_ITEM('color',(#16627),#9573);
#16627 = PRESENTATION_STYLE_ASSIGNMENT((#16628));
#16628 = SURFACE_STYLE_USAGE(.BOTH.,#16629);
#16629 = SURFACE_SIDE_STYLE('',(#16630));
#16630 = SURFACE_STYLE_FILL_AREA(#16631);
#16631 = FILL_AREA_STYLE('',(#16632));
#16632 = FILL_AREA_STYLE_COLOUR('',#16102);
#16633 = STYLED_ITEM('color',(#16634),#9590);
#16634 = PRESENTATION_STYLE_ASSIGNMENT((#16635));
#16635 = SURFACE_STYLE_USAGE(.BOTH.,#16636);
#16636 = SURFACE_SIDE_STYLE('',(#16637));
#16637 = SURFACE_STYLE_FILL_AREA(#16638);
#16638 = FILL_AREA_STYLE('',(#16639));
#16639 = FILL_AREA_STYLE_COLOUR('',#16102);
#16640 = STYLED_ITEM('color',(#16641),#9621);
#16641 = PRESENTATION_STYLE_ASSIGNMENT((#16642));
#16642 = SURFACE_STYLE_USAGE(.BOTH.,#16643);
#16643 = SURFACE_SIDE_STYLE('',(#16644));
#16644 = SURFACE_STYLE_FILL_AREA(#16645);
#16645 = FILL_AREA_STYLE('',(#16646));
#16646 = FILL_AREA_STYLE_COLOUR('',#16102);
#16647 = STYLED_ITEM('color',(#16648),#9645);
#16648 = PRESENTATION_STYLE_ASSIGNMENT((#16649));
#16649 = SURFACE_STYLE_USAGE(.BOTH.,#16650);
#16650 = SURFACE_SIDE_STYLE('',(#16651));
#16651 = SURFACE_STYLE_FILL_AREA(#16652);
#16652 = FILL_AREA_STYLE('',(#16653));
#16653 = FILL_AREA_STYLE_COLOUR('',#16102);
#16654 = STYLED_ITEM('color',(#16655),#9669);
#16655 = PRESENTATION_STYLE_ASSIGNMENT((#16656));
#16656 = SURFACE_STYLE_USAGE(.BOTH.,#16657);
#16657 = SURFACE_SIDE_STYLE('',(#16658));
#16658 = SURFACE_STYLE_FILL_AREA(#16659);
#16659 = FILL_AREA_STYLE('',(#16660));
#16660 = FILL_AREA_STYLE_COLOUR('',#16102);
#16661 = STYLED_ITEM('color',(#16662),#9686);
#16662 = PRESENTATION_STYLE_ASSIGNMENT((#16663));
#16663 = SURFACE_STYLE_USAGE(.BOTH.,#16664);
#16664 = SURFACE_SIDE_STYLE('',(#16665));
#16665 = SURFACE_STYLE_FILL_AREA(#16666);
#16666 = FILL_AREA_STYLE('',(#16667));
#16667 = FILL_AREA_STYLE_COLOUR('',#16102);
#16668 = STYLED_ITEM('color',(#16669),#9717);
#16669 = PRESENTATION_STYLE_ASSIGNMENT((#16670));
#16670 = SURFACE_STYLE_USAGE(.BOTH.,#16671);
#16671 = SURFACE_SIDE_STYLE('',(#16672));
#16672 = SURFACE_STYLE_FILL_AREA(#16673);
#16673 = FILL_AREA_STYLE('',(#16674));
#16674 = FILL_AREA_STYLE_COLOUR('',#16102);
#16675 = STYLED_ITEM('color',(#16676),#9741);
#16676 = PRESENTATION_STYLE_ASSIGNMENT((#16677));
#16677 = SURFACE_STYLE_USAGE(.BOTH.,#16678);
#16678 = SURFACE_SIDE_STYLE('',(#16679));
#16679 = SURFACE_STYLE_FILL_AREA(#16680);
#16680 = FILL_AREA_STYLE('',(#16681));
#16681 = FILL_AREA_STYLE_COLOUR('',#16102);
#16682 = STYLED_ITEM('color',(#16683),#9765);
#16683 = PRESENTATION_STYLE_ASSIGNMENT((#16684));
#16684 = SURFACE_STYLE_USAGE(.BOTH.,#16685);
#16685 = SURFACE_SIDE_STYLE('',(#16686));
#16686 = SURFACE_STYLE_FILL_AREA(#16687);
#16687 = FILL_AREA_STYLE('',(#16688));
#16688 = FILL_AREA_STYLE_COLOUR('',#16102);
#16689 = STYLED_ITEM('color',(#16690),#9782);
#16690 = PRESENTATION_STYLE_ASSIGNMENT((#16691));
#16691 = SURFACE_STYLE_USAGE(.BOTH.,#16692);
#16692 = SURFACE_SIDE_STYLE('',(#16693));
#16693 = SURFACE_STYLE_FILL_AREA(#16694);
#16694 = FILL_AREA_STYLE('',(#16695));
#16695 = FILL_AREA_STYLE_COLOUR('',#16102);
#16696 = STYLED_ITEM('color',(#16697),#9813);
#16697 = PRESENTATION_STYLE_ASSIGNMENT((#16698));
#16698 = SURFACE_STYLE_USAGE(.BOTH.,#16699);
#16699 = SURFACE_SIDE_STYLE('',(#16700));
#16700 = SURFACE_STYLE_FILL_AREA(#16701);
#16701 = FILL_AREA_STYLE('',(#16702));
#16702 = FILL_AREA_STYLE_COLOUR('',#16102);
#16703 = STYLED_ITEM('color',(#16704),#9837);
#16704 = PRESENTATION_STYLE_ASSIGNMENT((#16705));
#16705 = SURFACE_STYLE_USAGE(.BOTH.,#16706);
#16706 = SURFACE_SIDE_STYLE('',(#16707));
#16707 = SURFACE_STYLE_FILL_AREA(#16708);
#16708 = FILL_AREA_STYLE('',(#16709));
#16709 = FILL_AREA_STYLE_COLOUR('',#16102);
#16710 = STYLED_ITEM('color',(#16711),#9861);
#16711 = PRESENTATION_STYLE_ASSIGNMENT((#16712));
#16712 = SURFACE_STYLE_USAGE(.BOTH.,#16713);
#16713 = SURFACE_SIDE_STYLE('',(#16714));
#16714 = SURFACE_STYLE_FILL_AREA(#16715);
#16715 = FILL_AREA_STYLE('',(#16716));
#16716 = FILL_AREA_STYLE_COLOUR('',#16102);
#16717 = STYLED_ITEM('color',(#16718),#9878);
#16718 = PRESENTATION_STYLE_ASSIGNMENT((#16719));
#16719 = SURFACE_STYLE_USAGE(.BOTH.,#16720);
#16720 = SURFACE_SIDE_STYLE('',(#16721));
#16721 = SURFACE_STYLE_FILL_AREA(#16722);
#16722 = FILL_AREA_STYLE('',(#16723));
#16723 = FILL_AREA_STYLE_COLOUR('',#16102);
#16724 = STYLED_ITEM('color',(#16725),#9909);
#16725 = PRESENTATION_STYLE_ASSIGNMENT((#16726));
#16726 = SURFACE_STYLE_USAGE(.BOTH.,#16727);
#16727 = SURFACE_SIDE_STYLE('',(#16728));
#16728 = SURFACE_STYLE_FILL_AREA(#16729);
#16729 = FILL_AREA_STYLE('',(#16730));
#16730 = FILL_AREA_STYLE_COLOUR('',#16102);
#16731 = STYLED_ITEM('color',(#16732),#9933);
#16732 = PRESENTATION_STYLE_ASSIGNMENT((#16733));
#16733 = SURFACE_STYLE_USAGE(.BOTH.,#16734);
#16734 = SURFACE_SIDE_STYLE('',(#16735));
#16735 = SURFACE_STYLE_FILL_AREA(#16736);
#16736 = FILL_AREA_STYLE('',(#16737));
#16737 = FILL_AREA_STYLE_COLOUR('',#16102);
#16738 = STYLED_ITEM('color',(#16739),#9957);
#16739 = PRESENTATION_STYLE_ASSIGNMENT((#16740));
#16740 = SURFACE_STYLE_USAGE(.BOTH.,#16741);
#16741 = SURFACE_SIDE_STYLE('',(#16742));
#16742 = SURFACE_STYLE_FILL_AREA(#16743);
#16743 = FILL_AREA_STYLE('',(#16744));
#16744 = FILL_AREA_STYLE_COLOUR('',#16102);
#16745 = STYLED_ITEM('color',(#16746),#9974);
#16746 = PRESENTATION_STYLE_ASSIGNMENT((#16747));
#16747 = SURFACE_STYLE_USAGE(.BOTH.,#16748);
#16748 = SURFACE_SIDE_STYLE('',(#16749));
#16749 = SURFACE_STYLE_FILL_AREA(#16750);
#16750 = FILL_AREA_STYLE('',(#16751));
#16751 = FILL_AREA_STYLE_COLOUR('',#15399);
#16752 = STYLED_ITEM('color',(#16753),#9997);
#16753 = PRESENTATION_STYLE_ASSIGNMENT((#16754));
#16754 = SURFACE_STYLE_USAGE(.BOTH.,#16755);
#16755 = SURFACE_SIDE_STYLE('',(#16756));
#16756 = SURFACE_STYLE_FILL_AREA(#16757);
#16757 = FILL_AREA_STYLE('',(#16758));
#16758 = FILL_AREA_STYLE_COLOUR('',#16102);
#16759 = STYLED_ITEM('color',(#16760),#10009);
#16760 = PRESENTATION_STYLE_ASSIGNMENT((#16761));
#16761 = SURFACE_STYLE_USAGE(.BOTH.,#16762);
#16762 = SURFACE_SIDE_STYLE('',(#16763));
#16763 = SURFACE_STYLE_FILL_AREA(#16764);
#16764 = FILL_AREA_STYLE('',(#16765));
#16765 = FILL_AREA_STYLE_COLOUR('',#16102);
#16766 = STYLED_ITEM('color',(#16767),#10021);
#16767 = PRESENTATION_STYLE_ASSIGNMENT((#16768));
#16768 = SURFACE_STYLE_USAGE(.BOTH.,#16769);
#16769 = SURFACE_SIDE_STYLE('',(#16770));
#16770 = SURFACE_STYLE_FILL_AREA(#16771);
#16771 = FILL_AREA_STYLE('',(#16772));
#16772 = FILL_AREA_STYLE_COLOUR('',#16102);
#16773 = STYLED_ITEM('color',(#16774),#10033);
#16774 = PRESENTATION_STYLE_ASSIGNMENT((#16775));
#16775 = SURFACE_STYLE_USAGE(.BOTH.,#16776);
#16776 = SURFACE_SIDE_STYLE('',(#16777));
#16777 = SURFACE_STYLE_FILL_AREA(#16778);
#16778 = FILL_AREA_STYLE('',(#16779));
#16779 = FILL_AREA_STYLE_COLOUR('',#16102);
#16780 = STYLED_ITEM('color',(#16781),#10045);
#16781 = PRESENTATION_STYLE_ASSIGNMENT((#16782));
#16782 = SURFACE_STYLE_USAGE(.BOTH.,#16783);
#16783 = SURFACE_SIDE_STYLE('',(#16784));
#16784 = SURFACE_STYLE_FILL_AREA(#16785);
#16785 = FILL_AREA_STYLE('',(#16786));
#16786 = FILL_AREA_STYLE_COLOUR('',#16102);
#16787 = STYLED_ITEM('color',(#16788),#10057);
#16788 = PRESENTATION_STYLE_ASSIGNMENT((#16789));
#16789 = SURFACE_STYLE_USAGE(.BOTH.,#16790);
#16790 = SURFACE_SIDE_STYLE('',(#16791));
#16791 = SURFACE_STYLE_FILL_AREA(#16792);
#16792 = FILL_AREA_STYLE('',(#16793));
#16793 = FILL_AREA_STYLE_COLOUR('',#16102);
#16794 = STYLED_ITEM('color',(#16795),#10069);
#16795 = PRESENTATION_STYLE_ASSIGNMENT((#16796));
#16796 = SURFACE_STYLE_USAGE(.BOTH.,#16797);
#16797 = SURFACE_SIDE_STYLE('',(#16798));
#16798 = SURFACE_STYLE_FILL_AREA(#16799);
#16799 = FILL_AREA_STYLE('',(#16800));
#16800 = FILL_AREA_STYLE_COLOUR('',#16102);
#16801 = STYLED_ITEM('color',(#16802),#10081);
#16802 = PRESENTATION_STYLE_ASSIGNMENT((#16803));
#16803 = SURFACE_STYLE_USAGE(.BOTH.,#16804);
#16804 = SURFACE_SIDE_STYLE('',(#16805));
#16805 = SURFACE_STYLE_FILL_AREA(#16806);
#16806 = FILL_AREA_STYLE('',(#16807));
#16807 = FILL_AREA_STYLE_COLOUR('',#16808);
#16808 = COLOUR_RGB('',0.690999977303,0.663999984767,0.597999987832);
#16809 = STYLED_ITEM('color',(#16810),#10106);
#16810 = PRESENTATION_STYLE_ASSIGNMENT((#16811));
#16811 = SURFACE_STYLE_USAGE(.BOTH.,#16812);
#16812 = SURFACE_SIDE_STYLE('',(#16813));
#16813 = SURFACE_STYLE_FILL_AREA(#16814);
#16814 = FILL_AREA_STYLE('',(#16815));
#16815 = FILL_AREA_STYLE_COLOUR('',#16808);
#16816 = MECHANICAL_DESIGN_GEOMETRIC_PRESENTATION_REPRESENTATION('',(
    #16817,#16824,#16831,#16838,#16845,#16852,#16859,#16866,#16873,
    #16880,#16887,#16894,#16901,#16908,#16915,#16922,#16929,#16936,
    #16943,#16950,#16957,#16964,#16971,#16978,#16985,#16992,#16999,
    #17006,#17013,#17020,#17027,#17034,#17041,#17048,#17055,#17062,
    #17070,#17077,#17084,#17091,#17098,#17105,#17112,#17119,#17126,
    #17133,#17140,#17147,#17154,#17161),#14461);
#16817 = STYLED_ITEM('color',(#16818),#12940);
#16818 = PRESENTATION_STYLE_ASSIGNMENT((#16819));
#16819 = SURFACE_STYLE_USAGE(.BOTH.,#16820);
#16820 = SURFACE_SIDE_STYLE('',(#16821));
#16821 = SURFACE_STYLE_FILL_AREA(#16822);
#16822 = FILL_AREA_STYLE('',(#16823));
#16823 = FILL_AREA_STYLE_COLOUR('',#16152);
#16824 = STYLED_ITEM('color',(#16825),#12980);
#16825 = PRESENTATION_STYLE_ASSIGNMENT((#16826));
#16826 = SURFACE_STYLE_USAGE(.BOTH.,#16827);
#16827 = SURFACE_SIDE_STYLE('',(#16828));
#16828 = SURFACE_STYLE_FILL_AREA(#16829);
#16829 = FILL_AREA_STYLE('',(#16830));
#16830 = FILL_AREA_STYLE_COLOUR('',#16152);
#16831 = STYLED_ITEM('color',(#16832),#13027);
#16832 = PRESENTATION_STYLE_ASSIGNMENT((#16833));
#16833 = SURFACE_STYLE_USAGE(.BOTH.,#16834);
#16834 = SURFACE_SIDE_STYLE('',(#16835));
#16835 = SURFACE_STYLE_FILL_AREA(#16836);
#16836 = FILL_AREA_STYLE('',(#16837));
#16837 = FILL_AREA_STYLE_COLOUR('',#16152);
#16838 = STYLED_ITEM('color',(#16839),#13106);
#16839 = PRESENTATION_STYLE_ASSIGNMENT((#16840));
#16840 = SURFACE_STYLE_USAGE(.BOTH.,#16841);
#16841 = SURFACE_SIDE_STYLE('',(#16842));
#16842 = SURFACE_STYLE_FILL_AREA(#16843);
#16843 = FILL_AREA_STYLE('',(#16844));
#16844 = FILL_AREA_STYLE_COLOUR('',#16152);
#16845 = STYLED_ITEM('color',(#16846),#13130);
#16846 = PRESENTATION_STYLE_ASSIGNMENT((#16847));
#16847 = SURFACE_STYLE_USAGE(.BOTH.,#16848);
#16848 = SURFACE_SIDE_STYLE('',(#16849));
#16849 = SURFACE_STYLE_FILL_AREA(#16850);
#16850 = FILL_AREA_STYLE('',(#16851));
#16851 = FILL_AREA_STYLE_COLOUR('',#16152);
#16852 = STYLED_ITEM('color',(#16853),#13170);
#16853 = PRESENTATION_STYLE_ASSIGNMENT((#16854));
#16854 = SURFACE_STYLE_USAGE(.BOTH.,#16855);
#16855 = SURFACE_SIDE_STYLE('',(#16856));
#16856 = SURFACE_STYLE_FILL_AREA(#16857);
#16857 = FILL_AREA_STYLE('',(#16858));
#16858 = FILL_AREA_STYLE_COLOUR('',#16152);
#16859 = STYLED_ITEM('color',(#16860),#13201);
#16860 = PRESENTATION_STYLE_ASSIGNMENT((#16861));
#16861 = SURFACE_STYLE_USAGE(.BOTH.,#16862);
#16862 = SURFACE_SIDE_STYLE('',(#16863));
#16863 = SURFACE_STYLE_FILL_AREA(#16864);
#16864 = FILL_AREA_STYLE('',(#16865));
#16865 = FILL_AREA_STYLE_COLOUR('',#16152);
#16866 = STYLED_ITEM('color',(#16867),#13218);
#16867 = PRESENTATION_STYLE_ASSIGNMENT((#16868));
#16868 = SURFACE_STYLE_USAGE(.BOTH.,#16869);
#16869 = SURFACE_SIDE_STYLE('',(#16870));
#16870 = SURFACE_STYLE_FILL_AREA(#16871);
#16871 = FILL_AREA_STYLE('',(#16872));
#16872 = FILL_AREA_STYLE_COLOUR('',#15596);
#16873 = STYLED_ITEM('color',(#16874),#13251);
#16874 = PRESENTATION_STYLE_ASSIGNMENT((#16875));
#16875 = SURFACE_STYLE_USAGE(.BOTH.,#16876);
#16876 = SURFACE_SIDE_STYLE('',(#16877));
#16877 = SURFACE_STYLE_FILL_AREA(#16878);
#16878 = FILL_AREA_STYLE('',(#16879));
#16879 = FILL_AREA_STYLE_COLOUR('',#16152);
#16880 = STYLED_ITEM('color',(#16881),#13275);
#16881 = PRESENTATION_STYLE_ASSIGNMENT((#16882));
#16882 = SURFACE_STYLE_USAGE(.BOTH.,#16883);
#16883 = SURFACE_SIDE_STYLE('',(#16884));
#16884 = SURFACE_STYLE_FILL_AREA(#16885);
#16885 = FILL_AREA_STYLE('',(#16886));
#16886 = FILL_AREA_STYLE_COLOUR('',#15596);
#16887 = STYLED_ITEM('color',(#16888),#13342);
#16888 = PRESENTATION_STYLE_ASSIGNMENT((#16889));
#16889 = SURFACE_STYLE_USAGE(.BOTH.,#16890);
#16890 = SURFACE_SIDE_STYLE('',(#16891));
#16891 = SURFACE_STYLE_FILL_AREA(#16892);
#16892 = FILL_AREA_STYLE('',(#16893));
#16893 = FILL_AREA_STYLE_COLOUR('',#16152);
#16894 = STYLED_ITEM('color',(#16895),#13463);
#16895 = PRESENTATION_STYLE_ASSIGNMENT((#16896));
#16896 = SURFACE_STYLE_USAGE(.BOTH.,#16897);
#16897 = SURFACE_SIDE_STYLE('',(#16898));
#16898 = SURFACE_STYLE_FILL_AREA(#16899);
#16899 = FILL_AREA_STYLE('',(#16900));
#16900 = FILL_AREA_STYLE_COLOUR('',#15596);
#16901 = STYLED_ITEM('color',(#16902),#13530);
#16902 = PRESENTATION_STYLE_ASSIGNMENT((#16903));
#16903 = SURFACE_STYLE_USAGE(.BOTH.,#16904);
#16904 = SURFACE_SIDE_STYLE('',(#16905));
#16905 = SURFACE_STYLE_FILL_AREA(#16906);
#16906 = FILL_AREA_STYLE('',(#16907));
#16907 = FILL_AREA_STYLE_COLOUR('',#16152);
#16908 = STYLED_ITEM('color',(#16909),#13554);
#16909 = PRESENTATION_STYLE_ASSIGNMENT((#16910));
#16910 = SURFACE_STYLE_USAGE(.BOTH.,#16911);
#16911 = SURFACE_SIDE_STYLE('',(#16912));
#16912 = SURFACE_STYLE_FILL_AREA(#16913);
#16913 = FILL_AREA_STYLE('',(#16914));
#16914 = FILL_AREA_STYLE_COLOUR('',#16152);
#16915 = STYLED_ITEM('color',(#16916),#13585);
#16916 = PRESENTATION_STYLE_ASSIGNMENT((#16917));
#16917 = SURFACE_STYLE_USAGE(.BOTH.,#16918);
#16918 = SURFACE_SIDE_STYLE('',(#16919));
#16919 = SURFACE_STYLE_FILL_AREA(#16920);
#16920 = FILL_AREA_STYLE('',(#16921));
#16921 = FILL_AREA_STYLE_COLOUR('',#15596);
#16922 = STYLED_ITEM('color',(#16923),#13618);
#16923 = PRESENTATION_STYLE_ASSIGNMENT((#16924));
#16924 = SURFACE_STYLE_USAGE(.BOTH.,#16925);
#16925 = SURFACE_SIDE_STYLE('',(#16926));
#16926 = SURFACE_STYLE_FILL_AREA(#16927);
#16927 = FILL_AREA_STYLE('',(#16928));
#16928 = FILL_AREA_STYLE_COLOUR('',#16152);
#16929 = STYLED_ITEM('color',(#16930),#13674);
#16930 = PRESENTATION_STYLE_ASSIGNMENT((#16931));
#16931 = SURFACE_STYLE_USAGE(.BOTH.,#16932);
#16932 = SURFACE_SIDE_STYLE('',(#16933));
#16933 = SURFACE_STYLE_FILL_AREA(#16934);
#16934 = FILL_AREA_STYLE('',(#16935));
#16935 = FILL_AREA_STYLE_COLOUR('',#15596);
#16936 = STYLED_ITEM('color',(#16937),#13698);
#16937 = PRESENTATION_STYLE_ASSIGNMENT((#16938));
#16938 = SURFACE_STYLE_USAGE(.BOTH.,#16939);
#16939 = SURFACE_SIDE_STYLE('',(#16940));
#16940 = SURFACE_STYLE_FILL_AREA(#16941);
#16941 = FILL_AREA_STYLE('',(#16942));
#16942 = FILL_AREA_STYLE_COLOUR('',#15596);
#16943 = STYLED_ITEM('color',(#16944),#13722);
#16944 = PRESENTATION_STYLE_ASSIGNMENT((#16945));
#16945 = SURFACE_STYLE_USAGE(.BOTH.,#16946);
#16946 = SURFACE_SIDE_STYLE('',(#16947));
#16947 = SURFACE_STYLE_FILL_AREA(#16948);
#16948 = FILL_AREA_STYLE('',(#16949));
#16949 = FILL_AREA_STYLE_COLOUR('',#15596);
#16950 = STYLED_ITEM('color',(#16951),#13746);
#16951 = PRESENTATION_STYLE_ASSIGNMENT((#16952));
#16952 = SURFACE_STYLE_USAGE(.BOTH.,#16953);
#16953 = SURFACE_SIDE_STYLE('',(#16954));
#16954 = SURFACE_STYLE_FILL_AREA(#16955);
#16955 = FILL_AREA_STYLE('',(#16956));
#16956 = FILL_AREA_STYLE_COLOUR('',#15596);
#16957 = STYLED_ITEM('color',(#16958),#13779);
#16958 = PRESENTATION_STYLE_ASSIGNMENT((#16959));
#16959 = SURFACE_STYLE_USAGE(.BOTH.,#16960);
#16960 = SURFACE_SIDE_STYLE('',(#16961));
#16961 = SURFACE_STYLE_FILL_AREA(#16962);
#16962 = FILL_AREA_STYLE('',(#16963));
#16963 = FILL_AREA_STYLE_COLOUR('',#15596);
#16964 = STYLED_ITEM('color',(#16965),#13791);
#16965 = PRESENTATION_STYLE_ASSIGNMENT((#16966));
#16966 = SURFACE_STYLE_USAGE(.BOTH.,#16967);
#16967 = SURFACE_SIDE_STYLE('',(#16968));
#16968 = SURFACE_STYLE_FILL_AREA(#16969);
#16969 = FILL_AREA_STYLE('',(#16970));
#16970 = FILL_AREA_STYLE_COLOUR('',#15596);
#16971 = STYLED_ITEM('color',(#16972),#13854);
#16972 = PRESENTATION_STYLE_ASSIGNMENT((#16973));
#16973 = SURFACE_STYLE_USAGE(.BOTH.,#16974);
#16974 = SURFACE_SIDE_STYLE('',(#16975));
#16975 = SURFACE_STYLE_FILL_AREA(#16976);
#16976 = FILL_AREA_STYLE('',(#16977));
#16977 = FILL_AREA_STYLE_COLOUR('',#15596);
#16978 = STYLED_ITEM('color',(#16979),#13879);
#16979 = PRESENTATION_STYLE_ASSIGNMENT((#16980));
#16980 = SURFACE_STYLE_USAGE(.BOTH.,#16981);
#16981 = SURFACE_SIDE_STYLE('',(#16982));
#16982 = SURFACE_STYLE_FILL_AREA(#16983);
#16983 = FILL_AREA_STYLE('',(#16984));
#16984 = FILL_AREA_STYLE_COLOUR('',#15596);
#16985 = STYLED_ITEM('color',(#16986),#13896);
#16986 = PRESENTATION_STYLE_ASSIGNMENT((#16987));
#16987 = SURFACE_STYLE_USAGE(.BOTH.,#16988);
#16988 = SURFACE_SIDE_STYLE('',(#16989));
#16989 = SURFACE_STYLE_FILL_AREA(#16990);
#16990 = FILL_AREA_STYLE('',(#16991));
#16991 = FILL_AREA_STYLE_COLOUR('',#15596);
#16992 = STYLED_ITEM('color',(#16993),#13920);
#16993 = PRESENTATION_STYLE_ASSIGNMENT((#16994));
#16994 = SURFACE_STYLE_USAGE(.BOTH.,#16995);
#16995 = SURFACE_SIDE_STYLE('',(#16996));
#16996 = SURFACE_STYLE_FILL_AREA(#16997);
#16997 = FILL_AREA_STYLE('',(#16998));
#16998 = FILL_AREA_STYLE_COLOUR('',#15596);
#16999 = STYLED_ITEM('color',(#17000),#13938);
#17000 = PRESENTATION_STYLE_ASSIGNMENT((#17001));
#17001 = SURFACE_STYLE_USAGE(.BOTH.,#17002);
#17002 = SURFACE_SIDE_STYLE('',(#17003));
#17003 = SURFACE_STYLE_FILL_AREA(#17004);
#17004 = FILL_AREA_STYLE('',(#17005));
#17005 = FILL_AREA_STYLE_COLOUR('',#15596);
#17006 = STYLED_ITEM('color',(#17007),#13956);
#17007 = PRESENTATION_STYLE_ASSIGNMENT((#17008));
#17008 = SURFACE_STYLE_USAGE(.BOTH.,#17009);
#17009 = SURFACE_SIDE_STYLE('',(#17010));
#17010 = SURFACE_STYLE_FILL_AREA(#17011);
#17011 = FILL_AREA_STYLE('',(#17012));
#17012 = FILL_AREA_STYLE_COLOUR('',#15596);
#17013 = STYLED_ITEM('color',(#17014),#13974);
#17014 = PRESENTATION_STYLE_ASSIGNMENT((#17015));
#17015 = SURFACE_STYLE_USAGE(.BOTH.,#17016);
#17016 = SURFACE_SIDE_STYLE('',(#17017));
#17017 = SURFACE_STYLE_FILL_AREA(#17018);
#17018 = FILL_AREA_STYLE('',(#17019));
#17019 = FILL_AREA_STYLE_COLOUR('',#15596);
#17020 = STYLED_ITEM('color',(#17021),#13991);
#17021 = PRESENTATION_STYLE_ASSIGNMENT((#17022));
#17022 = SURFACE_STYLE_USAGE(.BOTH.,#17023);
#17023 = SURFACE_SIDE_STYLE('',(#17024));
#17024 = SURFACE_STYLE_FILL_AREA(#17025);
#17025 = FILL_AREA_STYLE('',(#17026));
#17026 = FILL_AREA_STYLE_COLOUR('',#15596);
#17027 = STYLED_ITEM('color',(#17028),#14008);
#17028 = PRESENTATION_STYLE_ASSIGNMENT((#17029));
#17029 = SURFACE_STYLE_USAGE(.BOTH.,#17030);
#17030 = SURFACE_SIDE_STYLE('',(#17031));
#17031 = SURFACE_STYLE_FILL_AREA(#17032);
#17032 = FILL_AREA_STYLE('',(#17033));
#17033 = FILL_AREA_STYLE_COLOUR('',#15596);
#17034 = STYLED_ITEM('color',(#17035),#14039);
#17035 = PRESENTATION_STYLE_ASSIGNMENT((#17036));
#17036 = SURFACE_STYLE_USAGE(.BOTH.,#17037);
#17037 = SURFACE_SIDE_STYLE('',(#17038));
#17038 = SURFACE_STYLE_FILL_AREA(#17039);
#17039 = FILL_AREA_STYLE('',(#17040));
#17040 = FILL_AREA_STYLE_COLOUR('',#15596);
#17041 = STYLED_ITEM('color',(#17042),#14064);
#17042 = PRESENTATION_STYLE_ASSIGNMENT((#17043));
#17043 = SURFACE_STYLE_USAGE(.BOTH.,#17044);
#17044 = SURFACE_SIDE_STYLE('',(#17045));
#17045 = SURFACE_STYLE_FILL_AREA(#17046);
#17046 = FILL_AREA_STYLE('',(#17047));
#17047 = FILL_AREA_STYLE_COLOUR('',#15596);
#17048 = STYLED_ITEM('color',(#17049),#14089);
#17049 = PRESENTATION_STYLE_ASSIGNMENT((#17050));
#17050 = SURFACE_STYLE_USAGE(.BOTH.,#17051);
#17051 = SURFACE_SIDE_STYLE('',(#17052));
#17052 = SURFACE_STYLE_FILL_AREA(#17053);
#17053 = FILL_AREA_STYLE('',(#17054));
#17054 = FILL_AREA_STYLE_COLOUR('',#15596);
#17055 = STYLED_ITEM('color',(#17056),#14113);
#17056 = PRESENTATION_STYLE_ASSIGNMENT((#17057));
#17057 = SURFACE_STYLE_USAGE(.BOTH.,#17058);
#17058 = SURFACE_SIDE_STYLE('',(#17059));
#17059 = SURFACE_STYLE_FILL_AREA(#17060);
#17060 = FILL_AREA_STYLE('',(#17061));
#17061 = FILL_AREA_STYLE_COLOUR('',#15596);
#17062 = STYLED_ITEM('color',(#17063),#14130);
#17063 = PRESENTATION_STYLE_ASSIGNMENT((#17064));
#17064 = SURFACE_STYLE_USAGE(.BOTH.,#17065);
#17065 = SURFACE_SIDE_STYLE('',(#17066));
#17066 = SURFACE_STYLE_FILL_AREA(#17067);
#17067 = FILL_AREA_STYLE('',(#17068));
#17068 = FILL_AREA_STYLE_COLOUR('',#17069);
#17069 = COLOUR_RGB('',0.340000006699,0.68000001254,0.444999988852);
#17070 = STYLED_ITEM('color',(#17071),#14161);
#17071 = PRESENTATION_STYLE_ASSIGNMENT((#17072));
#17072 = SURFACE_STYLE_USAGE(.BOTH.,#17073);
#17073 = SURFACE_SIDE_STYLE('',(#17074));
#17074 = SURFACE_STYLE_FILL_AREA(#17075);
#17075 = FILL_AREA_STYLE('',(#17076));
#17076 = FILL_AREA_STYLE_COLOUR('',#17069);
#17077 = STYLED_ITEM('color',(#17078),#14185);
#17078 = PRESENTATION_STYLE_ASSIGNMENT((#17079));
#17079 = SURFACE_STYLE_USAGE(.BOTH.,#17080);
#17080 = SURFACE_SIDE_STYLE('',(#17081));
#17081 = SURFACE_STYLE_FILL_AREA(#17082);
#17082 = FILL_AREA_STYLE('',(#17083));
#17083 = FILL_AREA_STYLE_COLOUR('',#17069);
#17084 = STYLED_ITEM('color',(#17085),#14202);
#17085 = PRESENTATION_STYLE_ASSIGNMENT((#17086));
#17086 = SURFACE_STYLE_USAGE(.BOTH.,#17087);
#17087 = SURFACE_SIDE_STYLE('',(#17088));
#17088 = SURFACE_STYLE_FILL_AREA(#17089);
#17089 = FILL_AREA_STYLE('',(#17090));
#17090 = FILL_AREA_STYLE_COLOUR('',#15596);
#17091 = STYLED_ITEM('color',(#17092),#14230);
#17092 = PRESENTATION_STYLE_ASSIGNMENT((#17093));
#17093 = SURFACE_STYLE_USAGE(.BOTH.,#17094);
#17094 = SURFACE_SIDE_STYLE('',(#17095));
#17095 = SURFACE_STYLE_FILL_AREA(#17096);
#17096 = FILL_AREA_STYLE('',(#17097));
#17097 = FILL_AREA_STYLE_COLOUR('',#15596);
#17098 = STYLED_ITEM('color',(#17099),#14255);
#17099 = PRESENTATION_STYLE_ASSIGNMENT((#17100));
#17100 = SURFACE_STYLE_USAGE(.BOTH.,#17101);
#17101 = SURFACE_SIDE_STYLE('',(#17102));
#17102 = SURFACE_STYLE_FILL_AREA(#17103);
#17103 = FILL_AREA_STYLE('',(#17104));
#17104 = FILL_AREA_STYLE_COLOUR('',#15596);
#17105 = STYLED_ITEM('color',(#17106),#14279);
#17106 = PRESENTATION_STYLE_ASSIGNMENT((#17107));
#17107 = SURFACE_STYLE_USAGE(.BOTH.,#17108);
#17108 = SURFACE_SIDE_STYLE('',(#17109));
#17109 = SURFACE_STYLE_FILL_AREA(#17110);
#17110 = FILL_AREA_STYLE('',(#17111));
#17111 = FILL_AREA_STYLE_COLOUR('',#15596);
#17112 = STYLED_ITEM('color',(#17113),#14304);
#17113 = PRESENTATION_STYLE_ASSIGNMENT((#17114));
#17114 = SURFACE_STYLE_USAGE(.BOTH.,#17115);
#17115 = SURFACE_SIDE_STYLE('',(#17116));
#17116 = SURFACE_STYLE_FILL_AREA(#17117);
#17117 = FILL_AREA_STYLE('',(#17118));
#17118 = FILL_AREA_STYLE_COLOUR('',#15596);
#17119 = STYLED_ITEM('color',(#17120),#14351);
#17120 = PRESENTATION_STYLE_ASSIGNMENT((#17121));
#17121 = SURFACE_STYLE_USAGE(.BOTH.,#17122);
#17122 = SURFACE_SIDE_STYLE('',(#17123));
#17123 = SURFACE_STYLE_FILL_AREA(#17124);
#17124 = FILL_AREA_STYLE('',(#17125));
#17125 = FILL_AREA_STYLE_COLOUR('',#15596);
#17126 = STYLED_ITEM('color',(#17127),#14368);
#17127 = PRESENTATION_STYLE_ASSIGNMENT((#17128));
#17128 = SURFACE_STYLE_USAGE(.BOTH.,#17129);
#17129 = SURFACE_SIDE_STYLE('',(#17130));
#17130 = SURFACE_STYLE_FILL_AREA(#17131);
#17131 = FILL_AREA_STYLE('',(#17132));
#17132 = FILL_AREA_STYLE_COLOUR('',#15596);
#17133 = STYLED_ITEM('color',(#17134),#14380);
#17134 = PRESENTATION_STYLE_ASSIGNMENT((#17135));
#17135 = SURFACE_STYLE_USAGE(.BOTH.,#17136);
#17136 = SURFACE_SIDE_STYLE('',(#17137));
#17137 = SURFACE_STYLE_FILL_AREA(#17138);
#17138 = FILL_AREA_STYLE('',(#17139));
#17139 = FILL_AREA_STYLE_COLOUR('',#15596);
#17140 = STYLED_ITEM('color',(#17141),#14402);
#17141 = PRESENTATION_STYLE_ASSIGNMENT((#17142));
#17142 = SURFACE_STYLE_USAGE(.BOTH.,#17143);
#17143 = SURFACE_SIDE_STYLE('',(#17144));
#17144 = SURFACE_STYLE_FILL_AREA(#17145);
#17145 = FILL_AREA_STYLE('',(#17146));
#17146 = FILL_AREA_STYLE_COLOUR('',#15596);
#17147 = STYLED_ITEM('color',(#17148),#14414);
#17148 = PRESENTATION_STYLE_ASSIGNMENT((#17149));
#17149 = SURFACE_STYLE_USAGE(.BOTH.,#17150);
#17150 = SURFACE_SIDE_STYLE('',(#17151));
#17151 = SURFACE_STYLE_FILL_AREA(#17152);
#17152 = FILL_AREA_STYLE('',(#17153));
#17153 = FILL_AREA_STYLE_COLOUR('',#15596);
#17154 = STYLED_ITEM('color',(#17155),#14432);
#17155 = PRESENTATION_STYLE_ASSIGNMENT((#17156));
#17156 = SURFACE_STYLE_USAGE(.BOTH.,#17157);
#17157 = SURFACE_SIDE_STYLE('',(#17158));
#17158 = SURFACE_STYLE_FILL_AREA(#17159);
#17159 = FILL_AREA_STYLE('',(#17160));
#17160 = FILL_AREA_STYLE_COLOUR('',#15596);
#17161 = STYLED_ITEM('color',(#17162),#14450);
#17162 = PRESENTATION_STYLE_ASSIGNMENT((#17163));
#17163 = SURFACE_STYLE_USAGE(.BOTH.,#17164);
#17164 = SURFACE_SIDE_STYLE('',(#17165));
#17165 = SURFACE_STYLE_FILL_AREA(#17166);
#17166 = FILL_AREA_STYLE('',(#17167));
#17167 = FILL_AREA_STYLE_COLOUR('',#17069);
#17168 = MECHANICAL_DESIGN_GEOMETRIC_PRESENTATION_REPRESENTATION('',(
    #17169),#15380);
#17169 = STYLED_ITEM('color',(#17170),#14505);
#17170 = PRESENTATION_STYLE_ASSIGNMENT((#17171));
#17171 = SURFACE_STYLE_USAGE(.BOTH.,#17172);
#17172 = SURFACE_SIDE_STYLE('',(#17173));
#17173 = SURFACE_STYLE_FILL_AREA(#17174);
#17174 = FILL_AREA_STYLE('',(#17175));
#17175 = FILL_AREA_STYLE_COLOUR('',#17176);
#17176 = COLOUR_RGB('',0.313304153717,0.484529207832,0.410020903123);
ENDSEC;
END-ISO-10303-21;
