2026-01-10 15:43:19,753 [INFO] Activator:176 - 


2026-01-10 15:43:19,756 [INFO] Activator:177 - !SESSION log4j initialized
2026-01-10 15:43:22,667 [ERROR] LogOutputStream:75 - [STDERR_REDIRECT] 
2026-01-10 15:43:25,405 [INFO] LogOutputStream:77 - [STDOUT_REDIRECT] 
2026-01-10 15:43:29,384 [INFO] ApplicationProperties:184 - Using Application install path: /Applications/STM32CubeIDE.app/Contents/Eclipse/plugins/com.st.stm32cube.common.mx_6.15.0.202507011659
2026-01-10 15:43:29,403 [INFO] DbMcusXml:78 - Set database path to: /Applications/STM32CubeIDE.app/Contents/Eclipse/plugins/com.st.stm32cube.common.mx_6.15.0.202507011659//db//mcu/
2026-01-10 15:43:29,404 [INFO] ApiDb:274 - Set plugin database path to: /Applications/STM32CubeIDE.app/Contents/Eclipse/plugins/com.st.stm32cube.common.mx_6.15.0.202507011659//db//plugins/boardmanager/
2026-01-10 15:43:29,404 [WARN] ApiDb:259 - Overriding images path with different value:  => /Applications/STM32CubeIDE.app/Contents/Eclipse/plugins/com.st.stm32cube.common.mx_6.15.0.202507011659//db//plugins/mcufinder/images/
2026-01-10 15:43:29,412 [INFO] ApiDb:250 - Set database path to: /Users/karthikkurapati/.stmcufinder/plugins/mcufinder//mcu/
2026-01-10 15:43:29,413 [INFO] DbMcusAds:125 - Set database path to: /Users/karthikkurapati/.stmcufinder/plugins/mcufinder//mcu/
2026-01-10 15:43:29,415 [INFO] CrossReferenceDbSqlite:203 - Set database path to: /Users/karthikkurapati/.stmcufinder/plugins/mcufinder//mcu/cs/
2026-01-10 15:43:29,658 [INFO] RulesReader:64 - Compatibility file has been processed (317 Rules)
2026-01-10 15:43:29,745 [INFO] DbMcusXml:78 - Set database path to: /Applications/STM32CubeIDE.app/Contents/Eclipse/plugins/com.st.stm32cube.common.mx_6.15.0.202507011659//db//mcu/
2026-01-10 15:43:29,745 [INFO] ApiDb:274 - Set plugin database path to: /Applications/STM32CubeIDE.app/Contents/Eclipse/plugins/com.st.stm32cube.common.mx_6.15.0.202507011659//db//plugins/boardmanager/
2026-01-10 15:43:29,746 [INFO] ApiDb:261 - Set plugin images path to: /Applications/STM32CubeIDE.app/Contents/Eclipse/plugins/com.st.stm32cube.common.mx_6.15.0.202507011659//db//plugins/mcufinder/images/
2026-01-10 15:43:29,747 [WARN] DbFile:41 - Overriding database path with different value: /Users/karthikkurapati/.stmcufinder/plugins/mcufinder/ => /Users/karthikkurapati/.stmcufinder/plugins/mcufinder
2026-01-10 15:43:29,747 [INFO] ApiDb:250 - Set database path to: /Users/karthikkurapati/.stmcufinder/plugins/mcufinder//mcu/
2026-01-10 15:43:29,747 [WARN] DbFile:41 - Overriding database path with different value: /Users/karthikkurapati/.stmcufinder/plugins/mcufinder/ => /Users/karthikkurapati/.stmcufinder/plugins/mcufinder
2026-01-10 15:43:29,747 [INFO] DbMcusAds:125 - Set database path to: /Users/karthikkurapati/.stmcufinder/plugins/mcufinder//mcu/
2026-01-10 15:43:29,747 [WARN] DbFile:41 - Overriding database path with different value: /Users/karthikkurapati/.stmcufinder/plugins/mcufinder/ => /Users/karthikkurapati/.stmcufinder/plugins/mcufinder
2026-01-10 15:43:29,747 [WARN] DbFile:41 - Overriding database path with different value: /Users/karthikkurapati/.stmcufinder/plugins/mcufinder/ => /Users/karthikkurapati/.stmcufinder/plugins/mcufinder
2026-01-10 15:43:29,747 [INFO] CrossReferenceDbSqlite:203 - Set database path to: /Users/karthikkurapati/.stmcufinder/plugins/mcufinder//mcu/cs/
2026-01-10 15:43:29,861 [INFO] MainPanel:274 - HeapMemory: 268435456
2026-01-10 15:43:30,461 [INFO] DbMcusXml:78 - Set database path to: /Applications/STM32CubeIDE.app/Contents/Eclipse/plugins/com.st.stm32cube.common.mx_6.15.0.202507011659//db//mcu/
2026-01-10 15:43:30,462 [INFO] ApiDb:274 - Set plugin database path to: /Applications/STM32CubeIDE.app/Contents/Eclipse/plugins/com.st.stm32cube.common.mx_6.15.0.202507011659//db//plugins/boardmanager/
2026-01-10 15:43:30,462 [INFO] ApiDb:261 - Set plugin images path to: /Applications/STM32CubeIDE.app/Contents/Eclipse/plugins/com.st.stm32cube.common.mx_6.15.0.202507011659//db//plugins/mcufinder/images/
2026-01-10 15:43:30,463 [WARN] DbFile:41 - Overriding database path with different value: /Users/karthikkurapati/.stmcufinder/plugins/mcufinder/ => /Users/karthikkurapati/.stmcufinder/plugins/mcufinder
2026-01-10 15:43:30,463 [INFO] ApiDb:250 - Set database path to: /Users/karthikkurapati/.stmcufinder/plugins/mcufinder//mcu/
2026-01-10 15:43:30,463 [WARN] DbFile:41 - Overriding database path with different value: /Users/karthikkurapati/.stmcufinder/plugins/mcufinder/ => /Users/karthikkurapati/.stmcufinder/plugins/mcufinder
2026-01-10 15:43:30,463 [INFO] DbMcusAds:125 - Set database path to: /Users/karthikkurapati/.stmcufinder/plugins/mcufinder//mcu/
2026-01-10 15:43:30,463 [WARN] DbFile:41 - Overriding database path with different value: /Users/karthikkurapati/.stmcufinder/plugins/mcufinder/ => /Users/karthikkurapati/.stmcufinder/plugins/mcufinder
2026-01-10 15:43:30,463 [WARN] DbFile:41 - Overriding database path with different value: /Users/karthikkurapati/.stmcufinder/plugins/mcufinder/ => /Users/karthikkurapati/.stmcufinder/plugins/mcufinder
2026-01-10 15:43:30,464 [INFO] CrossReferenceDbSqlite:203 - Set database path to: /Users/karthikkurapati/.stmcufinder/plugins/mcufinder//mcu/cs/
2026-01-10 15:43:30,498 [INFO] ApplicationProperties:184 - Using Application install path: /Applications/STM32CubeIDE.app/Contents/Eclipse/plugins/com.st.stm32cube.common.mx_6.15.0.202507011659
2026-01-10 15:43:30,501 [INFO] PluginManage:196 - Search for loadable plugins [exclusion list=, ]
2026-01-10 15:43:30,504 [INFO] PluginManage:310 - Check plugin analytics
2026-01-10 15:43:30,806 [INFO] AnalyticsPlugin:253 - Accepted Software Licenses: 
2026-01-10 15:43:30,806 [INFO] AnalyticsPlugin:255 - Accepted CMSIS Pack Licenses: 
2026-01-10 15:43:30,806 [INFO] AnalyticsPlugin:257 - Accepted Firmware Licenses: 
2026-01-10 15:43:30,822 [INFO] PluginManage:359 - Loaded plugin analytics (category:tool,tabindex:-1)
2026-01-10 15:43:30,824 [INFO] PluginManage:310 - Check plugin cadmodel
2026-01-10 15:43:30,835 [INFO] CADModel:105 - Init CAD model plugin
2026-01-10 15:43:30,835 [INFO] PluginManage:359 - Loaded plugin cadmodel (category:power,tabindex:5)
2026-01-10 15:43:30,836 [INFO] PluginManage:310 - Check plugin clock
2026-01-10 15:43:30,848 [INFO] PluginManage:359 - Loaded plugin clock (category:base,tabindex:2)
2026-01-10 15:43:30,848 [INFO] PluginManage:310 - Check plugin ddr
2026-01-10 15:43:30,850 [INFO] PluginManage:359 - Loaded plugin ddr (category:tool,tabindex:6)
2026-01-10 15:43:30,851 [INFO] PluginManage:310 - Check plugin filemanager
2026-01-10 15:43:31,550 [INFO] PluginManage:359 - Loaded plugin filemanager (category:base,tabindex:10)
2026-01-10 15:43:31,555 [INFO] PluginManage:310 - Check plugin ipmanager
2026-01-10 15:43:31,607 [INFO] PluginManage:359 - Loaded plugin ipmanager (category:base,tabindex:5)
2026-01-10 15:43:31,610 [INFO] PluginManage:310 - Check plugin lpbam
2026-01-10 15:43:31,649 [INFO] PluginManage:359 - Loaded plugin lpbam (category:base,tabindex:0)
2026-01-10 15:43:31,650 [INFO] PluginManage:310 - Check plugin memorymap
2026-01-10 15:43:31,670 [INFO] PluginManage:359 - Loaded plugin memorymap (category:base,tabindex:4)
2026-01-10 15:43:31,670 [INFO] PluginManage:310 - Check plugin pinoutandconfiguration
2026-01-10 15:43:31,684 [INFO] PluginManage:359 - Loaded plugin pinoutandconfiguration (category:base,tabindex:1)
2026-01-10 15:43:31,685 [INFO] PluginManage:310 - Check plugin pinoutconfig
2026-01-10 15:43:31,830 [WARN] SupportedApi:132 - Cannot load RTOS API schema: s4s-elt-must-match.1: The content of 'definitions' must match (annotation?, (simpleType | complexType)?, (unique | key | keyref)*)). A problem was found starting at: attribute.
2026-01-10 15:43:32,226 [INFO] PluginManage:359 - Loaded plugin pinoutconfig (category:base,tabindex:0)
2026-01-10 15:43:32,227 [INFO] PluginManage:310 - Check plugin power
2026-01-10 15:43:32,257 [INFO] PluginManage:359 - Loaded plugin power (category:power,tabindex:4)
2026-01-10 15:43:32,257 [INFO] PluginManage:310 - Check plugin projectmanager
2026-01-10 15:43:32,309 [INFO] PluginManage:359 - Loaded plugin projectmanager (category:projectmanager,tabindex:4)
2026-01-10 15:43:32,310 [INFO] PluginManage:310 - Check plugin rif
2026-01-10 15:43:32,321 [INFO] PluginManage:359 - Loaded plugin rif (category:base,tabindex:3)
2026-01-10 15:43:32,321 [INFO] PluginManage:310 - Check plugin thirdparty
2026-01-10 15:43:32,606 [INFO] PluginManage:359 - Loaded plugin thirdparty (category:base,tabindex:-1)
2026-01-10 15:43:32,607 [INFO] PluginManage:310 - Check plugin tools
2026-01-10 15:43:32,614 [INFO] PluginManage:359 - Loaded plugin tools (category:base,tabindex:7)
2026-01-10 15:43:32,606 [WARN] IntegrityCheckThread:84 - waiting for thirdparty lock release [integrity check]
2026-01-10 15:43:32,614 [INFO] PluginManage:310 - Check plugin tutovideos
2026-01-10 15:43:32,614 [INFO] IntegrityCheckThread:86 - entering critical section [integrity check]
2026-01-10 15:43:32,618 [INFO] ThirdPartyUpdaterWithRetryManager:70 - Updater plugin not ready yet. [1/15]
2026-01-10 15:43:32,919 [INFO] PluginManage:359 - Loaded plugin tutovideos (category:base,tabindex:-1)
2026-01-10 15:43:32,920 [INFO] PluginManage:310 - Check plugin updater
2026-01-10 15:43:32,964 [INFO] PluginManage:359 - Loaded plugin updater (category:base,tabindex:12)
2026-01-10 15:43:32,964 [INFO] PluginManage:310 - Check plugin userauth
2026-01-10 15:43:32,973 [INFO] UserAuth:118 - Init User Auth plugin
2026-01-10 15:43:32,976 [INFO] PluginManage:359 - Loaded plugin userauth (category:base,tabindex:14)
2026-01-10 15:43:32,978 [INFO] PluginManage:283 - PluginManage : Loaded plugins [18]
2026-01-10 15:43:33,328 [INFO] PinOutPanel:1589 - setPackage(No Configuration,No Configuration)
2026-01-10 15:43:33,447 [INFO] CADModel:165 - CPN selected for project level
2026-01-10 15:43:33,448 [INFO] CADModel:114 - Register for checkConnection events
2026-01-10 15:43:33,467 [INFO] IPUIPlugin:80 - create IPUIPlugin
2026-01-10 15:43:33,468 [INFO] PluginManager:220 - loadIPPluginJar : add mdma
2026-01-10 15:43:33,479 [INFO] IPUIPlugin:80 - create IPUIPlugin
2026-01-10 15:43:33,480 [INFO] PluginManager:220 - loadIPPluginJar : add freertos
2026-01-10 15:43:33,486 [INFO] IPUIPlugin:80 - create IPUIPlugin
2026-01-10 15:43:33,486 [INFO] PluginManager:220 - loadIPPluginJar : add gic
2026-01-10 15:43:33,497 [INFO] IPUIPlugin:80 - create IPUIPlugin
2026-01-10 15:43:33,498 [INFO] PluginManager:220 - loadIPPluginJar : add adc
2026-01-10 15:43:33,501 [INFO] IPUIPlugin:80 - create IPUIPlugin
2026-01-10 15:43:33,501 [INFO] PluginManager:220 - loadIPPluginJar : add gtzc
2026-01-10 15:43:33,502 [INFO] IPUIPlugin:80 - create IPUIPlugin
2026-01-10 15:43:33,502 [INFO] PluginManager:220 - loadIPPluginJar : add quadspi
2026-01-10 15:43:33,505 [INFO] IPUIPlugin:80 - create IPUIPlugin
2026-01-10 15:43:33,505 [INFO] PluginManager:220 - loadIPPluginJar : add aes
2026-01-10 15:43:33,508 [INFO] IPUIPlugin:80 - create IPUIPlugin
2026-01-10 15:43:33,508 [INFO] PluginManager:220 - loadIPPluginJar : add pdm2pcm
2026-01-10 15:43:33,511 [INFO] IPUIPlugin:80 - create IPUIPlugin
2026-01-10 15:43:33,512 [INFO] PluginManager:220 - loadIPPluginJar : add hash
2026-01-10 15:43:33,514 [INFO] IPUIPlugin:80 - create IPUIPlugin
2026-01-10 15:43:33,514 [INFO] PluginManager:220 - loadIPPluginJar : add tim
2026-01-10 15:43:33,515 [INFO] IPUIPlugin:80 - create IPUIPlugin
2026-01-10 15:43:33,516 [INFO] PluginManager:220 - loadIPPluginJar : add tsc
2026-01-10 15:43:33,520 [INFO] IPUIPlugin:80 - create IPUIPlugin
2026-01-10 15:43:33,520 [INFO] PluginManager:220 - loadIPPluginJar : add extmemmanager
2026-01-10 15:43:33,523 [INFO] IPUIPlugin:80 - create IPUIPlugin
2026-01-10 15:43:33,523 [INFO] PluginManager:220 - loadIPPluginJar : add ts
2026-01-10 15:43:33,525 [INFO] IPUIPlugin:80 - create IPUIPlugin
2026-01-10 15:43:33,525 [INFO] PluginManager:220 - loadIPPluginJar : add radio
2026-01-10 15:43:33,528 [INFO] IPUIPlugin:80 - create IPUIPlugin
2026-01-10 15:43:33,528 [INFO] PluginManager:220 - loadIPPluginJar : add can
2026-01-10 15:43:33,530 [INFO] IPUIPlugin:80 - create IPUIPlugin
2026-01-10 15:43:33,530 [INFO] PluginManager:220 - loadIPPluginJar : add dma3
2026-01-10 15:43:33,533 [INFO] IPUIPlugin:80 - create IPUIPlugin
2026-01-10 15:43:33,534 [INFO] PluginManager:220 - loadIPPluginJar : add dfsdm
2026-01-10 15:43:33,536 [INFO] IPUIPlugin:80 - create IPUIPlugin
2026-01-10 15:43:33,536 [INFO] PluginManager:220 - loadIPPluginJar : add spi
2026-01-10 15:43:33,539 [INFO] IPUIPlugin:80 - create IPUIPlugin
2026-01-10 15:43:33,540 [INFO] PluginManager:220 - loadIPPluginJar : add gfxmmu
2026-01-10 15:43:33,541 [INFO] IPUIPlugin:80 - create IPUIPlugin
2026-01-10 15:43:33,541 [INFO] PluginManager:220 - loadIPPluginJar : add genericplugin
2026-01-10 15:43:33,544 [INFO] IPUIPlugin:80 - create IPUIPlugin
2026-01-10 15:43:33,545 [INFO] PluginManager:220 - loadIPPluginJar : add cryp
2026-01-10 15:43:33,550 [INFO] IPUIPlugin:80 - create IPUIPlugin
2026-01-10 15:43:33,551 [INFO] PluginManager:220 - loadIPPluginJar : add gpio
2026-01-10 15:43:33,554 [INFO] IPUIPlugin:80 - create IPUIPlugin
2026-01-10 15:43:33,555 [INFO] PluginManager:220 - loadIPPluginJar : add ddr_ctrl_phy
2026-01-10 15:43:33,557 [INFO] IPUIPlugin:80 - create IPUIPlugin
2026-01-10 15:43:33,557 [INFO] PluginManager:220 - loadIPPluginJar : add comp
2026-01-10 15:43:33,560 [INFO] IPUIPlugin:80 - create IPUIPlugin
2026-01-10 15:43:33,561 [INFO] PluginManager:220 - loadIPPluginJar : add tracer_emb
2026-01-10 15:43:33,564 [INFO] IPUIPlugin:80 - create IPUIPlugin
2026-01-10 15:43:33,564 [INFO] PluginManager:220 - loadIPPluginJar : add openamp
2026-01-10 15:43:33,572 [INFO] IPUIPlugin:80 - create IPUIPlugin
2026-01-10 15:43:33,572 [INFO] PluginManager:220 - loadIPPluginJar : add stm32_wpan
2026-01-10 15:43:33,579 [INFO] IPUIPlugin:80 - create IPUIPlugin
2026-01-10 15:43:33,582 [INFO] PluginManager:220 - loadIPPluginJar : add plateformsettings
2026-01-10 15:43:33,587 [INFO] IPUIPlugin:80 - create IPUIPlugin
2026-01-10 15:43:33,587 [INFO] PluginManager:220 - loadIPPluginJar : add ipddr
2026-01-10 15:43:33,590 [INFO] IPUIPlugin:80 - create IPUIPlugin
2026-01-10 15:43:33,590 [INFO] PluginManager:220 - loadIPPluginJar : add usart
2026-01-10 15:43:33,592 [INFO] IPUIPlugin:80 - create IPUIPlugin
2026-01-10 15:43:33,593 [INFO] PluginManager:220 - loadIPPluginJar : add ltdc
2026-01-10 15:43:33,597 [INFO] IPUIPlugin:80 - create IPUIPlugin
2026-01-10 15:43:33,597 [INFO] PluginManager:220 - loadIPPluginJar : add nvic
2026-01-10 15:43:33,599 [INFO] IPUIPlugin:80 - create IPUIPlugin
2026-01-10 15:43:33,600 [INFO] PluginManager:220 - loadIPPluginJar : add fatfs
2026-01-10 15:43:33,608 [INFO] IPUIPlugin:80 - create IPUIPlugin
2026-01-10 15:43:33,608 [INFO] PluginManager:220 - loadIPPluginJar : add linkedlist
2026-01-10 15:43:33,615 [INFO] IPUIPlugin:80 - create IPUIPlugin
2026-01-10 15:43:33,616 [INFO] PluginManager:220 - loadIPPluginJar : add dma
2026-01-10 15:43:33,621 [INFO] IPUIPlugin:80 - create IPUIPlugin
2026-01-10 15:43:33,621 [INFO] PluginManager:220 - loadIPPluginJar : add fmc
2026-01-10 15:43:33,624 [INFO] IPUIPlugin:80 - create IPUIPlugin
2026-01-10 15:43:33,624 [INFO] PluginManager:220 - loadIPPluginJar : add i2s
2026-01-10 15:43:33,627 [INFO] IPUIPlugin:80 - create IPUIPlugin
2026-01-10 15:43:33,627 [INFO] PluginManager:220 - loadIPPluginJar : add ucpd
2026-01-10 15:43:33,630 [INFO] IPUIPlugin:80 - create IPUIPlugin
2026-01-10 15:43:33,630 [INFO] PluginManager:220 - loadIPPluginJar : add lorawan
2026-01-10 15:43:33,634 [INFO] IPUIPlugin:80 - create IPUIPlugin
2026-01-10 15:43:33,634 [INFO] PluginManager:220 - loadIPPluginJar : add opamp
2026-01-10 15:43:33,638 [INFO] IPUIPlugin:80 - create IPUIPlugin
2026-01-10 15:43:33,638 [INFO] PluginManager:220 - loadIPPluginJar : add i3c
2026-01-10 15:43:33,643 [INFO] IPUIPlugin:80 - create IPUIPlugin
2026-01-10 15:43:33,644 [INFO] PluginManager:220 - loadIPPluginJar : add touchsensing
2026-01-10 15:43:33,647 [INFO] IPUIPlugin:80 - create IPUIPlugin
2026-01-10 15:43:33,648 [INFO] PluginManager:220 - loadIPPluginJar : add i2c
2026-01-10 15:43:33,652 [INFO] IPUIPlugin:80 - create IPUIPlugin
2026-01-10 15:43:33,652 [INFO] PluginManager:220 - loadIPPluginJar : add resmgrutility
2026-01-10 15:43:33,655 [INFO] IPUIPlugin:80 - create IPUIPlugin
2026-01-10 15:43:33,655 [INFO] PluginManager:220 - loadIPPluginJar : add sai
2026-01-10 15:43:33,659 [INFO] IPUIPlugin:80 - create IPUIPlugin
2026-01-10 15:43:33,659 [INFO] PluginManager:220 - loadIPPluginJar : add usbx
2026-01-10 15:43:33,809 [FATAL] Updater:351 - Updater called before beeing initialized
2026-01-10 15:43:33,889 [INFO] RulesReader:64 - Compatibility file has been processed (317 Rules)
2026-01-10 15:43:33,919 [INFO] RulesReader:64 - Compatibility file has been processed (317 Rules)
2026-01-10 15:43:33,934 [INFO] CADModel:165 - CPN selected for project level
2026-01-10 15:43:33,934 [INFO] CADModel:114 - Register for checkConnection events
2026-01-10 15:43:33,935 [FATAL] Updater:351 - Updater called before beeing initialized
2026-01-10 15:43:33,935 [ERROR] CADModel:125 - Updater not yet initialized, retry later 
2026-01-10 15:43:34,211 [FATAL] Updater:351 - Updater called before beeing initialized
2026-01-10 15:43:34,214 [INFO] CADModel:165 - CPN selected for project level
2026-01-10 15:43:34,214 [INFO] CADModel:114 - Register for checkConnection events
2026-01-10 15:43:34,214 [FATAL] Updater:351 - Updater called before beeing initialized
2026-01-10 15:43:34,214 [ERROR] CADModel:125 - Updater not yet initialized, retry later 
2026-01-10 15:43:34,218 [FATAL] Updater:351 - Updater called before beeing initialized
2026-01-10 15:43:34,480 [FATAL] Updater:351 - Updater called before beeing initialized
2026-01-10 15:43:34,489 [INFO] DbMcusAds:53 - JSON generation date=Mon Nov 10 04:43:01 CST 2025 (1762771381223)
2026-01-10 15:43:34,489 [FATAL] Updater:351 - Updater called before beeing initialized
2026-01-10 15:43:34,623 [WARN] DetailPanel:346 - Failed to get advertising image, set to default
2026-01-10 15:43:34,751 [FATAL] Updater:351 - Updater called before beeing initialized
2026-01-10 15:43:34,756 [FATAL] Updater:351 - Updater called before beeing initialized
2026-01-10 15:43:34,756 [FATAL] Updater:351 - Updater called before beeing initialized
2026-01-10 15:43:34,757 [WARN] DetailPanel:346 - Failed to get advertising image, set to default
2026-01-10 15:43:34,759 [FATAL] Updater:351 - Updater called before beeing initialized
2026-01-10 15:43:34,859 [ERROR] Updater:1198 - MainUpdater not yet initialized. External WinMGr cannot be set.
2026-01-10 15:43:34,876 [INFO] Updater:1134 - Updater Version found : 6.15.0
2026-01-10 15:43:34,899 [INFO] ApplicationProperties:184 - Using Application install path: /Applications/STM32CubeIDE.app/Contents/Eclipse/plugins/com.st.stm32cube.common.mx_6.15.0.202507011659
2026-01-10 15:43:35,418 [INFO] MainUpdater:2872 - connection check result : 10
2026-01-10 15:43:35,419 [INFO] MainUpdater:3604 - Updater definition file requires update
2026-01-10 15:43:35,420 [INFO] MainUpdater:289 - Updater Check For Update Now.
2026-01-10 15:43:35,420 [INFO] MicroXplorer:498 - Change Database Version : DB.6.0.150
2026-01-10 15:43:35,432 [INFO] McuFinderGlobals:63 - Set McuFinder mode to 2 (CubeIDE integrated)
2026-01-10 15:43:35,432 [INFO] UserAuth:171 - activating auth plugin
2026-01-10 15:43:35,487 [INFO] ServerAccessManage:452 - Complete download http(s) 200
2026-01-10 15:43:35,494 [INFO] ServerAccessManage:509 - Download File updaters.zip
2026-01-10 15:43:35,624 [WARN] MainUpdater:1193 - Updater busy. Cannot search thirdparties
2026-01-10 15:43:35,627 [INFO] ThirdPartyUpdaterWithRetryManager:96 - Updater plugin is busy. [1/15]
2026-01-10 15:43:35,650 [INFO] FileExtend:248 - Unzip File : updaters.zip
2026-01-10 15:43:35,650 [INFO] FileExtend:263 - Standard Zip Deflate
2026-01-10 15:43:36,074 [INFO] ServerAccessManage:452 - Complete download http(s) 200
2026-01-10 15:43:36,075 [INFO] ServerAccessManage:509 - Download File PacksControlFlags.xml
2026-01-10 15:43:36,950 [INFO] ServerAccessManage:452 - Complete download http(s) 200
2026-01-10 15:43:36,952 [INFO] ServerAccessManage:509 - Download File cubemx.pidx
2026-01-10 15:43:37,224 [INFO] LoadServerUpdatesThread:375 - End of LoadServerUpdate Thread
2026-01-10 15:43:37,522 [INFO] CheckServerUpdateThread:120 - End of CheckServer Thread
2026-01-10 15:43:37,646 [INFO] MainUpdater:2872 - connection check result : 10
2026-01-10 15:43:37,657 [INFO] McuFinderGlobals:76 - Set McuFinderConnectedMode to true
2026-01-10 15:43:38,243 [INFO] UserAuth:487 - Internet connection configuration mode: 1
2026-01-10 15:43:38,338 [INFO] JxBrowserEngine:152 - Initiate JxBrowser Engine with user profile folder
2026-01-10 15:43:38,459 [INFO] ServerAccessManage:452 - Complete download http(s) 200
2026-01-10 15:43:38,461 [INFO] ServerAccessManage:509 - Download File mcusAds.json._tmp_
2026-01-10 15:43:38,576 [INFO] LoadUrlFilesThread:156 - End of LoadUrlFiles Thread
2026-01-10 15:43:38,632 [WARN] MainUpdater:1193 - Updater busy. Cannot search thirdparties
2026-01-10 15:43:38,632 [INFO] ThirdPartyUpdaterWithRetryManager:96 - Updater plugin is busy. [2/15]
2026-01-10 15:43:39,611 [INFO] ServerAccessManage:452 - Complete download http(s) 200
2026-01-10 15:43:39,613 [INFO] ServerAccessManage:509 - Download File cube-finder-db.zip
2026-01-10 15:43:41,638 [WARN] MainUpdater:1193 - Updater busy. Cannot search thirdparties
2026-01-10 15:43:41,639 [INFO] ThirdPartyUpdaterWithRetryManager:96 - Updater plugin is busy. [3/15]
2026-01-10 15:43:42,024 [INFO] FileExtend:248 - Unzip File : cube-finder-db.zip
2026-01-10 15:43:42,026 [INFO] FileExtend:263 - Standard Zip Deflate
2026-01-10 15:43:42,801 [INFO] LoadUrlFilesThread:156 - End of LoadUrlFiles Thread
2026-01-10 15:43:43,702 [INFO] ServerAccessManage:452 - Complete download http(s) 200
2026-01-10 15:43:43,716 [INFO] ServerAccessManage:509 - Download File crdb.zip
2026-01-10 15:43:44,513 [INFO] FileExtend:248 - Unzip File : crdb.zip
2026-01-10 15:43:44,517 [INFO] FileExtend:263 - Standard Zip Deflate
2026-01-10 15:43:44,696 [WARN] MainUpdater:1193 - Updater busy. Cannot search thirdparties
2026-01-10 15:43:44,747 [INFO] ThirdPartyUpdaterWithRetryManager:96 - Updater plugin is busy. [4/15]
2026-01-10 15:43:44,832 [INFO] LoadUrlFilesThread:156 - End of LoadUrlFiles Thread
2026-01-10 15:43:45,579 [INFO] WebApp:169 - Instantiating new browser for Auth
2026-01-10 15:43:46,172 [INFO] ServerAccessManage:452 - Complete download http(s) 200
2026-01-10 15:43:46,185 [INFO] ServerAccessManage:509 - Download File tutoVideoDB.zip
2026-01-10 15:43:46,204 [INFO] FileExtend:248 - Unzip File : tutoVideoDB.zip
2026-01-10 15:43:46,204 [INFO] FileExtend:263 - Standard Zip Deflate
2026-01-10 15:43:46,673 [INFO] LoadUrlFilesThread:156 - End of LoadUrlFiles Thread
2026-01-10 15:43:46,750 [WARN] DbFile:41 - Overriding database path with different value: /Users/karthikkurapati/.stmcufinder/plugins/mcufinder/ => /Users/karthikkurapati/.stmcufinder/plugins/mcufinder
2026-01-10 15:43:47,125 [INFO] ServerAccessManage:452 - Complete download http(s) 200
2026-01-10 15:43:47,140 [INFO] ServerAccessManage:509 - Download File api_config.json
2026-01-10 15:43:47,260 [INFO] LoadUrlFilesThread:156 - End of LoadUrlFiles Thread
2026-01-10 15:43:47,265 [INFO] DbMcusAds:53 - JSON generation date=Thu Jan 08 10:03:33 CST 2026 (1767888213674)
2026-01-10 15:43:47,482 [INFO] ServerAccessManage:452 - Complete download http(s) 200
2026-01-10 15:43:47,483 [INFO] ServerAccessManage:509 - Download File 
2026-01-10 15:43:47,522 [INFO] LoadUrlFilesThread:185 - End of LoadServerUrlFiles without Thread
2026-01-10 15:43:47,533 [INFO] TargetSelectorAdapter:259 - Refresh data is successful
2026-01-10 15:43:48,587 [WARN] PackLoader:240 - Cannot read IP mode file for STMicroelectronics.FP-SNS-MOTENVWB1.1.4.0
2026-01-10 15:43:48,629 [WARN] PackLoader:240 - Cannot read IP mode file for STMicroelectronics.FP-ATR-ASTRA1.2.0.2
2026-01-10 15:43:48,658 [WARN] PackLoader:240 - Cannot read IP mode file for STMicroelectronics.X-CUBE-SMBUS.2.1.0
2026-01-10 15:43:48,679 [WARN] PackLoader:240 - Cannot read IP mode file for STMicroelectronics.X-CUBE-ST60.1.0.0
2026-01-10 15:43:48,680 [INFO] WebApp:463 - Apply proxy settings
2026-01-10 15:43:48,692 [INFO] WebApp:508 - Chromium authenticates against Manually configured proxy
2026-01-10 15:43:48,729 [INFO] WebApp:516 - Username used for proxy authentication: 
2026-01-10 15:43:48,819 [INFO] WebApp:900 - Register for checkConnection events
2026-01-10 15:43:48,820 [INFO] WebApp:463 - Apply proxy settings
2026-01-10 15:43:48,839 [INFO] WebApp:508 - Chromium authenticates against Manually configured proxy
2026-01-10 15:43:48,841 [INFO] WebApp:516 - Username used for proxy authentication: 
2026-01-10 15:43:48,858 [WARN] PackLoader:240 - Cannot read IP mode file for STMicroelectronics.X-CUBE-AZRTOS-F7.1.1.0
2026-01-10 15:43:48,955 [WARN] PackLoader:240 - Cannot read IP mode file for STMicroelectronics.FP-SNS-MOTENV1.5.1.0
2026-01-10 15:43:49,056 [WARN] PackLoader:240 - Cannot read IP mode file for WES.I-CUBE-Cesium.1.4.0
2026-01-10 15:43:49,177 [WARN] PackLoader:240 - Cannot read IP mode file for Infineon.AIROC-Wi-Fi-Bluetooth-STM32.1.7.1
2026-01-10 15:43:49,324 [INFO] WebApp:225 - Starting web application
2026-01-10 15:43:49,326 [INFO] WebApp:593 - Web application path used /Applications/STM32CubeIDE.app/Contents/Eclipse/plugins/com.st.stm32cube.common.mx_6.15.0.202507011659/db/plugins/mcufinder/reactClient1/index.html
2026-01-10 15:43:49,434 [WARN] PackLoader:240 - Cannot read IP mode file for STMicroelectronics.X-CUBE-AZRTOS-H7.3.4.0
2026-01-10 15:43:49,534 [WARN] PackLoader:240 - Cannot read IP mode file for STMicroelectronics.X-CUBE-DISPLAY.3.0.0
2026-01-10 15:43:49,686 [WARN] PackLoader:240 - Cannot read IP mode file for STMicroelectronics.X-CUBE-NFC10.1.0.0
2026-01-10 15:43:49,708 [INFO] WebApp:191 - Connection restablished
2026-01-10 15:43:49,760 [WARN] PackLoader:240 - Cannot read IP mode file for STMicroelectronics.X-CUBE-ST60.1.1.0
2026-01-10 15:43:49,857 [WARN] PackLoader:240 - Cannot read IP mode file for emotas.I-CUBE-CANOPEN.1.3.0
2026-01-10 15:43:49,937 [INFO] ApiDb:581 - Connected to CubeFinder SQLite database (/Users/karthikkurapati/.stmcufinder/plugins/mcufinder/mcu/cube-finder-db.db)
2026-01-10 15:43:49,943 [WARN] PackLoader:240 - Cannot read IP mode file for STMicroelectronics.X-CUBE-GNSS1.7.1.0
2026-01-10 15:43:49,998 [WARN] PackLoader:240 - Cannot read IP mode file for STMicroelectronics.FP-SNS-STBOX1.2.1.0
2026-01-10 15:43:50,039 [WARN] PackLoader:240 - Cannot read IP mode file for STMicroelectronics.FP-SNS-SMARTAG2.1.2.0
2026-01-10 15:43:50,052 [WARN] PackLoader:240 - Cannot read IP mode file for STMicroelectronics.FP-SNS-FLIGHT1.5.1.0
2026-01-10 15:43:50,092 [INFO] LogOutputStream:77 - [STDOUT_REDIRECT] 1 : Invalid condition id : UX_CORESTACK_Condition cause : null
2026-01-10 15:43:50,098 [INFO] LogOutputStream:77 - [STDOUT_REDIRECT] 1 : Invalid condition id : UX_CORESTACK_Condition cause : null
2026-01-10 15:43:50,100 [INFO] LogOutputStream:77 - [STDOUT_REDIRECT] 1 : Invalid condition id : UX_CORESTACK_Condition cause : null
2026-01-10 15:43:50,100 [INFO] LogOutputStream:77 - [STDOUT_REDIRECT] 1 : Invalid condition id : UX_CORESTACK_Condition cause : null
2026-01-10 15:43:50,101 [INFO] LogOutputStream:77 - [STDOUT_REDIRECT] 1 : Invalid condition id : UX_CORESTACK_Condition cause : null
2026-01-10 15:43:50,124 [WARN] PackLoader:240 - Cannot read IP mode file for STMicroelectronics.X-CUBE-AZRTOS-WL.2.0.0
2026-01-10 15:43:50,149 [WARN] PackLoader:240 - Cannot read IP mode file for STMicroelectronics.FP-SNS-MOTENV1.5.0.0
2026-01-10 15:43:50,151 [INFO] ApiDb:668 - CubeFinder database Data Model version=2.1
2026-01-10 15:43:50,152 [INFO] ApiDb:669 - CubeFinder database Configuration version=3.0.39
2026-01-10 15:43:50,153 [INFO] ApiDb:670 - CubeFinder database generation date=2025-12-22 (1766407740)
2026-01-10 15:43:50,153 [INFO] ApiDb:671 - CubeFinder database FW Pack versions=[FP-ATR-ASTRA1_V2.0.0, FP-SNS-FLIGHT1_V5.1.0, FP-SNS-MOTENV1_V5.1.0, FP-SNS-MOTENVWB1_V1.4.0, FP-SNS-SMARTAG2_V1.2.0, FP-SNS-STBOX1_V2.1.0, STM32Cube_FW_C0_V1.4.0, STM32Cube_FW_F4_V1.28.3, STM32Cube_FW_F7_V1.17.4, STM32Cube_FW_G0_V1.6.2, STM32Cube_FW_G4_V1.6.1, STM32Cube_FW_H5_V1.5.1, STM32Cube_FW_H7RS_V1.3.0, STM32Cube_FW_H7_V1.12.1, STM32Cube_FW_L0_V1.12.2, STM32Cube_FW_L4_V1.18.1, STM32Cube_FW_L5_V1.6.0, STM32Cube_FW_N6_V1.3.0, STM32Cube_FW_U0_V1.3.0, STM32Cube_FW_U3_V1.2.1, STM32Cube_FW_U5_V1.8.0, STM32Cube_FW_WB0_V1.4.0, STM32Cube_FW_WBA_V1.8.0, STM32Cube_FW_WB_V1.24.0, STM32Cube_FW_WL3_V1.3.0, STM32Cube_FW_WL_V1.4.0, X-CUBE-ALGOBUILD_V1.4.0, X-CUBE-ALS_V1.0.2, X-CUBE-AZRTOS-F4_V1.1.0, X-CUBE-AZRTOS-F7_V1.1.0, X-CUBE-AZRTOS-G0_V1.1.0, X-CUBE-AZRTOS-G4_V2.0.0, X-CUBE-AZRTOS-H7RS_V1.1.0, X-CUBE-AZRTOS-H7_V3.4.0, X-CUBE-AZRTOS-L4_V2.0.0, X-CUBE-AZRTOS-L5_V2.0.0, X-CUBE-AZRTOS-WB_V2.0.0, X-CUBE-AZRTOS-WL_V2.0.0, X-CUBE-BLE1_V7.1.0, X-CUBE-BLE2_V3.3.0, X-CUBE-BLEMGR_V4.1.0, X-CUBE-EEPRMA1_V5.2.0, X-CUBE-FREERTOS_V1.3.1, X-CUBE-GNSS1_V6.0.0, X-CUBE-MEMS1_V12.0.0, X-CUBE-NFC4_V3.0.0, X-CUBE-NFC7_V2.0.0, X-CUBE-SFXS2LP1_V4.0.0, X-CUBE-ST67W61_V1.1.0, X-CUBE-SUBG2_V5.0.0, X-CUBE-TOF1_V3.4.3]
2026-01-10 15:43:50,291 [WARN] PackLoader:240 - Cannot read IP mode file for STMicroelectronics.X-CUBE-AZRTOS-H7RS.1.2.0
2026-01-10 15:43:50,338 [WARN] PackLoader:240 - Cannot read IP mode file for STMicroelectronics.X-CUBE-BLE2.3.3.0
2026-01-10 15:43:50,517 [WARN] PackLoader:240 - Cannot read IP mode file for STMicroelectronics.X-CUBE-NFC9.1.0.0
2026-01-10 15:43:50,561 [WARN] PackLoader:240 - Cannot read IP mode file for wolfSSL.I-CUBE-wolfSSL.5.8.2
2026-01-10 15:43:50,597 [WARN] PackLoader:240 - Cannot read IP mode file for STMicroelectronics.X-CUBE-BLE1.7.1.0
2026-01-10 15:43:50,623 [WARN] PackLoader:240 - Cannot read IP mode file for wolfSSL.I-CUBE-wolfMQTT.1.19.2
2026-01-10 15:43:50,667 [WARN] PackLoader:240 - Cannot read IP mode file for STMicroelectronics.X-CUBE-FREERTOS.1.4.0
2026-01-10 15:43:50,709 [WARN] PackLoader:240 - Cannot read IP mode file for STMicroelectronics.X-CUBE-EEPRMA1.5.2.0
2026-01-10 15:43:50,738 [WARN] PackLoader:240 - Cannot read IP mode file for STMicroelectronics.X-CUBE-ST67W61.1.1.0
2026-01-10 15:43:50,937 [WARN] PackLoader:240 - Cannot read IP mode file for STMicroelectronics.X-CUBE-MEMS1.12.0.0
2026-01-10 15:43:51,259 [WARN] PackLoader:240 - Cannot read IP mode file for STMicroelectronics.X-CUBE-AZRTOS-G0.1.1.0
2026-01-10 15:43:51,312 [WARN] PackLoader:240 - Cannot read IP mode file for STMicroelectronics.X-CUBE-SAFEA1.1.2.2
2026-01-10 15:43:51,345 [WARN] PackLoader:240 - Cannot read IP mode file for STMicroelectronics.X-CUBE-NFC4.3.0.0
2026-01-10 15:43:51,525 [WARN] PackLoader:240 - Cannot read IP mode file for EmbeddedOffice.I-CUBE-FS-RTOS.1.0.1
2026-01-10 15:43:51,740 [WARN] PackLoader:240 - Cannot read IP mode file for STMicroelectronics.X-CUBE-WB05N.2.0.0
2026-01-10 15:43:51,837 [WARN] PackLoader:240 - Cannot read IP mode file for wolfSSL.I-CUBE-wolfTPM.3.8.0
2026-01-10 15:43:51,864 [WARN] PackLoader:240 - Cannot read IP mode file for STMicroelectronics.X-CUBE-TCPP.4.2.0
2026-01-10 15:43:51,891 [WARN] PackLoader:240 - Cannot read IP mode file for RealThread.X-CUBE-RT-Thread_Nano.4.1.1
2026-01-10 15:43:51,921 [WARN] PackLoader:240 - Cannot read IP mode file for STMicroelectronics.FP-ATR-SIGFOX1.3.2.0
2026-01-10 15:43:51,943 [WARN] PackLoader:240 - Cannot read IP mode file for ITTIA_DB.I-CUBE-ITTIADB.8.9.0
2026-01-10 15:43:51,986 [WARN] PackLoader:240 - Cannot read IP mode file for STMicroelectronics.X-CUBE-ST67W61.1.0.0
2026-01-10 15:43:52,017 [WARN] PackLoader:240 - Cannot read IP mode file for STMicroelectronics.X-CUBE-AI.10.2.0
2026-01-10 15:43:52,143 [WARN] PackLoader:240 - Cannot read IP mode file for SEGGER.I-CUBE-embOS.1.3.1
2026-01-10 15:43:52,229 [WARN] PackLoader:240 - Cannot read IP mode file for STMicroelectronics.X-CUBE-ALGOBUILD.1.4.0
2026-01-10 15:43:52,419 [WARN] PackLoader:240 - Cannot read IP mode file for STMicroelectronics.X-CUBE-MEMS1.11.3.0
2026-01-10 15:43:52,686 [WARN] PackLoader:240 - Cannot read IP mode file for STMicroelectronics.X-CUBE-PM33A1.1.0.0
2026-01-10 15:43:52,752 [WARN] PackLoader:240 - Cannot read IP mode file for STMicroelectronics.X-CUBE-AZRTOS-F4.1.1.0
2026-01-10 15:43:52,770 [WARN] PackLoader:240 - Cannot read IP mode file for Avnet-IotConnect.X-CUBE-IoTC-DA16k-PMOD.1.0.0
2026-01-10 15:43:52,778 [WARN] PackLoader:240 - Cannot read IP mode file for STMicroelectronics.X-CUBE-ISPU.2.1.0
2026-01-10 15:43:52,814 [WARN] PackLoader:240 - Cannot read IP mode file for STMicroelectronics.X-CUBE-IPS.3.2.0
2026-01-10 15:43:52,856 [WARN] PackLoader:240 - Cannot read IP mode file for STMicroelectronics.X-CUBE-NFC12.1.0.0
2026-01-10 15:43:52,915 [WARN] PackLoader:240 - Cannot read IP mode file for STMicroelectronics.X-CUBE-AZRTOS-L5.2.0.0
2026-01-10 15:43:52,942 [WARN] PackLoader:240 - Cannot read IP mode file for STMicroelectronics.X-CUBE-NFC6.3.1.0
2026-01-10 15:43:52,961 [WARN] PackLoader:240 - Cannot read IP mode file for STMicroelectronics.X-CUBE-FREERTOS.1.3.1
2026-01-10 15:43:52,973 [WARN] PackLoader:240 - Cannot read IP mode file for STMicroelectronics.X-CUBE-TOUCHGFX.4.26.0
2026-01-10 15:43:52,984 [WARN] PackLoader:240 - Cannot read IP mode file for STMicroelectronics.FP-SNS-STAIOTCFT.1.0.0
2026-01-10 15:43:53,019 [WARN] PackLoader:240 - Cannot read IP mode file for STMicroelectronics.X-CUBE-DPower.1.3.0
2026-01-10 15:43:53,073 [WARN] ConditionMgr:438 - getConditionDescription Invalid condition id : LAN8742 Phy interface Condition cause : null
2026-01-10 15:43:53,080 [WARN] PackLoader:240 - Cannot read IP mode file for STMicroelectronics.X-CUBE-AZRTOS-L4.2.0.0
2026-01-10 15:43:53,090 [WARN] ConditionMgr:1044 - genDependencies : Invalid condition id : LAN8742 Phy interface Condition cause : null
2026-01-10 15:43:53,093 [WARN] ConditionMgr:1044 - genDependencies : Invalid condition id : LAN8742 Phy interface Condition cause : null
2026-01-10 15:43:53,099 [WARN] ConditionMgr:1044 - genDependencies : Invalid condition id : LAN8742 Phy interface Condition cause : null
2026-01-10 15:43:53,130 [WARN] PackLoader:240 - Cannot read IP mode file for STMicroelectronics.X-CUBE-SFXS2LP1.4.0.0
2026-01-10 15:43:53,176 [WARN] PackLoader:240 - Cannot read IP mode file for STMicroelectronics.X-CUBE-BLEMGR.4.1.0
2026-01-10 15:43:53,221 [WARN] ConditionMgr:438 - getConditionDescription Invalid condition id : UX DEVICE CLASS RTOS Condition cause : null
2026-01-10 15:43:53,222 [WARN] ConditionMgr:438 - getConditionDescription Invalid condition id : UX DEVICE CLASS RTOS Condition cause : null
2026-01-10 15:43:53,232 [WARN] PackLoader:240 - Cannot read IP mode file for STMicroelectronics.X-CUBE-AZRTOS-WB.2.0.0
2026-01-10 15:43:53,235 [WARN] ConditionMgr:1044 - genDependencies : Invalid condition id : UX DEVICE CLASS RTOS Condition cause : null
2026-01-10 15:43:53,235 [WARN] ConditionMgr:1044 - genDependencies : Invalid condition id : UX DEVICE CLASS RTOS Condition cause : null
2026-01-10 15:43:53,238 [WARN] ConditionMgr:1044 - genDependencies : Invalid condition id : UX DEVICE CLASS RTOS Condition cause : null
2026-01-10 15:43:53,240 [WARN] ConditionMgr:1044 - genDependencies : Invalid condition id : UX DEVICE CLASS RTOS Condition cause : null
2026-01-10 15:43:53,240 [WARN] ConditionMgr:1044 - genDependencies : Invalid condition id : UX DEVICE CLASS RTOS Condition cause : null
2026-01-10 15:43:53,265 [WARN] PackLoader:240 - Cannot read IP mode file for STMicroelectronics.X-CUBE-GNSS1.7.0.1
2026-01-10 15:43:53,279 [WARN] PackLoader:240 - Cannot read IP mode file for STMicroelectronics.X-CUBE-TOUCHGFX.4.25.0
2026-01-10 15:43:53,285 [WARN] ConditionMgr:438 - getConditionDescription Invalid condition id : Cortex-A Device cause : null
2026-01-10 15:43:53,319 [WARN] ConditionMgr:1044 - genDependencies : Invalid condition id : Cortex-A Device cause : null
2026-01-10 15:43:53,319 [WARN] ConditionMgr:1044 - genDependencies : Invalid condition id : Cortex-A Device cause : null
2026-01-10 15:43:53,319 [WARN] ConditionMgr:1044 - genDependencies : Invalid condition id : Cortex-A Device cause : null
2026-01-10 15:43:53,350 [WARN] PackLoader:240 - Cannot read IP mode file for STMicroelectronics.X-CUBE-SUBG2.5.0.0
2026-01-10 15:43:53,421 [WARN] PackLoader:240 - Cannot read IP mode file for STMicroelectronics.X-CUBE-AZRTOS-H7RS.1.1.0
2026-01-10 15:43:53,440 [WARN] PackLoader:240 - Cannot read IP mode file for Cesanta.I-CUBE-Mongoose.7.13.0
2026-01-10 15:43:53,486 [WARN] PackLoader:240 - Cannot read IP mode file for STMicroelectronics.X-CUBE-AZRTOS-G4.2.0.0
2026-01-10 15:43:53,515 [WARN] PackLoader:240 - Cannot read IP mode file for wolfSSL.I-CUBE-wolfSSH.1.4.20
2026-01-10 15:43:53,527 [WARN] PackLoader:240 - Cannot read IP mode file for STMicroelectronics.X-CUBE-NFC7.2.0.0
2026-01-10 15:43:53,645 [WARN] PackLoader:240 - Cannot read IP mode file for STMicroelectronics.X-CUBE-IPS.3.1.0
2026-01-10 15:43:53,725 [WARN] PackLoader:240 - Cannot read IP mode file for STMicroelectronics.X-CUBE-ALS.1.0.2
2026-01-10 15:43:53,755 [WARN] PackLoader:240 - Cannot read IP mode file for STMicroelectronics.X-CUBE-STSE01.1.0.0
2026-01-10 15:43:53,794 [WARN] PackLoader:240 - Cannot read IP mode file for STMicroelectronics.X-CUBE-TOF1.3.4.3
2026-01-10 15:43:53,830 [INFO] ThirdParty:978 - Integrity check success = true
2026-01-10 15:43:53,830 [INFO] IntegrityCheckThread:100 - exiting critical section [integrity check]
2026-01-10 15:43:53,830 [INFO] IntegrityCheckThread:103 - End integrity checks thread
2026-01-10 15:43:55,119 [INFO] ApiDb:240 - Found 880 in-development CPN: [B-G473E-ZEST1S, B-WB1M-WPAN1, B-WBA5M-WPAN, B-WL5M-SUBG1, NUCLEO-C031C6, NUCLEO-C051C8, NUCLEO-C071RB, NUCLEO-C092RC, NUCLEO-H503RB, NUCLEO-H533RE, NUCLEO-H563ZI, NUCLEO-H7S3L8, NUCLEO-N657X0-Q, NUCLEO-U031R8, NUCLEO-U083RC, NUCLEO-U385RG-Q, NUCLEO-U545RE-Q, NUCLEO-U5A5ZJ-Q, NUCLEO-WB05KZ, NUCLEO-WB07CC, NUCLEO-WB09KE, NUCLEO-WBA52CG, NUCLEO-WBA55CG, NUCLEO-WL33CC1, NUCLEO-WL33CC2, STEVAL-PROTEUS1, STEVAL-SMARTAG2, STEVAL-STWINBX1, STM320518-EVAL, STM32C0116-DK, STM32C011D6Y3TR, STM32C011D6Y6TR, STM32C011F4P3, STM32C011F4P6, STM32C011F4U3, STM32C011F4U6TR, STM32C011F6P3, STM32C011F6P6, STM32C011F6U3, STM32C011F6U6TR, STM32C011J4M3, STM32C011J4M6, STM32C011J6M3, STM32C011J6M6, STM32C0316-DK, STM32C031C4T3, STM32C031C4T6, STM32C031C4U3, STM32C031C4U6, STM32C031C6T3, STM32C031C6T6, STM32C031C6U3, STM32C031C6U6, STM32C031F4P3, STM32C031F4P6, STM32C031F6P3, STM32C031F6P6, STM32C031G4U3, STM32C031G4U6, STM32C031G6U3, STM32C031G6U6, STM32C031K4T3, STM32C031K4T6, STM32C031K4U3, STM32C031K4U6, STM32C031K6T3, STM32C031K6T6, STM32C031K6U3, STM32C031K6U6, STM32C051C6T6, STM32C051C6U6, STM32C051C8T6, STM32C051C8U6, STM32C051D8Y6TR, STM32C051F6P6, STM32C051F8P6, STM32C051G6U6, STM32C051G8U6, STM32C051K6T6, STM32C051K6U6, STM32C051K8T6, STM32C071C8T6, STM32C071C8T6N, STM32C071C8U6, STM32C071C8U6N, STM32C071CBT6, STM32C071CBT6N, STM32C071CBU6, STM32C071CBU6N, STM32C071F8P6, STM32C071F8P6N, STM32C071FBP6, STM32C071FBP6N, STM32C071FBY6TR, STM32C071G8U6, STM32C071G8U6N, STM32C071GBU6, STM32C071GBU6N, STM32C071K8T6, STM32C071K8T6N, STM32C071K8U6, STM32C071K8U6N, STM32C071KBT6, STM32C071KBT6N, STM32C071KBU6, STM32C071KBU6N, STM32C071R8T6, STM32C071R8T6N, STM32C071RBI6N, STM32C071RBT6, STM32C071RBT6N, STM32C091CBT6, STM32C091CBU6, STM32C091CCT6, STM32C091CCU6, STM32C091ECY6TR, STM32C091FBP6, STM32C091FCP6, STM32C091GBU6, STM32C091GCU6, STM32C091KBT6, STM32C091KBU6, STM32C091KCT6, STM32C091KCU6, STM32C091RBT6, STM32C091RCI6, STM32C091RCT6, STM32C092CBT6, STM32C092CBU6, STM32C092CCT6, STM32C092CCU6, STM32C092ECY6TR, STM32C092FBP6, STM32C092FCP6, STM32C092GBU6, STM32C092GCU6, STM32C092KBT6, STM32C092KBU6, STM32C092KCT6, STM32C092KCU6, STM32C092RBT6, STM32C092RCI6, STM32C092RCT6, STM32G071K8TXN, STM32G071K8UXN, STM32G081GBU6N, STM32G081KBT6N, STM32G081KBUXN, STM32G0B1CCT6N, STM32G0B1KCT6, STM32G0B1NEY6TR, STM32G0B1RCT6N, STM32G0C1CCT6, STM32G0C1CCT6N, STM32G0C1CCU6N, STM32G0C1CET6N, STM32G0C1CEU6N, STM32G0C1KCT6, STM32G0C1NEY6TR, STM32G0C1RCI6N, STM32G0C1RCT6N, STM32G0C1REI6N, STM32G0C1RET6N, STM32G0C1VCI6, STM32G0C1VEI6, STM32G411C6T3, STM32G411C6T6, STM32G411C6U3, STM32G411C6U6, STM32G411C8T3, STM32G411C8T6, STM32G411C8U3, STM32G411C8U6, STM32G411CBT3, STM32G411CBT6, STM32G411CBU3, STM32G411CBU6, STM32G411K6T3, STM32G411K6T6, STM32G411K6U3, STM32G411K6U6, STM32G411K8T3, STM32G411K8T6, STM32G411K8U3, STM32G411K8U6, STM32G411KBT3, STM32G411KBT6, STM32G411KBU3, STM32G411KBU6, STM32G411M6T3, STM32G411M6T6, STM32G411M8T3, STM32G411M8T6, STM32G411MBT3, STM32G411MBT6, STM32G411R6T3, STM32G411R6T6, STM32G411R8T3, STM32G411R8T6, STM32G411RBT3, STM32G411RBT6, STM32G414CBT3, STM32G414CBT6, STM32G414CBU3, STM32G414CBU6, STM32G414CCT3, STM32G414CCT6, STM32G414CCU3, STM32G414CCU6, STM32G414MBT3, STM32G414MBT6, STM32G414MCT3, STM32G414MCT6, STM32G414RBT3, STM32G414RBT6, STM32G414RCT3, STM32G414RCT6, STM32G414VBT3, STM32G414VBT6, STM32G414VCT3, STM32G414VCT6, STM32G431CBT3Z, STM32G431RBT3Z, STM32G471CCT6, STM32G471CCU6, STM32G471CET3, STM32G471CET6, STM32G471CEU3, STM32G471CEU6, STM32G471MCT6, STM32G471MET3, STM32G471MET6, STM32G471MEY6TR, STM32G471QCT6, STM32G471QET3, STM32G471RCT6, STM32G471RET3, STM32G471RET6, STM32G471VCH6, STM32G471VCI6, STM32G471VCT6, STM32G471VEH3, STM32G471VEH6, STM32G471VEI3, STM32G471VEI6, STM32G471VET3, STM32G471VET6, STM32G473QET3Z, STM32G473RET3Z, STM32G474CCT6, STM32G491RET3Z, STM32H503CBT6, STM32H503CBU6, STM32H503EBY6TR, STM32H503KBU6, STM32H503RBT6, STM32H523CCT6, STM32H523CCU6, STM32H523CET6, STM32H523CEU6, STM32H523HEY6TR, STM32H523RCT6, STM32H523RET6, STM32H523VCI6, STM32H523VCT6, STM32H523VEI6, STM32H523VET6, STM32H523ZCJ6, STM32H523ZCT6, STM32H523ZEJ6, STM32H523ZET6, STM32H533CET6, STM32H533CEU6, STM32H533HEY6TR, STM32H533RET6, STM32H533VEI6, STM32H533VET6, STM32H533ZEJ6, STM32H533ZET6, STM32H562AGI6, STM32H562AII6, STM32H562IGK6, STM32H562IGT6, STM32H562IIK6, STM32H562IIT6, STM32H562RGT6, STM32H562RGV6, STM32H562RIT6, STM32H562RIV6, STM32H562VGT6, STM32H562VIT6, STM32H562ZGT6, STM32H562ZIT6, STM32H563AGI6, STM32H563AII3Q, STM32H563AII6, STM32H563IGK6, STM32H563IGT6, STM32H563IIK3Q, STM32H563IIK6, STM32H563IIT3Q, STM32H563IIT6, STM32H563MIY3QTR, STM32H563RGT6, STM32H563RGV6, STM32H563RIT6, STM32H563RIV6, STM32H563VGT6, STM32H563VIT3Q, STM32H563VIT6, STM32H563ZGT6, STM32H563ZIT3Q, STM32H563ZIT6, STM32H573AII3Q, STM32H573AII6, STM32H573I-DK, STM32H573IIK3Q, STM32H573IIK6, STM32H573IIT3Q, STM32H573IIT6, STM32H573MIY3QTR, STM32H573RIT6, STM32H573RIV6, STM32H573VIT3Q, STM32H573VIT6, STM32H573ZIT3Q, STM32H573ZIT6, STM32H7R3A8I6, STM32H7R3I8K6, STM32H7R3I8T6, STM32H7R3L8H6, STM32H7R3L8H6H, STM32H7R3R8V6, STM32H7R3V8H6, STM32H7R3V8T6, STM32H7R3V8Y6TR, STM32H7R3Z8J6, STM32H7R3Z8T6, STM32H7R7A8I6, STM32H7R7I8K6, STM32H7R7I8T6, STM32H7R7L8H6, STM32H7R7L8H6H, STM32H7R7Z8J6, STM32H7S3A8I6, STM32H7S3I8K6, STM32H7S3I8T6, STM32H7S3L8H6, STM32H7S3L8H6H, STM32H7S3R8V6, STM32H7S3V8H6, STM32H7S3V8T6, STM32H7S3V8Y6TR, STM32H7S3Z8J6, STM32H7S3Z8T6, STM32H7S78-DK, STM32H7S7A8I6, STM32H7S7I8K6, STM32H7S7I8T6, STM32H7S7L8H6, STM32H7S7L8H6H, STM32H7S7Z8J6, STM32L4R5QGI6STR, STM32MP131AAE3, STM32MP131AAF3, STM32MP131AAG3, STM32MP131CAE3, STM32MP131CAF3, STM32MP131CAG3, STM32MP131DAE7, STM32MP131DAF7, STM32MP131DAG7, STM32MP131FAE7, STM32MP131FAF7, STM32MP131FAG7, STM32MP133AAE3, STM32MP133AAF3, STM32MP133AAG3, STM32MP133CAE3, STM32MP133CAF3, STM32MP133CAG3, STM32MP133DAE7, STM32MP133DAF7, STM32MP133DAG7, STM32MP133FAE7, STM32MP133FAF7, STM32MP133FAG7, STM32MP135AAE3, STM32MP135AAF3, STM32MP135AAG3, STM32MP135CAE3, STM32MP135CAF3, STM32MP135CAG3, STM32MP135DAE7, STM32MP135DAF7, STM32MP135DAG7, STM32MP135F-DK, STM32MP135FAE7, STM32MP135FAF7, STM32MP135FAF7T, STM32MP135FAF7U, STM32MP135FAG7, STM32MP211AAL3, STM32MP211AAM3, STM32MP211AAN3, STM32MP211AAO3, STM32MP211CAL3, STM32MP211CAM3, STM32MP211CAN3, STM32MP211CAO3, STM32MP211DAL3, STM32MP211DAM3, STM32MP211DAN3, STM32MP211DAO3, STM32MP211FAL3, STM32MP211FAM3, STM32MP211FAN3, STM32MP211FAO3, STM32MP213AAL3, STM32MP213AAM3, STM32MP213AAN3, STM32MP213AAO3, STM32MP213CAL3, STM32MP213CAM3, STM32MP213CAN3, STM32MP213CAO3, STM32MP213DAL3, STM32MP213DAM3, STM32MP213DAN3, STM32MP213DAO3, STM32MP213FAL3, STM32MP213FAM3, STM32MP213FAN3, STM32MP213FAO3, STM32MP215AAL3, STM32MP215AAM3, STM32MP215AAN3, STM32MP215AAO3, STM32MP215CAL3, STM32MP215CAM3, STM32MP215CAN3, STM32MP215CAO3, STM32MP215DAL3, STM32MP215DAM3, STM32MP215DAN3, STM32MP215DAO3, STM32MP215F-DK, STM32MP215FAL3, STM32MP215FAM3, STM32MP215FAN3, STM32MP215FAO3, STM32MP231AAJ3, STM32MP231AAK3, STM32MP231AAL3, STM32MP231CAJ3, STM32MP231CAK3, STM32MP231CAL3, STM32MP231DAJ3, STM32MP231DAK3, STM32MP231DAL3, STM32MP231FAJ3, STM32MP231FAK3, STM32MP231FAL3, STM32MP233AAJ3, STM32MP233AAK3, STM32MP233AAL3, STM32MP233CAJ3, STM32MP233CAK3, STM32MP233CAL3, STM32MP233DAJ3, STM32MP233DAK3, STM32MP233DAL3, STM32MP233FAJ3, STM32MP233FAK3, STM32MP233FAL3, STM32MP235AAJ3, STM32MP235AAK3, STM32MP235AAL3, STM32MP235CAJ3, STM32MP235CAK3, STM32MP235CAL3, STM32MP235DAJ3, STM32MP235DAK3, STM32MP235DAL3, STM32MP235FAJ3, STM32MP235FAK3, STM32MP235FAL3, STM32MP251AAI3, STM32MP251AAK3, STM32MP251AAL3, STM32MP251CAI3, STM32MP251CAK3, STM32MP251CAL3, STM32MP251DAI3, STM32MP251DAK3, STM32MP251DAL3, STM32MP251FAI3, STM32MP251FAK3, STM32MP251FAL3, STM32MP253AAI3, STM32MP253AAK3, STM32MP253AAL3, STM32MP253CAI3, STM32MP253CAK3, STM32MP253CAL3, STM32MP253DAI3, STM32MP253DAK3, STM32MP253DAL3, STM32MP253FAI3, STM32MP253FAK3, STM32MP253FAL3, STM32MP255AAI3, STM32MP255AAK3, STM32MP255AAL3, STM32MP255CAI3, STM32MP255CAK3, STM32MP255CAL3, STM32MP255DAI3, STM32MP255DAK3, STM32MP255DAL3, STM32MP255FAI3, STM32MP255FAK3, STM32MP255FAL3, STM32MP257AAI3, STM32MP257AAK3, STM32MP257AAL3, STM32MP257CAI3, STM32MP257CAK3, STM32MP257CAL3, STM32MP257DAI3, STM32MP257DAK3, STM32MP257DAL3, STM32MP257F-DK, STM32MP257F-EV1, STM32MP257FAI3, STM32MP257FAK3, STM32MP257FAL3, STM32N645A0H3Q, STM32N645B0H3Q, STM32N645I0H3Q, STM32N645L0H3Q, STM32N645X0H3Q, STM32N645Z0H3Q, STM32N647A0H3Q, STM32N647B0H3Q, STM32N647I0H3Q, STM32N647L0H3Q, STM32N647X0H3Q, STM32N647Z0H3Q, STM32N655A0H3Q, STM32N655B0H3Q, STM32N655I0H3Q, STM32N655L0H3Q, STM32N655X0H3Q, STM32N655Z0H3Q, STM32N6570-DK, STM32N657A0H3Q, STM32N657B0H3Q, STM32N657I0H3Q, STM32N657L0H3Q, STM32N657X0H3Q, STM32N657Z0H3Q, STM32U031C6T6, STM32U031C6U6, STM32U031C8T6, STM32U031C8U6, STM32U031F4P6, STM32U031F6P6, STM32U031F8P6, STM32U031G6Y6TR, STM32U031G8Y6TR, STM32U031K4U6, STM32U031K6U6, STM32U031K8U6, STM32U031R6I6, STM32U031R6T6, STM32U031R8I6, STM32U031R8T6, STM32U073C8T6, STM32U073C8U6, STM32U073CBT6, STM32U073CBU6, STM32U073CCT6, STM32U073CCU6, STM32U073H8Y6TR, STM32U073HBY6TR, STM32U073HCY6TR, STM32U073K8U6, STM32U073KBU6, STM32U073KCU6, STM32U073M8I6, STM32U073M8T6, STM32U073MBI6, STM32U073MBT6, STM32U073MCI6, STM32U073MCT6, STM32U073R8I6, STM32U073R8T6, STM32U073RBI6, STM32U073RBT6, STM32U073RCI6, STM32U073RCT6, STM32U083C-DK, STM32U083CCT6, STM32U083CCU6, STM32U083HCY6TR, STM32U083KCU6, STM32U083MCI6, STM32U083MCT6, STM32U083RCI6, STM32U083RCT6, STM32U375CET6, STM32U375CET6Q, STM32U375CEU6, STM32U375CEU6Q, STM32U375CEY6QTR, STM32U375CGT6, STM32U375CGT6Q, STM32U375CGU6, STM32U375CGU6Q, STM32U375CGY6QTR, STM32U375KEU6, STM32U375KGU6, STM32U375REI6, STM32U375REI6Q, STM32U375RET6, STM32U375RET6Q, STM32U375REY6GTR, STM32U375REY6QTR, STM32U375RGI6, STM32U375RGI6Q, STM32U375RGT6, STM32U375RGT6Q, STM32U375RGY6GTR, STM32U375RGY6QTR, STM32U375VEI6, STM32U375VEI6Q, STM32U375VET6, STM32U375VET6Q, STM32U375VGI6, STM32U375VGI6Q, STM32U375VGT6, STM32U375VGT6Q, STM32U385CGT6, STM32U385CGT6Q, STM32U385CGU6, STM32U385CGU6Q, STM32U385CGY6QTR, STM32U385KGU6, STM32U385RGI6, STM32U385RGI6Q, STM32U385RGT6, STM32U385RGT6Q, STM32U385RGY6GTR, STM32U385RGY6QTR, STM32U385VGI6, STM32U385VGI6Q, STM32U385VGT6, STM32U385VGT6Q, STM32U535CBT6, STM32U535CBT6Q, STM32U535CBU6, STM32U535CBU6Q, STM32U535CCT6, STM32U535CCT6Q, STM32U535CCU6, STM32U535CCU6Q, STM32U535CET6, STM32U535CET6Q, STM32U535CEU6, STM32U535CEU6Q, STM32U535JEY6QTR, STM32U535NCY6QTR, STM32U535NEY6QTR, STM32U535RBI6, STM32U535RBI6Q, STM32U535RBT6, STM32U535RBT6Q, STM32U535RCI6, STM32U535RCI6Q, STM32U535RCT6, STM32U535RCT6Q, STM32U535REI6, STM32U535REI6Q, STM32U535RET6, STM32U535RET6Q, STM32U535VCI6, STM32U535VCI6Q, STM32U535VCT6, STM32U535VCT6Q, STM32U535VEI6, STM32U535VEI6Q, STM32U535VET6, STM32U535VET6Q, STM32U545CET6, STM32U545CET6Q, STM32U545CEU6, STM32U545CEU6Q, STM32U545JEY6QTR, STM32U545NEY6QTR, STM32U545REI6, STM32U545REI6Q, STM32U545RET6, STM32U545RET6Q, STM32U545VEI6, STM32U545VEI6Q, STM32U545VET6, STM32U545VET6Q, STM32U595AIH6, STM32U595AIH6Q, STM32U595AJH6, STM32U595AJH6Q, STM32U595QII6, STM32U595QII6Q, STM32U595QJI6, STM32U595QJI6Q, STM32U595RIT6, STM32U595RIT6Q, STM32U595RJT6, STM32U595RJT6Q, STM32U595VIT6, STM32U595VIT6Q, STM32U595VJT6, STM32U595VJT6Q, STM32U595ZIT6, STM32U595ZIT6Q, STM32U595ZIY6QTR, STM32U595ZJT6, STM32U595ZJT6Q, STM32U595ZJY6QTR, STM32U599BJY6QTR, STM32U599NIH6Q, STM32U599NJH6Q, STM32U599VIT6Q, STM32U599VJT6, STM32U599VJT6Q, STM32U599ZIT6Q, STM32U599ZIY6QTR, STM32U599ZJT6Q, STM32U599ZJY6QTR, STM32U5A5AJH6, STM32U5A5AJH6Q, STM32U5A5QII3Q , STM32U5A5QJI6, STM32U5A5QJI6Q, STM32U5A5RJT6, STM32U5A5RJT6Q, STM32U5A5VJT6, STM32U5A5VJT6Q, STM32U5A5ZJT6, STM32U5A5ZJT6Q, STM32U5A5ZJY6QTR, STM32U5A9BJY6QTR, STM32U5A9J-DK, STM32U5A9NJH6Q, STM32U5A9VJT6Q, STM32U5A9ZJT6Q, STM32U5A9ZJY6QTR, STM32U5F7VIT6, STM32U5F7VIT6Q, STM32U5F7VJT6, STM32U5F7VJT6Q, STM32U5F9BJY6QTR, STM32U5F9NJH6Q, STM32U5F9VIT6Q, STM32U5F9VJT6Q, STM32U5F9ZIJ6QTR, STM32U5F9ZIT6Q, STM32U5F9ZJJ6QTR, STM32U5F9ZJT6Q, STM32U5G7VJT6, STM32U5G7VJT6Q, STM32U5G9BJY6QTR, STM32U5G9J-DK1, STM32U5G9J-DK2, STM32U5G9NJH6Q, STM32U5G9VJT6Q, STM32U5G9ZJJ6QTR, STM32U5G9ZJT6Q, STM32WB05KZV6TR, STM32WB05KZV7TR, STM32WB05TZF6TR, STM32WB05TZF7TR, STM32WB06CCF6TR, STM32WB06CCF7TR, STM32WB06CCV6TR, STM32WB06CCV7TR, STM32WB06KCV6TR, STM32WB06KCV7TR, STM32WB07CCF6TR, STM32WB07CCF7TR, STM32WB07CCV6TR, STM32WB07CCV7TR, STM32WB07KCV6TR, STM32WB07KCV7TR, STM32WB09KEV6TR, STM32WB09KEV7TR, STM32WB09TEF6TR, STM32WB09TEF7TR, STM32WB1MMCH6, STM32WBA50KGU6, STM32WBA50KGU6TR, STM32WBA52CEU6, STM32WBA52CEU6TR, STM32WBA52CEU7, STM32WBA52CEU7TR, STM32WBA52CGU6, STM32WBA52CGU6TR, STM32WBA52CGU6U, STM32WBA52CGU7, STM32WBA52CGU7TR, STM32WBA52KEU6, STM32WBA52KEU6TR, STM32WBA52KGU6, STM32WBA52KGU6TR, STM32WBA54CEU6, STM32WBA54CEU6TR, STM32WBA54CEU7, STM32WBA54CEU7TR, STM32WBA54CGU6, STM32WBA54CGU6TR, STM32WBA54CGU7, STM32WBA54CGU7TR, STM32WBA54KEU6, STM32WBA54KEU6TR, STM32WBA54KEU7, STM32WBA54KEU7TR, STM32WBA54KGU6, STM32WBA54KGU6TR, STM32WBA54KGU7, STM32WBA54KGU7TR, STM32WBA55CEU6, STM32WBA55CEU6TR, STM32WBA55CEU7, STM32WBA55CEU7TR, STM32WBA55CGU6, STM32WBA55CGU6TR, STM32WBA55CGU6U, STM32WBA55CGU7, STM32WBA55CGU7TR, STM32WBA55G-DK1, STM32WBA55HEF6, STM32WBA55HEF7, STM32WBA55HGF6, STM32WBA55HGF7, STM32WBA55UEI6, STM32WBA55UEI6TR, STM32WBA55UEI7, STM32WBA55UEI7TR, STM32WBA55UGI6, STM32WBA55UGI6TR, STM32WBA55UGI7, STM32WBA55UGI7TR, STM32WBA5MMGH6TR, STM32WBA62MGF6, STM32WBA62MIF6, STM32WBA65MGF7, STM32WBA65MIF6, STM32WBA65MIF7, STM32WL30K8V6, STM32WL30KBV6, STM32WL31C8V6, STM32WL31CBV6, STM32WL31K8V6, STM32WL31KBV6, STM32WL33C8V6, STM32WL33C8V6X, STM32WL33CBV6, STM32WL33CBV6X, STM32WL33CCV6, STM32WL33CCV6A, STM32WL33CCV6X, STM32WL33K8V7, STM32WL33K8V7X, STM32WL33KBV7 , STM32WL33KBV7X, STM32WL33KCV7, STM32WL33KCV7X, STM32WL5MOCH6, STM32WL5MOCH6TR]
2026-01-10 15:43:55,144 [INFO] DbMcus:218 - Found 4876 MCUs, 4876 are supported
2026-01-10 15:43:55,145 [INFO] ApiDb:423 - Load user favorites file /Users/karthikkurapati/.stm32cubeide/favorites.mcus.txt: 0 item(s)
2026-01-10 15:43:55,146 [INFO] ApiDb:427 - User favorites MCUs=[]
2026-01-10 15:43:55,146 [INFO] DbMcus:224 - Set 0 / 0 favorites MCUs
2026-01-10 15:43:56,265 [INFO] ApiDb:668 - CubeFinder database Data Model version=2.1
2026-01-10 15:43:56,265 [INFO] ApiDb:669 - CubeFinder database Configuration version=3.0.39
2026-01-10 15:43:56,266 [INFO] ApiDb:670 - CubeFinder database generation date=2025-12-22 (1766407740)
2026-01-10 15:43:56,266 [INFO] ApiDb:671 - CubeFinder database FW Pack versions=[FP-ATR-ASTRA1_V2.0.0, FP-SNS-FLIGHT1_V5.1.0, FP-SNS-MOTENV1_V5.1.0, FP-SNS-MOTENVWB1_V1.4.0, FP-SNS-SMARTAG2_V1.2.0, FP-SNS-STBOX1_V2.1.0, STM32Cube_FW_C0_V1.4.0, STM32Cube_FW_F4_V1.28.3, STM32Cube_FW_F7_V1.17.4, STM32Cube_FW_G0_V1.6.2, STM32Cube_FW_G4_V1.6.1, STM32Cube_FW_H5_V1.5.1, STM32Cube_FW_H7RS_V1.3.0, STM32Cube_FW_H7_V1.12.1, STM32Cube_FW_L0_V1.12.2, STM32Cube_FW_L4_V1.18.1, STM32Cube_FW_L5_V1.6.0, STM32Cube_FW_N6_V1.3.0, STM32Cube_FW_U0_V1.3.0, STM32Cube_FW_U3_V1.2.1, STM32Cube_FW_U5_V1.8.0, STM32Cube_FW_WB0_V1.4.0, STM32Cube_FW_WBA_V1.8.0, STM32Cube_FW_WB_V1.24.0, STM32Cube_FW_WL3_V1.3.0, STM32Cube_FW_WL_V1.4.0, X-CUBE-ALGOBUILD_V1.4.0, X-CUBE-ALS_V1.0.2, X-CUBE-AZRTOS-F4_V1.1.0, X-CUBE-AZRTOS-F7_V1.1.0, X-CUBE-AZRTOS-G0_V1.1.0, X-CUBE-AZRTOS-G4_V2.0.0, X-CUBE-AZRTOS-H7RS_V1.1.0, X-CUBE-AZRTOS-H7_V3.4.0, X-CUBE-AZRTOS-L4_V2.0.0, X-CUBE-AZRTOS-L5_V2.0.0, X-CUBE-AZRTOS-WB_V2.0.0, X-CUBE-AZRTOS-WL_V2.0.0, X-CUBE-BLE1_V7.1.0, X-CUBE-BLE2_V3.3.0, X-CUBE-BLEMGR_V4.1.0, X-CUBE-EEPRMA1_V5.2.0, X-CUBE-FREERTOS_V1.3.1, X-CUBE-GNSS1_V6.0.0, X-CUBE-MEMS1_V12.0.0, X-CUBE-NFC4_V3.0.0, X-CUBE-NFC7_V2.0.0, X-CUBE-SFXS2LP1_V4.0.0, X-CUBE-ST67W61_V1.1.0, X-CUBE-SUBG2_V5.0.0, X-CUBE-TOF1_V3.4.3]
2026-01-10 15:43:56,383 [INFO] DbBoardsSqlite:226 - include board P-NUCLEO-WB55-NUCLEO as a kit item of type 'Nucleo-64'
2026-01-10 15:43:56,384 [INFO] DbBoardsSqlite:226 - include board P-NUCLEO-WB55-USBDONGLE as a kit item of type 'Nucleo USB Dongle'
2026-01-10 15:43:56,385 [INFO] DbBoardsSqlite:226 - include board STEVAL-IDP005V1 as a kit item of type 'Evaluation Board'
2026-01-10 15:43:56,386 [INFO] DbBoardsSqlite:226 - include board STEVAL-IDP005V2 as a kit item of type 'Evaluation Board'
2026-01-10 15:43:56,472 [INFO] ApiDb:240 - Found 880 in-development CPN: [B-G473E-ZEST1S, B-WB1M-WPAN1, B-WBA5M-WPAN, B-WL5M-SUBG1, NUCLEO-C031C6, NUCLEO-C051C8, NUCLEO-C071RB, NUCLEO-C092RC, NUCLEO-H503RB, NUCLEO-H533RE, NUCLEO-H563ZI, NUCLEO-H7S3L8, NUCLEO-N657X0-Q, NUCLEO-U031R8, NUCLEO-U083RC, NUCLEO-U385RG-Q, NUCLEO-U545RE-Q, NUCLEO-U5A5ZJ-Q, NUCLEO-WB05KZ, NUCLEO-WB07CC, NUCLEO-WB09KE, NUCLEO-WBA52CG, NUCLEO-WBA55CG, NUCLEO-WL33CC1, NUCLEO-WL33CC2, STEVAL-PROTEUS1, STEVAL-SMARTAG2, STEVAL-STWINBX1, STM320518-EVAL, STM32C0116-DK, STM32C011D6Y3TR, STM32C011D6Y6TR, STM32C011F4P3, STM32C011F4P6, STM32C011F4U3, STM32C011F4U6TR, STM32C011F6P3, STM32C011F6P6, STM32C011F6U3, STM32C011F6U6TR, STM32C011J4M3, STM32C011J4M6, STM32C011J6M3, STM32C011J6M6, STM32C0316-DK, STM32C031C4T3, STM32C031C4T6, STM32C031C4U3, STM32C031C4U6, STM32C031C6T3, STM32C031C6T6, STM32C031C6U3, STM32C031C6U6, STM32C031F4P3, STM32C031F4P6, STM32C031F6P3, STM32C031F6P6, STM32C031G4U3, STM32C031G4U6, STM32C031G6U3, STM32C031G6U6, STM32C031K4T3, STM32C031K4T6, STM32C031K4U3, STM32C031K4U6, STM32C031K6T3, STM32C031K6T6, STM32C031K6U3, STM32C031K6U6, STM32C051C6T6, STM32C051C6U6, STM32C051C8T6, STM32C051C8U6, STM32C051D8Y6TR, STM32C051F6P6, STM32C051F8P6, STM32C051G6U6, STM32C051G8U6, STM32C051K6T6, STM32C051K6U6, STM32C051K8T6, STM32C071C8T6, STM32C071C8T6N, STM32C071C8U6, STM32C071C8U6N, STM32C071CBT6, STM32C071CBT6N, STM32C071CBU6, STM32C071CBU6N, STM32C071F8P6, STM32C071F8P6N, STM32C071FBP6, STM32C071FBP6N, STM32C071FBY6TR, STM32C071G8U6, STM32C071G8U6N, STM32C071GBU6, STM32C071GBU6N, STM32C071K8T6, STM32C071K8T6N, STM32C071K8U6, STM32C071K8U6N, STM32C071KBT6, STM32C071KBT6N, STM32C071KBU6, STM32C071KBU6N, STM32C071R8T6, STM32C071R8T6N, STM32C071RBI6N, STM32C071RBT6, STM32C071RBT6N, STM32C091CBT6, STM32C091CBU6, STM32C091CCT6, STM32C091CCU6, STM32C091ECY6TR, STM32C091FBP6, STM32C091FCP6, STM32C091GBU6, STM32C091GCU6, STM32C091KBT6, STM32C091KBU6, STM32C091KCT6, STM32C091KCU6, STM32C091RBT6, STM32C091RCI6, STM32C091RCT6, STM32C092CBT6, STM32C092CBU6, STM32C092CCT6, STM32C092CCU6, STM32C092ECY6TR, STM32C092FBP6, STM32C092FCP6, STM32C092GBU6, STM32C092GCU6, STM32C092KBT6, STM32C092KBU6, STM32C092KCT6, STM32C092KCU6, STM32C092RBT6, STM32C092RCI6, STM32C092RCT6, STM32G071K8TXN, STM32G071K8UXN, STM32G081GBU6N, STM32G081KBT6N, STM32G081KBUXN, STM32G0B1CCT6N, STM32G0B1KCT6, STM32G0B1NEY6TR, STM32G0B1RCT6N, STM32G0C1CCT6, STM32G0C1CCT6N, STM32G0C1CCU6N, STM32G0C1CET6N, STM32G0C1CEU6N, STM32G0C1KCT6, STM32G0C1NEY6TR, STM32G0C1RCI6N, STM32G0C1RCT6N, STM32G0C1REI6N, STM32G0C1RET6N, STM32G0C1VCI6, STM32G0C1VEI6, STM32G411C6T3, STM32G411C6T6, STM32G411C6U3, STM32G411C6U6, STM32G411C8T3, STM32G411C8T6, STM32G411C8U3, STM32G411C8U6, STM32G411CBT3, STM32G411CBT6, STM32G411CBU3, STM32G411CBU6, STM32G411K6T3, STM32G411K6T6, STM32G411K6U3, STM32G411K6U6, STM32G411K8T3, STM32G411K8T6, STM32G411K8U3, STM32G411K8U6, STM32G411KBT3, STM32G411KBT6, STM32G411KBU3, STM32G411KBU6, STM32G411M6T3, STM32G411M6T6, STM32G411M8T3, STM32G411M8T6, STM32G411MBT3, STM32G411MBT6, STM32G411R6T3, STM32G411R6T6, STM32G411R8T3, STM32G411R8T6, STM32G411RBT3, STM32G411RBT6, STM32G414CBT3, STM32G414CBT6, STM32G414CBU3, STM32G414CBU6, STM32G414CCT3, STM32G414CCT6, STM32G414CCU3, STM32G414CCU6, STM32G414MBT3, STM32G414MBT6, STM32G414MCT3, STM32G414MCT6, STM32G414RBT3, STM32G414RBT6, STM32G414RCT3, STM32G414RCT6, STM32G414VBT3, STM32G414VBT6, STM32G414VCT3, STM32G414VCT6, STM32G431CBT3Z, STM32G431RBT3Z, STM32G471CCT6, STM32G471CCU6, STM32G471CET3, STM32G471CET6, STM32G471CEU3, STM32G471CEU6, STM32G471MCT6, STM32G471MET3, STM32G471MET6, STM32G471MEY6TR, STM32G471QCT6, STM32G471QET3, STM32G471RCT6, STM32G471RET3, STM32G471RET6, STM32G471VCH6, STM32G471VCI6, STM32G471VCT6, STM32G471VEH3, STM32G471VEH6, STM32G471VEI3, STM32G471VEI6, STM32G471VET3, STM32G471VET6, STM32G473QET3Z, STM32G473RET3Z, STM32G474CCT6, STM32G491RET3Z, STM32H503CBT6, STM32H503CBU6, STM32H503EBY6TR, STM32H503KBU6, STM32H503RBT6, STM32H523CCT6, STM32H523CCU6, STM32H523CET6, STM32H523CEU6, STM32H523HEY6TR, STM32H523RCT6, STM32H523RET6, STM32H523VCI6, STM32H523VCT6, STM32H523VEI6, STM32H523VET6, STM32H523ZCJ6, STM32H523ZCT6, STM32H523ZEJ6, STM32H523ZET6, STM32H533CET6, STM32H533CEU6, STM32H533HEY6TR, STM32H533RET6, STM32H533VEI6, STM32H533VET6, STM32H533ZEJ6, STM32H533ZET6, STM32H562AGI6, STM32H562AII6, STM32H562IGK6, STM32H562IGT6, STM32H562IIK6, STM32H562IIT6, STM32H562RGT6, STM32H562RGV6, STM32H562RIT6, STM32H562RIV6, STM32H562VGT6, STM32H562VIT6, STM32H562ZGT6, STM32H562ZIT6, STM32H563AGI6, STM32H563AII3Q, STM32H563AII6, STM32H563IGK6, STM32H563IGT6, STM32H563IIK3Q, STM32H563IIK6, STM32H563IIT3Q, STM32H563IIT6, STM32H563MIY3QTR, STM32H563RGT6, STM32H563RGV6, STM32H563RIT6, STM32H563RIV6, STM32H563VGT6, STM32H563VIT3Q, STM32H563VIT6, STM32H563ZGT6, STM32H563ZIT3Q, STM32H563ZIT6, STM32H573AII3Q, STM32H573AII6, STM32H573I-DK, STM32H573IIK3Q, STM32H573IIK6, STM32H573IIT3Q, STM32H573IIT6, STM32H573MIY3QTR, STM32H573RIT6, STM32H573RIV6, STM32H573VIT3Q, STM32H573VIT6, STM32H573ZIT3Q, STM32H573ZIT6, STM32H7R3A8I6, STM32H7R3I8K6, STM32H7R3I8T6, STM32H7R3L8H6, STM32H7R3L8H6H, STM32H7R3R8V6, STM32H7R3V8H6, STM32H7R3V8T6, STM32H7R3V8Y6TR, STM32H7R3Z8J6, STM32H7R3Z8T6, STM32H7R7A8I6, STM32H7R7I8K6, STM32H7R7I8T6, STM32H7R7L8H6, STM32H7R7L8H6H, STM32H7R7Z8J6, STM32H7S3A8I6, STM32H7S3I8K6, STM32H7S3I8T6, STM32H7S3L8H6, STM32H7S3L8H6H, STM32H7S3R8V6, STM32H7S3V8H6, STM32H7S3V8T6, STM32H7S3V8Y6TR, STM32H7S3Z8J6, STM32H7S3Z8T6, STM32H7S78-DK, STM32H7S7A8I6, STM32H7S7I8K6, STM32H7S7I8T6, STM32H7S7L8H6, STM32H7S7L8H6H, STM32H7S7Z8J6, STM32L4R5QGI6STR, STM32MP131AAE3, STM32MP131AAF3, STM32MP131AAG3, STM32MP131CAE3, STM32MP131CAF3, STM32MP131CAG3, STM32MP131DAE7, STM32MP131DAF7, STM32MP131DAG7, STM32MP131FAE7, STM32MP131FAF7, STM32MP131FAG7, STM32MP133AAE3, STM32MP133AAF3, STM32MP133AAG3, STM32MP133CAE3, STM32MP133CAF3, STM32MP133CAG3, STM32MP133DAE7, STM32MP133DAF7, STM32MP133DAG7, STM32MP133FAE7, STM32MP133FAF7, STM32MP133FAG7, STM32MP135AAE3, STM32MP135AAF3, STM32MP135AAG3, STM32MP135CAE3, STM32MP135CAF3, STM32MP135CAG3, STM32MP135DAE7, STM32MP135DAF7, STM32MP135DAG7, STM32MP135F-DK, STM32MP135FAE7, STM32MP135FAF7, STM32MP135FAF7T, STM32MP135FAF7U, STM32MP135FAG7, STM32MP211AAL3, STM32MP211AAM3, STM32MP211AAN3, STM32MP211AAO3, STM32MP211CAL3, STM32MP211CAM3, STM32MP211CAN3, STM32MP211CAO3, STM32MP211DAL3, STM32MP211DAM3, STM32MP211DAN3, STM32MP211DAO3, STM32MP211FAL3, STM32MP211FAM3, STM32MP211FAN3, STM32MP211FAO3, STM32MP213AAL3, STM32MP213AAM3, STM32MP213AAN3, STM32MP213AAO3, STM32MP213CAL3, STM32MP213CAM3, STM32MP213CAN3, STM32MP213CAO3, STM32MP213DAL3, STM32MP213DAM3, STM32MP213DAN3, STM32MP213DAO3, STM32MP213FAL3, STM32MP213FAM3, STM32MP213FAN3, STM32MP213FAO3, STM32MP215AAL3, STM32MP215AAM3, STM32MP215AAN3, STM32MP215AAO3, STM32MP215CAL3, STM32MP215CAM3, STM32MP215CAN3, STM32MP215CAO3, STM32MP215DAL3, STM32MP215DAM3, STM32MP215DAN3, STM32MP215DAO3, STM32MP215F-DK, STM32MP215FAL3, STM32MP215FAM3, STM32MP215FAN3, STM32MP215FAO3, STM32MP231AAJ3, STM32MP231AAK3, STM32MP231AAL3, STM32MP231CAJ3, STM32MP231CAK3, STM32MP231CAL3, STM32MP231DAJ3, STM32MP231DAK3, STM32MP231DAL3, STM32MP231FAJ3, STM32MP231FAK3, STM32MP231FAL3, STM32MP233AAJ3, STM32MP233AAK3, STM32MP233AAL3, STM32MP233CAJ3, STM32MP233CAK3, STM32MP233CAL3, STM32MP233DAJ3, STM32MP233DAK3, STM32MP233DAL3, STM32MP233FAJ3, STM32MP233FAK3, STM32MP233FAL3, STM32MP235AAJ3, STM32MP235AAK3, STM32MP235AAL3, STM32MP235CAJ3, STM32MP235CAK3, STM32MP235CAL3, STM32MP235DAJ3, STM32MP235DAK3, STM32MP235DAL3, STM32MP235FAJ3, STM32MP235FAK3, STM32MP235FAL3, STM32MP251AAI3, STM32MP251AAK3, STM32MP251AAL3, STM32MP251CAI3, STM32MP251CAK3, STM32MP251CAL3, STM32MP251DAI3, STM32MP251DAK3, STM32MP251DAL3, STM32MP251FAI3, STM32MP251FAK3, STM32MP251FAL3, STM32MP253AAI3, STM32MP253AAK3, STM32MP253AAL3, STM32MP253CAI3, STM32MP253CAK3, STM32MP253CAL3, STM32MP253DAI3, STM32MP253DAK3, STM32MP253DAL3, STM32MP253FAI3, STM32MP253FAK3, STM32MP253FAL3, STM32MP255AAI3, STM32MP255AAK3, STM32MP255AAL3, STM32MP255CAI3, STM32MP255CAK3, STM32MP255CAL3, STM32MP255DAI3, STM32MP255DAK3, STM32MP255DAL3, STM32MP255FAI3, STM32MP255FAK3, STM32MP255FAL3, STM32MP257AAI3, STM32MP257AAK3, STM32MP257AAL3, STM32MP257CAI3, STM32MP257CAK3, STM32MP257CAL3, STM32MP257DAI3, STM32MP257DAK3, STM32MP257DAL3, STM32MP257F-DK, STM32MP257F-EV1, STM32MP257FAI3, STM32MP257FAK3, STM32MP257FAL3, STM32N645A0H3Q, STM32N645B0H3Q, STM32N645I0H3Q, STM32N645L0H3Q, STM32N645X0H3Q, STM32N645Z0H3Q, STM32N647A0H3Q, STM32N647B0H3Q, STM32N647I0H3Q, STM32N647L0H3Q, STM32N647X0H3Q, STM32N647Z0H3Q, STM32N655A0H3Q, STM32N655B0H3Q, STM32N655I0H3Q, STM32N655L0H3Q, STM32N655X0H3Q, STM32N655Z0H3Q, STM32N6570-DK, STM32N657A0H3Q, STM32N657B0H3Q, STM32N657I0H3Q, STM32N657L0H3Q, STM32N657X0H3Q, STM32N657Z0H3Q, STM32U031C6T6, STM32U031C6U6, STM32U031C8T6, STM32U031C8U6, STM32U031F4P6, STM32U031F6P6, STM32U031F8P6, STM32U031G6Y6TR, STM32U031G8Y6TR, STM32U031K4U6, STM32U031K6U6, STM32U031K8U6, STM32U031R6I6, STM32U031R6T6, STM32U031R8I6, STM32U031R8T6, STM32U073C8T6, STM32U073C8U6, STM32U073CBT6, STM32U073CBU6, STM32U073CCT6, STM32U073CCU6, STM32U073H8Y6TR, STM32U073HBY6TR, STM32U073HCY6TR, STM32U073K8U6, STM32U073KBU6, STM32U073KCU6, STM32U073M8I6, STM32U073M8T6, STM32U073MBI6, STM32U073MBT6, STM32U073MCI6, STM32U073MCT6, STM32U073R8I6, STM32U073R8T6, STM32U073RBI6, STM32U073RBT6, STM32U073RCI6, STM32U073RCT6, STM32U083C-DK, STM32U083CCT6, STM32U083CCU6, STM32U083HCY6TR, STM32U083KCU6, STM32U083MCI6, STM32U083MCT6, STM32U083RCI6, STM32U083RCT6, STM32U375CET6, STM32U375CET6Q, STM32U375CEU6, STM32U375CEU6Q, STM32U375CEY6QTR, STM32U375CGT6, STM32U375CGT6Q, STM32U375CGU6, STM32U375CGU6Q, STM32U375CGY6QTR, STM32U375KEU6, STM32U375KGU6, STM32U375REI6, STM32U375REI6Q, STM32U375RET6, STM32U375RET6Q, STM32U375REY6GTR, STM32U375REY6QTR, STM32U375RGI6, STM32U375RGI6Q, STM32U375RGT6, STM32U375RGT6Q, STM32U375RGY6GTR, STM32U375RGY6QTR, STM32U375VEI6, STM32U375VEI6Q, STM32U375VET6, STM32U375VET6Q, STM32U375VGI6, STM32U375VGI6Q, STM32U375VGT6, STM32U375VGT6Q, STM32U385CGT6, STM32U385CGT6Q, STM32U385CGU6, STM32U385CGU6Q, STM32U385CGY6QTR, STM32U385KGU6, STM32U385RGI6, STM32U385RGI6Q, STM32U385RGT6, STM32U385RGT6Q, STM32U385RGY6GTR, STM32U385RGY6QTR, STM32U385VGI6, STM32U385VGI6Q, STM32U385VGT6, STM32U385VGT6Q, STM32U535CBT6, STM32U535CBT6Q, STM32U535CBU6, STM32U535CBU6Q, STM32U535CCT6, STM32U535CCT6Q, STM32U535CCU6, STM32U535CCU6Q, STM32U535CET6, STM32U535CET6Q, STM32U535CEU6, STM32U535CEU6Q, STM32U535JEY6QTR, STM32U535NCY6QTR, STM32U535NEY6QTR, STM32U535RBI6, STM32U535RBI6Q, STM32U535RBT6, STM32U535RBT6Q, STM32U535RCI6, STM32U535RCI6Q, STM32U535RCT6, STM32U535RCT6Q, STM32U535REI6, STM32U535REI6Q, STM32U535RET6, STM32U535RET6Q, STM32U535VCI6, STM32U535VCI6Q, STM32U535VCT6, STM32U535VCT6Q, STM32U535VEI6, STM32U535VEI6Q, STM32U535VET6, STM32U535VET6Q, STM32U545CET6, STM32U545CET6Q, STM32U545CEU6, STM32U545CEU6Q, STM32U545JEY6QTR, STM32U545NEY6QTR, STM32U545REI6, STM32U545REI6Q, STM32U545RET6, STM32U545RET6Q, STM32U545VEI6, STM32U545VEI6Q, STM32U545VET6, STM32U545VET6Q, STM32U595AIH6, STM32U595AIH6Q, STM32U595AJH6, STM32U595AJH6Q, STM32U595QII6, STM32U595QII6Q, STM32U595QJI6, STM32U595QJI6Q, STM32U595RIT6, STM32U595RIT6Q, STM32U595RJT6, STM32U595RJT6Q, STM32U595VIT6, STM32U595VIT6Q, STM32U595VJT6, STM32U595VJT6Q, STM32U595ZIT6, STM32U595ZIT6Q, STM32U595ZIY6QTR, STM32U595ZJT6, STM32U595ZJT6Q, STM32U595ZJY6QTR, STM32U599BJY6QTR, STM32U599NIH6Q, STM32U599NJH6Q, STM32U599VIT6Q, STM32U599VJT6, STM32U599VJT6Q, STM32U599ZIT6Q, STM32U599ZIY6QTR, STM32U599ZJT6Q, STM32U599ZJY6QTR, STM32U5A5AJH6, STM32U5A5AJH6Q, STM32U5A5QII3Q , STM32U5A5QJI6, STM32U5A5QJI6Q, STM32U5A5RJT6, STM32U5A5RJT6Q, STM32U5A5VJT6, STM32U5A5VJT6Q, STM32U5A5ZJT6, STM32U5A5ZJT6Q, STM32U5A5ZJY6QTR, STM32U5A9BJY6QTR, STM32U5A9J-DK, STM32U5A9NJH6Q, STM32U5A9VJT6Q, STM32U5A9ZJT6Q, STM32U5A9ZJY6QTR, STM32U5F7VIT6, STM32U5F7VIT6Q, STM32U5F7VJT6, STM32U5F7VJT6Q, STM32U5F9BJY6QTR, STM32U5F9NJH6Q, STM32U5F9VIT6Q, STM32U5F9VJT6Q, STM32U5F9ZIJ6QTR, STM32U5F9ZIT6Q, STM32U5F9ZJJ6QTR, STM32U5F9ZJT6Q, STM32U5G7VJT6, STM32U5G7VJT6Q, STM32U5G9BJY6QTR, STM32U5G9J-DK1, STM32U5G9J-DK2, STM32U5G9NJH6Q, STM32U5G9VJT6Q, STM32U5G9ZJJ6QTR, STM32U5G9ZJT6Q, STM32WB05KZV6TR, STM32WB05KZV7TR, STM32WB05TZF6TR, STM32WB05TZF7TR, STM32WB06CCF6TR, STM32WB06CCF7TR, STM32WB06CCV6TR, STM32WB06CCV7TR, STM32WB06KCV6TR, STM32WB06KCV7TR, STM32WB07CCF6TR, STM32WB07CCF7TR, STM32WB07CCV6TR, STM32WB07CCV7TR, STM32WB07KCV6TR, STM32WB07KCV7TR, STM32WB09KEV6TR, STM32WB09KEV7TR, STM32WB09TEF6TR, STM32WB09TEF7TR, STM32WB1MMCH6, STM32WBA50KGU6, STM32WBA50KGU6TR, STM32WBA52CEU6, STM32WBA52CEU6TR, STM32WBA52CEU7, STM32WBA52CEU7TR, STM32WBA52CGU6, STM32WBA52CGU6TR, STM32WBA52CGU6U, STM32WBA52CGU7, STM32WBA52CGU7TR, STM32WBA52KEU6, STM32WBA52KEU6TR, STM32WBA52KGU6, STM32WBA52KGU6TR, STM32WBA54CEU6, STM32WBA54CEU6TR, STM32WBA54CEU7, STM32WBA54CEU7TR, STM32WBA54CGU6, STM32WBA54CGU6TR, STM32WBA54CGU7, STM32WBA54CGU7TR, STM32WBA54KEU6, STM32WBA54KEU6TR, STM32WBA54KEU7, STM32WBA54KEU7TR, STM32WBA54KGU6, STM32WBA54KGU6TR, STM32WBA54KGU7, STM32WBA54KGU7TR, STM32WBA55CEU6, STM32WBA55CEU6TR, STM32WBA55CEU7, STM32WBA55CEU7TR, STM32WBA55CGU6, STM32WBA55CGU6TR, STM32WBA55CGU6U, STM32WBA55CGU7, STM32WBA55CGU7TR, STM32WBA55G-DK1, STM32WBA55HEF6, STM32WBA55HEF7, STM32WBA55HGF6, STM32WBA55HGF7, STM32WBA55UEI6, STM32WBA55UEI6TR, STM32WBA55UEI7, STM32WBA55UEI7TR, STM32WBA55UGI6, STM32WBA55UGI6TR, STM32WBA55UGI7, STM32WBA55UGI7TR, STM32WBA5MMGH6TR, STM32WBA62MGF6, STM32WBA62MIF6, STM32WBA65MGF7, STM32WBA65MIF6, STM32WBA65MIF7, STM32WL30K8V6, STM32WL30KBV6, STM32WL31C8V6, STM32WL31CBV6, STM32WL31K8V6, STM32WL31KBV6, STM32WL33C8V6, STM32WL33C8V6X, STM32WL33CBV6, STM32WL33CBV6X, STM32WL33CCV6, STM32WL33CCV6A, STM32WL33CCV6X, STM32WL33K8V7, STM32WL33K8V7X, STM32WL33KBV7 , STM32WL33KBV7X, STM32WL33KCV7, STM32WL33KCV7X, STM32WL5MOCH6, STM32WL5MOCH6TR]
2026-01-10 15:43:56,899 [INFO] BoardInfo:889 - No configuration file found for board P-NUCLEO-WB55
2026-01-10 15:43:56,901 [INFO] DbBoards:161 - Kit is not supported: P-NUCLEO-WB55
2026-01-10 15:43:56,915 [INFO] BoardInfo:889 - No configuration file found for board STEVAL-BFA001V1B
2026-01-10 15:43:56,917 [INFO] DbBoards:161 - Kit is not supported: STEVAL-BFA001V1B
2026-01-10 15:43:56,920 [INFO] BoardInfo:889 - No configuration file found for board STEVAL-BFA001V2B
2026-01-10 15:43:56,921 [INFO] DbBoards:161 - Kit is not supported: STEVAL-BFA001V2B
2026-01-10 15:43:57,661 [INFO] DbBoards:168 - Found 212 boards, 209 are supported
2026-01-10 15:43:57,684 [INFO] DbBoards:169 - Found 212 boards, 43 of them is supported for  Bsp
2026-01-10 15:43:57,702 [INFO] ApiDb:423 - Load user favorites file /Users/karthikkurapati/.stm32cubeide/favorites.boards.txt: 0 item(s)
2026-01-10 15:43:57,704 [INFO] ApiDb:427 - User favorites Boards=[]
2026-01-10 15:43:57,704 [INFO] DbBoards:198 - Set 0 / 0 favorites Boards
2026-01-10 15:43:57,744 [INFO] ApiDb:668 - CubeFinder database Data Model version=2.1
2026-01-10 15:43:57,746 [INFO] ApiDb:669 - CubeFinder database Configuration version=3.0.39
2026-01-10 15:43:57,750 [INFO] ApiDb:670 - CubeFinder database generation date=2025-12-22 (1766407740)
2026-01-10 15:43:57,755 [INFO] ApiDb:671 - CubeFinder database FW Pack versions=[FP-ATR-ASTRA1_V2.0.0, FP-SNS-FLIGHT1_V5.1.0, FP-SNS-MOTENV1_V5.1.0, FP-SNS-MOTENVWB1_V1.4.0, FP-SNS-SMARTAG2_V1.2.0, FP-SNS-STBOX1_V2.1.0, STM32Cube_FW_C0_V1.4.0, STM32Cube_FW_F4_V1.28.3, STM32Cube_FW_F7_V1.17.4, STM32Cube_FW_G0_V1.6.2, STM32Cube_FW_G4_V1.6.1, STM32Cube_FW_H5_V1.5.1, STM32Cube_FW_H7RS_V1.3.0, STM32Cube_FW_H7_V1.12.1, STM32Cube_FW_L0_V1.12.2, STM32Cube_FW_L4_V1.18.1, STM32Cube_FW_L5_V1.6.0, STM32Cube_FW_N6_V1.3.0, STM32Cube_FW_U0_V1.3.0, STM32Cube_FW_U3_V1.2.1, STM32Cube_FW_U5_V1.8.0, STM32Cube_FW_WB0_V1.4.0, STM32Cube_FW_WBA_V1.8.0, STM32Cube_FW_WB_V1.24.0, STM32Cube_FW_WL3_V1.3.0, STM32Cube_FW_WL_V1.4.0, X-CUBE-ALGOBUILD_V1.4.0, X-CUBE-ALS_V1.0.2, X-CUBE-AZRTOS-F4_V1.1.0, X-CUBE-AZRTOS-F7_V1.1.0, X-CUBE-AZRTOS-G0_V1.1.0, X-CUBE-AZRTOS-G4_V2.0.0, X-CUBE-AZRTOS-H7RS_V1.1.0, X-CUBE-AZRTOS-H7_V3.4.0, X-CUBE-AZRTOS-L4_V2.0.0, X-CUBE-AZRTOS-L5_V2.0.0, X-CUBE-AZRTOS-WB_V2.0.0, X-CUBE-AZRTOS-WL_V2.0.0, X-CUBE-BLE1_V7.1.0, X-CUBE-BLE2_V3.3.0, X-CUBE-BLEMGR_V4.1.0, X-CUBE-EEPRMA1_V5.2.0, X-CUBE-FREERTOS_V1.3.1, X-CUBE-GNSS1_V6.0.0, X-CUBE-MEMS1_V12.0.0, X-CUBE-NFC4_V3.0.0, X-CUBE-NFC7_V2.0.0, X-CUBE-SFXS2LP1_V4.0.0, X-CUBE-ST67W61_V1.1.0, X-CUBE-SUBG2_V5.0.0, X-CUBE-TOF1_V3.4.3]
2026-01-10 15:43:59,961 [ERROR] DbExamplesSqlite:437 - Missing JSON key: board_cpn
2026-01-10 15:43:59,964 [ERROR] DbExamplesSqlite:437 - Missing JSON key: board_cpn
2026-01-10 15:43:59,965 [ERROR] DbExamplesSqlite:437 - Missing JSON key: board_cpn
2026-01-10 15:43:59,966 [ERROR] DbExamplesSqlite:437 - Missing JSON key: board_cpn
2026-01-10 15:44:00,962 [ERROR] DbExamplesSqlite:437 - Missing JSON key: board_cpn
2026-01-10 15:44:00,965 [ERROR] DbExamplesSqlite:437 - Missing JSON key: board_cpn
2026-01-10 15:44:01,026 [INFO] DbExamplesSqlite:395 - Ignored 42 examples not supported by CubeIDE
2026-01-10 15:44:01,027 [INFO] DbExamplesSqlite:396 - Found 10819 examples active
2026-01-10 15:44:01,029 [INFO] DbExamplesSqlite:397 - Found 0 examples obsolete
2026-01-10 15:44:01,030 [INFO] DbExamplesSqlite:398 - Found 0 examples under development
2026-01-10 15:44:01,031 [INFO] DbExamplesSqlite:399 - Found 85 examples not building
2026-01-10 15:44:01,042 [INFO] DbExamples:125 - Found 10862 examples
2026-01-10 15:44:01,161 [ERROR] DbExamples:208 - Found 73 examples with invalid data (board or MCU)
2026-01-10 15:44:01,164 [INFO] DbExamples:222 - Found 134 boards with related examples
2026-01-10 15:44:01,166 [INFO] DbExamples:235 - Found 111 MCUs with related examples
2026-01-10 15:44:01,218 [INFO] ApiDb:414 - User favorites file not found: /Users/karthikkurapati/.stm32cubeide/favorites.examples.txt
2026-01-10 15:44:01,219 [INFO] DbExamples:250 - Set 0 / 0 favorites Examples
2026-01-10 15:44:03,212 [INFO] McuFinderGlobals:76 - Set McuFinderConnectedMode to true
2026-01-10 15:44:03,242 [INFO] MultiScanPanel:200 - Auto-refresh data requested => check proxy status ongoing
2026-01-10 15:44:03,249 [INFO] FinderPluginLoader:96 - Searching for filters in installed packs
2026-01-10 15:44:07,621 [INFO] LoadUrlFilesThread:185 - End of LoadServerUrlFiles without Thread
2026-01-10 15:44:07,817 [INFO] DetailPanel:341 - Set advertising image to /Users/karthikkurapati/STM32Cube/Repository//en.prom-stm32mp21-0126.png
2026-01-10 15:45:05,138 [INFO] MainUpdater:2872 - connection check result : 10
2026-01-10 15:45:05,152 [INFO] MainUpdater:2872 - connection check result : 10
2026-01-10 15:45:08,039 [INFO] MicroXplorer:468 - Change Database Path : 
2026-01-10 15:45:08,050 [INFO] MicroXplorer:498 - Change Database Version : DB.6.0.150
2026-01-10 15:45:08,073 [WARN] ThirdParty:871 - waiting for thirdparty lock release [close project]
2026-01-10 15:45:08,074 [INFO] ThirdParty:873 - entering critical section [close project]
2026-01-10 15:45:08,092 [INFO] ThirdParty:883 - exiting critical section [close project]
2026-01-10 15:45:08,105 [INFO] PinOutPanel:1589 - setPackage(No Configuration,No Configuration)
2026-01-10 15:45:08,121 [INFO] UtilMem:75 - Begin LoadConfig() Used Memory: 528958504 Bytes (872415232)
2026-01-10 15:45:08,129 [INFO] MicroXplorer:468 - Change Database Path : 
2026-01-10 15:45:08,130 [INFO] MicroXplorer:498 - Change Database Version : DB.6.0.150
2026-01-10 15:45:08,130 [INFO] OpenFileManager:355 - Change cursor
2026-01-10 15:45:08,489 [INFO] Mcu:2029 - Initializing MCU STM32L431C(B-C)Tx STM32L431CBTx STM32L431CBT6
2026-01-10 15:45:12,910 [INFO] Context:786 - Trying to add GPIOservice into a context  which must be forbidden
2026-01-10 15:45:14,752 [INFO] ImportTextPane:234 - (OptionalMessage_ERROR) Pin29 (VP_RIF_VS_RIF1) cannot be retrieved for this MCU
2026-01-10 15:45:15,504 [INFO] RtosManager:558 - Registered RTOS mode: class=CMSIS, group=RTOS, mode=CMSIS_V1, owner=FREERTOS
2026-01-10 15:45:15,505 [INFO] RtosManager:558 - Registered RTOS mode: class=CMSIS, group=RTOS2, mode=CMSIS_V2, owner=FREERTOS
2026-01-10 15:45:15,505 [INFO] RtosManager:558 - Registered RTOS mode: class=RTOS, group=Core, mode=CMSIS_V1, owner=FREERTOS
2026-01-10 15:45:15,505 [INFO] RtosManager:558 - Registered RTOS mode: class=RTOS, group=Core, mode=CMSIS_V2, owner=FREERTOS
2026-01-10 15:45:15,506 [WARN] ModelIntegratedComponent:184 - Missing modes for component STMicroelectronics:FreeRTOS:0.0.1:STMicroelectronics:RTOS:FreeRTOS:Core:::10.2.0:
2026-01-10 15:45:15,577 [WARN] ModelIntegratedComponent:63 - No mode defined for component null
2026-01-10 15:45:15,577 [WARN] ModelIntegratedComponent:63 - No mode defined for component null
2026-01-10 15:45:15,577 [WARN] ModelIntegratedComponent:63 - No mode defined for component null
2026-01-10 15:45:15,577 [WARN] ModelIntegratedComponent:63 - No mode defined for component null
2026-01-10 15:45:15,577 [WARN] ModelIntegratedComponent:63 - No mode defined for component null
2026-01-10 15:45:15,577 [WARN] ModelIntegratedComponent:63 - No mode defined for component null
2026-01-10 15:45:15,577 [WARN] ModelIntegratedComponent:63 - No mode defined for component null
2026-01-10 15:45:15,578 [WARN] ModelIntegratedComponent:63 - No mode defined for component null
2026-01-10 15:45:15,578 [WARN] ModelIntegratedComponent:63 - No mode defined for component null
2026-01-10 15:45:15,578 [WARN] ModelIntegratedComponent:63 - No mode defined for component null
2026-01-10 15:45:15,578 [WARN] ModelIntegratedComponent:63 - No mode defined for component null
2026-01-10 15:45:15,578 [WARN] ModelIntegratedComponent:63 - No mode defined for component null
2026-01-10 15:45:15,578 [WARN] ModelIntegratedComponent:63 - No mode defined for component null
2026-01-10 15:45:15,578 [WARN] ModelIntegratedComponent:63 - No mode defined for component null
2026-01-10 15:45:15,578 [WARN] ModelIntegratedComponent:63 - No mode defined for component null
2026-01-10 15:45:15,578 [WARN] ModelIntegratedComponent:63 - No mode defined for component null
2026-01-10 15:45:15,578 [WARN] ModelIntegratedComponent:63 - No mode defined for component null
2026-01-10 15:45:15,578 [WARN] ModelIntegratedComponent:63 - No mode defined for component null
2026-01-10 15:45:15,578 [WARN] ModelIntegratedComponent:63 - No mode defined for component null
2026-01-10 15:45:15,578 [WARN] ModelIntegratedComponent:63 - No mode defined for component null
2026-01-10 15:45:15,578 [WARN] ModelIntegratedComponent:63 - No mode defined for component null
2026-01-10 15:45:15,578 [WARN] ModelIntegratedComponent:63 - No mode defined for component null
2026-01-10 15:45:15,578 [WARN] ModelIntegratedComponent:63 - No mode defined for component null
2026-01-10 15:45:15,578 [WARN] ModelIntegratedComponent:63 - No mode defined for component null
2026-01-10 15:45:15,578 [WARN] ModelIntegratedComponent:63 - No mode defined for component null
2026-01-10 15:45:15,579 [WARN] ModelIntegratedComponent:63 - No mode defined for component null
2026-01-10 15:45:15,579 [WARN] ModelIntegratedComponent:63 - No mode defined for component null
2026-01-10 15:45:15,579 [WARN] ModelIntegratedComponent:63 - No mode defined for component null
2026-01-10 15:45:15,579 [WARN] ModelIntegratedComponent:63 - No mode defined for component null
2026-01-10 15:45:15,579 [WARN] ModelIntegratedComponent:63 - No mode defined for component null
2026-01-10 15:45:15,579 [WARN] ModelIntegratedComponent:63 - No mode defined for component null
2026-01-10 15:45:15,579 [WARN] ModelIntegratedComponent:63 - No mode defined for component null
2026-01-10 15:45:15,579 [WARN] ModelIntegratedComponent:63 - No mode defined for component null
2026-01-10 15:45:15,579 [WARN] ModelIntegratedComponent:63 - No mode defined for component null
2026-01-10 15:45:15,579 [WARN] ModelIntegratedComponent:63 - No mode defined for component null
2026-01-10 15:45:15,580 [WARN] ModelPack:524 - Component already loaded: STMicroelectronics:HAL Drivers:0.0.0:STMicroelectronics:Device:STMicro_Driver:XSPI:HAL::0.0.1:HAL_XSPI
2026-01-10 15:45:15,971 [INFO] ThirdPartyModel:298 - Start build external matchings
2026-01-10 15:45:18,180 [INFO] ThirdPartyModel:316 - End build external matchings
2026-01-10 15:45:18,835 [INFO] ImportTextPane:234 - (OptionalMessage_ERROR) IP (ADC1) : Parameter (CommonPathInternal) has invalid value (null|null|null|null)
2026-01-10 15:45:18,848 [INFO] ImportTextPane:234 - (OptionalMessage_ERROR) IP (DMA) : Parameter (Instance) has Id (ADC1) currently not set
2026-01-10 15:45:18,849 [INFO] ImportTextPane:234 - (OptionalMessage_ERROR) IP (DMA) : Parameter (Request) has Id (ADC1) currently not set
2026-01-10 15:45:18,849 [INFO] ImportTextPane:234 - (OptionalMessage_ERROR) IP (DMA) : Parameter (Direction) has Id (ADC1) currently not set
2026-01-10 15:45:18,850 [INFO] ImportTextPane:234 - (OptionalMessage_ERROR) IP (DMA) : Parameter (PeriphInc) has Id (ADC1) currently not set
2026-01-10 15:45:18,850 [INFO] ImportTextPane:234 - (OptionalMessage_ERROR) IP (DMA) : Parameter (MemInc) has Id (ADC1) currently not set
2026-01-10 15:45:18,851 [INFO] ImportTextPane:234 - (OptionalMessage_ERROR) IP (DMA) : Parameter (PeriphDataAlignment) has Id (ADC1) currently not set
2026-01-10 15:45:18,853 [INFO] ImportTextPane:234 - (OptionalMessage_ERROR) IP (DMA) : Parameter (MemDataAlignment) has Id (ADC1) currently not set
2026-01-10 15:45:18,854 [INFO] ImportTextPane:234 - (OptionalMessage_ERROR) IP (DMA) : Parameter (Mode) has Id (ADC1) currently not set
2026-01-10 15:45:18,854 [INFO] ImportTextPane:234 - (OptionalMessage_ERROR) IP (DMA) : Parameter (Priority) has Id (ADC1) currently not set
2026-01-10 15:45:18,906 [INFO] ImportTextPane:234 - (OptionalMessage_ERROR) IP (RCC) : Invalid parameter (FamilyName)
2026-01-10 15:45:19,797 [INFO] UtilMem:75 - End LoadConfig() Used Memory: 968630864 Bytes (1073741824)
2026-01-10 15:45:20,202 [WARN] ThirdParty:833 - waiting for thirdparty lock release [change project]
2026-01-10 15:45:20,210 [INFO] ThirdParty:835 - entering critical section [change project]
2026-01-10 15:45:20,211 [INFO] ThirdParty:1030 - CMSIS Pack Vendor :STMicroelectronics X-CUBE-PM33A1 1.0.0
2026-01-10 15:45:20,211 [INFO] ThirdParty:1030 - CMSIS Pack Vendor :STMicroelectronics USBPD 4.1
2026-01-10 15:45:20,212 [INFO] ThirdParty:1030 - CMSIS Pack Vendor :STMicroelectronics X-CUBE-NFC9 1.0.0
2026-01-10 15:45:20,212 [INFO] ThirdParty:1030 - CMSIS Pack Vendor :STMicroelectronics USB_HOST 2.0.0
2026-01-10 15:45:20,212 [INFO] ThirdParty:1030 - CMSIS Pack Vendor :STMicroelectronics FP-SNS-MOTENVWB1 1.4.0
2026-01-10 15:45:20,212 [INFO] ThirdParty:1030 - CMSIS Pack Vendor :STMicroelectronics X-CUBE-AZRTOS-F4 1.1.0
2026-01-10 15:45:20,212 [INFO] ThirdParty:1030 - CMSIS Pack Vendor :STMicroelectronics LIBJPEG 8.0.0
2026-01-10 15:45:20,212 [INFO] ThirdParty:1030 - CMSIS Pack Vendor :STMicroelectronics FP-ATR-ASTRA1 2.0.2
2026-01-10 15:45:20,212 [INFO] ThirdParty:1030 - CMSIS Pack Vendor :wolfSSL I-CUBE-wolfSSL 5.8.2
2026-01-10 15:45:20,212 [INFO] ThirdParty:1030 - CMSIS Pack Vendor :STMicroelectronics X-CUBE-BLE1 7.1.0
2026-01-10 15:45:20,212 [INFO] ThirdParty:1030 - CMSIS Pack Vendor :Avnet-IotConnect X-CUBE-IoTC-DA16k-PMOD 1.0.0
2026-01-10 15:45:20,212 [INFO] ThirdParty:1030 - CMSIS Pack Vendor :STMicroelectronics X-CUBE-SMBUS 2.1.0
2026-01-10 15:45:20,212 [INFO] ThirdParty:1030 - CMSIS Pack Vendor :wolfSSL I-CUBE-wolfMQTT 1.19.2
2026-01-10 15:45:20,212 [INFO] ThirdParty:1030 - CMSIS Pack Vendor :STMicroelectronics USB_DEVICE 3.0.0
2026-01-10 15:45:20,212 [INFO] ThirdParty:1030 - CMSIS Pack Vendor :STMicroelectronics X-CUBE-ISPU 2.1.0
2026-01-10 15:45:20,212 [INFO] ThirdParty:1030 - CMSIS Pack Vendor :STMicroelectronics X-CUBE-FREERTOS 1.4.0
2026-01-10 15:45:20,212 [INFO] ThirdParty:1030 - CMSIS Pack Vendor :STMicroelectronics X-CUBE-EEPRMA1 5.2.0
2026-01-10 15:45:20,212 [INFO] ThirdParty:1030 - CMSIS Pack Vendor :STMicroelectronics X-CUBE-IPS 3.2.0
2026-01-10 15:45:20,212 [INFO] ThirdParty:1030 - CMSIS Pack Vendor :STMicroelectronics X-CUBE-BLEMGR 4.1.0
2026-01-10 15:45:20,212 [INFO] ThirdParty:1030 - CMSIS Pack Vendor :STMicroelectronics X-CUBE-AZRTOS-WB 2.0.0
2026-01-10 15:45:20,213 [INFO] ThirdParty:1030 - CMSIS Pack Vendor :STMicroelectronics X-CUBE-ST60 1.0.0
2026-01-10 15:45:20,213 [INFO] ThirdParty:1030 - CMSIS Pack Vendor :STMicroelectronics X-CUBE-GNSS1 7.0.1
2026-01-10 15:45:20,213 [INFO] ThirdParty:1030 - CMSIS Pack Vendor :STMicroelectronics X-CUBE-NFC12 1.0.0
2026-01-10 15:45:20,213 [INFO] ThirdParty:1030 - CMSIS Pack Vendor :STMicroelectronics X-CUBE-AZRTOS-F7 1.1.0
2026-01-10 15:45:20,213 [INFO] ThirdParty:1030 - CMSIS Pack Vendor :STMicroelectronics X-CUBE-AZRTOS-L5 2.0.0
2026-01-10 15:45:20,213 [INFO] ThirdParty:1030 - CMSIS Pack Vendor :STMicroelectronics X-CUBE-TOUCHGFX 4.25.0
2026-01-10 15:45:20,213 [INFO] ThirdParty:1030 - CMSIS Pack Vendor :STMicroelectronics USB_DEVICE 2.0.0
2026-01-10 15:45:20,213 [INFO] ThirdParty:1030 - CMSIS Pack Vendor :STMicroelectronics X-CUBE-NFC6 3.1.0
2026-01-10 15:45:20,213 [INFO] ThirdParty:1030 - CMSIS Pack Vendor :STMicroelectronics X-CUBE-ST67W61 1.1.0
2026-01-10 15:45:20,213 [INFO] ThirdParty:1030 - CMSIS Pack Vendor :quantropi X-CUBE-qispace-sdk-base 2.1.0
2026-01-10 15:45:20,213 [INFO] ThirdParty:1030 - CMSIS Pack Vendor :STMicroelectronics X-CUBE-MEMS1 12.0.0
2026-01-10 15:45:20,214 [INFO] ThirdParty:1030 - CMSIS Pack Vendor :STMicroelectronics FP-SNS-MOTENV1 5.1.0
2026-01-10 15:45:20,214 [INFO] ThirdParty:1030 - CMSIS Pack Vendor :STMicroelectronics FreeRTOS 0.0.1
2026-01-10 15:45:20,214 [INFO] ThirdParty:1030 - CMSIS Pack Vendor :STMicroelectronics X-CUBE-AZRTOS-G0 1.1.0
2026-01-10 15:45:20,214 [INFO] ThirdParty:1030 - CMSIS Pack Vendor :STMicroelectronics X-CUBE-SAFEA1 1.2.2
2026-01-10 15:45:20,214 [INFO] ThirdParty:1030 - CMSIS Pack Vendor :STMicroelectronics X-CUBE-NFC4 3.0.0
2026-01-10 15:45:20,215 [INFO] ThirdParty:1030 - CMSIS Pack Vendor :STMicroelectronics X-CUBE-SUBG2 5.0.0
2026-01-10 15:45:20,217 [INFO] ThirdParty:1030 - CMSIS Pack Vendor :STMicroelectronics X-CUBE-AZRTOS-H7RS 1.1.0
2026-01-10 15:45:20,220 [INFO] ThirdParty:1030 - CMSIS Pack Vendor :STMicroelectronics STM32_WPAN 1.0.0
2026-01-10 15:45:20,223 [INFO] ThirdParty:1030 - CMSIS Pack Vendor :EmbeddedOffice I-CUBE-FS-RTOS 1.0.1
2026-01-10 15:45:20,225 [INFO] ThirdParty:1030 - CMSIS Pack Vendor :STMicroelectronics lwIP 2.0.3
2026-01-10 15:45:20,225 [INFO] ThirdParty:1030 - CMSIS Pack Vendor :WES I-CUBE-Cesium 1.4.0
2026-01-10 15:45:20,225 [INFO] ThirdParty:1030 - CMSIS Pack Vendor :Cesanta I-CUBE-Mongoose 7.13.0
2026-01-10 15:45:20,225 [INFO] ThirdParty:1030 - CMSIS Pack Vendor :STMicroelectronics USB_HOST 1.0.0
2026-01-10 15:45:20,225 [INFO] ThirdParty:1030 - CMSIS Pack Vendor :Infineon AIROC-Wi-Fi-Bluetooth-STM32 1.7.1
2026-01-10 15:45:20,226 [INFO] ThirdParty:1030 - CMSIS Pack Vendor :STMicroelectronics X-CUBE-AZRTOS-G4 2.0.0
2026-01-10 15:45:20,226 [INFO] ThirdParty:1030 - CMSIS Pack Vendor :STMicroelectronics X-CUBE-WB05N 2.0.0
2026-01-10 15:45:20,226 [INFO] ThirdParty:1030 - CMSIS Pack Vendor :STMicroelectronics PDM2PCM 3.1.0
2026-01-10 15:45:20,226 [INFO] ThirdParty:1030 - CMSIS Pack Vendor :STMicroelectronics PDM2PCM 3.3.0
2026-01-10 15:45:20,226 [INFO] ThirdParty:1030 - CMSIS Pack Vendor :wolfSSL I-CUBE-wolfTPM 3.8.0
2026-01-10 15:45:20,226 [INFO] ThirdParty:1030 - CMSIS Pack Vendor :STMicroelectronics X-CUBE-AZRTOS-H7 3.4.0
2026-01-10 15:45:20,226 [INFO] ThirdParty:1030 - CMSIS Pack Vendor :STMicroelectronics X-CUBE-DISPLAY 3.0.0
2026-01-10 15:45:20,226 [INFO] ThirdParty:1030 - CMSIS Pack Vendor :wolfSSL I-CUBE-wolfSSH 1.4.20
2026-01-10 15:45:20,226 [INFO] ThirdParty:1030 - CMSIS Pack Vendor :STMicroelectronics X-CUBE-NFC7 2.0.0
2026-01-10 15:45:20,226 [INFO] ThirdParty:1030 - CMSIS Pack Vendor :STMicroelectronics X-CUBE-TCPP 4.2.0
2026-01-10 15:45:20,226 [INFO] ThirdParty:1030 - CMSIS Pack Vendor :RealThread X-CUBE-RT-Thread_Nano 4.1.1
2026-01-10 15:45:20,226 [INFO] ThirdParty:1030 - CMSIS Pack Vendor :STMicroelectronics FP-ATR-SIGFOX1 3.2.0
2026-01-10 15:45:20,226 [INFO] ThirdParty:1030 - CMSIS Pack Vendor :STMicroelectronics X-CUBE-NFC10 1.0.0
2026-01-10 15:45:20,226 [INFO] ThirdParty:1030 - CMSIS Pack Vendor :STMicroelectronics X-CUBE-FREERTOS 1.3.1
2026-01-10 15:45:20,227 [INFO] ThirdParty:1030 - CMSIS Pack Vendor :STMicroelectronics HAL Drivers 0.0.0
2026-01-10 15:45:20,227 [INFO] ThirdParty:1030 - CMSIS Pack Vendor :STMicroelectronics MBEDTLS 2.16.2
2026-01-10 15:45:20,227 [INFO] ThirdParty:1030 - CMSIS Pack Vendor :STMicroelectronics X-CUBE-ST60 1.1.0
2026-01-10 15:45:20,227 [INFO] ThirdParty:1030 - CMSIS Pack Vendor :STMicroelectronics X-CUBE-IPS 3.1.0
2026-01-10 15:45:20,227 [INFO] ThirdParty:1030 - CMSIS Pack Vendor :STMicroelectronics X-CUBE-ALS 1.0.2
2026-01-10 15:45:20,227 [INFO] ThirdParty:1030 - CMSIS Pack Vendor :emotas I-CUBE-CANOPEN 1.3.0
2026-01-10 15:45:20,227 [INFO] ThirdParty:1030 - CMSIS Pack Vendor :STMicroelectronics MBEDTLS 2.14.1
2026-01-10 15:45:20,227 [INFO] ThirdParty:1030 - CMSIS Pack Vendor :STMicroelectronics X-CUBE-GNSS1 7.1.0
2026-01-10 15:45:20,227 [INFO] ThirdParty:1030 - CMSIS Pack Vendor :ITTIA_DB I-CUBE-ITTIADB 8.9.0
2026-01-10 15:45:20,227 [INFO] ThirdParty:1030 - CMSIS Pack Vendor :STMicroelectronics X-CUBE-TOUCHGFX 4.26.0
2026-01-10 15:45:20,227 [INFO] ThirdParty:1030 - CMSIS Pack Vendor :STMicroelectronics X-CUBE-STSE01 1.0.0
2026-01-10 15:45:20,227 [INFO] ThirdParty:1030 - CMSIS Pack Vendor :STMicroelectronics X-CUBE-ST67W61 1.0.0
2026-01-10 15:45:20,227 [INFO] ThirdParty:1030 - CMSIS Pack Vendor :STMicroelectronics FP-SNS-STBOX1 2.1.0
2026-01-10 15:45:20,227 [INFO] ThirdParty:1030 - CMSIS Pack Vendor :STMicroelectronics X-CUBE-AI 10.2.0
2026-01-10 15:45:20,227 [INFO] ThirdParty:1030 - CMSIS Pack Vendor :STMicroelectronics FP-SNS-STAIOTCFT 1.0.0
2026-01-10 15:45:20,228 [INFO] ThirdParty:1030 - CMSIS Pack Vendor :STMicroelectronics ThreadX 1.0.0
2026-01-10 15:45:20,228 [INFO] ThirdParty:1030 - CMSIS Pack Vendor :STMicroelectronics FP-SNS-SMARTAG2 1.2.0
2026-01-10 15:45:20,228 [INFO] ThirdParty:1030 - CMSIS Pack Vendor :STMicroelectronics FP-SNS-FLIGHT1 5.1.0
2026-01-10 15:45:20,228 [INFO] ThirdParty:1030 - CMSIS Pack Vendor :STMicroelectronics X-CUBE-AZRTOS-WL 2.0.0
2026-01-10 15:45:20,228 [INFO] ThirdParty:1030 - CMSIS Pack Vendor :SEGGER I-CUBE-embOS 1.3.1
2026-01-10 15:45:20,228 [INFO] ThirdParty:1030 - CMSIS Pack Vendor :STMicroelectronics X-CUBE-ALGOBUILD 1.4.0
2026-01-10 15:45:20,228 [INFO] ThirdParty:1030 - CMSIS Pack Vendor :STMicroelectronics X-CUBE-DPower 1.3.0
2026-01-10 15:45:20,228 [INFO] ThirdParty:1030 - CMSIS Pack Vendor :STMicroelectronics X-CUBE-MEMS1 11.3.0
2026-01-10 15:45:20,228 [INFO] ThirdParty:1030 - CMSIS Pack Vendor :STMicroelectronics FP-SNS-MOTENV1 5.0.0
2026-01-10 15:45:20,228 [INFO] ThirdParty:1030 - CMSIS Pack Vendor :STMicroelectronics USB_DEVICE 1.0.0
2026-01-10 15:45:20,228 [INFO] ThirdParty:1030 - CMSIS Pack Vendor :STMicroelectronics X-CUBE-AZRTOS-H7RS 1.2.0
2026-01-10 15:45:20,228 [INFO] ThirdParty:1030 - CMSIS Pack Vendor :STMicroelectronics X-CUBE-AZRTOS-L4 2.0.0
2026-01-10 15:45:20,228 [INFO] ThirdParty:1030 - CMSIS Pack Vendor :STMicroelectronics ThreadX 0.0.2
2026-01-10 15:45:20,228 [INFO] ThirdParty:1030 - CMSIS Pack Vendor :STMicroelectronics lwIP 2.1.2
2026-01-10 15:45:20,228 [INFO] ThirdParty:1030 - CMSIS Pack Vendor :STMicroelectronics X-CUBE-SFXS2LP1 4.0.0
2026-01-10 15:45:20,228 [INFO] ThirdParty:1030 - CMSIS Pack Vendor :STMicroelectronics X-CUBE-BLE2 3.3.0
2026-01-10 15:45:20,228 [INFO] ThirdParty:1030 - CMSIS Pack Vendor :Avnet-IOTCONNECT X-CUBE-iotc-st67-sdk 1.0.0
2026-01-10 15:45:20,228 [INFO] ThirdParty:1030 - CMSIS Pack Vendor :STMicroelectronics X-CUBE-TOF1 3.4.3
2026-01-10 15:45:20,228 [INFO] ThirdParty:1030 - CMSIS Pack Vendor :STMicroelectronics PDM2PCM 3.2.0
2026-01-10 15:45:20,230 [INFO] ThirdParty:841 - exiting critical section [change project]
2026-01-10 15:45:22,384 [INFO] PinOutPanel:1589 - setPackage(No Configuration,No Configuration)
2026-01-10 15:45:22,391 [INFO] PinOutPanel:1589 - setPackage(STM32L431CBTx,LQFP48)
2026-01-10 15:45:27,028 [INFO] UtilMem:75 - Before build in PCC Used Memory: 1001983984 Bytes (1073741824)
2026-01-10 15:45:33,605 [INFO] UtilMem:75 - After build in PCC Used Memory: 829232496 Bytes (1073741824)
2026-01-10 15:45:33,975 [INFO] IPUIPlugin:80 - create IPUIPlugin
2026-01-10 15:45:33,982 [INFO] IPUIPlugin:80 - create IPUIPlugin
2026-01-10 15:45:33,984 [INFO] IPUIPlugin:80 - create IPUIPlugin
2026-01-10 15:45:33,984 [INFO] IPUIPlugin:80 - create IPUIPlugin
2026-01-10 15:45:33,985 [INFO] IPUIPlugin:80 - create IPUIPlugin
2026-01-10 15:45:33,985 [INFO] IPUIPlugin:80 - create IPUIPlugin
2026-01-10 15:45:33,986 [INFO] IPUIPlugin:80 - create IPUIPlugin
2026-01-10 15:45:33,986 [INFO] IPUIPlugin:80 - create IPUIPlugin
2026-01-10 15:45:33,986 [INFO] IPUIPlugin:80 - create IPUIPlugin
2026-01-10 15:45:33,987 [INFO] IPUIPlugin:80 - create IPUIPlugin
2026-01-10 15:45:33,987 [INFO] IPUIPlugin:80 - create IPUIPlugin
2026-01-10 15:45:33,988 [INFO] IPUIPlugin:80 - create IPUIPlugin
2026-01-10 15:45:33,989 [INFO] IPUIPlugin:80 - create IPUIPlugin
2026-01-10 15:45:33,990 [INFO] IPUIPlugin:80 - create IPUIPlugin
2026-01-10 15:45:33,994 [INFO] IPUIPlugin:80 - create IPUIPlugin
2026-01-10 15:45:33,996 [INFO] IPUIPlugin:80 - create IPUIPlugin
2026-01-10 15:45:33,997 [INFO] IPUIPlugin:80 - create IPUIPlugin
2026-01-10 15:45:33,997 [INFO] IPUIPlugin:80 - create IPUIPlugin
2026-01-10 15:45:33,997 [INFO] IPUIPlugin:80 - create IPUIPlugin
2026-01-10 15:45:33,998 [INFO] IPUIPlugin:80 - create IPUIPlugin
2026-01-10 15:45:33,998 [INFO] IPUIPlugin:80 - create IPUIPlugin
2026-01-10 15:45:33,998 [INFO] IPUIPlugin:80 - create IPUIPlugin
2026-01-10 15:45:33,998 [INFO] IPUIPlugin:80 - create IPUIPlugin
2026-01-10 15:45:33,999 [INFO] IPUIPlugin:80 - create IPUIPlugin
2026-01-10 15:45:33,999 [INFO] IPUIPlugin:80 - create IPUIPlugin
2026-01-10 15:45:33,999 [INFO] IPUIPlugin:80 - create IPUIPlugin
2026-01-10 15:45:33,999 [INFO] IPUIPlugin:80 - create IPUIPlugin
2026-01-10 15:45:33,999 [INFO] IPUIPlugin:80 - create IPUIPlugin
2026-01-10 15:45:34,000 [INFO] IPUIPlugin:80 - create IPUIPlugin
2026-01-10 15:45:34,000 [INFO] IPUIPlugin:80 - create IPUIPlugin
2026-01-10 15:45:34,000 [INFO] IPUIPlugin:80 - create IPUIPlugin
2026-01-10 15:45:34,000 [INFO] IPUIPlugin:80 - create IPUIPlugin
2026-01-10 15:45:34,000 [INFO] IPUIPlugin:80 - create IPUIPlugin
2026-01-10 15:45:34,001 [INFO] IPUIPlugin:80 - create IPUIPlugin
2026-01-10 15:45:34,001 [INFO] IPUIPlugin:80 - create IPUIPlugin
2026-01-10 15:45:34,001 [INFO] IPUIPlugin:80 - create IPUIPlugin
2026-01-10 15:45:34,001 [INFO] IPUIPlugin:80 - create IPUIPlugin
2026-01-10 15:45:34,001 [INFO] IPUIPlugin:80 - create IPUIPlugin
2026-01-10 15:45:34,002 [INFO] IPUIPlugin:80 - create IPUIPlugin
2026-01-10 15:45:34,002 [INFO] IPUIPlugin:80 - create IPUIPlugin
2026-01-10 15:45:34,003 [INFO] IPUIPlugin:80 - create IPUIPlugin
2026-01-10 15:45:34,003 [INFO] IPUIPlugin:80 - create IPUIPlugin
2026-01-10 15:45:34,090 [INFO] Can:71 - Can Add PropertyChangeListener com.st.microxplorer.plugins.ip.can.Can@4f30cf1d
2026-01-10 15:45:34,957 [INFO] CADModel:165 - CPN selected for project levelSTM32L431CBT6
2026-01-10 15:45:34,958 [INFO] CADModel:114 - Register for checkConnection events
2026-01-10 15:45:35,038 [INFO] OpenFileManager:386 - Restore cursor
2026-01-10 15:45:37,769 [INFO] UtilMem:75 - End SaveConfig() Used Memory: 952185192 Bytes (1073741824)
2026-01-10 15:45:46,724 [INFO] McuFinderGlobals:76 - Set McuFinderConnectedMode to true
2026-01-10 15:45:47,493 [INFO] ApiDb:448 - Save user favorites file /Users/karthikkurapati/.stm32cubeide/favorites.mcus.txt: 0 item(s)
2026-01-10 15:45:47,500 [INFO] ApiDb:452 - User favorites MCUs=[]
2026-01-10 16:10:15,567 [ERROR] LogOutputStream:75 - [STDERR_REDIRECT] 
2026-01-10 17:17:46,577 [INFO] Activator:176 - 


2026-01-10 17:17:46,580 [INFO] Activator:177 - !SESSION log4j initialized
2026-01-10 17:17:47,785 [ERROR] LogOutputStream:75 - [STDERR_REDIRECT] 
2026-01-10 17:17:51,119 [INFO] LogOutputStream:77 - [STDOUT_REDIRECT] 
2026-01-10 17:17:54,667 [INFO] McuFinderGlobals:63 - Set McuFinder mode to 2 (CubeIDE integrated)
2026-01-10 17:17:55,245 [INFO] ApplicationProperties:184 - Using Application install path: /Applications/STM32CubeIDE.app/Contents/Eclipse/plugins/com.st.stm32cube.common.mx_6.15.0.202507011659
2026-01-10 17:17:55,269 [INFO] DbMcusXml:78 - Set database path to: /Applications/STM32CubeIDE.app/Contents/Eclipse/plugins/com.st.stm32cube.common.mx_6.15.0.202507011659//db//mcu/
2026-01-10 17:17:55,270 [INFO] ApiDb:274 - Set plugin database path to: /Applications/STM32CubeIDE.app/Contents/Eclipse/plugins/com.st.stm32cube.common.mx_6.15.0.202507011659//db//plugins/boardmanager/
2026-01-10 17:17:55,270 [WARN] ApiDb:259 - Overriding images path with different value:  => /Applications/STM32CubeIDE.app/Contents/Eclipse/plugins/com.st.stm32cube.common.mx_6.15.0.202507011659//db//plugins/mcufinder/images/
2026-01-10 17:17:55,277 [INFO] ApiDb:250 - Set database path to: /Users/karthikkurapati/.stmcufinder/plugins/mcufinder//mcu/
2026-01-10 17:17:55,279 [INFO] DbMcusAds:125 - Set database path to: /Users/karthikkurapati/.stmcufinder/plugins/mcufinder//mcu/
2026-01-10 17:17:55,282 [INFO] CrossReferenceDbSqlite:203 - Set database path to: /Users/karthikkurapati/.stmcufinder/plugins/mcufinder//mcu/cs/
2026-01-10 17:17:55,527 [INFO] RulesReader:64 - Compatibility file has been processed (317 Rules)
2026-01-10 17:17:55,619 [INFO] DbMcusXml:78 - Set database path to: /Applications/STM32CubeIDE.app/Contents/Eclipse/plugins/com.st.stm32cube.common.mx_6.15.0.202507011659//db//mcu/
2026-01-10 17:17:55,619 [INFO] ApiDb:274 - Set plugin database path to: /Applications/STM32CubeIDE.app/Contents/Eclipse/plugins/com.st.stm32cube.common.mx_6.15.0.202507011659//db//plugins/boardmanager/
2026-01-10 17:17:55,620 [INFO] ApiDb:261 - Set plugin images path to: /Applications/STM32CubeIDE.app/Contents/Eclipse/plugins/com.st.stm32cube.common.mx_6.15.0.202507011659//db//plugins/mcufinder/images/
2026-01-10 17:17:55,620 [WARN] DbFile:41 - Overriding database path with different value: /Users/karthikkurapati/.stmcufinder/plugins/mcufinder/ => /Users/karthikkurapati/.stmcufinder/plugins/mcufinder
2026-01-10 17:17:55,620 [INFO] ApiDb:250 - Set database path to: /Users/karthikkurapati/.stmcufinder/plugins/mcufinder//mcu/
2026-01-10 17:17:55,620 [WARN] DbFile:41 - Overriding database path with different value: /Users/karthikkurapati/.stmcufinder/plugins/mcufinder/ => /Users/karthikkurapati/.stmcufinder/plugins/mcufinder
2026-01-10 17:17:55,620 [INFO] DbMcusAds:125 - Set database path to: /Users/karthikkurapati/.stmcufinder/plugins/mcufinder//mcu/
2026-01-10 17:17:55,620 [WARN] DbFile:41 - Overriding database path with different value: /Users/karthikkurapati/.stmcufinder/plugins/mcufinder/ => /Users/karthikkurapati/.stmcufinder/plugins/mcufinder
2026-01-10 17:17:55,621 [WARN] DbFile:41 - Overriding database path with different value: /Users/karthikkurapati/.stmcufinder/plugins/mcufinder/ => /Users/karthikkurapati/.stmcufinder/plugins/mcufinder
2026-01-10 17:17:55,621 [INFO] CrossReferenceDbSqlite:203 - Set database path to: /Users/karthikkurapati/.stmcufinder/plugins/mcufinder//mcu/cs/
2026-01-10 17:17:55,744 [INFO] MainPanel:274 - HeapMemory: 307232768
2026-01-10 17:17:56,295 [INFO] DbMcusXml:78 - Set database path to: /Applications/STM32CubeIDE.app/Contents/Eclipse/plugins/com.st.stm32cube.common.mx_6.15.0.202507011659//db//mcu/
2026-01-10 17:17:56,295 [INFO] ApiDb:274 - Set plugin database path to: /Applications/STM32CubeIDE.app/Contents/Eclipse/plugins/com.st.stm32cube.common.mx_6.15.0.202507011659//db//plugins/boardmanager/
2026-01-10 17:17:56,295 [INFO] ApiDb:261 - Set plugin images path to: /Applications/STM32CubeIDE.app/Contents/Eclipse/plugins/com.st.stm32cube.common.mx_6.15.0.202507011659//db//plugins/mcufinder/images/
2026-01-10 17:17:56,296 [WARN] DbFile:41 - Overriding database path with different value: /Users/karthikkurapati/.stmcufinder/plugins/mcufinder/ => /Users/karthikkurapati/.stmcufinder/plugins/mcufinder
2026-01-10 17:17:56,296 [INFO] ApiDb:250 - Set database path to: /Users/karthikkurapati/.stmcufinder/plugins/mcufinder//mcu/
2026-01-10 17:17:56,296 [WARN] DbFile:41 - Overriding database path with different value: /Users/karthikkurapati/.stmcufinder/plugins/mcufinder/ => /Users/karthikkurapati/.stmcufinder/plugins/mcufinder
2026-01-10 17:17:56,296 [INFO] DbMcusAds:125 - Set database path to: /Users/karthikkurapati/.stmcufinder/plugins/mcufinder//mcu/
2026-01-10 17:17:56,296 [WARN] DbFile:41 - Overriding database path with different value: /Users/karthikkurapati/.stmcufinder/plugins/mcufinder/ => /Users/karthikkurapati/.stmcufinder/plugins/mcufinder
2026-01-10 17:17:56,296 [WARN] DbFile:41 - Overriding database path with different value: /Users/karthikkurapati/.stmcufinder/plugins/mcufinder/ => /Users/karthikkurapati/.stmcufinder/plugins/mcufinder
2026-01-10 17:17:56,297 [INFO] CrossReferenceDbSqlite:203 - Set database path to: /Users/karthikkurapati/.stmcufinder/plugins/mcufinder//mcu/cs/
2026-01-10 17:17:56,324 [INFO] ApplicationProperties:184 - Using Application install path: /Applications/STM32CubeIDE.app/Contents/Eclipse/plugins/com.st.stm32cube.common.mx_6.15.0.202507011659
2026-01-10 17:17:56,327 [INFO] PluginManage:196 - Search for loadable plugins [exclusion list=, ]
2026-01-10 17:17:56,329 [INFO] PluginManage:310 - Check plugin analytics
2026-01-10 17:17:57,085 [INFO] AnalyticsPlugin:253 - Accepted Software Licenses: 
2026-01-10 17:17:57,097 [INFO] AnalyticsPlugin:255 - Accepted CMSIS Pack Licenses: 
2026-01-10 17:17:57,100 [INFO] AnalyticsPlugin:257 - Accepted Firmware Licenses: 
2026-01-10 17:17:57,210 [INFO] PluginManage:359 - Loaded plugin analytics (category:tool,tabindex:-1)
2026-01-10 17:17:57,218 [INFO] PluginManage:310 - Check plugin cadmodel
2026-01-10 17:17:57,302 [INFO] CADModel:105 - Init CAD model plugin
2026-01-10 17:17:57,302 [INFO] PluginManage:359 - Loaded plugin cadmodel (category:power,tabindex:5)
2026-01-10 17:17:57,305 [INFO] PluginManage:310 - Check plugin clock
2026-01-10 17:17:57,326 [INFO] PluginManage:359 - Loaded plugin clock (category:base,tabindex:2)
2026-01-10 17:17:57,327 [INFO] PluginManage:310 - Check plugin ddr
2026-01-10 17:17:57,329 [INFO] PluginManage:359 - Loaded plugin ddr (category:tool,tabindex:6)
2026-01-10 17:17:57,329 [INFO] PluginManage:310 - Check plugin filemanager
2026-01-10 17:17:57,676 [INFO] PluginManage:359 - Loaded plugin filemanager (category:base,tabindex:10)
2026-01-10 17:17:57,676 [INFO] PluginManage:310 - Check plugin ipmanager
2026-01-10 17:17:57,692 [INFO] PluginManage:359 - Loaded plugin ipmanager (category:base,tabindex:5)
2026-01-10 17:17:57,692 [INFO] PluginManage:310 - Check plugin lpbam
2026-01-10 17:17:57,705 [INFO] PluginManage:359 - Loaded plugin lpbam (category:base,tabindex:0)
2026-01-10 17:17:57,705 [INFO] PluginManage:310 - Check plugin memorymap
2026-01-10 17:17:57,722 [INFO] PluginManage:359 - Loaded plugin memorymap (category:base,tabindex:4)
2026-01-10 17:17:57,722 [INFO] PluginManage:310 - Check plugin pinoutandconfiguration
2026-01-10 17:17:57,732 [INFO] PluginManage:359 - Loaded plugin pinoutandconfiguration (category:base,tabindex:1)
2026-01-10 17:17:57,733 [INFO] PluginManage:310 - Check plugin pinoutconfig
2026-01-10 17:17:57,878 [WARN] SupportedApi:132 - Cannot load RTOS API schema: s4s-elt-must-match.1: The content of 'definitions' must match (annotation?, (simpleType | complexType)?, (unique | key | keyref)*)). A problem was found starting at: attribute.
2026-01-10 17:17:58,155 [INFO] PluginManage:359 - Loaded plugin pinoutconfig (category:base,tabindex:0)
2026-01-10 17:17:58,156 [INFO] PluginManage:310 - Check plugin power
2026-01-10 17:17:58,176 [INFO] PluginManage:359 - Loaded plugin power (category:power,tabindex:4)
2026-01-10 17:17:58,177 [INFO] PluginManage:310 - Check plugin projectmanager
2026-01-10 17:17:58,215 [INFO] PluginManage:359 - Loaded plugin projectmanager (category:projectmanager,tabindex:4)
2026-01-10 17:17:58,216 [INFO] PluginManage:310 - Check plugin rif
2026-01-10 17:17:58,229 [INFO] PluginManage:359 - Loaded plugin rif (category:base,tabindex:3)
2026-01-10 17:17:58,229 [INFO] PluginManage:310 - Check plugin thirdparty
2026-01-10 17:17:58,595 [INFO] PluginManage:359 - Loaded plugin thirdparty (category:base,tabindex:-1)
2026-01-10 17:17:58,595 [WARN] IntegrityCheckThread:84 - waiting for thirdparty lock release [integrity check]
2026-01-10 17:17:58,597 [INFO] IntegrityCheckThread:86 - entering critical section [integrity check]
2026-01-10 17:17:58,597 [INFO] PluginManage:310 - Check plugin tools
2026-01-10 17:17:58,599 [INFO] ThirdPartyUpdaterWithRetryManager:70 - Updater plugin not ready yet. [1/15]
2026-01-10 17:17:58,603 [INFO] PluginManage:359 - Loaded plugin tools (category:base,tabindex:7)
2026-01-10 17:17:58,603 [INFO] PluginManage:310 - Check plugin tutovideos
2026-01-10 17:17:58,993 [INFO] PluginManage:359 - Loaded plugin tutovideos (category:base,tabindex:-1)
2026-01-10 17:17:58,995 [INFO] PluginManage:310 - Check plugin updater
2026-01-10 17:17:59,046 [INFO] PluginManage:359 - Loaded plugin updater (category:base,tabindex:12)
2026-01-10 17:17:59,047 [INFO] PluginManage:310 - Check plugin userauth
2026-01-10 17:17:59,058 [INFO] UserAuth:118 - Init User Auth plugin
2026-01-10 17:17:59,060 [INFO] PluginManage:359 - Loaded plugin userauth (category:base,tabindex:14)
2026-01-10 17:17:59,063 [INFO] PluginManage:283 - PluginManage : Loaded plugins [18]
2026-01-10 17:17:59,527 [INFO] PinOutPanel:1589 - setPackage(No Configuration,No Configuration)
2026-01-10 17:17:59,644 [INFO] CADModel:165 - CPN selected for project level
2026-01-10 17:17:59,645 [INFO] CADModel:114 - Register for checkConnection events
2026-01-10 17:17:59,667 [INFO] IPUIPlugin:80 - create IPUIPlugin
2026-01-10 17:17:59,668 [INFO] PluginManager:220 - loadIPPluginJar : add mdma
2026-01-10 17:17:59,676 [INFO] IPUIPlugin:80 - create IPUIPlugin
2026-01-10 17:17:59,677 [INFO] PluginManager:220 - loadIPPluginJar : add freertos
2026-01-10 17:17:59,682 [INFO] IPUIPlugin:80 - create IPUIPlugin
2026-01-10 17:17:59,684 [INFO] PluginManager:220 - loadIPPluginJar : add gic
2026-01-10 17:17:59,694 [INFO] IPUIPlugin:80 - create IPUIPlugin
2026-01-10 17:17:59,694 [INFO] PluginManager:220 - loadIPPluginJar : add adc
2026-01-10 17:17:59,698 [INFO] IPUIPlugin:80 - create IPUIPlugin
2026-01-10 17:17:59,698 [INFO] PluginManager:220 - loadIPPluginJar : add gtzc
2026-01-10 17:17:59,700 [INFO] IPUIPlugin:80 - create IPUIPlugin
2026-01-10 17:17:59,700 [INFO] PluginManager:220 - loadIPPluginJar : add quadspi
2026-01-10 17:17:59,702 [INFO] IPUIPlugin:80 - create IPUIPlugin
2026-01-10 17:17:59,703 [INFO] PluginManager:220 - loadIPPluginJar : add aes
2026-01-10 17:17:59,706 [INFO] IPUIPlugin:80 - create IPUIPlugin
2026-01-10 17:17:59,706 [INFO] PluginManager:220 - loadIPPluginJar : add pdm2pcm
2026-01-10 17:17:59,708 [INFO] IPUIPlugin:80 - create IPUIPlugin
2026-01-10 17:17:59,708 [INFO] PluginManager:220 - loadIPPluginJar : add hash
2026-01-10 17:17:59,710 [INFO] IPUIPlugin:80 - create IPUIPlugin
2026-01-10 17:17:59,711 [INFO] PluginManager:220 - loadIPPluginJar : add tim
2026-01-10 17:17:59,712 [INFO] IPUIPlugin:80 - create IPUIPlugin
2026-01-10 17:17:59,712 [INFO] PluginManager:220 - loadIPPluginJar : add tsc
2026-01-10 17:17:59,716 [INFO] IPUIPlugin:80 - create IPUIPlugin
2026-01-10 17:17:59,716 [INFO] PluginManager:220 - loadIPPluginJar : add extmemmanager
2026-01-10 17:17:59,718 [INFO] IPUIPlugin:80 - create IPUIPlugin
2026-01-10 17:17:59,718 [INFO] PluginManager:220 - loadIPPluginJar : add ts
2026-01-10 17:17:59,720 [INFO] IPUIPlugin:80 - create IPUIPlugin
2026-01-10 17:17:59,721 [INFO] PluginManager:220 - loadIPPluginJar : add radio
2026-01-10 17:17:59,723 [INFO] IPUIPlugin:80 - create IPUIPlugin
2026-01-10 17:17:59,724 [INFO] PluginManager:220 - loadIPPluginJar : add can
2026-01-10 17:17:59,728 [INFO] IPUIPlugin:80 - create IPUIPlugin
2026-01-10 17:17:59,728 [INFO] PluginManager:220 - loadIPPluginJar : add dma3
2026-01-10 17:17:59,732 [INFO] IPUIPlugin:80 - create IPUIPlugin
2026-01-10 17:17:59,733 [INFO] PluginManager:220 - loadIPPluginJar : add dfsdm
2026-01-10 17:17:59,735 [INFO] IPUIPlugin:80 - create IPUIPlugin
2026-01-10 17:17:59,735 [INFO] PluginManager:220 - loadIPPluginJar : add spi
2026-01-10 17:17:59,738 [INFO] IPUIPlugin:80 - create IPUIPlugin
2026-01-10 17:17:59,738 [INFO] PluginManager:220 - loadIPPluginJar : add gfxmmu
2026-01-10 17:17:59,739 [INFO] IPUIPlugin:80 - create IPUIPlugin
2026-01-10 17:17:59,739 [INFO] PluginManager:220 - loadIPPluginJar : add genericplugin
2026-01-10 17:17:59,741 [INFO] IPUIPlugin:80 - create IPUIPlugin
2026-01-10 17:17:59,742 [INFO] PluginManager:220 - loadIPPluginJar : add cryp
2026-01-10 17:17:59,748 [INFO] IPUIPlugin:80 - create IPUIPlugin
2026-01-10 17:17:59,748 [INFO] PluginManager:220 - loadIPPluginJar : add gpio
2026-01-10 17:17:59,754 [INFO] IPUIPlugin:80 - create IPUIPlugin
2026-01-10 17:17:59,756 [INFO] PluginManager:220 - loadIPPluginJar : add ddr_ctrl_phy
2026-01-10 17:17:59,759 [INFO] IPUIPlugin:80 - create IPUIPlugin
2026-01-10 17:17:59,761 [INFO] PluginManager:220 - loadIPPluginJar : add comp
2026-01-10 17:17:59,770 [INFO] IPUIPlugin:80 - create IPUIPlugin
2026-01-10 17:17:59,771 [INFO] PluginManager:220 - loadIPPluginJar : add tracer_emb
2026-01-10 17:17:59,774 [INFO] IPUIPlugin:80 - create IPUIPlugin
2026-01-10 17:17:59,774 [INFO] PluginManager:220 - loadIPPluginJar : add openamp
2026-01-10 17:17:59,780 [INFO] IPUIPlugin:80 - create IPUIPlugin
2026-01-10 17:17:59,781 [INFO] PluginManager:220 - loadIPPluginJar : add stm32_wpan
2026-01-10 17:17:59,787 [INFO] IPUIPlugin:80 - create IPUIPlugin
2026-01-10 17:17:59,792 [INFO] PluginManager:220 - loadIPPluginJar : add plateformsettings
2026-01-10 17:17:59,797 [INFO] IPUIPlugin:80 - create IPUIPlugin
2026-01-10 17:17:59,797 [INFO] PluginManager:220 - loadIPPluginJar : add ipddr
2026-01-10 17:17:59,801 [INFO] IPUIPlugin:80 - create IPUIPlugin
2026-01-10 17:17:59,801 [INFO] PluginManager:220 - loadIPPluginJar : add usart
2026-01-10 17:17:59,803 [INFO] IPUIPlugin:80 - create IPUIPlugin
2026-01-10 17:17:59,803 [INFO] PluginManager:220 - loadIPPluginJar : add ltdc
2026-01-10 17:17:59,806 [INFO] IPUIPlugin:80 - create IPUIPlugin
2026-01-10 17:17:59,807 [INFO] PluginManager:220 - loadIPPluginJar : add nvic
2026-01-10 17:17:59,809 [INFO] IPUIPlugin:80 - create IPUIPlugin
2026-01-10 17:17:59,809 [INFO] PluginManager:220 - loadIPPluginJar : add fatfs
2026-01-10 17:17:59,818 [INFO] IPUIPlugin:80 - create IPUIPlugin
2026-01-10 17:17:59,818 [INFO] PluginManager:220 - loadIPPluginJar : add linkedlist
2026-01-10 17:17:59,825 [INFO] IPUIPlugin:80 - create IPUIPlugin
2026-01-10 17:17:59,825 [INFO] PluginManager:220 - loadIPPluginJar : add dma
2026-01-10 17:17:59,830 [INFO] IPUIPlugin:80 - create IPUIPlugin
2026-01-10 17:17:59,830 [INFO] PluginManager:220 - loadIPPluginJar : add fmc
2026-01-10 17:17:59,833 [INFO] IPUIPlugin:80 - create IPUIPlugin
2026-01-10 17:17:59,833 [INFO] PluginManager:220 - loadIPPluginJar : add i2s
2026-01-10 17:17:59,837 [INFO] IPUIPlugin:80 - create IPUIPlugin
2026-01-10 17:17:59,837 [INFO] PluginManager:220 - loadIPPluginJar : add ucpd
2026-01-10 17:17:59,840 [INFO] IPUIPlugin:80 - create IPUIPlugin
2026-01-10 17:17:59,841 [INFO] PluginManager:220 - loadIPPluginJar : add lorawan
2026-01-10 17:17:59,845 [INFO] IPUIPlugin:80 - create IPUIPlugin
2026-01-10 17:17:59,846 [INFO] PluginManager:220 - loadIPPluginJar : add opamp
2026-01-10 17:17:59,849 [INFO] IPUIPlugin:80 - create IPUIPlugin
2026-01-10 17:17:59,850 [INFO] PluginManager:220 - loadIPPluginJar : add i3c
2026-01-10 17:17:59,853 [INFO] IPUIPlugin:80 - create IPUIPlugin
2026-01-10 17:17:59,854 [INFO] PluginManager:220 - loadIPPluginJar : add touchsensing
2026-01-10 17:17:59,856 [INFO] IPUIPlugin:80 - create IPUIPlugin
2026-01-10 17:17:59,857 [INFO] PluginManager:220 - loadIPPluginJar : add i2c
2026-01-10 17:17:59,860 [INFO] IPUIPlugin:80 - create IPUIPlugin
2026-01-10 17:17:59,860 [INFO] PluginManager:220 - loadIPPluginJar : add resmgrutility
2026-01-10 17:17:59,864 [INFO] IPUIPlugin:80 - create IPUIPlugin
2026-01-10 17:17:59,864 [INFO] PluginManager:220 - loadIPPluginJar : add sai
2026-01-10 17:17:59,867 [INFO] IPUIPlugin:80 - create IPUIPlugin
2026-01-10 17:17:59,869 [INFO] PluginManager:220 - loadIPPluginJar : add usbx
2026-01-10 17:18:00,041 [FATAL] Updater:351 - Updater called before beeing initialized
2026-01-10 17:18:00,172 [INFO] RulesReader:64 - Compatibility file has been processed (317 Rules)
2026-01-10 17:18:00,200 [INFO] RulesReader:64 - Compatibility file has been processed (317 Rules)
2026-01-10 17:18:00,219 [INFO] CADModel:165 - CPN selected for project level
2026-01-10 17:18:00,220 [INFO] CADModel:114 - Register for checkConnection events
2026-01-10 17:18:00,220 [FATAL] Updater:351 - Updater called before beeing initialized
2026-01-10 17:18:00,220 [ERROR] CADModel:125 - Updater not yet initialized, retry later 
2026-01-10 17:18:01,606 [INFO] ThirdPartyUpdaterWithRetryManager:70 - Updater plugin not ready yet. [2/15]
2026-01-10 17:18:04,623 [FATAL] Updater:351 - Updater called before beeing initialized
2026-01-10 17:18:04,628 [ERROR] IntegrityCheckThread:130 - Cannot retrieve database content from updater: error 21
2026-01-10 17:18:04,630 [INFO] ThirdParty:978 - Integrity check success = false
2026-01-10 17:18:04,630 [INFO] IntegrityCheckThread:100 - exiting critical section [integrity check]
2026-01-10 17:18:04,630 [INFO] IntegrityCheckThread:103 - End integrity checks thread
2026-01-10 17:18:36,439 [INFO] Activator:176 - 


2026-01-10 17:18:36,443 [INFO] Activator:177 - !SESSION log4j initialized
2026-01-10 17:18:37,661 [ERROR] LogOutputStream:75 - [STDERR_REDIRECT] 
2026-01-10 17:18:40,511 [INFO] LogOutputStream:77 - [STDOUT_REDIRECT] 
2026-01-10 17:18:43,882 [INFO] McuFinderGlobals:63 - Set McuFinder mode to 2 (CubeIDE integrated)
2026-01-10 17:18:44,257 [INFO] ApplicationProperties:184 - Using Application install path: /Applications/STM32CubeIDE.app/Contents/Eclipse/plugins/com.st.stm32cube.common.mx_6.15.0.202507011659
2026-01-10 17:18:44,277 [INFO] DbMcusXml:78 - Set database path to: /Applications/STM32CubeIDE.app/Contents/Eclipse/plugins/com.st.stm32cube.common.mx_6.15.0.202507011659//db//mcu/
2026-01-10 17:18:44,277 [INFO] ApiDb:274 - Set plugin database path to: /Applications/STM32CubeIDE.app/Contents/Eclipse/plugins/com.st.stm32cube.common.mx_6.15.0.202507011659//db//plugins/boardmanager/
2026-01-10 17:18:44,278 [WARN] ApiDb:259 - Overriding images path with different value:  => /Applications/STM32CubeIDE.app/Contents/Eclipse/plugins/com.st.stm32cube.common.mx_6.15.0.202507011659//db//plugins/mcufinder/images/
2026-01-10 17:18:44,285 [INFO] ApiDb:250 - Set database path to: /Users/karthikkurapati/.stmcufinder/plugins/mcufinder//mcu/
2026-01-10 17:18:44,286 [INFO] DbMcusAds:125 - Set database path to: /Users/karthikkurapati/.stmcufinder/plugins/mcufinder//mcu/
2026-01-10 17:18:44,289 [INFO] CrossReferenceDbSqlite:203 - Set database path to: /Users/karthikkurapati/.stmcufinder/plugins/mcufinder//mcu/cs/
2026-01-10 17:18:44,519 [INFO] RulesReader:64 - Compatibility file has been processed (317 Rules)
2026-01-10 17:18:44,610 [INFO] DbMcusXml:78 - Set database path to: /Applications/STM32CubeIDE.app/Contents/Eclipse/plugins/com.st.stm32cube.common.mx_6.15.0.202507011659//db//mcu/
2026-01-10 17:18:44,610 [INFO] ApiDb:274 - Set plugin database path to: /Applications/STM32CubeIDE.app/Contents/Eclipse/plugins/com.st.stm32cube.common.mx_6.15.0.202507011659//db//plugins/boardmanager/
2026-01-10 17:18:44,610 [INFO] ApiDb:261 - Set plugin images path to: /Applications/STM32CubeIDE.app/Contents/Eclipse/plugins/com.st.stm32cube.common.mx_6.15.0.202507011659//db//plugins/mcufinder/images/
2026-01-10 17:18:44,610 [WARN] DbFile:41 - Overriding database path with different value: /Users/karthikkurapati/.stmcufinder/plugins/mcufinder/ => /Users/karthikkurapati/.stmcufinder/plugins/mcufinder
2026-01-10 17:18:44,610 [INFO] ApiDb:250 - Set database path to: /Users/karthikkurapati/.stmcufinder/plugins/mcufinder//mcu/
2026-01-10 17:18:44,611 [WARN] DbFile:41 - Overriding database path with different value: /Users/karthikkurapati/.stmcufinder/plugins/mcufinder/ => /Users/karthikkurapati/.stmcufinder/plugins/mcufinder
2026-01-10 17:18:44,611 [INFO] DbMcusAds:125 - Set database path to: /Users/karthikkurapati/.stmcufinder/plugins/mcufinder//mcu/
2026-01-10 17:18:44,611 [WARN] DbFile:41 - Overriding database path with different value: /Users/karthikkurapati/.stmcufinder/plugins/mcufinder/ => /Users/karthikkurapati/.stmcufinder/plugins/mcufinder
2026-01-10 17:18:44,611 [WARN] DbFile:41 - Overriding database path with different value: /Users/karthikkurapati/.stmcufinder/plugins/mcufinder/ => /Users/karthikkurapati/.stmcufinder/plugins/mcufinder
2026-01-10 17:18:44,611 [INFO] CrossReferenceDbSqlite:203 - Set database path to: /Users/karthikkurapati/.stmcufinder/plugins/mcufinder//mcu/cs/
2026-01-10 17:18:44,726 [INFO] MainPanel:274 - HeapMemory: 295698432
2026-01-10 17:18:45,078 [INFO] DbMcusXml:78 - Set database path to: /Applications/STM32CubeIDE.app/Contents/Eclipse/plugins/com.st.stm32cube.common.mx_6.15.0.202507011659//db//mcu/
2026-01-10 17:18:45,078 [INFO] ApiDb:274 - Set plugin database path to: /Applications/STM32CubeIDE.app/Contents/Eclipse/plugins/com.st.stm32cube.common.mx_6.15.0.202507011659//db//plugins/boardmanager/
2026-01-10 17:18:45,078 [INFO] ApiDb:261 - Set plugin images path to: /Applications/STM32CubeIDE.app/Contents/Eclipse/plugins/com.st.stm32cube.common.mx_6.15.0.202507011659//db//plugins/mcufinder/images/
2026-01-10 17:18:45,079 [WARN] DbFile:41 - Overriding database path with different value: /Users/karthikkurapati/.stmcufinder/plugins/mcufinder/ => /Users/karthikkurapati/.stmcufinder/plugins/mcufinder
2026-01-10 17:18:45,079 [INFO] ApiDb:250 - Set database path to: /Users/karthikkurapati/.stmcufinder/plugins/mcufinder//mcu/
2026-01-10 17:18:45,079 [WARN] DbFile:41 - Overriding database path with different value: /Users/karthikkurapati/.stmcufinder/plugins/mcufinder/ => /Users/karthikkurapati/.stmcufinder/plugins/mcufinder
2026-01-10 17:18:45,079 [INFO] DbMcusAds:125 - Set database path to: /Users/karthikkurapati/.stmcufinder/plugins/mcufinder//mcu/
2026-01-10 17:18:45,079 [WARN] DbFile:41 - Overriding database path with different value: /Users/karthikkurapati/.stmcufinder/plugins/mcufinder/ => /Users/karthikkurapati/.stmcufinder/plugins/mcufinder
2026-01-10 17:18:45,079 [WARN] DbFile:41 - Overriding database path with different value: /Users/karthikkurapati/.stmcufinder/plugins/mcufinder/ => /Users/karthikkurapati/.stmcufinder/plugins/mcufinder
2026-01-10 17:18:45,080 [INFO] CrossReferenceDbSqlite:203 - Set database path to: /Users/karthikkurapati/.stmcufinder/plugins/mcufinder//mcu/cs/
2026-01-10 17:18:45,108 [INFO] ApplicationProperties:184 - Using Application install path: /Applications/STM32CubeIDE.app/Contents/Eclipse/plugins/com.st.stm32cube.common.mx_6.15.0.202507011659
2026-01-10 17:18:45,110 [INFO] PluginManage:196 - Search for loadable plugins [exclusion list=, ]
2026-01-10 17:18:45,112 [INFO] PluginManage:310 - Check plugin analytics
2026-01-10 17:18:45,443 [INFO] AnalyticsPlugin:253 - Accepted Software Licenses: 
2026-01-10 17:18:45,444 [INFO] AnalyticsPlugin:255 - Accepted CMSIS Pack Licenses: 
2026-01-10 17:18:45,444 [INFO] AnalyticsPlugin:257 - Accepted Firmware Licenses: 
2026-01-10 17:18:45,464 [INFO] PluginManage:359 - Loaded plugin analytics (category:tool,tabindex:-1)
2026-01-10 17:18:45,467 [INFO] PluginManage:310 - Check plugin cadmodel
2026-01-10 17:18:45,775 [INFO] CADModel:105 - Init CAD model plugin
2026-01-10 17:18:45,802 [INFO] PluginManage:359 - Loaded plugin cadmodel (category:power,tabindex:5)
2026-01-10 17:18:45,814 [INFO] PluginManage:310 - Check plugin clock
2026-01-10 17:18:46,090 [INFO] PluginManage:359 - Loaded plugin clock (category:base,tabindex:2)
2026-01-10 17:18:46,093 [INFO] PluginManage:310 - Check plugin ddr
2026-01-10 17:18:46,100 [INFO] PluginManage:359 - Loaded plugin ddr (category:tool,tabindex:6)
2026-01-10 17:18:46,105 [INFO] PluginManage:310 - Check plugin filemanager
2026-01-10 17:18:46,792 [INFO] PluginManage:359 - Loaded plugin filemanager (category:base,tabindex:10)
2026-01-10 17:18:46,795 [INFO] PluginManage:310 - Check plugin ipmanager
2026-01-10 17:18:46,816 [INFO] PluginManage:359 - Loaded plugin ipmanager (category:base,tabindex:5)
2026-01-10 17:18:46,816 [INFO] PluginManage:310 - Check plugin lpbam
2026-01-10 17:18:46,842 [INFO] PluginManage:359 - Loaded plugin lpbam (category:base,tabindex:0)
2026-01-10 17:18:46,842 [INFO] PluginManage:310 - Check plugin memorymap
2026-01-10 17:18:46,864 [INFO] PluginManage:359 - Loaded plugin memorymap (category:base,tabindex:4)
2026-01-10 17:18:46,864 [INFO] PluginManage:310 - Check plugin pinoutandconfiguration
2026-01-10 17:18:46,874 [INFO] PluginManage:359 - Loaded plugin pinoutandconfiguration (category:base,tabindex:1)
2026-01-10 17:18:46,874 [INFO] PluginManage:310 - Check plugin pinoutconfig
2026-01-10 17:18:46,997 [WARN] SupportedApi:132 - Cannot load RTOS API schema: s4s-elt-must-match.1: The content of 'definitions' must match (annotation?, (simpleType | complexType)?, (unique | key | keyref)*)). A problem was found starting at: attribute.
2026-01-10 17:18:47,239 [INFO] PluginManage:359 - Loaded plugin pinoutconfig (category:base,tabindex:0)
2026-01-10 17:18:47,239 [INFO] PluginManage:310 - Check plugin power
2026-01-10 17:18:47,254 [INFO] PluginManage:359 - Loaded plugin power (category:power,tabindex:4)
2026-01-10 17:18:47,255 [INFO] PluginManage:310 - Check plugin projectmanager
2026-01-10 17:18:47,296 [INFO] PluginManage:359 - Loaded plugin projectmanager (category:projectmanager,tabindex:4)
2026-01-10 17:18:47,296 [INFO] PluginManage:310 - Check plugin rif
2026-01-10 17:18:47,305 [INFO] PluginManage:359 - Loaded plugin rif (category:base,tabindex:3)
2026-01-10 17:18:47,305 [INFO] PluginManage:310 - Check plugin thirdparty
2026-01-10 17:18:47,568 [INFO] PluginManage:359 - Loaded plugin thirdparty (category:base,tabindex:-1)
2026-01-10 17:18:47,568 [WARN] IntegrityCheckThread:84 - waiting for thirdparty lock release [integrity check]
2026-01-10 17:18:47,569 [INFO] PluginManage:310 - Check plugin tools
2026-01-10 17:18:47,569 [INFO] IntegrityCheckThread:86 - entering critical section [integrity check]
2026-01-10 17:18:47,571 [INFO] ThirdPartyUpdaterWithRetryManager:70 - Updater plugin not ready yet. [1/15]
2026-01-10 17:18:47,574 [INFO] PluginManage:359 - Loaded plugin tools (category:base,tabindex:7)
2026-01-10 17:18:47,574 [INFO] PluginManage:310 - Check plugin tutovideos
2026-01-10 17:18:47,945 [INFO] PluginManage:359 - Loaded plugin tutovideos (category:base,tabindex:-1)
2026-01-10 17:18:47,945 [INFO] PluginManage:310 - Check plugin updater
2026-01-10 17:18:48,026 [INFO] PluginManage:359 - Loaded plugin updater (category:base,tabindex:12)
2026-01-10 17:18:48,026 [INFO] PluginManage:310 - Check plugin userauth
2026-01-10 17:18:48,045 [INFO] UserAuth:118 - Init User Auth plugin
2026-01-10 17:18:48,048 [INFO] PluginManage:359 - Loaded plugin userauth (category:base,tabindex:14)
2026-01-10 17:18:48,051 [INFO] PluginManage:283 - PluginManage : Loaded plugins [18]
2026-01-10 17:18:50,580 [INFO] ThirdPartyUpdaterWithRetryManager:70 - Updater plugin not ready yet. [2/15]
2026-01-10 17:18:53,587 [INFO] ThirdPartyUpdaterWithRetryManager:70 - Updater plugin not ready yet. [3/15]
2026-01-10 17:18:56,593 [INFO] ThirdPartyUpdaterWithRetryManager:70 - Updater plugin not ready yet. [4/15]
2026-01-10 17:18:59,600 [INFO] ThirdPartyUpdaterWithRetryManager:70 - Updater plugin not ready yet. [5/15]
2026-01-10 17:19:02,607 [INFO] ThirdPartyUpdaterWithRetryManager:70 - Updater plugin not ready yet. [6/15]
2026-01-10 17:19:05,612 [INFO] ThirdPartyUpdaterWithRetryManager:70 - Updater plugin not ready yet. [7/15]
2026-01-10 17:19:08,618 [INFO] ThirdPartyUpdaterWithRetryManager:70 - Updater plugin not ready yet. [8/15]
2026-01-10 17:19:11,621 [INFO] ThirdPartyUpdaterWithRetryManager:70 - Updater plugin not ready yet. [9/15]
2026-01-10 17:19:14,624 [INFO] ThirdPartyUpdaterWithRetryManager:70 - Updater plugin not ready yet. [10/15]
2026-01-10 17:19:55,264 [INFO] Activator:176 - 


2026-01-10 17:19:55,266 [INFO] Activator:177 - !SESSION log4j initialized
2026-01-10 17:19:56,390 [ERROR] LogOutputStream:75 - [STDERR_REDIRECT] 
2026-01-10 17:19:58,809 [INFO] LogOutputStream:77 - [STDOUT_REDIRECT] 
2026-01-10 17:20:02,241 [INFO] ApplicationProperties:184 - Using Application install path: /Applications/STM32CubeIDE.app/Contents/Eclipse/plugins/com.st.stm32cube.common.mx_6.15.0.202507011659
2026-01-10 17:20:02,271 [INFO] DbMcusXml:78 - Set database path to: /Applications/STM32CubeIDE.app/Contents/Eclipse/plugins/com.st.stm32cube.common.mx_6.15.0.202507011659//db//mcu/
2026-01-10 17:20:02,272 [INFO] ApiDb:274 - Set plugin database path to: /Applications/STM32CubeIDE.app/Contents/Eclipse/plugins/com.st.stm32cube.common.mx_6.15.0.202507011659//db//plugins/boardmanager/
2026-01-10 17:20:02,274 [WARN] ApiDb:259 - Overriding images path with different value:  => /Applications/STM32CubeIDE.app/Contents/Eclipse/plugins/com.st.stm32cube.common.mx_6.15.0.202507011659//db//plugins/mcufinder/images/
2026-01-10 17:20:02,285 [INFO] ApiDb:250 - Set database path to: /Users/karthikkurapati/.stmcufinder/plugins/mcufinder//mcu/
2026-01-10 17:20:02,287 [INFO] DbMcusAds:125 - Set database path to: /Users/karthikkurapati/.stmcufinder/plugins/mcufinder//mcu/
2026-01-10 17:20:02,291 [INFO] CrossReferenceDbSqlite:203 - Set database path to: /Users/karthikkurapati/.stmcufinder/plugins/mcufinder//mcu/cs/
2026-01-10 17:20:02,576 [INFO] RulesReader:64 - Compatibility file has been processed (317 Rules)
2026-01-10 17:20:02,675 [INFO] DbMcusXml:78 - Set database path to: /Applications/STM32CubeIDE.app/Contents/Eclipse/plugins/com.st.stm32cube.common.mx_6.15.0.202507011659//db//mcu/
2026-01-10 17:20:02,675 [INFO] ApiDb:274 - Set plugin database path to: /Applications/STM32CubeIDE.app/Contents/Eclipse/plugins/com.st.stm32cube.common.mx_6.15.0.202507011659//db//plugins/boardmanager/
2026-01-10 17:20:02,676 [INFO] ApiDb:261 - Set plugin images path to: /Applications/STM32CubeIDE.app/Contents/Eclipse/plugins/com.st.stm32cube.common.mx_6.15.0.202507011659//db//plugins/mcufinder/images/
2026-01-10 17:20:02,676 [WARN] DbFile:41 - Overriding database path with different value: /Users/karthikkurapati/.stmcufinder/plugins/mcufinder/ => /Users/karthikkurapati/.stmcufinder/plugins/mcufinder
2026-01-10 17:20:02,676 [INFO] ApiDb:250 - Set database path to: /Users/karthikkurapati/.stmcufinder/plugins/mcufinder//mcu/
2026-01-10 17:20:02,676 [WARN] DbFile:41 - Overriding database path with different value: /Users/karthikkurapati/.stmcufinder/plugins/mcufinder/ => /Users/karthikkurapati/.stmcufinder/plugins/mcufinder
2026-01-10 17:20:02,677 [INFO] DbMcusAds:125 - Set database path to: /Users/karthikkurapati/.stmcufinder/plugins/mcufinder//mcu/
2026-01-10 17:20:02,677 [WARN] DbFile:41 - Overriding database path with different value: /Users/karthikkurapati/.stmcufinder/plugins/mcufinder/ => /Users/karthikkurapati/.stmcufinder/plugins/mcufinder
2026-01-10 17:20:02,677 [WARN] DbFile:41 - Overriding database path with different value: /Users/karthikkurapati/.stmcufinder/plugins/mcufinder/ => /Users/karthikkurapati/.stmcufinder/plugins/mcufinder
2026-01-10 17:20:02,677 [INFO] CrossReferenceDbSqlite:203 - Set database path to: /Users/karthikkurapati/.stmcufinder/plugins/mcufinder//mcu/cs/
2026-01-10 17:20:02,795 [INFO] MainPanel:274 - HeapMemory: 268435456
2026-01-10 17:20:03,134 [INFO] DbMcusXml:78 - Set database path to: /Applications/STM32CubeIDE.app/Contents/Eclipse/plugins/com.st.stm32cube.common.mx_6.15.0.202507011659//db//mcu/
2026-01-10 17:20:03,134 [INFO] ApiDb:274 - Set plugin database path to: /Applications/STM32CubeIDE.app/Contents/Eclipse/plugins/com.st.stm32cube.common.mx_6.15.0.202507011659//db//plugins/boardmanager/
2026-01-10 17:20:03,134 [INFO] ApiDb:261 - Set plugin images path to: /Applications/STM32CubeIDE.app/Contents/Eclipse/plugins/com.st.stm32cube.common.mx_6.15.0.202507011659//db//plugins/mcufinder/images/
2026-01-10 17:20:03,135 [WARN] DbFile:41 - Overriding database path with different value: /Users/karthikkurapati/.stmcufinder/plugins/mcufinder/ => /Users/karthikkurapati/.stmcufinder/plugins/mcufinder
2026-01-10 17:20:03,135 [INFO] ApiDb:250 - Set database path to: /Users/karthikkurapati/.stmcufinder/plugins/mcufinder//mcu/
2026-01-10 17:20:03,135 [WARN] DbFile:41 - Overriding database path with different value: /Users/karthikkurapati/.stmcufinder/plugins/mcufinder/ => /Users/karthikkurapati/.stmcufinder/plugins/mcufinder
2026-01-10 17:20:03,135 [INFO] DbMcusAds:125 - Set database path to: /Users/karthikkurapati/.stmcufinder/plugins/mcufinder//mcu/
2026-01-10 17:20:03,135 [WARN] DbFile:41 - Overriding database path with different value: /Users/karthikkurapati/.stmcufinder/plugins/mcufinder/ => /Users/karthikkurapati/.stmcufinder/plugins/mcufinder
2026-01-10 17:20:03,135 [WARN] DbFile:41 - Overriding database path with different value: /Users/karthikkurapati/.stmcufinder/plugins/mcufinder/ => /Users/karthikkurapati/.stmcufinder/plugins/mcufinder
2026-01-10 17:20:03,135 [INFO] CrossReferenceDbSqlite:203 - Set database path to: /Users/karthikkurapati/.stmcufinder/plugins/mcufinder//mcu/cs/
2026-01-10 17:20:03,161 [INFO] ApplicationProperties:184 - Using Application install path: /Applications/STM32CubeIDE.app/Contents/Eclipse/plugins/com.st.stm32cube.common.mx_6.15.0.202507011659
2026-01-10 17:20:03,163 [INFO] PluginManage:196 - Search for loadable plugins [exclusion list=, ]
2026-01-10 17:20:03,166 [INFO] PluginManage:310 - Check plugin analytics
2026-01-10 17:20:03,521 [INFO] AnalyticsPlugin:253 - Accepted Software Licenses: 
2026-01-10 17:20:03,521 [INFO] AnalyticsPlugin:255 - Accepted CMSIS Pack Licenses: 
2026-01-10 17:20:03,521 [INFO] AnalyticsPlugin:257 - Accepted Firmware Licenses: 
2026-01-10 17:20:03,540 [INFO] PluginManage:359 - Loaded plugin analytics (category:tool,tabindex:-1)
2026-01-10 17:20:03,541 [INFO] PluginManage:310 - Check plugin cadmodel
2026-01-10 17:20:03,552 [INFO] CADModel:105 - Init CAD model plugin
2026-01-10 17:20:03,552 [INFO] PluginManage:359 - Loaded plugin cadmodel (category:power,tabindex:5)
2026-01-10 17:20:03,553 [INFO] PluginManage:310 - Check plugin clock
2026-01-10 17:20:03,567 [INFO] PluginManage:359 - Loaded plugin clock (category:base,tabindex:2)
2026-01-10 17:20:03,567 [INFO] PluginManage:310 - Check plugin ddr
2026-01-10 17:20:03,569 [INFO] PluginManage:359 - Loaded plugin ddr (category:tool,tabindex:6)
2026-01-10 17:20:03,569 [INFO] PluginManage:310 - Check plugin filemanager
2026-01-10 17:20:04,571 [INFO] PluginManage:359 - Loaded plugin filemanager (category:base,tabindex:10)
2026-01-10 17:20:04,576 [INFO] PluginManage:310 - Check plugin ipmanager
2026-01-10 17:20:04,612 [INFO] PluginManage:359 - Loaded plugin ipmanager (category:base,tabindex:5)
2026-01-10 17:20:04,615 [INFO] PluginManage:310 - Check plugin lpbam
2026-01-10 17:20:04,651 [INFO] PluginManage:359 - Loaded plugin lpbam (category:base,tabindex:0)
2026-01-10 17:20:04,652 [INFO] PluginManage:310 - Check plugin memorymap
2026-01-10 17:20:04,673 [INFO] PluginManage:359 - Loaded plugin memorymap (category:base,tabindex:4)
2026-01-10 17:20:04,674 [INFO] PluginManage:310 - Check plugin pinoutandconfiguration
2026-01-10 17:20:04,685 [INFO] PluginManage:359 - Loaded plugin pinoutandconfiguration (category:base,tabindex:1)
2026-01-10 17:20:04,685 [INFO] PluginManage:310 - Check plugin pinoutconfig
2026-01-10 17:20:04,899 [WARN] SupportedApi:132 - Cannot load RTOS API schema: s4s-elt-must-match.1: The content of 'definitions' must match (annotation?, (simpleType | complexType)?, (unique | key | keyref)*)). A problem was found starting at: attribute.
2026-01-10 17:20:05,406 [INFO] PluginManage:359 - Loaded plugin pinoutconfig (category:base,tabindex:0)
2026-01-10 17:20:05,407 [INFO] PluginManage:310 - Check plugin power
2026-01-10 17:20:05,425 [INFO] PluginManage:359 - Loaded plugin power (category:power,tabindex:4)
2026-01-10 17:20:05,425 [INFO] PluginManage:310 - Check plugin projectmanager
2026-01-10 17:20:05,466 [INFO] PluginManage:359 - Loaded plugin projectmanager (category:projectmanager,tabindex:4)
2026-01-10 17:20:05,466 [INFO] PluginManage:310 - Check plugin rif
2026-01-10 17:20:05,475 [INFO] PluginManage:359 - Loaded plugin rif (category:base,tabindex:3)
2026-01-10 17:20:05,475 [INFO] PluginManage:310 - Check plugin thirdparty
2026-01-10 17:20:05,740 [INFO] PluginManage:359 - Loaded plugin thirdparty (category:base,tabindex:-1)
2026-01-10 17:20:05,741 [INFO] PluginManage:310 - Check plugin tools
2026-01-10 17:20:05,749 [INFO] PluginManage:359 - Loaded plugin tools (category:base,tabindex:7)
2026-01-10 17:20:05,749 [INFO] PluginManage:310 - Check plugin tutovideos
2026-01-10 17:20:05,740 [WARN] IntegrityCheckThread:84 - waiting for thirdparty lock release [integrity check]
2026-01-10 17:20:05,755 [INFO] IntegrityCheckThread:86 - entering critical section [integrity check]
2026-01-10 17:20:05,757 [INFO] ThirdPartyUpdaterWithRetryManager:70 - Updater plugin not ready yet. [1/15]
2026-01-10 17:20:06,226 [INFO] PluginManage:359 - Loaded plugin tutovideos (category:base,tabindex:-1)
2026-01-10 17:20:06,227 [INFO] PluginManage:310 - Check plugin updater
2026-01-10 17:20:06,275 [INFO] PluginManage:359 - Loaded plugin updater (category:base,tabindex:12)
2026-01-10 17:20:06,275 [INFO] PluginManage:310 - Check plugin userauth
2026-01-10 17:20:06,282 [INFO] UserAuth:118 - Init User Auth plugin
2026-01-10 17:20:06,288 [INFO] PluginManage:359 - Loaded plugin userauth (category:base,tabindex:14)
2026-01-10 17:20:06,289 [INFO] PluginManage:283 - PluginManage : Loaded plugins [18]
2026-01-10 17:20:06,731 [INFO] PinOutPanel:1589 - setPackage(No Configuration,No Configuration)
2026-01-10 17:20:06,853 [INFO] CADModel:165 - CPN selected for project level
2026-01-10 17:20:06,853 [INFO] CADModel:114 - Register for checkConnection events
2026-01-10 17:20:06,870 [INFO] IPUIPlugin:80 - create IPUIPlugin
2026-01-10 17:20:06,871 [INFO] PluginManager:220 - loadIPPluginJar : add mdma
2026-01-10 17:20:06,878 [INFO] IPUIPlugin:80 - create IPUIPlugin
2026-01-10 17:20:06,879 [INFO] PluginManager:220 - loadIPPluginJar : add freertos
2026-01-10 17:20:06,884 [INFO] IPUIPlugin:80 - create IPUIPlugin
2026-01-10 17:20:06,885 [INFO] PluginManager:220 - loadIPPluginJar : add gic
2026-01-10 17:20:06,894 [INFO] IPUIPlugin:80 - create IPUIPlugin
2026-01-10 17:20:06,894 [INFO] PluginManager:220 - loadIPPluginJar : add adc
2026-01-10 17:20:06,896 [INFO] IPUIPlugin:80 - create IPUIPlugin
2026-01-10 17:20:06,896 [INFO] PluginManager:220 - loadIPPluginJar : add gtzc
2026-01-10 17:20:06,897 [INFO] IPUIPlugin:80 - create IPUIPlugin
2026-01-10 17:20:06,897 [INFO] PluginManager:220 - loadIPPluginJar : add quadspi
2026-01-10 17:20:06,902 [INFO] IPUIPlugin:80 - create IPUIPlugin
2026-01-10 17:20:06,903 [INFO] PluginManager:220 - loadIPPluginJar : add aes
2026-01-10 17:20:06,905 [INFO] IPUIPlugin:80 - create IPUIPlugin
2026-01-10 17:20:06,905 [INFO] PluginManager:220 - loadIPPluginJar : add pdm2pcm
2026-01-10 17:20:06,907 [INFO] IPUIPlugin:80 - create IPUIPlugin
2026-01-10 17:20:06,907 [INFO] PluginManager:220 - loadIPPluginJar : add hash
2026-01-10 17:20:06,908 [INFO] IPUIPlugin:80 - create IPUIPlugin
2026-01-10 17:20:06,908 [INFO] PluginManager:220 - loadIPPluginJar : add tim
2026-01-10 17:20:06,910 [INFO] IPUIPlugin:80 - create IPUIPlugin
2026-01-10 17:20:06,910 [INFO] PluginManager:220 - loadIPPluginJar : add tsc
2026-01-10 17:20:06,912 [INFO] IPUIPlugin:80 - create IPUIPlugin
2026-01-10 17:20:06,913 [INFO] PluginManager:220 - loadIPPluginJar : add extmemmanager
2026-01-10 17:20:06,915 [INFO] IPUIPlugin:80 - create IPUIPlugin
2026-01-10 17:20:06,915 [INFO] PluginManager:220 - loadIPPluginJar : add ts
2026-01-10 17:20:06,917 [INFO] IPUIPlugin:80 - create IPUIPlugin
2026-01-10 17:20:06,917 [INFO] PluginManager:220 - loadIPPluginJar : add radio
2026-01-10 17:20:06,919 [INFO] IPUIPlugin:80 - create IPUIPlugin
2026-01-10 17:20:06,920 [INFO] PluginManager:220 - loadIPPluginJar : add can
2026-01-10 17:20:06,922 [INFO] IPUIPlugin:80 - create IPUIPlugin
2026-01-10 17:20:06,922 [INFO] PluginManager:220 - loadIPPluginJar : add dma3
2026-01-10 17:20:06,926 [INFO] IPUIPlugin:80 - create IPUIPlugin
2026-01-10 17:20:06,926 [INFO] PluginManager:220 - loadIPPluginJar : add dfsdm
2026-01-10 17:20:06,928 [INFO] IPUIPlugin:80 - create IPUIPlugin
2026-01-10 17:20:06,928 [INFO] PluginManager:220 - loadIPPluginJar : add spi
2026-01-10 17:20:06,929 [INFO] IPUIPlugin:80 - create IPUIPlugin
2026-01-10 17:20:06,930 [INFO] PluginManager:220 - loadIPPluginJar : add gfxmmu
2026-01-10 17:20:06,932 [INFO] IPUIPlugin:80 - create IPUIPlugin
2026-01-10 17:20:06,932 [INFO] PluginManager:220 - loadIPPluginJar : add genericplugin
2026-01-10 17:20:06,933 [INFO] IPUIPlugin:80 - create IPUIPlugin
2026-01-10 17:20:06,934 [INFO] PluginManager:220 - loadIPPluginJar : add cryp
2026-01-10 17:20:06,938 [INFO] IPUIPlugin:80 - create IPUIPlugin
2026-01-10 17:20:06,938 [INFO] PluginManager:220 - loadIPPluginJar : add gpio
2026-01-10 17:20:06,941 [INFO] IPUIPlugin:80 - create IPUIPlugin
2026-01-10 17:20:06,941 [INFO] PluginManager:220 - loadIPPluginJar : add ddr_ctrl_phy
2026-01-10 17:20:06,943 [INFO] IPUIPlugin:80 - create IPUIPlugin
2026-01-10 17:20:06,943 [INFO] PluginManager:220 - loadIPPluginJar : add comp
2026-01-10 17:20:06,947 [INFO] IPUIPlugin:80 - create IPUIPlugin
2026-01-10 17:20:06,948 [INFO] PluginManager:220 - loadIPPluginJar : add tracer_emb
2026-01-10 17:20:06,951 [INFO] IPUIPlugin:80 - create IPUIPlugin
2026-01-10 17:20:06,952 [INFO] PluginManager:220 - loadIPPluginJar : add openamp
2026-01-10 17:20:06,957 [INFO] IPUIPlugin:80 - create IPUIPlugin
2026-01-10 17:20:06,957 [INFO] PluginManager:220 - loadIPPluginJar : add stm32_wpan
2026-01-10 17:20:06,962 [INFO] IPUIPlugin:80 - create IPUIPlugin
2026-01-10 17:20:06,965 [INFO] PluginManager:220 - loadIPPluginJar : add plateformsettings
2026-01-10 17:20:06,970 [INFO] IPUIPlugin:80 - create IPUIPlugin
2026-01-10 17:20:06,970 [INFO] PluginManager:220 - loadIPPluginJar : add ipddr
2026-01-10 17:20:06,974 [INFO] IPUIPlugin:80 - create IPUIPlugin
2026-01-10 17:20:06,974 [INFO] PluginManager:220 - loadIPPluginJar : add usart
2026-01-10 17:20:06,975 [INFO] IPUIPlugin:80 - create IPUIPlugin
2026-01-10 17:20:06,976 [INFO] PluginManager:220 - loadIPPluginJar : add ltdc
2026-01-10 17:20:06,979 [INFO] IPUIPlugin:80 - create IPUIPlugin
2026-01-10 17:20:06,979 [INFO] PluginManager:220 - loadIPPluginJar : add nvic
2026-01-10 17:20:06,981 [INFO] IPUIPlugin:80 - create IPUIPlugin
2026-01-10 17:20:06,981 [INFO] PluginManager:220 - loadIPPluginJar : add fatfs
2026-01-10 17:20:06,987 [INFO] IPUIPlugin:80 - create IPUIPlugin
2026-01-10 17:20:06,987 [INFO] PluginManager:220 - loadIPPluginJar : add linkedlist
2026-01-10 17:20:06,993 [INFO] IPUIPlugin:80 - create IPUIPlugin
2026-01-10 17:20:06,993 [INFO] PluginManager:220 - loadIPPluginJar : add dma
2026-01-10 17:20:06,997 [INFO] IPUIPlugin:80 - create IPUIPlugin
2026-01-10 17:20:06,997 [INFO] PluginManager:220 - loadIPPluginJar : add fmc
2026-01-10 17:20:06,999 [INFO] IPUIPlugin:80 - create IPUIPlugin
2026-01-10 17:20:06,999 [INFO] PluginManager:220 - loadIPPluginJar : add i2s
2026-01-10 17:20:07,001 [INFO] IPUIPlugin:80 - create IPUIPlugin
2026-01-10 17:20:07,001 [INFO] PluginManager:220 - loadIPPluginJar : add ucpd
2026-01-10 17:20:07,003 [INFO] IPUIPlugin:80 - create IPUIPlugin
2026-01-10 17:20:07,004 [INFO] PluginManager:220 - loadIPPluginJar : add lorawan
2026-01-10 17:20:07,007 [INFO] IPUIPlugin:80 - create IPUIPlugin
2026-01-10 17:20:07,008 [INFO] PluginManager:220 - loadIPPluginJar : add opamp
2026-01-10 17:20:07,010 [INFO] IPUIPlugin:80 - create IPUIPlugin
2026-01-10 17:20:07,011 [INFO] PluginManager:220 - loadIPPluginJar : add i3c
2026-01-10 17:20:07,014 [INFO] IPUIPlugin:80 - create IPUIPlugin
2026-01-10 17:20:07,016 [INFO] PluginManager:220 - loadIPPluginJar : add touchsensing
2026-01-10 17:20:07,020 [INFO] IPUIPlugin:80 - create IPUIPlugin
2026-01-10 17:20:07,020 [INFO] PluginManager:220 - loadIPPluginJar : add i2c
2026-01-10 17:20:07,023 [INFO] IPUIPlugin:80 - create IPUIPlugin
2026-01-10 17:20:07,023 [INFO] PluginManager:220 - loadIPPluginJar : add resmgrutility
2026-01-10 17:20:07,025 [INFO] IPUIPlugin:80 - create IPUIPlugin
2026-01-10 17:20:07,026 [INFO] PluginManager:220 - loadIPPluginJar : add sai
2026-01-10 17:20:07,028 [INFO] IPUIPlugin:80 - create IPUIPlugin
2026-01-10 17:20:07,028 [INFO] PluginManager:220 - loadIPPluginJar : add usbx
2026-01-10 17:20:07,170 [FATAL] Updater:351 - Updater called before beeing initialized
2026-01-10 17:20:07,254 [INFO] RulesReader:64 - Compatibility file has been processed (317 Rules)
2026-01-10 17:20:07,279 [INFO] RulesReader:64 - Compatibility file has been processed (317 Rules)
2026-01-10 17:20:07,292 [INFO] CADModel:165 - CPN selected for project level
2026-01-10 17:20:07,292 [INFO] CADModel:114 - Register for checkConnection events
2026-01-10 17:20:07,292 [FATAL] Updater:351 - Updater called before beeing initialized
2026-01-10 17:20:07,292 [ERROR] CADModel:125 - Updater not yet initialized, retry later 
2026-01-10 17:20:07,601 [FATAL] Updater:351 - Updater called before beeing initialized
2026-01-10 17:20:07,603 [INFO] CADModel:165 - CPN selected for project level
2026-01-10 17:20:07,603 [INFO] CADModel:114 - Register for checkConnection events
2026-01-10 17:20:07,603 [FATAL] Updater:351 - Updater called before beeing initialized
2026-01-10 17:20:07,603 [ERROR] CADModel:125 - Updater not yet initialized, retry later 
2026-01-10 17:20:07,607 [FATAL] Updater:351 - Updater called before beeing initialized
2026-01-10 17:20:07,882 [FATAL] Updater:351 - Updater called before beeing initialized
2026-01-10 17:20:07,893 [INFO] DbMcusAds:53 - JSON generation date=Thu Jan 08 10:03:33 CST 2026 (1767888213674)
2026-01-10 17:20:07,894 [FATAL] Updater:351 - Updater called before beeing initialized
2026-01-10 17:20:07,975 [WARN] DetailPanel:346 - Failed to get advertising image, set to default
2026-01-10 17:20:08,152 [FATAL] Updater:351 - Updater called before beeing initialized
2026-01-10 17:20:08,157 [FATAL] Updater:351 - Updater called before beeing initialized
2026-01-10 17:20:08,158 [FATAL] Updater:351 - Updater called before beeing initialized
2026-01-10 17:20:08,158 [WARN] DetailPanel:346 - Failed to get advertising image, set to default
2026-01-10 17:20:08,161 [FATAL] Updater:351 - Updater called before beeing initialized
2026-01-10 17:20:08,252 [ERROR] Updater:1198 - MainUpdater not yet initialized. External WinMGr cannot be set.
2026-01-10 17:20:08,263 [INFO] Updater:1134 - Updater Version found : 6.15.0
2026-01-10 17:20:08,284 [INFO] ApplicationProperties:184 - Using Application install path: /Applications/STM32CubeIDE.app/Contents/Eclipse/plugins/com.st.stm32cube.common.mx_6.15.0.202507011659
2026-01-10 17:20:08,762 [INFO] ThirdPartyUpdaterWithRetryManager:70 - Updater plugin not ready yet. [2/15]
2026-01-10 17:20:09,332 [INFO] MainUpdater:2872 - connection check result : 10
2026-01-10 17:20:09,333 [INFO] MainUpdater:289 - Updater Check For Update Now.
2026-01-10 17:20:09,334 [INFO] MicroXplorer:498 - Change Database Version : DB.6.0.150
2026-01-10 17:20:09,342 [INFO] McuFinderGlobals:63 - Set McuFinder mode to 2 (CubeIDE integrated)
2026-01-10 17:20:09,342 [INFO] UserAuth:171 - activating auth plugin
2026-01-10 17:20:09,359 [INFO] UserAuth:487 - Internet connection configuration mode: 1
2026-01-10 17:20:09,411 [INFO] JxBrowserEngine:152 - Initiate JxBrowser Engine with user profile folder
2026-01-10 17:20:09,849 [INFO] CheckServerUpdateThread:120 - End of CheckServer Thread
2026-01-10 17:20:12,056 [WARN] PackLoader:240 - Cannot read IP mode file for STMicroelectronics.FP-SNS-MOTENVWB1.1.4.0
2026-01-10 17:20:12,084 [WARN] PackLoader:240 - Cannot read IP mode file for STMicroelectronics.FP-ATR-ASTRA1.2.0.2
2026-01-10 17:20:12,111 [WARN] PackLoader:240 - Cannot read IP mode file for STMicroelectronics.X-CUBE-SMBUS.2.1.0
2026-01-10 17:20:12,124 [WARN] PackLoader:240 - Cannot read IP mode file for STMicroelectronics.X-CUBE-ST60.1.0.0
2026-01-10 17:20:12,228 [WARN] PackLoader:240 - Cannot read IP mode file for STMicroelectronics.X-CUBE-AZRTOS-F7.1.1.0
2026-01-10 17:20:12,278 [WARN] PackLoader:240 - Cannot read IP mode file for STMicroelectronics.FP-SNS-MOTENV1.5.1.0
2026-01-10 17:20:12,348 [WARN] PackLoader:240 - Cannot read IP mode file for WES.I-CUBE-Cesium.1.4.0
2026-01-10 17:20:12,449 [WARN] PackLoader:240 - Cannot read IP mode file for Infineon.AIROC-Wi-Fi-Bluetooth-STM32.1.7.1
2026-01-10 17:20:12,627 [WARN] PackLoader:240 - Cannot read IP mode file for STMicroelectronics.X-CUBE-AZRTOS-H7.3.4.0
2026-01-10 17:20:12,732 [WARN] PackLoader:240 - Cannot read IP mode file for STMicroelectronics.X-CUBE-DISPLAY.3.0.0
2026-01-10 17:20:12,829 [WARN] PackLoader:240 - Cannot read IP mode file for STMicroelectronics.X-CUBE-NFC10.1.0.0
2026-01-10 17:20:12,845 [WARN] PackLoader:240 - Cannot read IP mode file for STMicroelectronics.X-CUBE-ST60.1.1.0
2026-01-10 17:20:12,867 [WARN] PackLoader:240 - Cannot read IP mode file for emotas.I-CUBE-CANOPEN.1.3.0
2026-01-10 17:20:12,896 [WARN] PackLoader:240 - Cannot read IP mode file for STMicroelectronics.X-CUBE-GNSS1.7.1.0
2026-01-10 17:20:13,165 [WARN] PackLoader:240 - Cannot read IP mode file for STMicroelectronics.FP-SNS-STBOX1.2.1.0
2026-01-10 17:20:13,471 [WARN] PackLoader:240 - Cannot read IP mode file for STMicroelectronics.FP-SNS-SMARTAG2.1.2.0
2026-01-10 17:20:13,499 [WARN] PackLoader:240 - Cannot read IP mode file for STMicroelectronics.FP-SNS-FLIGHT1.5.1.0
2026-01-10 17:20:13,527 [INFO] LogOutputStream:77 - [STDOUT_REDIRECT] 1 : Invalid condition id : UX_CORESTACK_Condition cause : null
2026-01-10 17:20:13,541 [INFO] LogOutputStream:77 - [STDOUT_REDIRECT] 1 : Invalid condition id : UX_CORESTACK_Condition cause : null
2026-01-10 17:20:13,541 [INFO] LogOutputStream:77 - [STDOUT_REDIRECT] 1 : Invalid condition id : UX_CORESTACK_Condition cause : null
2026-01-10 17:20:13,541 [INFO] LogOutputStream:77 - [STDOUT_REDIRECT] 1 : Invalid condition id : UX_CORESTACK_Condition cause : null
2026-01-10 17:20:13,542 [INFO] LogOutputStream:77 - [STDOUT_REDIRECT] 1 : Invalid condition id : UX_CORESTACK_Condition cause : null
2026-01-10 17:20:13,553 [WARN] PackLoader:240 - Cannot read IP mode file for STMicroelectronics.X-CUBE-AZRTOS-WL.2.0.0
2026-01-10 17:20:13,575 [WARN] PackLoader:240 - Cannot read IP mode file for STMicroelectronics.FP-SNS-MOTENV1.5.0.0
2026-01-10 17:20:13,625 [WARN] PackLoader:240 - Cannot read IP mode file for STMicroelectronics.X-CUBE-AZRTOS-H7RS.1.2.0
2026-01-10 17:20:13,680 [WARN] PackLoader:240 - Cannot read IP mode file for STMicroelectronics.X-CUBE-BLE2.3.3.0
2026-01-10 17:20:13,919 [WARN] PackLoader:240 - Cannot read IP mode file for STMicroelectronics.X-CUBE-NFC9.1.0.0
2026-01-10 17:20:13,999 [WARN] PackLoader:240 - Cannot read IP mode file for wolfSSL.I-CUBE-wolfSSL.5.8.2
2026-01-10 17:20:14,035 [WARN] PackLoader:240 - Cannot read IP mode file for STMicroelectronics.X-CUBE-BLE1.7.1.0
2026-01-10 17:20:14,049 [WARN] PackLoader:240 - Cannot read IP mode file for wolfSSL.I-CUBE-wolfMQTT.1.19.2
2026-01-10 17:20:14,116 [WARN] PackLoader:240 - Cannot read IP mode file for STMicroelectronics.X-CUBE-FREERTOS.1.4.0
2026-01-10 17:20:14,225 [WARN] PackLoader:240 - Cannot read IP mode file for STMicroelectronics.X-CUBE-EEPRMA1.5.2.0
2026-01-10 17:20:14,300 [WARN] PackLoader:240 - Cannot read IP mode file for STMicroelectronics.X-CUBE-ST67W61.1.1.0
2026-01-10 17:20:14,469 [WARN] PackLoader:240 - Cannot read IP mode file for STMicroelectronics.X-CUBE-MEMS1.12.0.0
2026-01-10 17:20:14,820 [WARN] PackLoader:240 - Cannot read IP mode file for STMicroelectronics.X-CUBE-AZRTOS-G0.1.1.0
2026-01-10 17:20:14,844 [WARN] PackLoader:240 - Cannot read IP mode file for STMicroelectronics.X-CUBE-SAFEA1.1.2.2
2026-01-10 17:20:14,851 [INFO] WebApp:169 - Instantiating new browser for Auth
2026-01-10 17:20:14,860 [WARN] PackLoader:240 - Cannot read IP mode file for STMicroelectronics.X-CUBE-NFC4.3.0.0
2026-01-10 17:20:14,916 [WARN] PackLoader:240 - Cannot read IP mode file for EmbeddedOffice.I-CUBE-FS-RTOS.1.0.1
2026-01-10 17:20:14,990 [WARN] PackLoader:240 - Cannot read IP mode file for STMicroelectronics.X-CUBE-WB05N.2.0.0
2026-01-10 17:20:15,030 [WARN] PackLoader:240 - Cannot read IP mode file for wolfSSL.I-CUBE-wolfTPM.3.8.0
2026-01-10 17:20:15,047 [WARN] PackLoader:240 - Cannot read IP mode file for STMicroelectronics.X-CUBE-TCPP.4.2.0
2026-01-10 17:20:15,068 [WARN] PackLoader:240 - Cannot read IP mode file for RealThread.X-CUBE-RT-Thread_Nano.4.1.1
2026-01-10 17:20:15,078 [WARN] PackLoader:240 - Cannot read IP mode file for STMicroelectronics.FP-ATR-SIGFOX1.3.2.0
2026-01-10 17:20:15,091 [WARN] PackLoader:240 - Cannot read IP mode file for ITTIA_DB.I-CUBE-ITTIADB.8.9.0
2026-01-10 17:20:15,117 [WARN] PackLoader:240 - Cannot read IP mode file for STMicroelectronics.X-CUBE-ST67W61.1.0.0
2026-01-10 17:20:15,139 [WARN] PackLoader:240 - Cannot read IP mode file for STMicroelectronics.X-CUBE-AI.10.2.0
2026-01-10 17:20:15,241 [WARN] PackLoader:240 - Cannot read IP mode file for SEGGER.I-CUBE-embOS.1.3.1
2026-01-10 17:20:15,314 [WARN] PackLoader:240 - Cannot read IP mode file for STMicroelectronics.X-CUBE-ALGOBUILD.1.4.0
2026-01-10 17:20:15,509 [WARN] PackLoader:240 - Cannot read IP mode file for STMicroelectronics.X-CUBE-MEMS1.11.3.0
2026-01-10 17:20:15,770 [WARN] PackLoader:240 - Cannot read IP mode file for STMicroelectronics.X-CUBE-PM33A1.1.0.0
2026-01-10 17:20:15,830 [WARN] PackLoader:240 - Cannot read IP mode file for STMicroelectronics.X-CUBE-AZRTOS-F4.1.1.0
2026-01-10 17:20:15,847 [WARN] PackLoader:240 - Cannot read IP mode file for Avnet-IotConnect.X-CUBE-IoTC-DA16k-PMOD.1.0.0
2026-01-10 17:20:15,854 [WARN] PackLoader:240 - Cannot read IP mode file for STMicroelectronics.X-CUBE-ISPU.2.1.0
2026-01-10 17:20:15,886 [WARN] PackLoader:240 - Cannot read IP mode file for STMicroelectronics.X-CUBE-IPS.3.2.0
2026-01-10 17:20:15,929 [WARN] PackLoader:240 - Cannot read IP mode file for STMicroelectronics.X-CUBE-NFC12.1.0.0
2026-01-10 17:20:15,982 [WARN] PackLoader:240 - Cannot read IP mode file for STMicroelectronics.X-CUBE-AZRTOS-L5.2.0.0
2026-01-10 17:20:16,008 [WARN] PackLoader:240 - Cannot read IP mode file for STMicroelectronics.X-CUBE-NFC6.3.1.0
2026-01-10 17:20:16,022 [WARN] PackLoader:240 - Cannot read IP mode file for STMicroelectronics.X-CUBE-FREERTOS.1.3.1
2026-01-10 17:20:16,031 [WARN] PackLoader:240 - Cannot read IP mode file for STMicroelectronics.X-CUBE-TOUCHGFX.4.26.0
2026-01-10 17:20:16,041 [WARN] PackLoader:240 - Cannot read IP mode file for STMicroelectronics.FP-SNS-STAIOTCFT.1.0.0
2026-01-10 17:20:16,059 [WARN] PackLoader:240 - Cannot read IP mode file for STMicroelectronics.X-CUBE-DPower.1.3.0
2026-01-10 17:20:16,132 [WARN] ConditionMgr:438 - getConditionDescription Invalid condition id : LAN8742 Phy interface Condition cause : null
2026-01-10 17:20:16,142 [WARN] PackLoader:240 - Cannot read IP mode file for STMicroelectronics.X-CUBE-AZRTOS-L4.2.0.0
2026-01-10 17:20:16,152 [WARN] ConditionMgr:1044 - genDependencies : Invalid condition id : LAN8742 Phy interface Condition cause : null
2026-01-10 17:20:16,154 [WARN] ConditionMgr:1044 - genDependencies : Invalid condition id : LAN8742 Phy interface Condition cause : null
2026-01-10 17:20:16,158 [WARN] ConditionMgr:1044 - genDependencies : Invalid condition id : LAN8742 Phy interface Condition cause : null
2026-01-10 17:20:16,191 [WARN] PackLoader:240 - Cannot read IP mode file for STMicroelectronics.X-CUBE-SFXS2LP1.4.0.0
2026-01-10 17:20:16,246 [WARN] PackLoader:240 - Cannot read IP mode file for STMicroelectronics.X-CUBE-BLEMGR.4.1.0
2026-01-10 17:20:16,295 [WARN] ConditionMgr:438 - getConditionDescription Invalid condition id : UX DEVICE CLASS RTOS Condition cause : null
2026-01-10 17:20:16,296 [WARN] ConditionMgr:438 - getConditionDescription Invalid condition id : UX DEVICE CLASS RTOS Condition cause : null
2026-01-10 17:20:16,307 [WARN] PackLoader:240 - Cannot read IP mode file for STMicroelectronics.X-CUBE-AZRTOS-WB.2.0.0
2026-01-10 17:20:16,309 [WARN] ConditionMgr:1044 - genDependencies : Invalid condition id : UX DEVICE CLASS RTOS Condition cause : null
2026-01-10 17:20:16,310 [WARN] ConditionMgr:1044 - genDependencies : Invalid condition id : UX DEVICE CLASS RTOS Condition cause : null
2026-01-10 17:20:16,311 [WARN] ConditionMgr:1044 - genDependencies : Invalid condition id : UX DEVICE CLASS RTOS Condition cause : null
2026-01-10 17:20:16,313 [WARN] ConditionMgr:1044 - genDependencies : Invalid condition id : UX DEVICE CLASS RTOS Condition cause : null
2026-01-10 17:20:16,313 [WARN] ConditionMgr:1044 - genDependencies : Invalid condition id : UX DEVICE CLASS RTOS Condition cause : null
2026-01-10 17:20:16,333 [WARN] PackLoader:240 - Cannot read IP mode file for STMicroelectronics.X-CUBE-GNSS1.7.0.1
2026-01-10 17:20:16,354 [WARN] PackLoader:240 - Cannot read IP mode file for STMicroelectronics.X-CUBE-TOUCHGFX.4.25.0
2026-01-10 17:20:16,365 [WARN] ConditionMgr:438 - getConditionDescription Invalid condition id : Cortex-A Device cause : null
2026-01-10 17:20:16,390 [WARN] ConditionMgr:1044 - genDependencies : Invalid condition id : Cortex-A Device cause : null
2026-01-10 17:20:16,391 [WARN] ConditionMgr:1044 - genDependencies : Invalid condition id : Cortex-A Device cause : null
2026-01-10 17:20:16,391 [WARN] ConditionMgr:1044 - genDependencies : Invalid condition id : Cortex-A Device cause : null
2026-01-10 17:20:16,432 [WARN] PackLoader:240 - Cannot read IP mode file for STMicroelectronics.X-CUBE-SUBG2.5.0.0
2026-01-10 17:20:16,960 [WARN] PackLoader:240 - Cannot read IP mode file for STMicroelectronics.X-CUBE-AZRTOS-H7RS.1.1.0
2026-01-10 17:20:17,255 [WARN] PackLoader:240 - Cannot read IP mode file for Cesanta.I-CUBE-Mongoose.7.13.0
2026-01-10 17:20:17,342 [WARN] PackLoader:240 - Cannot read IP mode file for STMicroelectronics.X-CUBE-AZRTOS-G4.2.0.0
2026-01-10 17:20:17,365 [WARN] PackLoader:240 - Cannot read IP mode file for wolfSSL.I-CUBE-wolfSSH.1.4.20
2026-01-10 17:20:17,376 [WARN] PackLoader:240 - Cannot read IP mode file for STMicroelectronics.X-CUBE-NFC7.2.0.0
2026-01-10 17:20:17,412 [WARN] PackLoader:240 - Cannot read IP mode file for STMicroelectronics.X-CUBE-IPS.3.1.0
2026-01-10 17:20:17,439 [WARN] PackLoader:240 - Cannot read IP mode file for STMicroelectronics.X-CUBE-ALS.1.0.2
2026-01-10 17:20:17,462 [WARN] PackLoader:240 - Cannot read IP mode file for STMicroelectronics.X-CUBE-STSE01.1.0.0
2026-01-10 17:20:17,485 [WARN] PackLoader:240 - Cannot read IP mode file for STMicroelectronics.X-CUBE-TOF1.3.4.3
2026-01-10 17:20:17,518 [INFO] ThirdParty:978 - Integrity check success = true
2026-01-10 17:20:17,519 [INFO] IntegrityCheckThread:100 - exiting critical section [integrity check]
2026-01-10 17:20:17,519 [INFO] IntegrityCheckThread:103 - End integrity checks thread
2026-01-10 17:20:18,353 [INFO] WebApp:463 - Apply proxy settings
2026-01-10 17:20:18,387 [INFO] WebApp:508 - Chromium authenticates against Manually configured proxy
2026-01-10 17:20:18,409 [INFO] WebApp:516 - Username used for proxy authentication: 
2026-01-10 17:20:18,472 [INFO] WebApp:900 - Register for checkConnection events
2026-01-10 17:20:18,473 [INFO] WebApp:463 - Apply proxy settings
2026-01-10 17:20:18,482 [INFO] WebApp:508 - Chromium authenticates against Manually configured proxy
2026-01-10 17:20:18,483 [INFO] WebApp:516 - Username used for proxy authentication: 
2026-01-10 17:20:18,789 [INFO] WebApp:225 - Starting web application
2026-01-10 17:20:18,789 [INFO] WebApp:593 - Web application path used /Applications/STM32CubeIDE.app/Contents/Eclipse/plugins/com.st.stm32cube.common.mx_6.15.0.202507011659/db/plugins/mcufinder/reactClient1/index.html
2026-01-10 17:20:19,342 [INFO] WebApp:191 - Connection restablished
2026-01-10 17:20:36,883 [INFO] McuFinderGlobals:63 - Set McuFinder mode to 2 (CubeIDE integrated)
2026-01-10 17:20:39,823 [INFO] MainUpdater:2872 - connection check result : 10
2026-01-10 17:20:39,824 [INFO] MainUpdater:2872 - connection check result : 10
2026-01-10 17:20:40,628 [INFO] MicroXplorer:468 - Change Database Path : 
2026-01-10 17:20:40,629 [INFO] MicroXplorer:498 - Change Database Version : DB.6.0.150
2026-01-10 17:20:40,643 [WARN] ThirdParty:871 - waiting for thirdparty lock release [close project]
2026-01-10 17:20:40,643 [INFO] ThirdParty:873 - entering critical section [close project]
2026-01-10 17:20:40,654 [INFO] ThirdParty:883 - exiting critical section [close project]
2026-01-10 17:20:40,663 [INFO] PinOutPanel:1589 - setPackage(No Configuration,No Configuration)
2026-01-10 17:20:40,668 [INFO] UtilMem:75 - Begin LoadConfig() Used Memory: 248466304 Bytes (335544320)
2026-01-10 17:20:40,671 [INFO] MicroXplorer:468 - Change Database Path : 
2026-01-10 17:20:40,671 [INFO] MicroXplorer:498 - Change Database Version : DB.6.0.150
2026-01-10 17:20:40,671 [INFO] OpenFileManager:355 - Change cursor
2026-01-10 17:20:40,813 [INFO] Mcu:2029 - Initializing MCU STM32L431C(B-C)Tx STM32L431CBTx STM32L431CBT6
2026-01-10 17:20:44,711 [INFO] Context:786 - Trying to add GPIOservice into a context  which must be forbidden
2026-01-10 17:20:47,306 [INFO] ImportTextPane:234 - (OptionalMessage_ERROR) Pin29 (VP_RIF_VS_RIF1) cannot be retrieved for this MCU
2026-01-10 17:20:47,951 [INFO] RtosManager:558 - Registered RTOS mode: class=CMSIS, group=RTOS, mode=CMSIS_V1, owner=FREERTOS
2026-01-10 17:20:47,955 [INFO] RtosManager:558 - Registered RTOS mode: class=CMSIS, group=RTOS2, mode=CMSIS_V2, owner=FREERTOS
2026-01-10 17:20:47,956 [INFO] RtosManager:558 - Registered RTOS mode: class=RTOS, group=Core, mode=CMSIS_V1, owner=FREERTOS
2026-01-10 17:20:47,956 [INFO] RtosManager:558 - Registered RTOS mode: class=RTOS, group=Core, mode=CMSIS_V2, owner=FREERTOS
2026-01-10 17:20:47,957 [WARN] ModelIntegratedComponent:184 - Missing modes for component STMicroelectronics:FreeRTOS:0.0.1:STMicroelectronics:RTOS:FreeRTOS:Core:::10.2.0:
2026-01-10 17:20:48,055 [WARN] ModelIntegratedComponent:63 - No mode defined for component null
2026-01-10 17:20:48,055 [WARN] ModelIntegratedComponent:63 - No mode defined for component null
2026-01-10 17:20:48,055 [WARN] ModelIntegratedComponent:63 - No mode defined for component null
2026-01-10 17:20:48,055 [WARN] ModelIntegratedComponent:63 - No mode defined for component null
2026-01-10 17:20:48,056 [WARN] ModelIntegratedComponent:63 - No mode defined for component null
2026-01-10 17:20:48,056 [WARN] ModelIntegratedComponent:63 - No mode defined for component null
2026-01-10 17:20:48,056 [WARN] ModelIntegratedComponent:63 - No mode defined for component null
2026-01-10 17:20:48,056 [WARN] ModelIntegratedComponent:63 - No mode defined for component null
2026-01-10 17:20:48,057 [WARN] ModelIntegratedComponent:63 - No mode defined for component null
2026-01-10 17:20:48,057 [WARN] ModelIntegratedComponent:63 - No mode defined for component null
2026-01-10 17:20:48,057 [WARN] ModelIntegratedComponent:63 - No mode defined for component null
2026-01-10 17:20:48,058 [WARN] ModelIntegratedComponent:63 - No mode defined for component null
2026-01-10 17:20:48,058 [WARN] ModelIntegratedComponent:63 - No mode defined for component null
2026-01-10 17:20:48,059 [WARN] ModelIntegratedComponent:63 - No mode defined for component null
2026-01-10 17:20:48,059 [WARN] ModelIntegratedComponent:63 - No mode defined for component null
2026-01-10 17:20:48,059 [WARN] ModelIntegratedComponent:63 - No mode defined for component null
2026-01-10 17:20:48,059 [WARN] ModelIntegratedComponent:63 - No mode defined for component null
2026-01-10 17:20:48,059 [WARN] ModelIntegratedComponent:63 - No mode defined for component null
2026-01-10 17:20:48,059 [WARN] ModelIntegratedComponent:63 - No mode defined for component null
2026-01-10 17:20:48,060 [WARN] ModelIntegratedComponent:63 - No mode defined for component null
2026-01-10 17:20:48,060 [WARN] ModelIntegratedComponent:63 - No mode defined for component null
2026-01-10 17:20:48,060 [WARN] ModelIntegratedComponent:63 - No mode defined for component null
2026-01-10 17:20:48,060 [WARN] ModelIntegratedComponent:63 - No mode defined for component null
2026-01-10 17:20:48,060 [WARN] ModelIntegratedComponent:63 - No mode defined for component null
2026-01-10 17:20:48,060 [WARN] ModelIntegratedComponent:63 - No mode defined for component null
2026-01-10 17:20:48,060 [WARN] ModelIntegratedComponent:63 - No mode defined for component null
2026-01-10 17:20:48,060 [WARN] ModelIntegratedComponent:63 - No mode defined for component null
2026-01-10 17:20:48,060 [WARN] ModelIntegratedComponent:63 - No mode defined for component null
2026-01-10 17:20:48,060 [WARN] ModelIntegratedComponent:63 - No mode defined for component null
2026-01-10 17:20:48,060 [WARN] ModelIntegratedComponent:63 - No mode defined for component null
2026-01-10 17:20:48,060 [WARN] ModelIntegratedComponent:63 - No mode defined for component null
2026-01-10 17:20:48,060 [WARN] ModelIntegratedComponent:63 - No mode defined for component null
2026-01-10 17:20:48,061 [WARN] ModelIntegratedComponent:63 - No mode defined for component null
2026-01-10 17:20:48,061 [WARN] ModelIntegratedComponent:63 - No mode defined for component null
2026-01-10 17:20:48,061 [WARN] ModelIntegratedComponent:63 - No mode defined for component null
2026-01-10 17:20:48,062 [WARN] ModelPack:524 - Component already loaded: STMicroelectronics:HAL Drivers:0.0.0:STMicroelectronics:Device:STMicro_Driver:XSPI:HAL::0.0.1:HAL_XSPI
2026-01-10 17:20:48,351 [INFO] ThirdPartyModel:298 - Start build external matchings
2026-01-10 17:20:49,370 [INFO] ThirdPartyModel:316 - End build external matchings
2026-01-10 17:20:49,570 [INFO] ImportTextPane:234 - (OptionalMessage_ERROR) IP (ADC1) : Parameter (CommonPathInternal) has invalid value (null|null|null|null)
2026-01-10 17:20:49,574 [INFO] ImportTextPane:234 - (OptionalMessage_ERROR) IP (DMA) : Parameter (Instance) has Id (ADC1) currently not set
2026-01-10 17:20:49,574 [INFO] ImportTextPane:234 - (OptionalMessage_ERROR) IP (DMA) : Parameter (Request) has Id (ADC1) currently not set
2026-01-10 17:20:49,574 [INFO] ImportTextPane:234 - (OptionalMessage_ERROR) IP (DMA) : Parameter (Direction) has Id (ADC1) currently not set
2026-01-10 17:20:49,575 [INFO] ImportTextPane:234 - (OptionalMessage_ERROR) IP (DMA) : Parameter (PeriphInc) has Id (ADC1) currently not set
2026-01-10 17:20:49,575 [INFO] ImportTextPane:234 - (OptionalMessage_ERROR) IP (DMA) : Parameter (MemInc) has Id (ADC1) currently not set
2026-01-10 17:20:49,576 [INFO] ImportTextPane:234 - (OptionalMessage_ERROR) IP (DMA) : Parameter (PeriphDataAlignment) has Id (ADC1) currently not set
2026-01-10 17:20:49,578 [INFO] ImportTextPane:234 - (OptionalMessage_ERROR) IP (DMA) : Parameter (MemDataAlignment) has Id (ADC1) currently not set
2026-01-10 17:20:49,578 [INFO] ImportTextPane:234 - (OptionalMessage_ERROR) IP (DMA) : Parameter (Mode) has Id (ADC1) currently not set
2026-01-10 17:20:49,580 [INFO] ImportTextPane:234 - (OptionalMessage_ERROR) IP (DMA) : Parameter (Priority) has Id (ADC1) currently not set
2026-01-10 17:20:49,619 [INFO] ImportTextPane:234 - (OptionalMessage_ERROR) IP (RCC) : Invalid parameter (FamilyName)
2026-01-10 17:20:52,876 [INFO] ApiDb:581 - Connected to CubeFinder SQLite database (/Users/karthikkurapati/.stmcufinder/plugins/mcufinder/mcu/cube-finder-db.db)
2026-01-10 17:20:53,076 [INFO] ApiDb:668 - CubeFinder database Data Model version=2.1
2026-01-10 17:20:53,079 [INFO] ApiDb:669 - CubeFinder database Configuration version=3.0.39
2026-01-10 17:20:53,084 [INFO] ApiDb:670 - CubeFinder database generation date=2025-12-22 (1766407740)
2026-01-10 17:20:53,085 [INFO] ApiDb:671 - CubeFinder database FW Pack versions=[FP-ATR-ASTRA1_V2.0.0, FP-SNS-FLIGHT1_V5.1.0, FP-SNS-MOTENV1_V5.1.0, FP-SNS-MOTENVWB1_V1.4.0, FP-SNS-SMARTAG2_V1.2.0, FP-SNS-STBOX1_V2.1.0, STM32Cube_FW_C0_V1.4.0, STM32Cube_FW_F4_V1.28.3, STM32Cube_FW_F7_V1.17.4, STM32Cube_FW_G0_V1.6.2, STM32Cube_FW_G4_V1.6.1, STM32Cube_FW_H5_V1.5.1, STM32Cube_FW_H7RS_V1.3.0, STM32Cube_FW_H7_V1.12.1, STM32Cube_FW_L0_V1.12.2, STM32Cube_FW_L4_V1.18.1, STM32Cube_FW_L5_V1.6.0, STM32Cube_FW_N6_V1.3.0, STM32Cube_FW_U0_V1.3.0, STM32Cube_FW_U3_V1.2.1, STM32Cube_FW_U5_V1.8.0, STM32Cube_FW_WB0_V1.4.0, STM32Cube_FW_WBA_V1.8.0, STM32Cube_FW_WB_V1.24.0, STM32Cube_FW_WL3_V1.3.0, STM32Cube_FW_WL_V1.4.0, X-CUBE-ALGOBUILD_V1.4.0, X-CUBE-ALS_V1.0.2, X-CUBE-AZRTOS-F4_V1.1.0, X-CUBE-AZRTOS-F7_V1.1.0, X-CUBE-AZRTOS-G0_V1.1.0, X-CUBE-AZRTOS-G4_V2.0.0, X-CUBE-AZRTOS-H7RS_V1.1.0, X-CUBE-AZRTOS-H7_V3.4.0, X-CUBE-AZRTOS-L4_V2.0.0, X-CUBE-AZRTOS-L5_V2.0.0, X-CUBE-AZRTOS-WB_V2.0.0, X-CUBE-AZRTOS-WL_V2.0.0, X-CUBE-BLE1_V7.1.0, X-CUBE-BLE2_V3.3.0, X-CUBE-BLEMGR_V4.1.0, X-CUBE-EEPRMA1_V5.2.0, X-CUBE-FREERTOS_V1.3.1, X-CUBE-GNSS1_V6.0.0, X-CUBE-MEMS1_V12.0.0, X-CUBE-NFC4_V3.0.0, X-CUBE-NFC7_V2.0.0, X-CUBE-SFXS2LP1_V4.0.0, X-CUBE-ST67W61_V1.1.0, X-CUBE-SUBG2_V5.0.0, X-CUBE-TOF1_V3.4.3]
2026-01-10 17:20:53,323 [INFO] DbBoardsSqlite:226 - include board P-NUCLEO-WB55-NUCLEO as a kit item of type 'Nucleo-64'
2026-01-10 17:20:53,324 [INFO] DbBoardsSqlite:226 - include board P-NUCLEO-WB55-USBDONGLE as a kit item of type 'Nucleo USB Dongle'
2026-01-10 17:20:53,325 [INFO] DbBoardsSqlite:226 - include board STEVAL-IDP005V1 as a kit item of type 'Evaluation Board'
2026-01-10 17:20:53,328 [INFO] DbBoardsSqlite:226 - include board STEVAL-IDP005V2 as a kit item of type 'Evaluation Board'
2026-01-10 17:20:53,517 [INFO] ApiDb:240 - Found 880 in-development CPN: [B-G473E-ZEST1S, B-WB1M-WPAN1, B-WBA5M-WPAN, B-WL5M-SUBG1, NUCLEO-C031C6, NUCLEO-C051C8, NUCLEO-C071RB, NUCLEO-C092RC, NUCLEO-H503RB, NUCLEO-H533RE, NUCLEO-H563ZI, NUCLEO-H7S3L8, NUCLEO-N657X0-Q, NUCLEO-U031R8, NUCLEO-U083RC, NUCLEO-U385RG-Q, NUCLEO-U545RE-Q, NUCLEO-U5A5ZJ-Q, NUCLEO-WB05KZ, NUCLEO-WB07CC, NUCLEO-WB09KE, NUCLEO-WBA52CG, NUCLEO-WBA55CG, NUCLEO-WL33CC1, NUCLEO-WL33CC2, STEVAL-PROTEUS1, STEVAL-SMARTAG2, STEVAL-STWINBX1, STM320518-EVAL, STM32C0116-DK, STM32C011D6Y3TR, STM32C011D6Y6TR, STM32C011F4P3, STM32C011F4P6, STM32C011F4U3, STM32C011F4U6TR, STM32C011F6P3, STM32C011F6P6, STM32C011F6U3, STM32C011F6U6TR, STM32C011J4M3, STM32C011J4M6, STM32C011J6M3, STM32C011J6M6, STM32C0316-DK, STM32C031C4T3, STM32C031C4T6, STM32C031C4U3, STM32C031C4U6, STM32C031C6T3, STM32C031C6T6, STM32C031C6U3, STM32C031C6U6, STM32C031F4P3, STM32C031F4P6, STM32C031F6P3, STM32C031F6P6, STM32C031G4U3, STM32C031G4U6, STM32C031G6U3, STM32C031G6U6, STM32C031K4T3, STM32C031K4T6, STM32C031K4U3, STM32C031K4U6, STM32C031K6T3, STM32C031K6T6, STM32C031K6U3, STM32C031K6U6, STM32C051C6T6, STM32C051C6U6, STM32C051C8T6, STM32C051C8U6, STM32C051D8Y6TR, STM32C051F6P6, STM32C051F8P6, STM32C051G6U6, STM32C051G8U6, STM32C051K6T6, STM32C051K6U6, STM32C051K8T6, STM32C071C8T6, STM32C071C8T6N, STM32C071C8U6, STM32C071C8U6N, STM32C071CBT6, STM32C071CBT6N, STM32C071CBU6, STM32C071CBU6N, STM32C071F8P6, STM32C071F8P6N, STM32C071FBP6, STM32C071FBP6N, STM32C071FBY6TR, STM32C071G8U6, STM32C071G8U6N, STM32C071GBU6, STM32C071GBU6N, STM32C071K8T6, STM32C071K8T6N, STM32C071K8U6, STM32C071K8U6N, STM32C071KBT6, STM32C071KBT6N, STM32C071KBU6, STM32C071KBU6N, STM32C071R8T6, STM32C071R8T6N, STM32C071RBI6N, STM32C071RBT6, STM32C071RBT6N, STM32C091CBT6, STM32C091CBU6, STM32C091CCT6, STM32C091CCU6, STM32C091ECY6TR, STM32C091FBP6, STM32C091FCP6, STM32C091GBU6, STM32C091GCU6, STM32C091KBT6, STM32C091KBU6, STM32C091KCT6, STM32C091KCU6, STM32C091RBT6, STM32C091RCI6, STM32C091RCT6, STM32C092CBT6, STM32C092CBU6, STM32C092CCT6, STM32C092CCU6, STM32C092ECY6TR, STM32C092FBP6, STM32C092FCP6, STM32C092GBU6, STM32C092GCU6, STM32C092KBT6, STM32C092KBU6, STM32C092KCT6, STM32C092KCU6, STM32C092RBT6, STM32C092RCI6, STM32C092RCT6, STM32G071K8TXN, STM32G071K8UXN, STM32G081GBU6N, STM32G081KBT6N, STM32G081KBUXN, STM32G0B1CCT6N, STM32G0B1KCT6, STM32G0B1NEY6TR, STM32G0B1RCT6N, STM32G0C1CCT6, STM32G0C1CCT6N, STM32G0C1CCU6N, STM32G0C1CET6N, STM32G0C1CEU6N, STM32G0C1KCT6, STM32G0C1NEY6TR, STM32G0C1RCI6N, STM32G0C1RCT6N, STM32G0C1REI6N, STM32G0C1RET6N, STM32G0C1VCI6, STM32G0C1VEI6, STM32G411C6T3, STM32G411C6T6, STM32G411C6U3, STM32G411C6U6, STM32G411C8T3, STM32G411C8T6, STM32G411C8U3, STM32G411C8U6, STM32G411CBT3, STM32G411CBT6, STM32G411CBU3, STM32G411CBU6, STM32G411K6T3, STM32G411K6T6, STM32G411K6U3, STM32G411K6U6, STM32G411K8T3, STM32G411K8T6, STM32G411K8U3, STM32G411K8U6, STM32G411KBT3, STM32G411KBT6, STM32G411KBU3, STM32G411KBU6, STM32G411M6T3, STM32G411M6T6, STM32G411M8T3, STM32G411M8T6, STM32G411MBT3, STM32G411MBT6, STM32G411R6T3, STM32G411R6T6, STM32G411R8T3, STM32G411R8T6, STM32G411RBT3, STM32G411RBT6, STM32G414CBT3, STM32G414CBT6, STM32G414CBU3, STM32G414CBU6, STM32G414CCT3, STM32G414CCT6, STM32G414CCU3, STM32G414CCU6, STM32G414MBT3, STM32G414MBT6, STM32G414MCT3, STM32G414MCT6, STM32G414RBT3, STM32G414RBT6, STM32G414RCT3, STM32G414RCT6, STM32G414VBT3, STM32G414VBT6, STM32G414VCT3, STM32G414VCT6, STM32G431CBT3Z, STM32G431RBT3Z, STM32G471CCT6, STM32G471CCU6, STM32G471CET3, STM32G471CET6, STM32G471CEU3, STM32G471CEU6, STM32G471MCT6, STM32G471MET3, STM32G471MET6, STM32G471MEY6TR, STM32G471QCT6, STM32G471QET3, STM32G471RCT6, STM32G471RET3, STM32G471RET6, STM32G471VCH6, STM32G471VCI6, STM32G471VCT6, STM32G471VEH3, STM32G471VEH6, STM32G471VEI3, STM32G471VEI6, STM32G471VET3, STM32G471VET6, STM32G473QET3Z, STM32G473RET3Z, STM32G474CCT6, STM32G491RET3Z, STM32H503CBT6, STM32H503CBU6, STM32H503EBY6TR, STM32H503KBU6, STM32H503RBT6, STM32H523CCT6, STM32H523CCU6, STM32H523CET6, STM32H523CEU6, STM32H523HEY6TR, STM32H523RCT6, STM32H523RET6, STM32H523VCI6, STM32H523VCT6, STM32H523VEI6, STM32H523VET6, STM32H523ZCJ6, STM32H523ZCT6, STM32H523ZEJ6, STM32H523ZET6, STM32H533CET6, STM32H533CEU6, STM32H533HEY6TR, STM32H533RET6, STM32H533VEI6, STM32H533VET6, STM32H533ZEJ6, STM32H533ZET6, STM32H562AGI6, STM32H562AII6, STM32H562IGK6, STM32H562IGT6, STM32H562IIK6, STM32H562IIT6, STM32H562RGT6, STM32H562RGV6, STM32H562RIT6, STM32H562RIV6, STM32H562VGT6, STM32H562VIT6, STM32H562ZGT6, STM32H562ZIT6, STM32H563AGI6, STM32H563AII3Q, STM32H563AII6, STM32H563IGK6, STM32H563IGT6, STM32H563IIK3Q, STM32H563IIK6, STM32H563IIT3Q, STM32H563IIT6, STM32H563MIY3QTR, STM32H563RGT6, STM32H563RGV6, STM32H563RIT6, STM32H563RIV6, STM32H563VGT6, STM32H563VIT3Q, STM32H563VIT6, STM32H563ZGT6, STM32H563ZIT3Q, STM32H563ZIT6, STM32H573AII3Q, STM32H573AII6, STM32H573I-DK, STM32H573IIK3Q, STM32H573IIK6, STM32H573IIT3Q, STM32H573IIT6, STM32H573MIY3QTR, STM32H573RIT6, STM32H573RIV6, STM32H573VIT3Q, STM32H573VIT6, STM32H573ZIT3Q, STM32H573ZIT6, STM32H7R3A8I6, STM32H7R3I8K6, STM32H7R3I8T6, STM32H7R3L8H6, STM32H7R3L8H6H, STM32H7R3R8V6, STM32H7R3V8H6, STM32H7R3V8T6, STM32H7R3V8Y6TR, STM32H7R3Z8J6, STM32H7R3Z8T6, STM32H7R7A8I6, STM32H7R7I8K6, STM32H7R7I8T6, STM32H7R7L8H6, STM32H7R7L8H6H, STM32H7R7Z8J6, STM32H7S3A8I6, STM32H7S3I8K6, STM32H7S3I8T6, STM32H7S3L8H6, STM32H7S3L8H6H, STM32H7S3R8V6, STM32H7S3V8H6, STM32H7S3V8T6, STM32H7S3V8Y6TR, STM32H7S3Z8J6, STM32H7S3Z8T6, STM32H7S78-DK, STM32H7S7A8I6, STM32H7S7I8K6, STM32H7S7I8T6, STM32H7S7L8H6, STM32H7S7L8H6H, STM32H7S7Z8J6, STM32L4R5QGI6STR, STM32MP131AAE3, STM32MP131AAF3, STM32MP131AAG3, STM32MP131CAE3, STM32MP131CAF3, STM32MP131CAG3, STM32MP131DAE7, STM32MP131DAF7, STM32MP131DAG7, STM32MP131FAE7, STM32MP131FAF7, STM32MP131FAG7, STM32MP133AAE3, STM32MP133AAF3, STM32MP133AAG3, STM32MP133CAE3, STM32MP133CAF3, STM32MP133CAG3, STM32MP133DAE7, STM32MP133DAF7, STM32MP133DAG7, STM32MP133FAE7, STM32MP133FAF7, STM32MP133FAG7, STM32MP135AAE3, STM32MP135AAF3, STM32MP135AAG3, STM32MP135CAE3, STM32MP135CAF3, STM32MP135CAG3, STM32MP135DAE7, STM32MP135DAF7, STM32MP135DAG7, STM32MP135F-DK, STM32MP135FAE7, STM32MP135FAF7, STM32MP135FAF7T, STM32MP135FAF7U, STM32MP135FAG7, STM32MP211AAL3, STM32MP211AAM3, STM32MP211AAN3, STM32MP211AAO3, STM32MP211CAL3, STM32MP211CAM3, STM32MP211CAN3, STM32MP211CAO3, STM32MP211DAL3, STM32MP211DAM3, STM32MP211DAN3, STM32MP211DAO3, STM32MP211FAL3, STM32MP211FAM3, STM32MP211FAN3, STM32MP211FAO3, STM32MP213AAL3, STM32MP213AAM3, STM32MP213AAN3, STM32MP213AAO3, STM32MP213CAL3, STM32MP213CAM3, STM32MP213CAN3, STM32MP213CAO3, STM32MP213DAL3, STM32MP213DAM3, STM32MP213DAN3, STM32MP213DAO3, STM32MP213FAL3, STM32MP213FAM3, STM32MP213FAN3, STM32MP213FAO3, STM32MP215AAL3, STM32MP215AAM3, STM32MP215AAN3, STM32MP215AAO3, STM32MP215CAL3, STM32MP215CAM3, STM32MP215CAN3, STM32MP215CAO3, STM32MP215DAL3, STM32MP215DAM3, STM32MP215DAN3, STM32MP215DAO3, STM32MP215F-DK, STM32MP215FAL3, STM32MP215FAM3, STM32MP215FAN3, STM32MP215FAO3, STM32MP231AAJ3, STM32MP231AAK3, STM32MP231AAL3, STM32MP231CAJ3, STM32MP231CAK3, STM32MP231CAL3, STM32MP231DAJ3, STM32MP231DAK3, STM32MP231DAL3, STM32MP231FAJ3, STM32MP231FAK3, STM32MP231FAL3, STM32MP233AAJ3, STM32MP233AAK3, STM32MP233AAL3, STM32MP233CAJ3, STM32MP233CAK3, STM32MP233CAL3, STM32MP233DAJ3, STM32MP233DAK3, STM32MP233DAL3, STM32MP233FAJ3, STM32MP233FAK3, STM32MP233FAL3, STM32MP235AAJ3, STM32MP235AAK3, STM32MP235AAL3, STM32MP235CAJ3, STM32MP235CAK3, STM32MP235CAL3, STM32MP235DAJ3, STM32MP235DAK3, STM32MP235DAL3, STM32MP235FAJ3, STM32MP235FAK3, STM32MP235FAL3, STM32MP251AAI3, STM32MP251AAK3, STM32MP251AAL3, STM32MP251CAI3, STM32MP251CAK3, STM32MP251CAL3, STM32MP251DAI3, STM32MP251DAK3, STM32MP251DAL3, STM32MP251FAI3, STM32MP251FAK3, STM32MP251FAL3, STM32MP253AAI3, STM32MP253AAK3, STM32MP253AAL3, STM32MP253CAI3, STM32MP253CAK3, STM32MP253CAL3, STM32MP253DAI3, STM32MP253DAK3, STM32MP253DAL3, STM32MP253FAI3, STM32MP253FAK3, STM32MP253FAL3, STM32MP255AAI3, STM32MP255AAK3, STM32MP255AAL3, STM32MP255CAI3, STM32MP255CAK3, STM32MP255CAL3, STM32MP255DAI3, STM32MP255DAK3, STM32MP255DAL3, STM32MP255FAI3, STM32MP255FAK3, STM32MP255FAL3, STM32MP257AAI3, STM32MP257AAK3, STM32MP257AAL3, STM32MP257CAI3, STM32MP257CAK3, STM32MP257CAL3, STM32MP257DAI3, STM32MP257DAK3, STM32MP257DAL3, STM32MP257F-DK, STM32MP257F-EV1, STM32MP257FAI3, STM32MP257FAK3, STM32MP257FAL3, STM32N645A0H3Q, STM32N645B0H3Q, STM32N645I0H3Q, STM32N645L0H3Q, STM32N645X0H3Q, STM32N645Z0H3Q, STM32N647A0H3Q, STM32N647B0H3Q, STM32N647I0H3Q, STM32N647L0H3Q, STM32N647X0H3Q, STM32N647Z0H3Q, STM32N655A0H3Q, STM32N655B0H3Q, STM32N655I0H3Q, STM32N655L0H3Q, STM32N655X0H3Q, STM32N655Z0H3Q, STM32N6570-DK, STM32N657A0H3Q, STM32N657B0H3Q, STM32N657I0H3Q, STM32N657L0H3Q, STM32N657X0H3Q, STM32N657Z0H3Q, STM32U031C6T6, STM32U031C6U6, STM32U031C8T6, STM32U031C8U6, STM32U031F4P6, STM32U031F6P6, STM32U031F8P6, STM32U031G6Y6TR, STM32U031G8Y6TR, STM32U031K4U6, STM32U031K6U6, STM32U031K8U6, STM32U031R6I6, STM32U031R6T6, STM32U031R8I6, STM32U031R8T6, STM32U073C8T6, STM32U073C8U6, STM32U073CBT6, STM32U073CBU6, STM32U073CCT6, STM32U073CCU6, STM32U073H8Y6TR, STM32U073HBY6TR, STM32U073HCY6TR, STM32U073K8U6, STM32U073KBU6, STM32U073KCU6, STM32U073M8I6, STM32U073M8T6, STM32U073MBI6, STM32U073MBT6, STM32U073MCI6, STM32U073MCT6, STM32U073R8I6, STM32U073R8T6, STM32U073RBI6, STM32U073RBT6, STM32U073RCI6, STM32U073RCT6, STM32U083C-DK, STM32U083CCT6, STM32U083CCU6, STM32U083HCY6TR, STM32U083KCU6, STM32U083MCI6, STM32U083MCT6, STM32U083RCI6, STM32U083RCT6, STM32U375CET6, STM32U375CET6Q, STM32U375CEU6, STM32U375CEU6Q, STM32U375CEY6QTR, STM32U375CGT6, STM32U375CGT6Q, STM32U375CGU6, STM32U375CGU6Q, STM32U375CGY6QTR, STM32U375KEU6, STM32U375KGU6, STM32U375REI6, STM32U375REI6Q, STM32U375RET6, STM32U375RET6Q, STM32U375REY6GTR, STM32U375REY6QTR, STM32U375RGI6, STM32U375RGI6Q, STM32U375RGT6, STM32U375RGT6Q, STM32U375RGY6GTR, STM32U375RGY6QTR, STM32U375VEI6, STM32U375VEI6Q, STM32U375VET6, STM32U375VET6Q, STM32U375VGI6, STM32U375VGI6Q, STM32U375VGT6, STM32U375VGT6Q, STM32U385CGT6, STM32U385CGT6Q, STM32U385CGU6, STM32U385CGU6Q, STM32U385CGY6QTR, STM32U385KGU6, STM32U385RGI6, STM32U385RGI6Q, STM32U385RGT6, STM32U385RGT6Q, STM32U385RGY6GTR, STM32U385RGY6QTR, STM32U385VGI6, STM32U385VGI6Q, STM32U385VGT6, STM32U385VGT6Q, STM32U535CBT6, STM32U535CBT6Q, STM32U535CBU6, STM32U535CBU6Q, STM32U535CCT6, STM32U535CCT6Q, STM32U535CCU6, STM32U535CCU6Q, STM32U535CET6, STM32U535CET6Q, STM32U535CEU6, STM32U535CEU6Q, STM32U535JEY6QTR, STM32U535NCY6QTR, STM32U535NEY6QTR, STM32U535RBI6, STM32U535RBI6Q, STM32U535RBT6, STM32U535RBT6Q, STM32U535RCI6, STM32U535RCI6Q, STM32U535RCT6, STM32U535RCT6Q, STM32U535REI6, STM32U535REI6Q, STM32U535RET6, STM32U535RET6Q, STM32U535VCI6, STM32U535VCI6Q, STM32U535VCT6, STM32U535VCT6Q, STM32U535VEI6, STM32U535VEI6Q, STM32U535VET6, STM32U535VET6Q, STM32U545CET6, STM32U545CET6Q, STM32U545CEU6, STM32U545CEU6Q, STM32U545JEY6QTR, STM32U545NEY6QTR, STM32U545REI6, STM32U545REI6Q, STM32U545RET6, STM32U545RET6Q, STM32U545VEI6, STM32U545VEI6Q, STM32U545VET6, STM32U545VET6Q, STM32U595AIH6, STM32U595AIH6Q, STM32U595AJH6, STM32U595AJH6Q, STM32U595QII6, STM32U595QII6Q, STM32U595QJI6, STM32U595QJI6Q, STM32U595RIT6, STM32U595RIT6Q, STM32U595RJT6, STM32U595RJT6Q, STM32U595VIT6, STM32U595VIT6Q, STM32U595VJT6, STM32U595VJT6Q, STM32U595ZIT6, STM32U595ZIT6Q, STM32U595ZIY6QTR, STM32U595ZJT6, STM32U595ZJT6Q, STM32U595ZJY6QTR, STM32U599BJY6QTR, STM32U599NIH6Q, STM32U599NJH6Q, STM32U599VIT6Q, STM32U599VJT6, STM32U599VJT6Q, STM32U599ZIT6Q, STM32U599ZIY6QTR, STM32U599ZJT6Q, STM32U599ZJY6QTR, STM32U5A5AJH6, STM32U5A5AJH6Q, STM32U5A5QII3Q , STM32U5A5QJI6, STM32U5A5QJI6Q, STM32U5A5RJT6, STM32U5A5RJT6Q, STM32U5A5VJT6, STM32U5A5VJT6Q, STM32U5A5ZJT6, STM32U5A5ZJT6Q, STM32U5A5ZJY6QTR, STM32U5A9BJY6QTR, STM32U5A9J-DK, STM32U5A9NJH6Q, STM32U5A9VJT6Q, STM32U5A9ZJT6Q, STM32U5A9ZJY6QTR, STM32U5F7VIT6, STM32U5F7VIT6Q, STM32U5F7VJT6, STM32U5F7VJT6Q, STM32U5F9BJY6QTR, STM32U5F9NJH6Q, STM32U5F9VIT6Q, STM32U5F9VJT6Q, STM32U5F9ZIJ6QTR, STM32U5F9ZIT6Q, STM32U5F9ZJJ6QTR, STM32U5F9ZJT6Q, STM32U5G7VJT6, STM32U5G7VJT6Q, STM32U5G9BJY6QTR, STM32U5G9J-DK1, STM32U5G9J-DK2, STM32U5G9NJH6Q, STM32U5G9VJT6Q, STM32U5G9ZJJ6QTR, STM32U5G9ZJT6Q, STM32WB05KZV6TR, STM32WB05KZV7TR, STM32WB05TZF6TR, STM32WB05TZF7TR, STM32WB06CCF6TR, STM32WB06CCF7TR, STM32WB06CCV6TR, STM32WB06CCV7TR, STM32WB06KCV6TR, STM32WB06KCV7TR, STM32WB07CCF6TR, STM32WB07CCF7TR, STM32WB07CCV6TR, STM32WB07CCV7TR, STM32WB07KCV6TR, STM32WB07KCV7TR, STM32WB09KEV6TR, STM32WB09KEV7TR, STM32WB09TEF6TR, STM32WB09TEF7TR, STM32WB1MMCH6, STM32WBA50KGU6, STM32WBA50KGU6TR, STM32WBA52CEU6, STM32WBA52CEU6TR, STM32WBA52CEU7, STM32WBA52CEU7TR, STM32WBA52CGU6, STM32WBA52CGU6TR, STM32WBA52CGU6U, STM32WBA52CGU7, STM32WBA52CGU7TR, STM32WBA52KEU6, STM32WBA52KEU6TR, STM32WBA52KGU6, STM32WBA52KGU6TR, STM32WBA54CEU6, STM32WBA54CEU6TR, STM32WBA54CEU7, STM32WBA54CEU7TR, STM32WBA54CGU6, STM32WBA54CGU6TR, STM32WBA54CGU7, STM32WBA54CGU7TR, STM32WBA54KEU6, STM32WBA54KEU6TR, STM32WBA54KEU7, STM32WBA54KEU7TR, STM32WBA54KGU6, STM32WBA54KGU6TR, STM32WBA54KGU7, STM32WBA54KGU7TR, STM32WBA55CEU6, STM32WBA55CEU6TR, STM32WBA55CEU7, STM32WBA55CEU7TR, STM32WBA55CGU6, STM32WBA55CGU6TR, STM32WBA55CGU6U, STM32WBA55CGU7, STM32WBA55CGU7TR, STM32WBA55G-DK1, STM32WBA55HEF6, STM32WBA55HEF7, STM32WBA55HGF6, STM32WBA55HGF7, STM32WBA55UEI6, STM32WBA55UEI6TR, STM32WBA55UEI7, STM32WBA55UEI7TR, STM32WBA55UGI6, STM32WBA55UGI6TR, STM32WBA55UGI7, STM32WBA55UGI7TR, STM32WBA5MMGH6TR, STM32WBA62MGF6, STM32WBA62MIF6, STM32WBA65MGF7, STM32WBA65MIF6, STM32WBA65MIF7, STM32WL30K8V6, STM32WL30KBV6, STM32WL31C8V6, STM32WL31CBV6, STM32WL31K8V6, STM32WL31KBV6, STM32WL33C8V6, STM32WL33C8V6X, STM32WL33CBV6, STM32WL33CBV6X, STM32WL33CCV6, STM32WL33CCV6A, STM32WL33CCV6X, STM32WL33K8V7, STM32WL33K8V7X, STM32WL33KBV7 , STM32WL33KBV7X, STM32WL33KCV7, STM32WL33KCV7X, STM32WL5MOCH6, STM32WL5MOCH6TR]
2026-01-10 17:20:53,533 [INFO] ApiDb:668 - CubeFinder database Data Model version=2.1
2026-01-10 17:20:53,533 [INFO] ApiDb:669 - CubeFinder database Configuration version=3.0.39
2026-01-10 17:20:53,534 [INFO] ApiDb:670 - CubeFinder database generation date=2025-12-22 (1766407740)
2026-01-10 17:20:53,534 [INFO] ApiDb:671 - CubeFinder database FW Pack versions=[FP-ATR-ASTRA1_V2.0.0, FP-SNS-FLIGHT1_V5.1.0, FP-SNS-MOTENV1_V5.1.0, FP-SNS-MOTENVWB1_V1.4.0, FP-SNS-SMARTAG2_V1.2.0, FP-SNS-STBOX1_V2.1.0, STM32Cube_FW_C0_V1.4.0, STM32Cube_FW_F4_V1.28.3, STM32Cube_FW_F7_V1.17.4, STM32Cube_FW_G0_V1.6.2, STM32Cube_FW_G4_V1.6.1, STM32Cube_FW_H5_V1.5.1, STM32Cube_FW_H7RS_V1.3.0, STM32Cube_FW_H7_V1.12.1, STM32Cube_FW_L0_V1.12.2, STM32Cube_FW_L4_V1.18.1, STM32Cube_FW_L5_V1.6.0, STM32Cube_FW_N6_V1.3.0, STM32Cube_FW_U0_V1.3.0, STM32Cube_FW_U3_V1.2.1, STM32Cube_FW_U5_V1.8.0, STM32Cube_FW_WB0_V1.4.0, STM32Cube_FW_WBA_V1.8.0, STM32Cube_FW_WB_V1.24.0, STM32Cube_FW_WL3_V1.3.0, STM32Cube_FW_WL_V1.4.0, X-CUBE-ALGOBUILD_V1.4.0, X-CUBE-ALS_V1.0.2, X-CUBE-AZRTOS-F4_V1.1.0, X-CUBE-AZRTOS-F7_V1.1.0, X-CUBE-AZRTOS-G0_V1.1.0, X-CUBE-AZRTOS-G4_V2.0.0, X-CUBE-AZRTOS-H7RS_V1.1.0, X-CUBE-AZRTOS-H7_V3.4.0, X-CUBE-AZRTOS-L4_V2.0.0, X-CUBE-AZRTOS-L5_V2.0.0, X-CUBE-AZRTOS-WB_V2.0.0, X-CUBE-AZRTOS-WL_V2.0.0, X-CUBE-BLE1_V7.1.0, X-CUBE-BLE2_V3.3.0, X-CUBE-BLEMGR_V4.1.0, X-CUBE-EEPRMA1_V5.2.0, X-CUBE-FREERTOS_V1.3.1, X-CUBE-GNSS1_V6.0.0, X-CUBE-MEMS1_V12.0.0, X-CUBE-NFC4_V3.0.0, X-CUBE-NFC7_V2.0.0, X-CUBE-SFXS2LP1_V4.0.0, X-CUBE-ST67W61_V1.1.0, X-CUBE-SUBG2_V5.0.0, X-CUBE-TOF1_V3.4.3]
2026-01-10 17:20:56,338 [INFO] ApiDb:240 - Found 880 in-development CPN: [B-G473E-ZEST1S, B-WB1M-WPAN1, B-WBA5M-WPAN, B-WL5M-SUBG1, NUCLEO-C031C6, NUCLEO-C051C8, NUCLEO-C071RB, NUCLEO-C092RC, NUCLEO-H503RB, NUCLEO-H533RE, NUCLEO-H563ZI, NUCLEO-H7S3L8, NUCLEO-N657X0-Q, NUCLEO-U031R8, NUCLEO-U083RC, NUCLEO-U385RG-Q, NUCLEO-U545RE-Q, NUCLEO-U5A5ZJ-Q, NUCLEO-WB05KZ, NUCLEO-WB07CC, NUCLEO-WB09KE, NUCLEO-WBA52CG, NUCLEO-WBA55CG, NUCLEO-WL33CC1, NUCLEO-WL33CC2, STEVAL-PROTEUS1, STEVAL-SMARTAG2, STEVAL-STWINBX1, STM320518-EVAL, STM32C0116-DK, STM32C011D6Y3TR, STM32C011D6Y6TR, STM32C011F4P3, STM32C011F4P6, STM32C011F4U3, STM32C011F4U6TR, STM32C011F6P3, STM32C011F6P6, STM32C011F6U3, STM32C011F6U6TR, STM32C011J4M3, STM32C011J4M6, STM32C011J6M3, STM32C011J6M6, STM32C0316-DK, STM32C031C4T3, STM32C031C4T6, STM32C031C4U3, STM32C031C4U6, STM32C031C6T3, STM32C031C6T6, STM32C031C6U3, STM32C031C6U6, STM32C031F4P3, STM32C031F4P6, STM32C031F6P3, STM32C031F6P6, STM32C031G4U3, STM32C031G4U6, STM32C031G6U3, STM32C031G6U6, STM32C031K4T3, STM32C031K4T6, STM32C031K4U3, STM32C031K4U6, STM32C031K6T3, STM32C031K6T6, STM32C031K6U3, STM32C031K6U6, STM32C051C6T6, STM32C051C6U6, STM32C051C8T6, STM32C051C8U6, STM32C051D8Y6TR, STM32C051F6P6, STM32C051F8P6, STM32C051G6U6, STM32C051G8U6, STM32C051K6T6, STM32C051K6U6, STM32C051K8T6, STM32C071C8T6, STM32C071C8T6N, STM32C071C8U6, STM32C071C8U6N, STM32C071CBT6, STM32C071CBT6N, STM32C071CBU6, STM32C071CBU6N, STM32C071F8P6, STM32C071F8P6N, STM32C071FBP6, STM32C071FBP6N, STM32C071FBY6TR, STM32C071G8U6, STM32C071G8U6N, STM32C071GBU6, STM32C071GBU6N, STM32C071K8T6, STM32C071K8T6N, STM32C071K8U6, STM32C071K8U6N, STM32C071KBT6, STM32C071KBT6N, STM32C071KBU6, STM32C071KBU6N, STM32C071R8T6, STM32C071R8T6N, STM32C071RBI6N, STM32C071RBT6, STM32C071RBT6N, STM32C091CBT6, STM32C091CBU6, STM32C091CCT6, STM32C091CCU6, STM32C091ECY6TR, STM32C091FBP6, STM32C091FCP6, STM32C091GBU6, STM32C091GCU6, STM32C091KBT6, STM32C091KBU6, STM32C091KCT6, STM32C091KCU6, STM32C091RBT6, STM32C091RCI6, STM32C091RCT6, STM32C092CBT6, STM32C092CBU6, STM32C092CCT6, STM32C092CCU6, STM32C092ECY6TR, STM32C092FBP6, STM32C092FCP6, STM32C092GBU6, STM32C092GCU6, STM32C092KBT6, STM32C092KBU6, STM32C092KCT6, STM32C092KCU6, STM32C092RBT6, STM32C092RCI6, STM32C092RCT6, STM32G071K8TXN, STM32G071K8UXN, STM32G081GBU6N, STM32G081KBT6N, STM32G081KBUXN, STM32G0B1CCT6N, STM32G0B1KCT6, STM32G0B1NEY6TR, STM32G0B1RCT6N, STM32G0C1CCT6, STM32G0C1CCT6N, STM32G0C1CCU6N, STM32G0C1CET6N, STM32G0C1CEU6N, STM32G0C1KCT6, STM32G0C1NEY6TR, STM32G0C1RCI6N, STM32G0C1RCT6N, STM32G0C1REI6N, STM32G0C1RET6N, STM32G0C1VCI6, STM32G0C1VEI6, STM32G411C6T3, STM32G411C6T6, STM32G411C6U3, STM32G411C6U6, STM32G411C8T3, STM32G411C8T6, STM32G411C8U3, STM32G411C8U6, STM32G411CBT3, STM32G411CBT6, STM32G411CBU3, STM32G411CBU6, STM32G411K6T3, STM32G411K6T6, STM32G411K6U3, STM32G411K6U6, STM32G411K8T3, STM32G411K8T6, STM32G411K8U3, STM32G411K8U6, STM32G411KBT3, STM32G411KBT6, STM32G411KBU3, STM32G411KBU6, STM32G411M6T3, STM32G411M6T6, STM32G411M8T3, STM32G411M8T6, STM32G411MBT3, STM32G411MBT6, STM32G411R6T3, STM32G411R6T6, STM32G411R8T3, STM32G411R8T6, STM32G411RBT3, STM32G411RBT6, STM32G414CBT3, STM32G414CBT6, STM32G414CBU3, STM32G414CBU6, STM32G414CCT3, STM32G414CCT6, STM32G414CCU3, STM32G414CCU6, STM32G414MBT3, STM32G414MBT6, STM32G414MCT3, STM32G414MCT6, STM32G414RBT3, STM32G414RBT6, STM32G414RCT3, STM32G414RCT6, STM32G414VBT3, STM32G414VBT6, STM32G414VCT3, STM32G414VCT6, STM32G431CBT3Z, STM32G431RBT3Z, STM32G471CCT6, STM32G471CCU6, STM32G471CET3, STM32G471CET6, STM32G471CEU3, STM32G471CEU6, STM32G471MCT6, STM32G471MET3, STM32G471MET6, STM32G471MEY6TR, STM32G471QCT6, STM32G471QET3, STM32G471RCT6, STM32G471RET3, STM32G471RET6, STM32G471VCH6, STM32G471VCI6, STM32G471VCT6, STM32G471VEH3, STM32G471VEH6, STM32G471VEI3, STM32G471VEI6, STM32G471VET3, STM32G471VET6, STM32G473QET3Z, STM32G473RET3Z, STM32G474CCT6, STM32G491RET3Z, STM32H503CBT6, STM32H503CBU6, STM32H503EBY6TR, STM32H503KBU6, STM32H503RBT6, STM32H523CCT6, STM32H523CCU6, STM32H523CET6, STM32H523CEU6, STM32H523HEY6TR, STM32H523RCT6, STM32H523RET6, STM32H523VCI6, STM32H523VCT6, STM32H523VEI6, STM32H523VET6, STM32H523ZCJ6, STM32H523ZCT6, STM32H523ZEJ6, STM32H523ZET6, STM32H533CET6, STM32H533CEU6, STM32H533HEY6TR, STM32H533RET6, STM32H533VEI6, STM32H533VET6, STM32H533ZEJ6, STM32H533ZET6, STM32H562AGI6, STM32H562AII6, STM32H562IGK6, STM32H562IGT6, STM32H562IIK6, STM32H562IIT6, STM32H562RGT6, STM32H562RGV6, STM32H562RIT6, STM32H562RIV6, STM32H562VGT6, STM32H562VIT6, STM32H562ZGT6, STM32H562ZIT6, STM32H563AGI6, STM32H563AII3Q, STM32H563AII6, STM32H563IGK6, STM32H563IGT6, STM32H563IIK3Q, STM32H563IIK6, STM32H563IIT3Q, STM32H563IIT6, STM32H563MIY3QTR, STM32H563RGT6, STM32H563RGV6, STM32H563RIT6, STM32H563RIV6, STM32H563VGT6, STM32H563VIT3Q, STM32H563VIT6, STM32H563ZGT6, STM32H563ZIT3Q, STM32H563ZIT6, STM32H573AII3Q, STM32H573AII6, STM32H573I-DK, STM32H573IIK3Q, STM32H573IIK6, STM32H573IIT3Q, STM32H573IIT6, STM32H573MIY3QTR, STM32H573RIT6, STM32H573RIV6, STM32H573VIT3Q, STM32H573VIT6, STM32H573ZIT3Q, STM32H573ZIT6, STM32H7R3A8I6, STM32H7R3I8K6, STM32H7R3I8T6, STM32H7R3L8H6, STM32H7R3L8H6H, STM32H7R3R8V6, STM32H7R3V8H6, STM32H7R3V8T6, STM32H7R3V8Y6TR, STM32H7R3Z8J6, STM32H7R3Z8T6, STM32H7R7A8I6, STM32H7R7I8K6, STM32H7R7I8T6, STM32H7R7L8H6, STM32H7R7L8H6H, STM32H7R7Z8J6, STM32H7S3A8I6, STM32H7S3I8K6, STM32H7S3I8T6, STM32H7S3L8H6, STM32H7S3L8H6H, STM32H7S3R8V6, STM32H7S3V8H6, STM32H7S3V8T6, STM32H7S3V8Y6TR, STM32H7S3Z8J6, STM32H7S3Z8T6, STM32H7S78-DK, STM32H7S7A8I6, STM32H7S7I8K6, STM32H7S7I8T6, STM32H7S7L8H6, STM32H7S7L8H6H, STM32H7S7Z8J6, STM32L4R5QGI6STR, STM32MP131AAE3, STM32MP131AAF3, STM32MP131AAG3, STM32MP131CAE3, STM32MP131CAF3, STM32MP131CAG3, STM32MP131DAE7, STM32MP131DAF7, STM32MP131DAG7, STM32MP131FAE7, STM32MP131FAF7, STM32MP131FAG7, STM32MP133AAE3, STM32MP133AAF3, STM32MP133AAG3, STM32MP133CAE3, STM32MP133CAF3, STM32MP133CAG3, STM32MP133DAE7, STM32MP133DAF7, STM32MP133DAG7, STM32MP133FAE7, STM32MP133FAF7, STM32MP133FAG7, STM32MP135AAE3, STM32MP135AAF3, STM32MP135AAG3, STM32MP135CAE3, STM32MP135CAF3, STM32MP135CAG3, STM32MP135DAE7, STM32MP135DAF7, STM32MP135DAG7, STM32MP135F-DK, STM32MP135FAE7, STM32MP135FAF7, STM32MP135FAF7T, STM32MP135FAF7U, STM32MP135FAG7, STM32MP211AAL3, STM32MP211AAM3, STM32MP211AAN3, STM32MP211AAO3, STM32MP211CAL3, STM32MP211CAM3, STM32MP211CAN3, STM32MP211CAO3, STM32MP211DAL3, STM32MP211DAM3, STM32MP211DAN3, STM32MP211DAO3, STM32MP211FAL3, STM32MP211FAM3, STM32MP211FAN3, STM32MP211FAO3, STM32MP213AAL3, STM32MP213AAM3, STM32MP213AAN3, STM32MP213AAO3, STM32MP213CAL3, STM32MP213CAM3, STM32MP213CAN3, STM32MP213CAO3, STM32MP213DAL3, STM32MP213DAM3, STM32MP213DAN3, STM32MP213DAO3, STM32MP213FAL3, STM32MP213FAM3, STM32MP213FAN3, STM32MP213FAO3, STM32MP215AAL3, STM32MP215AAM3, STM32MP215AAN3, STM32MP215AAO3, STM32MP215CAL3, STM32MP215CAM3, STM32MP215CAN3, STM32MP215CAO3, STM32MP215DAL3, STM32MP215DAM3, STM32MP215DAN3, STM32MP215DAO3, STM32MP215F-DK, STM32MP215FAL3, STM32MP215FAM3, STM32MP215FAN3, STM32MP215FAO3, STM32MP231AAJ3, STM32MP231AAK3, STM32MP231AAL3, STM32MP231CAJ3, STM32MP231CAK3, STM32MP231CAL3, STM32MP231DAJ3, STM32MP231DAK3, STM32MP231DAL3, STM32MP231FAJ3, STM32MP231FAK3, STM32MP231FAL3, STM32MP233AAJ3, STM32MP233AAK3, STM32MP233AAL3, STM32MP233CAJ3, STM32MP233CAK3, STM32MP233CAL3, STM32MP233DAJ3, STM32MP233DAK3, STM32MP233DAL3, STM32MP233FAJ3, STM32MP233FAK3, STM32MP233FAL3, STM32MP235AAJ3, STM32MP235AAK3, STM32MP235AAL3, STM32MP235CAJ3, STM32MP235CAK3, STM32MP235CAL3, STM32MP235DAJ3, STM32MP235DAK3, STM32MP235DAL3, STM32MP235FAJ3, STM32MP235FAK3, STM32MP235FAL3, STM32MP251AAI3, STM32MP251AAK3, STM32MP251AAL3, STM32MP251CAI3, STM32MP251CAK3, STM32MP251CAL3, STM32MP251DAI3, STM32MP251DAK3, STM32MP251DAL3, STM32MP251FAI3, STM32MP251FAK3, STM32MP251FAL3, STM32MP253AAI3, STM32MP253AAK3, STM32MP253AAL3, STM32MP253CAI3, STM32MP253CAK3, STM32MP253CAL3, STM32MP253DAI3, STM32MP253DAK3, STM32MP253DAL3, STM32MP253FAI3, STM32MP253FAK3, STM32MP253FAL3, STM32MP255AAI3, STM32MP255AAK3, STM32MP255AAL3, STM32MP255CAI3, STM32MP255CAK3, STM32MP255CAL3, STM32MP255DAI3, STM32MP255DAK3, STM32MP255DAL3, STM32MP255FAI3, STM32MP255FAK3, STM32MP255FAL3, STM32MP257AAI3, STM32MP257AAK3, STM32MP257AAL3, STM32MP257CAI3, STM32MP257CAK3, STM32MP257CAL3, STM32MP257DAI3, STM32MP257DAK3, STM32MP257DAL3, STM32MP257F-DK, STM32MP257F-EV1, STM32MP257FAI3, STM32MP257FAK3, STM32MP257FAL3, STM32N645A0H3Q, STM32N645B0H3Q, STM32N645I0H3Q, STM32N645L0H3Q, STM32N645X0H3Q, STM32N645Z0H3Q, STM32N647A0H3Q, STM32N647B0H3Q, STM32N647I0H3Q, STM32N647L0H3Q, STM32N647X0H3Q, STM32N647Z0H3Q, STM32N655A0H3Q, STM32N655B0H3Q, STM32N655I0H3Q, STM32N655L0H3Q, STM32N655X0H3Q, STM32N655Z0H3Q, STM32N6570-DK, STM32N657A0H3Q, STM32N657B0H3Q, STM32N657I0H3Q, STM32N657L0H3Q, STM32N657X0H3Q, STM32N657Z0H3Q, STM32U031C6T6, STM32U031C6U6, STM32U031C8T6, STM32U031C8U6, STM32U031F4P6, STM32U031F6P6, STM32U031F8P6, STM32U031G6Y6TR, STM32U031G8Y6TR, STM32U031K4U6, STM32U031K6U6, STM32U031K8U6, STM32U031R6I6, STM32U031R6T6, STM32U031R8I6, STM32U031R8T6, STM32U073C8T6, STM32U073C8U6, STM32U073CBT6, STM32U073CBU6, STM32U073CCT6, STM32U073CCU6, STM32U073H8Y6TR, STM32U073HBY6TR, STM32U073HCY6TR, STM32U073K8U6, STM32U073KBU6, STM32U073KCU6, STM32U073M8I6, STM32U073M8T6, STM32U073MBI6, STM32U073MBT6, STM32U073MCI6, STM32U073MCT6, STM32U073R8I6, STM32U073R8T6, STM32U073RBI6, STM32U073RBT6, STM32U073RCI6, STM32U073RCT6, STM32U083C-DK, STM32U083CCT6, STM32U083CCU6, STM32U083HCY6TR, STM32U083KCU6, STM32U083MCI6, STM32U083MCT6, STM32U083RCI6, STM32U083RCT6, STM32U375CET6, STM32U375CET6Q, STM32U375CEU6, STM32U375CEU6Q, STM32U375CEY6QTR, STM32U375CGT6, STM32U375CGT6Q, STM32U375CGU6, STM32U375CGU6Q, STM32U375CGY6QTR, STM32U375KEU6, STM32U375KGU6, STM32U375REI6, STM32U375REI6Q, STM32U375RET6, STM32U375RET6Q, STM32U375REY6GTR, STM32U375REY6QTR, STM32U375RGI6, STM32U375RGI6Q, STM32U375RGT6, STM32U375RGT6Q, STM32U375RGY6GTR, STM32U375RGY6QTR, STM32U375VEI6, STM32U375VEI6Q, STM32U375VET6, STM32U375VET6Q, STM32U375VGI6, STM32U375VGI6Q, STM32U375VGT6, STM32U375VGT6Q, STM32U385CGT6, STM32U385CGT6Q, STM32U385CGU6, STM32U385CGU6Q, STM32U385CGY6QTR, STM32U385KGU6, STM32U385RGI6, STM32U385RGI6Q, STM32U385RGT6, STM32U385RGT6Q, STM32U385RGY6GTR, STM32U385RGY6QTR, STM32U385VGI6, STM32U385VGI6Q, STM32U385VGT6, STM32U385VGT6Q, STM32U535CBT6, STM32U535CBT6Q, STM32U535CBU6, STM32U535CBU6Q, STM32U535CCT6, STM32U535CCT6Q, STM32U535CCU6, STM32U535CCU6Q, STM32U535CET6, STM32U535CET6Q, STM32U535CEU6, STM32U535CEU6Q, STM32U535JEY6QTR, STM32U535NCY6QTR, STM32U535NEY6QTR, STM32U535RBI6, STM32U535RBI6Q, STM32U535RBT6, STM32U535RBT6Q, STM32U535RCI6, STM32U535RCI6Q, STM32U535RCT6, STM32U535RCT6Q, STM32U535REI6, STM32U535REI6Q, STM32U535RET6, STM32U535RET6Q, STM32U535VCI6, STM32U535VCI6Q, STM32U535VCT6, STM32U535VCT6Q, STM32U535VEI6, STM32U535VEI6Q, STM32U535VET6, STM32U535VET6Q, STM32U545CET6, STM32U545CET6Q, STM32U545CEU6, STM32U545CEU6Q, STM32U545JEY6QTR, STM32U545NEY6QTR, STM32U545REI6, STM32U545REI6Q, STM32U545RET6, STM32U545RET6Q, STM32U545VEI6, STM32U545VEI6Q, STM32U545VET6, STM32U545VET6Q, STM32U595AIH6, STM32U595AIH6Q, STM32U595AJH6, STM32U595AJH6Q, STM32U595QII6, STM32U595QII6Q, STM32U595QJI6, STM32U595QJI6Q, STM32U595RIT6, STM32U595RIT6Q, STM32U595RJT6, STM32U595RJT6Q, STM32U595VIT6, STM32U595VIT6Q, STM32U595VJT6, STM32U595VJT6Q, STM32U595ZIT6, STM32U595ZIT6Q, STM32U595ZIY6QTR, STM32U595ZJT6, STM32U595ZJT6Q, STM32U595ZJY6QTR, STM32U599BJY6QTR, STM32U599NIH6Q, STM32U599NJH6Q, STM32U599VIT6Q, STM32U599VJT6, STM32U599VJT6Q, STM32U599ZIT6Q, STM32U599ZIY6QTR, STM32U599ZJT6Q, STM32U599ZJY6QTR, STM32U5A5AJH6, STM32U5A5AJH6Q, STM32U5A5QII3Q , STM32U5A5QJI6, STM32U5A5QJI6Q, STM32U5A5RJT6, STM32U5A5RJT6Q, STM32U5A5VJT6, STM32U5A5VJT6Q, STM32U5A5ZJT6, STM32U5A5ZJT6Q, STM32U5A5ZJY6QTR, STM32U5A9BJY6QTR, STM32U5A9J-DK, STM32U5A9NJH6Q, STM32U5A9VJT6Q, STM32U5A9ZJT6Q, STM32U5A9ZJY6QTR, STM32U5F7VIT6, STM32U5F7VIT6Q, STM32U5F7VJT6, STM32U5F7VJT6Q, STM32U5F9BJY6QTR, STM32U5F9NJH6Q, STM32U5F9VIT6Q, STM32U5F9VJT6Q, STM32U5F9ZIJ6QTR, STM32U5F9ZIT6Q, STM32U5F9ZJJ6QTR, STM32U5F9ZJT6Q, STM32U5G7VJT6, STM32U5G7VJT6Q, STM32U5G9BJY6QTR, STM32U5G9J-DK1, STM32U5G9J-DK2, STM32U5G9NJH6Q, STM32U5G9VJT6Q, STM32U5G9ZJJ6QTR, STM32U5G9ZJT6Q, STM32WB05KZV6TR, STM32WB05KZV7TR, STM32WB05TZF6TR, STM32WB05TZF7TR, STM32WB06CCF6TR, STM32WB06CCF7TR, STM32WB06CCV6TR, STM32WB06CCV7TR, STM32WB06KCV6TR, STM32WB06KCV7TR, STM32WB07CCF6TR, STM32WB07CCF7TR, STM32WB07CCV6TR, STM32WB07CCV7TR, STM32WB07KCV6TR, STM32WB07KCV7TR, STM32WB09KEV6TR, STM32WB09KEV7TR, STM32WB09TEF6TR, STM32WB09TEF7TR, STM32WB1MMCH6, STM32WBA50KGU6, STM32WBA50KGU6TR, STM32WBA52CEU6, STM32WBA52CEU6TR, STM32WBA52CEU7, STM32WBA52CEU7TR, STM32WBA52CGU6, STM32WBA52CGU6TR, STM32WBA52CGU6U, STM32WBA52CGU7, STM32WBA52CGU7TR, STM32WBA52KEU6, STM32WBA52KEU6TR, STM32WBA52KGU6, STM32WBA52KGU6TR, STM32WBA54CEU6, STM32WBA54CEU6TR, STM32WBA54CEU7, STM32WBA54CEU7TR, STM32WBA54CGU6, STM32WBA54CGU6TR, STM32WBA54CGU7, STM32WBA54CGU7TR, STM32WBA54KEU6, STM32WBA54KEU6TR, STM32WBA54KEU7, STM32WBA54KEU7TR, STM32WBA54KGU6, STM32WBA54KGU6TR, STM32WBA54KGU7, STM32WBA54KGU7TR, STM32WBA55CEU6, STM32WBA55CEU6TR, STM32WBA55CEU7, STM32WBA55CEU7TR, STM32WBA55CGU6, STM32WBA55CGU6TR, STM32WBA55CGU6U, STM32WBA55CGU7, STM32WBA55CGU7TR, STM32WBA55G-DK1, STM32WBA55HEF6, STM32WBA55HEF7, STM32WBA55HGF6, STM32WBA55HGF7, STM32WBA55UEI6, STM32WBA55UEI6TR, STM32WBA55UEI7, STM32WBA55UEI7TR, STM32WBA55UGI6, STM32WBA55UGI6TR, STM32WBA55UGI7, STM32WBA55UGI7TR, STM32WBA5MMGH6TR, STM32WBA62MGF6, STM32WBA62MIF6, STM32WBA65MGF7, STM32WBA65MIF6, STM32WBA65MIF7, STM32WL30K8V6, STM32WL30KBV6, STM32WL31C8V6, STM32WL31CBV6, STM32WL31K8V6, STM32WL31KBV6, STM32WL33C8V6, STM32WL33C8V6X, STM32WL33CBV6, STM32WL33CBV6X, STM32WL33CCV6, STM32WL33CCV6A, STM32WL33CCV6X, STM32WL33K8V7, STM32WL33K8V7X, STM32WL33KBV7 , STM32WL33KBV7X, STM32WL33KCV7, STM32WL33KCV7X, STM32WL5MOCH6, STM32WL5MOCH6TR]
2026-01-10 17:20:56,354 [INFO] DbMcus:218 - Found 4876 MCUs, 4876 are supported
2026-01-10 17:20:56,355 [INFO] ApiDb:423 - Load user favorites file /Users/karthikkurapati/.stm32cubeide/favorites.mcus.txt: 0 item(s)
2026-01-10 17:20:56,355 [INFO] ApiDb:427 - User favorites MCUs=[]
2026-01-10 17:20:56,355 [INFO] DbMcus:224 - Set 0 / 0 favorites MCUs
2026-01-10 17:20:57,705 [INFO] BoardInfo:889 - No configuration file found for board P-NUCLEO-WB55
2026-01-10 17:20:57,729 [INFO] DbBoards:161 - Kit is not supported: P-NUCLEO-WB55
2026-01-10 17:20:57,742 [INFO] BoardInfo:889 - No configuration file found for board STEVAL-BFA001V1B
2026-01-10 17:20:57,743 [INFO] DbBoards:161 - Kit is not supported: STEVAL-BFA001V1B
2026-01-10 17:20:57,745 [INFO] BoardInfo:889 - No configuration file found for board STEVAL-BFA001V2B
2026-01-10 17:20:57,745 [INFO] DbBoards:161 - Kit is not supported: STEVAL-BFA001V2B
2026-01-10 17:20:58,401 [INFO] DbBoards:168 - Found 212 boards, 209 are supported
2026-01-10 17:20:58,492 [INFO] DbBoards:169 - Found 212 boards, 43 of them is supported for  Bsp
2026-01-10 17:20:58,537 [INFO] ApiDb:423 - Load user favorites file /Users/karthikkurapati/.stm32cubeide/favorites.boards.txt: 0 item(s)
2026-01-10 17:20:58,548 [INFO] ApiDb:427 - User favorites Boards=[]
2026-01-10 17:20:58,550 [INFO] DbBoards:198 - Set 0 / 0 favorites Boards
2026-01-10 17:20:59,019 [INFO] UtilMem:75 - End LoadConfig() Used Memory: 288809016 Bytes (440401920)
2026-01-10 17:20:59,486 [WARN] ThirdParty:833 - waiting for thirdparty lock release [change project]
2026-01-10 17:20:59,509 [INFO] ThirdParty:835 - entering critical section [change project]
2026-01-10 17:20:59,518 [INFO] ThirdParty:1030 - CMSIS Pack Vendor :STMicroelectronics X-CUBE-PM33A1 1.0.0
2026-01-10 17:20:59,519 [INFO] ThirdParty:1030 - CMSIS Pack Vendor :STMicroelectronics USBPD 4.1
2026-01-10 17:20:59,520 [INFO] ThirdParty:1030 - CMSIS Pack Vendor :STMicroelectronics X-CUBE-NFC9 1.0.0
2026-01-10 17:20:59,520 [INFO] ThirdParty:1030 - CMSIS Pack Vendor :STMicroelectronics USB_HOST 2.0.0
2026-01-10 17:20:59,520 [INFO] ThirdParty:1030 - CMSIS Pack Vendor :STMicroelectronics FP-SNS-MOTENVWB1 1.4.0
2026-01-10 17:20:59,520 [INFO] ThirdParty:1030 - CMSIS Pack Vendor :STMicroelectronics X-CUBE-AZRTOS-F4 1.1.0
2026-01-10 17:20:59,520 [INFO] ThirdParty:1030 - CMSIS Pack Vendor :STMicroelectronics LIBJPEG 8.0.0
2026-01-10 17:20:59,520 [INFO] ThirdParty:1030 - CMSIS Pack Vendor :STMicroelectronics FP-ATR-ASTRA1 2.0.2
2026-01-10 17:20:59,520 [INFO] ThirdParty:1030 - CMSIS Pack Vendor :wolfSSL I-CUBE-wolfSSL 5.8.2
2026-01-10 17:20:59,520 [INFO] ThirdParty:1030 - CMSIS Pack Vendor :STMicroelectronics X-CUBE-BLE1 7.1.0
2026-01-10 17:20:59,520 [INFO] ThirdParty:1030 - CMSIS Pack Vendor :Avnet-IotConnect X-CUBE-IoTC-DA16k-PMOD 1.0.0
2026-01-10 17:20:59,520 [INFO] ThirdParty:1030 - CMSIS Pack Vendor :STMicroelectronics X-CUBE-SMBUS 2.1.0
2026-01-10 17:20:59,520 [INFO] ThirdParty:1030 - CMSIS Pack Vendor :wolfSSL I-CUBE-wolfMQTT 1.19.2
2026-01-10 17:20:59,520 [INFO] ThirdParty:1030 - CMSIS Pack Vendor :STMicroelectronics USB_DEVICE 3.0.0
2026-01-10 17:20:59,520 [INFO] ThirdParty:1030 - CMSIS Pack Vendor :STMicroelectronics X-CUBE-ISPU 2.1.0
2026-01-10 17:20:59,520 [INFO] ThirdParty:1030 - CMSIS Pack Vendor :STMicroelectronics X-CUBE-FREERTOS 1.4.0
2026-01-10 17:20:59,520 [INFO] ThirdParty:1030 - CMSIS Pack Vendor :STMicroelectronics X-CUBE-EEPRMA1 5.2.0
2026-01-10 17:20:59,521 [INFO] ThirdParty:1030 - CMSIS Pack Vendor :STMicroelectronics X-CUBE-IPS 3.2.0
2026-01-10 17:20:59,521 [INFO] ThirdParty:1030 - CMSIS Pack Vendor :STMicroelectronics X-CUBE-BLEMGR 4.1.0
2026-01-10 17:20:59,521 [INFO] ThirdParty:1030 - CMSIS Pack Vendor :STMicroelectronics X-CUBE-AZRTOS-WB 2.0.0
2026-01-10 17:20:59,521 [INFO] ThirdParty:1030 - CMSIS Pack Vendor :STMicroelectronics X-CUBE-ST60 1.0.0
2026-01-10 17:20:59,521 [INFO] ThirdParty:1030 - CMSIS Pack Vendor :STMicroelectronics X-CUBE-GNSS1 7.0.1
2026-01-10 17:20:59,521 [INFO] ThirdParty:1030 - CMSIS Pack Vendor :STMicroelectronics X-CUBE-NFC12 1.0.0
2026-01-10 17:20:59,521 [INFO] ThirdParty:1030 - CMSIS Pack Vendor :STMicroelectronics X-CUBE-AZRTOS-F7 1.1.0
2026-01-10 17:20:59,521 [INFO] ThirdParty:1030 - CMSIS Pack Vendor :STMicroelectronics X-CUBE-AZRTOS-L5 2.0.0
2026-01-10 17:20:59,521 [INFO] ThirdParty:1030 - CMSIS Pack Vendor :STMicroelectronics X-CUBE-TOUCHGFX 4.25.0
2026-01-10 17:20:59,522 [INFO] ThirdParty:1030 - CMSIS Pack Vendor :STMicroelectronics USB_DEVICE 2.0.0
2026-01-10 17:20:59,522 [INFO] ThirdParty:1030 - CMSIS Pack Vendor :STMicroelectronics X-CUBE-NFC6 3.1.0
2026-01-10 17:20:59,522 [INFO] ThirdParty:1030 - CMSIS Pack Vendor :STMicroelectronics X-CUBE-ST67W61 1.1.0
2026-01-10 17:20:59,522 [INFO] ThirdParty:1030 - CMSIS Pack Vendor :quantropi X-CUBE-qispace-sdk-base 2.1.0
2026-01-10 17:20:59,522 [INFO] ThirdParty:1030 - CMSIS Pack Vendor :STMicroelectronics X-CUBE-MEMS1 12.0.0
2026-01-10 17:20:59,523 [INFO] ThirdParty:1030 - CMSIS Pack Vendor :STMicroelectronics FP-SNS-MOTENV1 5.1.0
2026-01-10 17:20:59,523 [INFO] ThirdParty:1030 - CMSIS Pack Vendor :STMicroelectronics FreeRTOS 0.0.1
2026-01-10 17:20:59,523 [INFO] ThirdParty:1030 - CMSIS Pack Vendor :STMicroelectronics X-CUBE-AZRTOS-G0 1.1.0
2026-01-10 17:20:59,523 [INFO] ThirdParty:1030 - CMSIS Pack Vendor :STMicroelectronics X-CUBE-SAFEA1 1.2.2
2026-01-10 17:20:59,523 [INFO] ThirdParty:1030 - CMSIS Pack Vendor :STMicroelectronics X-CUBE-NFC4 3.0.0
2026-01-10 17:20:59,523 [INFO] ThirdParty:1030 - CMSIS Pack Vendor :STMicroelectronics X-CUBE-SUBG2 5.0.0
2026-01-10 17:20:59,523 [INFO] ThirdParty:1030 - CMSIS Pack Vendor :STMicroelectronics X-CUBE-AZRTOS-H7RS 1.1.0
2026-01-10 17:20:59,523 [INFO] ThirdParty:1030 - CMSIS Pack Vendor :STMicroelectronics STM32_WPAN 1.0.0
2026-01-10 17:20:59,523 [INFO] ThirdParty:1030 - CMSIS Pack Vendor :EmbeddedOffice I-CUBE-FS-RTOS 1.0.1
2026-01-10 17:20:59,523 [INFO] ThirdParty:1030 - CMSIS Pack Vendor :STMicroelectronics lwIP 2.0.3
2026-01-10 17:20:59,523 [INFO] ThirdParty:1030 - CMSIS Pack Vendor :WES I-CUBE-Cesium 1.4.0
2026-01-10 17:20:59,523 [INFO] ThirdParty:1030 - CMSIS Pack Vendor :Cesanta I-CUBE-Mongoose 7.13.0
2026-01-10 17:20:59,523 [INFO] ThirdParty:1030 - CMSIS Pack Vendor :STMicroelectronics USB_HOST 1.0.0
2026-01-10 17:20:59,523 [INFO] ThirdParty:1030 - CMSIS Pack Vendor :Infineon AIROC-Wi-Fi-Bluetooth-STM32 1.7.1
2026-01-10 17:20:59,523 [INFO] ThirdParty:1030 - CMSIS Pack Vendor :STMicroelectronics X-CUBE-AZRTOS-G4 2.0.0
2026-01-10 17:20:59,523 [INFO] ThirdParty:1030 - CMSIS Pack Vendor :STMicroelectronics X-CUBE-WB05N 2.0.0
2026-01-10 17:20:59,525 [INFO] ThirdParty:1030 - CMSIS Pack Vendor :STMicroelectronics PDM2PCM 3.1.0
2026-01-10 17:20:59,525 [INFO] ThirdParty:1030 - CMSIS Pack Vendor :STMicroelectronics PDM2PCM 3.3.0
2026-01-10 17:20:59,525 [INFO] ThirdParty:1030 - CMSIS Pack Vendor :wolfSSL I-CUBE-wolfTPM 3.8.0
2026-01-10 17:20:59,525 [INFO] ThirdParty:1030 - CMSIS Pack Vendor :STMicroelectronics X-CUBE-AZRTOS-H7 3.4.0
2026-01-10 17:20:59,525 [INFO] ThirdParty:1030 - CMSIS Pack Vendor :STMicroelectronics X-CUBE-DISPLAY 3.0.0
2026-01-10 17:20:59,525 [INFO] ThirdParty:1030 - CMSIS Pack Vendor :wolfSSL I-CUBE-wolfSSH 1.4.20
2026-01-10 17:20:59,525 [INFO] ThirdParty:1030 - CMSIS Pack Vendor :STMicroelectronics X-CUBE-NFC7 2.0.0
2026-01-10 17:20:59,525 [INFO] ThirdParty:1030 - CMSIS Pack Vendor :STMicroelectronics X-CUBE-TCPP 4.2.0
2026-01-10 17:20:59,525 [INFO] ThirdParty:1030 - CMSIS Pack Vendor :RealThread X-CUBE-RT-Thread_Nano 4.1.1
2026-01-10 17:20:59,526 [INFO] ThirdParty:1030 - CMSIS Pack Vendor :STMicroelectronics FP-ATR-SIGFOX1 3.2.0
2026-01-10 17:20:59,526 [INFO] ThirdParty:1030 - CMSIS Pack Vendor :STMicroelectronics X-CUBE-NFC10 1.0.0
2026-01-10 17:20:59,526 [INFO] ThirdParty:1030 - CMSIS Pack Vendor :STMicroelectronics X-CUBE-FREERTOS 1.3.1
2026-01-10 17:20:59,526 [INFO] ThirdParty:1030 - CMSIS Pack Vendor :STMicroelectronics HAL Drivers 0.0.0
2026-01-10 17:20:59,526 [INFO] ThirdParty:1030 - CMSIS Pack Vendor :STMicroelectronics MBEDTLS 2.16.2
2026-01-10 17:20:59,526 [INFO] ThirdParty:1030 - CMSIS Pack Vendor :STMicroelectronics X-CUBE-ST60 1.1.0
2026-01-10 17:20:59,526 [INFO] ThirdParty:1030 - CMSIS Pack Vendor :STMicroelectronics X-CUBE-IPS 3.1.0
2026-01-10 17:20:59,526 [INFO] ThirdParty:1030 - CMSIS Pack Vendor :STMicroelectronics X-CUBE-ALS 1.0.2
2026-01-10 17:20:59,526 [INFO] ThirdParty:1030 - CMSIS Pack Vendor :emotas I-CUBE-CANOPEN 1.3.0
2026-01-10 17:20:59,526 [INFO] ThirdParty:1030 - CMSIS Pack Vendor :STMicroelectronics MBEDTLS 2.14.1
2026-01-10 17:20:59,526 [INFO] ThirdParty:1030 - CMSIS Pack Vendor :STMicroelectronics X-CUBE-GNSS1 7.1.0
2026-01-10 17:20:59,526 [INFO] ThirdParty:1030 - CMSIS Pack Vendor :ITTIA_DB I-CUBE-ITTIADB 8.9.0
2026-01-10 17:20:59,526 [INFO] ThirdParty:1030 - CMSIS Pack Vendor :STMicroelectronics X-CUBE-TOUCHGFX 4.26.0
2026-01-10 17:20:59,526 [INFO] ThirdParty:1030 - CMSIS Pack Vendor :STMicroelectronics X-CUBE-STSE01 1.0.0
2026-01-10 17:20:59,526 [INFO] ThirdParty:1030 - CMSIS Pack Vendor :STMicroelectronics X-CUBE-ST67W61 1.0.0
2026-01-10 17:20:59,526 [INFO] ThirdParty:1030 - CMSIS Pack Vendor :STMicroelectronics FP-SNS-STBOX1 2.1.0
2026-01-10 17:20:59,526 [INFO] ThirdParty:1030 - CMSIS Pack Vendor :STMicroelectronics X-CUBE-AI 10.2.0
2026-01-10 17:20:59,526 [INFO] ThirdParty:1030 - CMSIS Pack Vendor :STMicroelectronics FP-SNS-STAIOTCFT 1.0.0
2026-01-10 17:20:59,526 [INFO] ThirdParty:1030 - CMSIS Pack Vendor :STMicroelectronics ThreadX 1.0.0
2026-01-10 17:20:59,526 [INFO] ThirdParty:1030 - CMSIS Pack Vendor :STMicroelectronics FP-SNS-SMARTAG2 1.2.0
2026-01-10 17:20:59,526 [INFO] ThirdParty:1030 - CMSIS Pack Vendor :STMicroelectronics FP-SNS-FLIGHT1 5.1.0
2026-01-10 17:20:59,526 [INFO] ThirdParty:1030 - CMSIS Pack Vendor :STMicroelectronics X-CUBE-AZRTOS-WL 2.0.0
2026-01-10 17:20:59,527 [INFO] ThirdParty:1030 - CMSIS Pack Vendor :SEGGER I-CUBE-embOS 1.3.1
2026-01-10 17:20:59,527 [INFO] ThirdParty:1030 - CMSIS Pack Vendor :STMicroelectronics X-CUBE-ALGOBUILD 1.4.0
2026-01-10 17:20:59,527 [INFO] ThirdParty:1030 - CMSIS Pack Vendor :STMicroelectronics X-CUBE-DPower 1.3.0
2026-01-10 17:20:59,527 [INFO] ThirdParty:1030 - CMSIS Pack Vendor :STMicroelectronics X-CUBE-MEMS1 11.3.0
2026-01-10 17:20:59,527 [INFO] ThirdParty:1030 - CMSIS Pack Vendor :STMicroelectronics FP-SNS-MOTENV1 5.0.0
2026-01-10 17:20:59,527 [INFO] ThirdParty:1030 - CMSIS Pack Vendor :STMicroelectronics USB_DEVICE 1.0.0
2026-01-10 17:20:59,527 [INFO] ThirdParty:1030 - CMSIS Pack Vendor :STMicroelectronics X-CUBE-AZRTOS-H7RS 1.2.0
2026-01-10 17:20:59,528 [INFO] ThirdParty:1030 - CMSIS Pack Vendor :STMicroelectronics X-CUBE-AZRTOS-L4 2.0.0
2026-01-10 17:20:59,528 [INFO] ThirdParty:1030 - CMSIS Pack Vendor :STMicroelectronics ThreadX 0.0.2
2026-01-10 17:20:59,529 [INFO] ThirdParty:1030 - CMSIS Pack Vendor :STMicroelectronics lwIP 2.1.2
2026-01-10 17:20:59,529 [INFO] ThirdParty:1030 - CMSIS Pack Vendor :STMicroelectronics X-CUBE-SFXS2LP1 4.0.0
2026-01-10 17:20:59,529 [INFO] ThirdParty:1030 - CMSIS Pack Vendor :STMicroelectronics X-CUBE-BLE2 3.3.0
2026-01-10 17:20:59,529 [INFO] ThirdParty:1030 - CMSIS Pack Vendor :Avnet-IOTCONNECT X-CUBE-iotc-st67-sdk 1.0.0
2026-01-10 17:20:59,529 [INFO] ThirdParty:1030 - CMSIS Pack Vendor :STMicroelectronics X-CUBE-TOF1 3.4.3
2026-01-10 17:20:59,529 [INFO] ThirdParty:1030 - CMSIS Pack Vendor :STMicroelectronics PDM2PCM 3.2.0
2026-01-10 17:20:59,544 [INFO] ThirdParty:841 - exiting critical section [change project]
2026-01-10 17:21:02,982 [INFO] PinOutPanel:1589 - setPackage(No Configuration,No Configuration)
2026-01-10 17:21:03,004 [INFO] PinOutPanel:1589 - setPackage(STM32L431CBTx,LQFP48)
2026-01-10 17:21:07,523 [INFO] UtilMem:75 - Before build in PCC Used Memory: 295275768 Bytes (529530880)
2026-01-10 17:21:14,109 [INFO] UtilMem:75 - After build in PCC Used Memory: 382585336 Bytes (610271232)
2026-01-10 17:21:14,927 [INFO] IPUIPlugin:80 - create IPUIPlugin
2026-01-10 17:21:14,936 [INFO] IPUIPlugin:80 - create IPUIPlugin
2026-01-10 17:21:14,939 [INFO] IPUIPlugin:80 - create IPUIPlugin
2026-01-10 17:21:14,942 [INFO] IPUIPlugin:80 - create IPUIPlugin
2026-01-10 17:21:14,954 [INFO] IPUIPlugin:80 - create IPUIPlugin
2026-01-10 17:21:14,962 [INFO] IPUIPlugin:80 - create IPUIPlugin
2026-01-10 17:21:14,964 [INFO] IPUIPlugin:80 - create IPUIPlugin
2026-01-10 17:21:14,966 [INFO] IPUIPlugin:80 - create IPUIPlugin
2026-01-10 17:21:14,967 [INFO] IPUIPlugin:80 - create IPUIPlugin
2026-01-10 17:21:14,969 [INFO] IPUIPlugin:80 - create IPUIPlugin
2026-01-10 17:21:14,970 [INFO] IPUIPlugin:80 - create IPUIPlugin
2026-01-10 17:21:14,970 [INFO] IPUIPlugin:80 - create IPUIPlugin
2026-01-10 17:21:14,971 [INFO] IPUIPlugin:80 - create IPUIPlugin
2026-01-10 17:21:14,972 [INFO] IPUIPlugin:80 - create IPUIPlugin
2026-01-10 17:21:14,972 [INFO] IPUIPlugin:80 - create IPUIPlugin
2026-01-10 17:21:14,984 [INFO] IPUIPlugin:80 - create IPUIPlugin
2026-01-10 17:21:14,985 [INFO] IPUIPlugin:80 - create IPUIPlugin
2026-01-10 17:21:14,985 [INFO] IPUIPlugin:80 - create IPUIPlugin
2026-01-10 17:21:14,986 [INFO] IPUIPlugin:80 - create IPUIPlugin
2026-01-10 17:21:14,986 [INFO] IPUIPlugin:80 - create IPUIPlugin
2026-01-10 17:21:14,986 [INFO] IPUIPlugin:80 - create IPUIPlugin
2026-01-10 17:21:14,986 [INFO] IPUIPlugin:80 - create IPUIPlugin
2026-01-10 17:21:14,987 [INFO] IPUIPlugin:80 - create IPUIPlugin
2026-01-10 17:21:14,987 [INFO] IPUIPlugin:80 - create IPUIPlugin
2026-01-10 17:21:14,988 [INFO] IPUIPlugin:80 - create IPUIPlugin
2026-01-10 17:21:14,989 [INFO] IPUIPlugin:80 - create IPUIPlugin
2026-01-10 17:21:14,989 [INFO] IPUIPlugin:80 - create IPUIPlugin
2026-01-10 17:21:14,989 [INFO] IPUIPlugin:80 - create IPUIPlugin
2026-01-10 17:21:14,989 [INFO] IPUIPlugin:80 - create IPUIPlugin
2026-01-10 17:21:14,990 [INFO] IPUIPlugin:80 - create IPUIPlugin
2026-01-10 17:21:14,990 [INFO] IPUIPlugin:80 - create IPUIPlugin
2026-01-10 17:21:14,991 [INFO] IPUIPlugin:80 - create IPUIPlugin
2026-01-10 17:21:14,991 [INFO] IPUIPlugin:80 - create IPUIPlugin
2026-01-10 17:21:14,991 [INFO] IPUIPlugin:80 - create IPUIPlugin
2026-01-10 17:21:14,991 [INFO] IPUIPlugin:80 - create IPUIPlugin
2026-01-10 17:21:14,991 [INFO] IPUIPlugin:80 - create IPUIPlugin
2026-01-10 17:21:14,991 [INFO] IPUIPlugin:80 - create IPUIPlugin
2026-01-10 17:21:14,992 [INFO] IPUIPlugin:80 - create IPUIPlugin
2026-01-10 17:21:14,993 [INFO] IPUIPlugin:80 - create IPUIPlugin
2026-01-10 17:21:14,993 [INFO] IPUIPlugin:80 - create IPUIPlugin
2026-01-10 17:21:14,993 [INFO] IPUIPlugin:80 - create IPUIPlugin
2026-01-10 17:21:14,994 [INFO] IPUIPlugin:80 - create IPUIPlugin
2026-01-10 17:21:15,184 [INFO] Can:71 - Can Add PropertyChangeListener com.st.microxplorer.plugins.ip.can.Can@29a1eb87
2026-01-10 17:21:16,160 [INFO] CADModel:165 - CPN selected for project levelSTM32L431CBT6
2026-01-10 17:21:16,161 [INFO] CADModel:114 - Register for checkConnection events
2026-01-10 17:21:16,232 [INFO] OpenFileManager:386 - Restore cursor
2026-01-10 17:21:51,510 [ERROR] LogOutputStream:75 - [STDERR_REDIRECT] 
