2025-12-23 15:09:48,708 [INFO] Activator:176 - 


2025-12-23 15:09:48,709 [INFO] Activator:177 - !SESSION log4j initialized
2025-12-23 15:09:49,367 [ERROR] LogOutputStream:75 - [STDERR_REDIRECT] 
2025-12-23 15:09:50,486 [INFO] LogOutputStream:77 - [STDOUT_REDIRECT] 
2025-12-23 15:09:51,774 [INFO] ApplicationProperties:184 - Using Application install path: /Applications/STM32CubeIDE.app/Contents/Eclipse/plugins/com.st.stm32cube.common.mx_6.15.0.202507011659
2025-12-23 15:09:51,783 [INFO] DbMcusXml:78 - Set database path to: /Applications/STM32CubeIDE.app/Contents/Eclipse/plugins/com.st.stm32cube.common.mx_6.15.0.202507011659//db//mcu/
2025-12-23 15:09:51,783 [INFO] ApiDb:274 - Set plugin database path to: /Applications/STM32CubeIDE.app/Contents/Eclipse/plugins/com.st.stm32cube.common.mx_6.15.0.202507011659//db//plugins/boardmanager/
2025-12-23 15:09:51,784 [WARN] ApiDb:259 - Overriding images path with different value:  => /Applications/STM32CubeIDE.app/Contents/Eclipse/plugins/com.st.stm32cube.common.mx_6.15.0.202507011659//db//plugins/mcufinder/images/
2025-12-23 15:09:51,786 [INFO] ApiDb:250 - Set database path to: /Users/karthikkurapati/.stmcufinder/plugins/mcufinder//mcu/
2025-12-23 15:09:51,786 [INFO] DbMcusAds:125 - Set database path to: /Users/karthikkurapati/.stmcufinder/plugins/mcufinder//mcu/
2025-12-23 15:09:51,788 [INFO] CrossReferenceDbSqlite:203 - Set database path to: /Users/karthikkurapati/.stmcufinder/plugins/mcufinder//mcu/cs/
2025-12-23 15:09:51,861 [INFO] RulesReader:64 - Compatibility file has been processed (317 Rules)
2025-12-23 15:09:51,899 [INFO] DbMcusXml:78 - Set database path to: /Applications/STM32CubeIDE.app/Contents/Eclipse/plugins/com.st.stm32cube.common.mx_6.15.0.202507011659//db//mcu/
2025-12-23 15:09:51,899 [INFO] ApiDb:274 - Set plugin database path to: /Applications/STM32CubeIDE.app/Contents/Eclipse/plugins/com.st.stm32cube.common.mx_6.15.0.202507011659//db//plugins/boardmanager/
2025-12-23 15:09:51,899 [INFO] ApiDb:261 - Set plugin images path to: /Applications/STM32CubeIDE.app/Contents/Eclipse/plugins/com.st.stm32cube.common.mx_6.15.0.202507011659//db//plugins/mcufinder/images/
2025-12-23 15:09:51,899 [WARN] DbFile:41 - Overriding database path with different value: /Users/karthikkurapati/.stmcufinder/plugins/mcufinder/ => /Users/karthikkurapati/.stmcufinder/plugins/mcufinder
2025-12-23 15:09:51,899 [INFO] ApiDb:250 - Set database path to: /Users/karthikkurapati/.stmcufinder/plugins/mcufinder//mcu/
2025-12-23 15:09:51,899 [WARN] DbFile:41 - Overriding database path with different value: /Users/karthikkurapati/.stmcufinder/plugins/mcufinder/ => /Users/karthikkurapati/.stmcufinder/plugins/mcufinder
2025-12-23 15:09:51,900 [INFO] DbMcusAds:125 - Set database path to: /Users/karthikkurapati/.stmcufinder/plugins/mcufinder//mcu/
2025-12-23 15:09:51,900 [WARN] DbFile:41 - Overriding database path with different value: /Users/karthikkurapati/.stmcufinder/plugins/mcufinder/ => /Users/karthikkurapati/.stmcufinder/plugins/mcufinder
2025-12-23 15:09:51,900 [WARN] DbFile:41 - Overriding database path with different value: /Users/karthikkurapati/.stmcufinder/plugins/mcufinder/ => /Users/karthikkurapati/.stmcufinder/plugins/mcufinder
2025-12-23 15:09:51,900 [INFO] CrossReferenceDbSqlite:203 - Set database path to: /Users/karthikkurapati/.stmcufinder/plugins/mcufinder//mcu/cs/
2025-12-23 15:09:51,947 [INFO] MainPanel:274 - HeapMemory: 268435456
2025-12-23 15:09:52,142 [INFO] DbMcusXml:78 - Set database path to: /Applications/STM32CubeIDE.app/Contents/Eclipse/plugins/com.st.stm32cube.common.mx_6.15.0.202507011659//db//mcu/
2025-12-23 15:09:52,142 [INFO] ApiDb:274 - Set plugin database path to: /Applications/STM32CubeIDE.app/Contents/Eclipse/plugins/com.st.stm32cube.common.mx_6.15.0.202507011659//db//plugins/boardmanager/
2025-12-23 15:09:52,142 [INFO] ApiDb:261 - Set plugin images path to: /Applications/STM32CubeIDE.app/Contents/Eclipse/plugins/com.st.stm32cube.common.mx_6.15.0.202507011659//db//plugins/mcufinder/images/
2025-12-23 15:09:52,143 [WARN] DbFile:41 - Overriding database path with different value: /Users/karthikkurapati/.stmcufinder/plugins/mcufinder/ => /Users/karthikkurapati/.stmcufinder/plugins/mcufinder
2025-12-23 15:09:52,143 [INFO] ApiDb:250 - Set database path to: /Users/karthikkurapati/.stmcufinder/plugins/mcufinder//mcu/
2025-12-23 15:09:52,143 [WARN] DbFile:41 - Overriding database path with different value: /Users/karthikkurapati/.stmcufinder/plugins/mcufinder/ => /Users/karthikkurapati/.stmcufinder/plugins/mcufinder
2025-12-23 15:09:52,143 [INFO] DbMcusAds:125 - Set database path to: /Users/karthikkurapati/.stmcufinder/plugins/mcufinder//mcu/
2025-12-23 15:09:52,143 [WARN] DbFile:41 - Overriding database path with different value: /Users/karthikkurapati/.stmcufinder/plugins/mcufinder/ => /Users/karthikkurapati/.stmcufinder/plugins/mcufinder
2025-12-23 15:09:52,143 [WARN] DbFile:41 - Overriding database path with different value: /Users/karthikkurapati/.stmcufinder/plugins/mcufinder/ => /Users/karthikkurapati/.stmcufinder/plugins/mcufinder
2025-12-23 15:09:52,143 [INFO] CrossReferenceDbSqlite:203 - Set database path to: /Users/karthikkurapati/.stmcufinder/plugins/mcufinder//mcu/cs/
2025-12-23 15:09:52,154 [INFO] ApplicationProperties:184 - Using Application install path: /Applications/STM32CubeIDE.app/Contents/Eclipse/plugins/com.st.stm32cube.common.mx_6.15.0.202507011659
2025-12-23 15:09:52,155 [INFO] PluginManage:196 - Search for loadable plugins [exclusion list=, ]
2025-12-23 15:09:52,156 [INFO] PluginManage:310 - Check plugin analytics
2025-12-23 15:09:52,266 [INFO] AnalyticsPlugin:253 - Accepted Software Licenses: 
2025-12-23 15:09:52,266 [INFO] AnalyticsPlugin:255 - Accepted CMSIS Pack Licenses: 
2025-12-23 15:09:52,266 [INFO] AnalyticsPlugin:257 - Accepted Firmware Licenses: 
2025-12-23 15:09:52,268 [INFO] PluginManage:359 - Loaded plugin analytics (category:tool,tabindex:-1)
2025-12-23 15:09:52,268 [INFO] PluginManage:310 - Check plugin cadmodel
2025-12-23 15:09:52,270 [INFO] CADModel:105 - Init CAD model plugin
2025-12-23 15:09:52,271 [INFO] PluginManage:359 - Loaded plugin cadmodel (category:power,tabindex:5)
2025-12-23 15:09:52,271 [INFO] PluginManage:310 - Check plugin clock
2025-12-23 15:09:52,275 [INFO] PluginManage:359 - Loaded plugin clock (category:base,tabindex:2)
2025-12-23 15:09:52,275 [INFO] PluginManage:310 - Check plugin ddr
2025-12-23 15:09:52,277 [INFO] PluginManage:359 - Loaded plugin ddr (category:tool,tabindex:6)
2025-12-23 15:09:52,277 [INFO] PluginManage:310 - Check plugin filemanager
2025-12-23 15:09:52,405 [INFO] PluginManage:359 - Loaded plugin filemanager (category:base,tabindex:10)
2025-12-23 15:09:52,405 [INFO] PluginManage:310 - Check plugin ipmanager
2025-12-23 15:09:52,410 [INFO] PluginManage:359 - Loaded plugin ipmanager (category:base,tabindex:5)
2025-12-23 15:09:52,411 [INFO] PluginManage:310 - Check plugin lpbam
2025-12-23 15:09:52,417 [INFO] PluginManage:359 - Loaded plugin lpbam (category:base,tabindex:0)
2025-12-23 15:09:52,417 [INFO] PluginManage:310 - Check plugin memorymap
2025-12-23 15:09:52,425 [INFO] PluginManage:359 - Loaded plugin memorymap (category:base,tabindex:4)
2025-12-23 15:09:52,425 [INFO] PluginManage:310 - Check plugin pinoutandconfiguration
2025-12-23 15:09:52,430 [INFO] PluginManage:359 - Loaded plugin pinoutandconfiguration (category:base,tabindex:1)
2025-12-23 15:09:52,430 [INFO] PluginManage:310 - Check plugin pinoutconfig
2025-12-23 15:09:52,481 [WARN] SupportedApi:132 - Cannot load RTOS API schema: s4s-elt-must-match.1: The content of 'definitions' must match (annotation?, (simpleType | complexType)?, (unique | key | keyref)*)). A problem was found starting at: attribute.
2025-12-23 15:09:52,553 [INFO] PluginManage:359 - Loaded plugin pinoutconfig (category:base,tabindex:0)
2025-12-23 15:09:52,553 [INFO] PluginManage:310 - Check plugin power
2025-12-23 15:09:52,557 [INFO] PluginManage:359 - Loaded plugin power (category:power,tabindex:4)
2025-12-23 15:09:52,557 [INFO] PluginManage:310 - Check plugin projectmanager
2025-12-23 15:09:52,567 [INFO] PluginManage:359 - Loaded plugin projectmanager (category:projectmanager,tabindex:4)
2025-12-23 15:09:52,567 [INFO] PluginManage:310 - Check plugin rif
2025-12-23 15:09:52,571 [INFO] PluginManage:359 - Loaded plugin rif (category:base,tabindex:3)
2025-12-23 15:09:52,572 [INFO] PluginManage:310 - Check plugin thirdparty
2025-12-23 15:09:52,637 [INFO] PluginManage:359 - Loaded plugin thirdparty (category:base,tabindex:-1)
2025-12-23 15:09:52,637 [WARN] IntegrityCheckThread:84 - waiting for thirdparty lock release [integrity check]
2025-12-23 15:09:52,638 [INFO] IntegrityCheckThread:86 - entering critical section [integrity check]
2025-12-23 15:09:52,638 [INFO] PluginManage:310 - Check plugin tools
2025-12-23 15:09:52,638 [INFO] ThirdPartyUpdaterWithRetryManager:70 - Updater plugin not ready yet. [1/15]
2025-12-23 15:09:52,639 [INFO] PluginManage:359 - Loaded plugin tools (category:base,tabindex:7)
2025-12-23 15:09:52,639 [INFO] PluginManage:310 - Check plugin tutovideos
2025-12-23 15:09:52,743 [INFO] PluginManage:359 - Loaded plugin tutovideos (category:base,tabindex:-1)
2025-12-23 15:09:52,743 [INFO] PluginManage:310 - Check plugin updater
2025-12-23 15:09:52,755 [INFO] PluginManage:359 - Loaded plugin updater (category:base,tabindex:12)
2025-12-23 15:09:52,755 [INFO] PluginManage:310 - Check plugin userauth
2025-12-23 15:09:52,757 [INFO] UserAuth:118 - Init User Auth plugin
2025-12-23 15:09:52,757 [INFO] PluginManage:359 - Loaded plugin userauth (category:base,tabindex:14)
2025-12-23 15:09:52,758 [INFO] PluginManage:283 - PluginManage : Loaded plugins [18]
2025-12-23 15:09:52,859 [INFO] PinOutPanel:1589 - setPackage(No Configuration,No Configuration)
2025-12-23 15:09:52,901 [INFO] CADModel:165 - CPN selected for project level
2025-12-23 15:09:52,901 [INFO] CADModel:114 - Register for checkConnection events
2025-12-23 15:09:52,907 [INFO] IPUIPlugin:80 - create IPUIPlugin
2025-12-23 15:09:52,908 [INFO] PluginManager:220 - loadIPPluginJar : add mdma
2025-12-23 15:09:52,911 [INFO] IPUIPlugin:80 - create IPUIPlugin
2025-12-23 15:09:52,911 [INFO] PluginManager:220 - loadIPPluginJar : add freertos
2025-12-23 15:09:52,913 [INFO] IPUIPlugin:80 - create IPUIPlugin
2025-12-23 15:09:52,914 [INFO] PluginManager:220 - loadIPPluginJar : add gic
2025-12-23 15:09:52,918 [INFO] IPUIPlugin:80 - create IPUIPlugin
2025-12-23 15:09:52,918 [INFO] PluginManager:220 - loadIPPluginJar : add adc
2025-12-23 15:09:52,919 [INFO] IPUIPlugin:80 - create IPUIPlugin
2025-12-23 15:09:52,920 [INFO] PluginManager:220 - loadIPPluginJar : add gtzc
2025-12-23 15:09:52,920 [INFO] IPUIPlugin:80 - create IPUIPlugin
2025-12-23 15:09:52,920 [INFO] PluginManager:220 - loadIPPluginJar : add quadspi
2025-12-23 15:09:52,921 [INFO] IPUIPlugin:80 - create IPUIPlugin
2025-12-23 15:09:52,921 [INFO] PluginManager:220 - loadIPPluginJar : add aes
2025-12-23 15:09:52,923 [INFO] IPUIPlugin:80 - create IPUIPlugin
2025-12-23 15:09:52,923 [INFO] PluginManager:220 - loadIPPluginJar : add pdm2pcm
2025-12-23 15:09:52,924 [INFO] IPUIPlugin:80 - create IPUIPlugin
2025-12-23 15:09:52,924 [INFO] PluginManager:220 - loadIPPluginJar : add hash
2025-12-23 15:09:52,924 [INFO] IPUIPlugin:80 - create IPUIPlugin
2025-12-23 15:09:52,924 [INFO] PluginManager:220 - loadIPPluginJar : add tim
2025-12-23 15:09:52,925 [INFO] IPUIPlugin:80 - create IPUIPlugin
2025-12-23 15:09:52,925 [INFO] PluginManager:220 - loadIPPluginJar : add tsc
2025-12-23 15:09:52,926 [INFO] IPUIPlugin:80 - create IPUIPlugin
2025-12-23 15:09:52,926 [INFO] PluginManager:220 - loadIPPluginJar : add extmemmanager
2025-12-23 15:09:52,927 [INFO] IPUIPlugin:80 - create IPUIPlugin
2025-12-23 15:09:52,927 [INFO] PluginManager:220 - loadIPPluginJar : add ts
2025-12-23 15:09:52,928 [INFO] IPUIPlugin:80 - create IPUIPlugin
2025-12-23 15:09:52,928 [INFO] PluginManager:220 - loadIPPluginJar : add radio
2025-12-23 15:09:52,929 [INFO] IPUIPlugin:80 - create IPUIPlugin
2025-12-23 15:09:52,930 [INFO] PluginManager:220 - loadIPPluginJar : add can
2025-12-23 15:09:52,931 [INFO] IPUIPlugin:80 - create IPUIPlugin
2025-12-23 15:09:52,931 [INFO] PluginManager:220 - loadIPPluginJar : add dma3
2025-12-23 15:09:52,931 [INFO] IPUIPlugin:80 - create IPUIPlugin
2025-12-23 15:09:52,932 [INFO] PluginManager:220 - loadIPPluginJar : add dfsdm
2025-12-23 15:09:52,932 [INFO] IPUIPlugin:80 - create IPUIPlugin
2025-12-23 15:09:52,933 [INFO] PluginManager:220 - loadIPPluginJar : add spi
2025-12-23 15:09:52,933 [INFO] IPUIPlugin:80 - create IPUIPlugin
2025-12-23 15:09:52,933 [INFO] PluginManager:220 - loadIPPluginJar : add gfxmmu
2025-12-23 15:09:52,934 [INFO] IPUIPlugin:80 - create IPUIPlugin
2025-12-23 15:09:52,934 [INFO] PluginManager:220 - loadIPPluginJar : add genericplugin
2025-12-23 15:09:52,935 [INFO] IPUIPlugin:80 - create IPUIPlugin
2025-12-23 15:09:52,935 [INFO] PluginManager:220 - loadIPPluginJar : add cryp
2025-12-23 15:09:52,937 [INFO] IPUIPlugin:80 - create IPUIPlugin
2025-12-23 15:09:52,937 [INFO] PluginManager:220 - loadIPPluginJar : add gpio
2025-12-23 15:09:52,938 [INFO] IPUIPlugin:80 - create IPUIPlugin
2025-12-23 15:09:52,939 [INFO] PluginManager:220 - loadIPPluginJar : add ddr_ctrl_phy
2025-12-23 15:09:52,940 [INFO] IPUIPlugin:80 - create IPUIPlugin
2025-12-23 15:09:52,940 [INFO] PluginManager:220 - loadIPPluginJar : add comp
2025-12-23 15:09:52,942 [INFO] IPUIPlugin:80 - create IPUIPlugin
2025-12-23 15:09:52,942 [INFO] PluginManager:220 - loadIPPluginJar : add tracer_emb
2025-12-23 15:09:52,943 [INFO] IPUIPlugin:80 - create IPUIPlugin
2025-12-23 15:09:52,943 [INFO] PluginManager:220 - loadIPPluginJar : add openamp
2025-12-23 15:09:52,946 [INFO] IPUIPlugin:80 - create IPUIPlugin
2025-12-23 15:09:52,947 [INFO] PluginManager:220 - loadIPPluginJar : add stm32_wpan
2025-12-23 15:09:52,949 [INFO] IPUIPlugin:80 - create IPUIPlugin
2025-12-23 15:09:52,951 [INFO] PluginManager:220 - loadIPPluginJar : add plateformsettings
2025-12-23 15:09:52,953 [INFO] IPUIPlugin:80 - create IPUIPlugin
2025-12-23 15:09:52,953 [INFO] PluginManager:220 - loadIPPluginJar : add ipddr
2025-12-23 15:09:52,954 [INFO] IPUIPlugin:80 - create IPUIPlugin
2025-12-23 15:09:52,954 [INFO] PluginManager:220 - loadIPPluginJar : add usart
2025-12-23 15:09:52,954 [INFO] IPUIPlugin:80 - create IPUIPlugin
2025-12-23 15:09:52,954 [INFO] PluginManager:220 - loadIPPluginJar : add ltdc
2025-12-23 15:09:52,956 [INFO] IPUIPlugin:80 - create IPUIPlugin
2025-12-23 15:09:52,956 [INFO] PluginManager:220 - loadIPPluginJar : add nvic
2025-12-23 15:09:52,956 [INFO] IPUIPlugin:80 - create IPUIPlugin
2025-12-23 15:09:52,956 [INFO] PluginManager:220 - loadIPPluginJar : add fatfs
2025-12-23 15:09:52,959 [INFO] IPUIPlugin:80 - create IPUIPlugin
2025-12-23 15:09:52,960 [INFO] PluginManager:220 - loadIPPluginJar : add linkedlist
2025-12-23 15:09:52,962 [INFO] IPUIPlugin:80 - create IPUIPlugin
2025-12-23 15:09:52,962 [INFO] PluginManager:220 - loadIPPluginJar : add dma
2025-12-23 15:09:52,964 [INFO] IPUIPlugin:80 - create IPUIPlugin
2025-12-23 15:09:52,964 [INFO] PluginManager:220 - loadIPPluginJar : add fmc
2025-12-23 15:09:52,965 [INFO] IPUIPlugin:80 - create IPUIPlugin
2025-12-23 15:09:52,965 [INFO] PluginManager:220 - loadIPPluginJar : add i2s
2025-12-23 15:09:52,966 [INFO] IPUIPlugin:80 - create IPUIPlugin
2025-12-23 15:09:52,966 [INFO] PluginManager:220 - loadIPPluginJar : add ucpd
2025-12-23 15:09:52,967 [INFO] IPUIPlugin:80 - create IPUIPlugin
2025-12-23 15:09:52,967 [INFO] PluginManager:220 - loadIPPluginJar : add lorawan
2025-12-23 15:09:52,969 [INFO] IPUIPlugin:80 - create IPUIPlugin
2025-12-23 15:09:52,969 [INFO] PluginManager:220 - loadIPPluginJar : add opamp
2025-12-23 15:09:52,970 [INFO] IPUIPlugin:80 - create IPUIPlugin
2025-12-23 15:09:52,970 [INFO] PluginManager:220 - loadIPPluginJar : add i3c
2025-12-23 15:09:52,972 [INFO] IPUIPlugin:80 - create IPUIPlugin
2025-12-23 15:09:52,972 [INFO] PluginManager:220 - loadIPPluginJar : add touchsensing
2025-12-23 15:09:52,973 [INFO] IPUIPlugin:80 - create IPUIPlugin
2025-12-23 15:09:52,973 [INFO] PluginManager:220 - loadIPPluginJar : add i2c
2025-12-23 15:09:52,974 [INFO] IPUIPlugin:80 - create IPUIPlugin
2025-12-23 15:09:52,975 [INFO] PluginManager:220 - loadIPPluginJar : add resmgrutility
2025-12-23 15:09:52,976 [INFO] IPUIPlugin:80 - create IPUIPlugin
2025-12-23 15:09:52,976 [INFO] PluginManager:220 - loadIPPluginJar : add sai
2025-12-23 15:09:52,977 [INFO] IPUIPlugin:80 - create IPUIPlugin
2025-12-23 15:09:52,978 [INFO] PluginManager:220 - loadIPPluginJar : add usbx
2025-12-23 15:09:53,069 [FATAL] Updater:351 - Updater called before beeing initialized
2025-12-23 15:09:53,085 [INFO] RulesReader:64 - Compatibility file has been processed (317 Rules)
2025-12-23 15:09:53,093 [INFO] RulesReader:64 - Compatibility file has been processed (317 Rules)
2025-12-23 15:09:53,099 [INFO] CADModel:165 - CPN selected for project level
2025-12-23 15:09:53,099 [INFO] CADModel:114 - Register for checkConnection events
2025-12-23 15:09:53,099 [FATAL] Updater:351 - Updater called before beeing initialized
2025-12-23 15:09:53,099 [ERROR] CADModel:125 - Updater not yet initialized, retry later 
2025-12-23 15:09:53,203 [FATAL] Updater:351 - Updater called before beeing initialized
2025-12-23 15:09:53,204 [INFO] CADModel:165 - CPN selected for project level
2025-12-23 15:09:53,204 [INFO] CADModel:114 - Register for checkConnection events
2025-12-23 15:09:53,204 [FATAL] Updater:351 - Updater called before beeing initialized
2025-12-23 15:09:53,204 [ERROR] CADModel:125 - Updater not yet initialized, retry later 
2025-12-23 15:09:53,206 [FATAL] Updater:351 - Updater called before beeing initialized
2025-12-23 15:09:53,267 [FATAL] Updater:351 - Updater called before beeing initialized
2025-12-23 15:09:53,270 [INFO] DbMcusAds:53 - JSON generation date=Mon Dec 15 17:11:46 CST 2025 (1765840306612)
2025-12-23 15:09:53,271 [FATAL] Updater:351 - Updater called before beeing initialized
2025-12-23 15:09:53,307 [WARN] DetailPanel:346 - Failed to get advertising image, set to default
2025-12-23 15:09:53,371 [FATAL] Updater:351 - Updater called before beeing initialized
2025-12-23 15:09:53,373 [FATAL] Updater:351 - Updater called before beeing initialized
2025-12-23 15:09:53,373 [FATAL] Updater:351 - Updater called before beeing initialized
2025-12-23 15:09:53,373 [WARN] DetailPanel:346 - Failed to get advertising image, set to default
2025-12-23 15:09:53,374 [FATAL] Updater:351 - Updater called before beeing initialized
2025-12-23 15:09:53,395 [ERROR] Updater:1198 - MainUpdater not yet initialized. External WinMGr cannot be set.
2025-12-23 15:09:53,396 [INFO] Updater:1134 - Updater Version found : 6.15.0
2025-12-23 15:09:53,405 [INFO] ApplicationProperties:184 - Using Application install path: /Applications/STM32CubeIDE.app/Contents/Eclipse/plugins/com.st.stm32cube.common.mx_6.15.0.202507011659
2025-12-23 15:09:53,648 [INFO] MainUpdater:2872 - connection check result : 10
2025-12-23 15:09:53,650 [INFO] MainUpdater:289 - Updater Check For Update Now.
2025-12-23 15:09:53,650 [INFO] MicroXplorer:498 - Change Database Version : DB.6.0.150
2025-12-23 15:09:53,653 [INFO] McuFinderGlobals:63 - Set McuFinder mode to 2 (CubeIDE integrated)
2025-12-23 15:09:53,653 [INFO] UserAuth:171 - activating auth plugin
2025-12-23 15:09:53,655 [INFO] UserAuth:487 - Internet connection configuration mode: 1
2025-12-23 15:09:53,663 [INFO] JxBrowserEngine:152 - Initiate JxBrowser Engine with user profile folder
2025-12-23 15:09:53,812 [INFO] CheckServerUpdateThread:120 - End of CheckServer Thread
2025-12-23 15:09:54,373 [INFO] WebApp:169 - Instantiating new browser for Auth
2025-12-23 15:09:54,892 [INFO] WebApp:463 - Apply proxy settings
2025-12-23 15:09:54,898 [INFO] WebApp:508 - Chromium authenticates against Manually configured proxy
2025-12-23 15:09:54,917 [INFO] WebApp:516 - Username used for proxy authentication: 
2025-12-23 15:09:54,949 [INFO] WebApp:900 - Register for checkConnection events
2025-12-23 15:09:54,969 [INFO] WebApp:463 - Apply proxy settings
2025-12-23 15:09:54,973 [INFO] WebApp:508 - Chromium authenticates against Manually configured proxy
2025-12-23 15:09:55,007 [INFO] WebApp:516 - Username used for proxy authentication: 
2025-12-23 15:09:55,134 [INFO] WebApp:225 - Starting web application
2025-12-23 15:09:55,153 [INFO] WebApp:593 - Web application path used /Applications/STM32CubeIDE.app/Contents/Eclipse/plugins/com.st.stm32cube.common.mx_6.15.0.202507011659/db/plugins/mcufinder/reactClient1/index.html
2025-12-23 15:09:55,808 [INFO] WebApp:191 - Connection restablished
2025-12-23 15:09:56,396 [INFO] McuFinderGlobals:63 - Set McuFinder mode to 2 (CubeIDE integrated)
2025-12-23 15:09:56,415 [INFO] MainUpdater:2872 - connection check result : 10
2025-12-23 15:09:58,294 [WARN] PackLoader:240 - Cannot read IP mode file for STMicroelectronics.FP-SNS-MOTENVWB1.1.4.0
2025-12-23 15:09:58,326 [WARN] PackLoader:240 - Cannot read IP mode file for STMicroelectronics.FP-ATR-ASTRA1.2.0.2
2025-12-23 15:09:58,331 [WARN] PackLoader:240 - Cannot read IP mode file for STMicroelectronics.X-CUBE-SMBUS.2.1.0
2025-12-23 15:09:58,369 [WARN] PackLoader:240 - Cannot read IP mode file for STMicroelectronics.X-CUBE-AZRTOS-F7.1.1.0
2025-12-23 15:09:58,381 [WARN] PackLoader:240 - Cannot read IP mode file for STMicroelectronics.FP-SNS-MOTENV1.5.1.0
2025-12-23 15:09:58,408 [WARN] PackLoader:240 - Cannot read IP mode file for WES.I-CUBE-Cesium.1.4.0
2025-12-23 15:09:58,464 [WARN] PackLoader:240 - Cannot read IP mode file for STMicroelectronics.X-CUBE-AZRTOS-H7.3.4.0
2025-12-23 15:09:58,480 [WARN] PackLoader:240 - Cannot read IP mode file for STMicroelectronics.X-CUBE-DISPLAY.3.0.0
2025-12-23 15:09:58,508 [WARN] PackLoader:240 - Cannot read IP mode file for STMicroelectronics.X-CUBE-NFC10.1.0.0
2025-12-23 15:09:58,512 [WARN] PackLoader:240 - Cannot read IP mode file for STMicroelectronics.X-CUBE-ST60.1.1.0
2025-12-23 15:09:58,516 [WARN] PackLoader:240 - Cannot read IP mode file for emotas.I-CUBE-CANOPEN.1.3.0
2025-12-23 15:09:58,520 [WARN] PackLoader:240 - Cannot read IP mode file for STMicroelectronics.X-CUBE-GNSS1.7.1.0
2025-12-23 15:09:58,525 [WARN] PackLoader:240 - Cannot read IP mode file for STMicroelectronics.FP-SNS-STBOX1.2.1.0
2025-12-23 15:09:58,529 [WARN] PackLoader:240 - Cannot read IP mode file for STMicroelectronics.FP-SNS-SMARTAG2.1.2.0
2025-12-23 15:09:58,531 [WARN] PackLoader:240 - Cannot read IP mode file for STMicroelectronics.FP-SNS-FLIGHT1.5.1.0
2025-12-23 15:09:58,553 [INFO] LogOutputStream:77 - [STDOUT_REDIRECT] 1 : Invalid condition id : UX_CORESTACK_Condition cause : null
2025-12-23 15:09:58,572 [INFO] LogOutputStream:77 - [STDOUT_REDIRECT] 1 : Invalid condition id : UX_CORESTACK_Condition cause : null
2025-12-23 15:09:58,572 [INFO] LogOutputStream:77 - [STDOUT_REDIRECT] 1 : Invalid condition id : UX_CORESTACK_Condition cause : null
2025-12-23 15:09:58,572 [INFO] LogOutputStream:77 - [STDOUT_REDIRECT] 1 : Invalid condition id : UX_CORESTACK_Condition cause : null
2025-12-23 15:09:58,572 [INFO] LogOutputStream:77 - [STDOUT_REDIRECT] 1 : Invalid condition id : UX_CORESTACK_Condition cause : null
2025-12-23 15:09:58,575 [WARN] PackLoader:240 - Cannot read IP mode file for STMicroelectronics.X-CUBE-AZRTOS-WL.2.0.0
2025-12-23 15:09:58,590 [WARN] PackLoader:240 - Cannot read IP mode file for STMicroelectronics.X-CUBE-AZRTOS-H7RS.1.2.0
2025-12-23 15:09:58,684 [WARN] PackLoader:240 - Cannot read IP mode file for STMicroelectronics.X-CUBE-BLE2.3.3.0
2025-12-23 15:09:58,732 [INFO] ApiDb:581 - Connected to CubeFinder SQLite database (/Users/karthikkurapati/.stmcufinder/plugins/mcufinder/mcu/cube-finder-db.db)
2025-12-23 15:09:58,789 [INFO] ApiDb:668 - CubeFinder database Data Model version=2.1
2025-12-23 15:09:58,800 [INFO] ApiDb:669 - CubeFinder database Configuration version=3.0.39
2025-12-23 15:09:58,820 [INFO] ApiDb:670 - CubeFinder database generation date=2025-11-05 (1762334721)
2025-12-23 15:09:58,855 [INFO] ApiDb:671 - CubeFinder database FW Pack versions=[FP-ATR-ASTRA1_V2.0.0, FP-SNS-FLIGHT1_V5.1.0, FP-SNS-MOTENV1_V5.1.0, FP-SNS-MOTENVWB1_V1.4.0, FP-SNS-SMARTAG2_V1.2.0, FP-SNS-STBOX1_V2.1.0, STM32Cube_FW_C0_V1.4.0, STM32Cube_FW_F4_V1.28.3, STM32Cube_FW_F7_V1.17.4, STM32Cube_FW_G0_V1.6.2, STM32Cube_FW_G4_V1.6.1, STM32Cube_FW_H5_V1.5.1, STM32Cube_FW_H7RS_V1.3.0, STM32Cube_FW_H7_V1.12.1, STM32Cube_FW_L0_V1.12.2, STM32Cube_FW_L4_V1.18.1, STM32Cube_FW_L5_V1.6.0, STM32Cube_FW_N6_V1.3.0, STM32Cube_FW_U0_V1.3.0, STM32Cube_FW_U3_V1.2.1, STM32Cube_FW_U5_V1.8.0, STM32Cube_FW_WB0_V1.4.0, STM32Cube_FW_WBA_V1.8.0, STM32Cube_FW_WB_V1.24.0, STM32Cube_FW_WL3_V1.3.0, STM32Cube_FW_WL_V1.4.0, X-CUBE-ALGOBUILD_V1.4.0, X-CUBE-ALS_V1.0.2, X-CUBE-AZRTOS-F4_V1.1.0, X-CUBE-AZRTOS-F7_V1.1.0, X-CUBE-AZRTOS-G0_V1.1.0, X-CUBE-AZRTOS-G4_V2.0.0, X-CUBE-AZRTOS-H7RS_V1.1.0, X-CUBE-AZRTOS-H7_V3.4.0, X-CUBE-AZRTOS-L4_V2.0.0, X-CUBE-AZRTOS-L5_V2.0.0, X-CUBE-AZRTOS-WB_V2.0.0, X-CUBE-AZRTOS-WL_V2.0.0, X-CUBE-BLE1_V7.1.0, X-CUBE-BLE2_V3.3.0, X-CUBE-BLEMGR_V4.1.0, X-CUBE-EEPRMA1_V5.2.0, X-CUBE-FREERTOS_V1.3.1, X-CUBE-GNSS1_V6.0.0, X-CUBE-MEMS1_V11.3.0, X-CUBE-NFC4_V3.0.0, X-CUBE-NFC7_V2.0.0, X-CUBE-SFXS2LP1_V4.0.0, X-CUBE-ST67W61_V1.1.0, X-CUBE-SUBG2_V5.0.0, X-CUBE-TOF1_V3.4.3]
2025-12-23 15:09:59,090 [WARN] PackLoader:240 - Cannot read IP mode file for Infineon.AIROC-Wi-Fi-Bluetooth-STM32.1.8.0
2025-12-23 15:09:59,137 [WARN] PackLoader:240 - Cannot read IP mode file for STMicroelectronics.X-CUBE-NFC9.1.0.0
2025-12-23 15:09:59,194 [WARN] PackLoader:240 - Cannot read IP mode file for STMicroelectronics.X-CUBE-BLE1.7.1.0
2025-12-23 15:09:59,293 [WARN] PackLoader:240 - Cannot read IP mode file for wolfSSL.I-CUBE-wolfMQTT.1.19.2
2025-12-23 15:09:59,332 [WARN] PackLoader:240 - Cannot read IP mode file for STMicroelectronics.X-CUBE-FREERTOS.1.4.0
2025-12-23 15:09:59,369 [WARN] PackLoader:240 - Cannot read IP mode file for STMicroelectronics.X-CUBE-EEPRMA1.5.2.0
2025-12-23 15:09:59,372 [WARN] PackLoader:240 - Cannot read IP mode file for wolfSSL.I-CUBE-wolfSSL.5.8.4
2025-12-23 15:09:59,373 [WARN] PackLoader:240 - Cannot read IP mode file for Cesanta.I-CUBE-Mongoose.7.20.0
2025-12-23 15:09:59,376 [WARN] PackLoader:240 - Cannot read IP mode file for STMicroelectronics.X-CUBE-ST67W61.1.1.0
2025-12-23 15:09:59,405 [WARN] PackLoader:240 - Cannot read IP mode file for STMicroelectronics.X-CUBE-MEMS1.12.0.0
2025-12-23 15:09:59,478 [WARN] PackLoader:240 - Cannot read IP mode file for STMicroelectronics.X-CUBE-AZRTOS-G0.1.1.0
2025-12-23 15:09:59,483 [WARN] PackLoader:240 - Cannot read IP mode file for STMicroelectronics.X-CUBE-NFC4.3.0.0
2025-12-23 15:09:59,495 [WARN] PackLoader:240 - Cannot read IP mode file for EmbeddedOffice.I-CUBE-FS-RTOS.1.0.1
2025-12-23 15:09:59,502 [WARN] PackLoader:240 - Cannot read IP mode file for STMicroelectronics.X-CUBE-WB05N.2.0.0
2025-12-23 15:09:59,507 [WARN] PackLoader:240 - Cannot read IP mode file for wolfSSL.I-CUBE-wolfTPM.3.8.0
2025-12-23 15:09:59,513 [WARN] PackLoader:240 - Cannot read IP mode file for STMicroelectronics.X-CUBE-TCPP.4.2.0
2025-12-23 15:09:59,518 [WARN] PackLoader:240 - Cannot read IP mode file for RealThread.X-CUBE-RT-Thread_Nano.4.1.1
2025-12-23 15:09:59,521 [WARN] PackLoader:240 - Cannot read IP mode file for STMicroelectronics.FP-ATR-SIGFOX1.3.2.0
2025-12-23 15:09:59,527 [WARN] PackLoader:240 - Cannot read IP mode file for ITTIA_DB.I-CUBE-ITTIADB.8.9.0
2025-12-23 15:09:59,532 [WARN] PackLoader:240 - Cannot read IP mode file for STMicroelectronics.X-CUBE-AI.10.2.0
2025-12-23 15:09:59,564 [WARN] PackLoader:240 - Cannot read IP mode file for SEGGER.I-CUBE-embOS.1.3.1
2025-12-23 15:09:59,604 [WARN] PackLoader:240 - Cannot read IP mode file for STMicroelectronics.X-CUBE-ALGOBUILD.1.4.0
2025-12-23 15:09:59,608 [WARN] PackLoader:240 - Cannot read IP mode file for STMicroelectronics.X-CUBE-PM33A1.1.0.0
2025-12-23 15:09:59,621 [WARN] PackLoader:240 - Cannot read IP mode file for STMicroelectronics.X-CUBE-AZRTOS-F4.1.1.0
2025-12-23 15:09:59,628 [WARN] PackLoader:240 - Cannot read IP mode file for STMicroelectronics.X-CUBE-ISPU.2.1.0
2025-12-23 15:09:59,639 [WARN] PackLoader:240 - Cannot read IP mode file for STMicroelectronics.X-CUBE-IPS.3.2.0
2025-12-23 15:09:59,652 [WARN] PackLoader:240 - Cannot read IP mode file for STMicroelectronics.X-CUBE-NFC12.1.0.0
2025-12-23 15:09:59,665 [WARN] PackLoader:240 - Cannot read IP mode file for STMicroelectronics.X-CUBE-AZRTOS-L5.2.0.0
2025-12-23 15:09:59,673 [WARN] PackLoader:240 - Cannot read IP mode file for STMicroelectronics.X-CUBE-NFC6.3.1.0
2025-12-23 15:09:59,680 [WARN] PackLoader:240 - Cannot read IP mode file for STMicroelectronics.X-CUBE-TOUCHGFX.4.26.0
2025-12-23 15:09:59,684 [WARN] PackLoader:240 - Cannot read IP mode file for STMicroelectronics.FP-SNS-STAIOTCFT.1.0.0
2025-12-23 15:09:59,688 [WARN] PackLoader:240 - Cannot read IP mode file for STMicroelectronics.X-CUBE-DPower.1.3.0
2025-12-23 15:09:59,706 [WARN] ConditionMgr:438 - getConditionDescription Invalid condition id : LAN8742 Phy interface Condition cause : null
2025-12-23 15:09:59,707 [WARN] PackLoader:240 - Cannot read IP mode file for STMicroelectronics.X-CUBE-AZRTOS-L4.2.0.0
2025-12-23 15:09:59,708 [WARN] ConditionMgr:1044 - genDependencies : Invalid condition id : LAN8742 Phy interface Condition cause : null
2025-12-23 15:09:59,709 [WARN] ConditionMgr:1044 - genDependencies : Invalid condition id : LAN8742 Phy interface Condition cause : null
2025-12-23 15:09:59,709 [WARN] ConditionMgr:1044 - genDependencies : Invalid condition id : LAN8742 Phy interface Condition cause : null
2025-12-23 15:09:59,715 [WARN] PackLoader:240 - Cannot read IP mode file for STMicroelectronics.X-CUBE-SFXS2LP1.4.0.0
2025-12-23 15:09:59,724 [WARN] PackLoader:240 - Cannot read IP mode file for STMicroelectronics.X-CUBE-BLEMGR.4.1.0
2025-12-23 15:09:59,733 [WARN] ConditionMgr:438 - getConditionDescription Invalid condition id : UX DEVICE CLASS RTOS Condition cause : null
2025-12-23 15:09:59,734 [WARN] ConditionMgr:438 - getConditionDescription Invalid condition id : UX DEVICE CLASS RTOS Condition cause : null
2025-12-23 15:09:59,736 [WARN] PackLoader:240 - Cannot read IP mode file for STMicroelectronics.X-CUBE-AZRTOS-WB.2.0.0
2025-12-23 15:09:59,736 [WARN] ConditionMgr:1044 - genDependencies : Invalid condition id : UX DEVICE CLASS RTOS Condition cause : null
2025-12-23 15:09:59,737 [WARN] ConditionMgr:1044 - genDependencies : Invalid condition id : UX DEVICE CLASS RTOS Condition cause : null
2025-12-23 15:09:59,737 [WARN] ConditionMgr:1044 - genDependencies : Invalid condition id : UX DEVICE CLASS RTOS Condition cause : null
2025-12-23 15:09:59,737 [WARN] ConditionMgr:1044 - genDependencies : Invalid condition id : UX DEVICE CLASS RTOS Condition cause : null
2025-12-23 15:09:59,737 [WARN] ConditionMgr:1044 - genDependencies : Invalid condition id : UX DEVICE CLASS RTOS Condition cause : null
2025-12-23 15:09:59,740 [WARN] ConditionMgr:438 - getConditionDescription Invalid condition id : Cortex-A Device cause : null
2025-12-23 15:09:59,748 [WARN] ConditionMgr:1044 - genDependencies : Invalid condition id : Cortex-A Device cause : null
2025-12-23 15:09:59,748 [WARN] ConditionMgr:1044 - genDependencies : Invalid condition id : Cortex-A Device cause : null
2025-12-23 15:09:59,748 [WARN] ConditionMgr:1044 - genDependencies : Invalid condition id : Cortex-A Device cause : null
2025-12-23 15:09:59,754 [WARN] PackLoader:240 - Cannot read IP mode file for STMicroelectronics.X-CUBE-SUBG2.5.0.0
2025-12-23 15:09:59,766 [WARN] PackLoader:240 - Cannot read IP mode file for STMicroelectronics.X-CUBE-AZRTOS-G4.2.0.0
2025-12-23 15:09:59,770 [WARN] PackLoader:240 - Cannot read IP mode file for wolfSSL.I-CUBE-wolfSSH.1.4.20
2025-12-23 15:09:59,773 [WARN] PackLoader:240 - Cannot read IP mode file for STMicroelectronics.X-CUBE-NFC7.2.0.0
2025-12-23 15:09:59,777 [WARN] PackLoader:240 - Cannot read IP mode file for STMicroelectronics.X-CUBE-ALS.1.0.2
2025-12-23 15:09:59,782 [WARN] PackLoader:240 - Cannot read IP mode file for STMicroelectronics.X-CUBE-STSE01.1.0.0
2025-12-23 15:09:59,789 [WARN] PackLoader:240 - Cannot read IP mode file for STMicroelectronics.X-CUBE-TOF1.3.4.3
2025-12-23 15:09:59,798 [INFO] ThirdParty:978 - Integrity check success = true
2025-12-23 15:09:59,798 [INFO] IntegrityCheckThread:100 - exiting critical section [integrity check]
2025-12-23 15:09:59,798 [INFO] IntegrityCheckThread:103 - End integrity checks thread
2025-12-23 15:10:00,699 [INFO] ApiDb:240 - Found 880 in-development CPN: [B-G473E-ZEST1S, B-WB1M-WPAN1, B-WBA5M-WPAN, B-WL5M-SUBG1, NUCLEO-C031C6, NUCLEO-C051C8, NUCLEO-C071RB, NUCLEO-C092RC, NUCLEO-H503RB, NUCLEO-H533RE, NUCLEO-H563ZI, NUCLEO-H7S3L8, NUCLEO-N657X0-Q, NUCLEO-U031R8, NUCLEO-U083RC, NUCLEO-U385RG-Q, NUCLEO-U545RE-Q, NUCLEO-U5A5ZJ-Q, NUCLEO-WB05KZ, NUCLEO-WB07CC, NUCLEO-WB09KE, NUCLEO-WBA52CG, NUCLEO-WBA55CG, NUCLEO-WL33CC1, NUCLEO-WL33CC2, STEVAL-PROTEUS1, STEVAL-SMARTAG2, STEVAL-STWINBX1, STM320518-EVAL, STM32C0116-DK, STM32C011D6Y3TR, STM32C011D6Y6TR, STM32C011F4P3, STM32C011F4P6, STM32C011F4U3, STM32C011F4U6TR, STM32C011F6P3, STM32C011F6P6, STM32C011F6U3, STM32C011F6U6TR, STM32C011J4M3, STM32C011J4M6, STM32C011J6M3, STM32C011J6M6, STM32C0316-DK, STM32C031C4T3, STM32C031C4T6, STM32C031C4U3, STM32C031C4U6, STM32C031C6T3, STM32C031C6T6, STM32C031C6U3, STM32C031C6U6, STM32C031F4P3, STM32C031F4P6, STM32C031F6P3, STM32C031F6P6, STM32C031G4U3, STM32C031G4U6, STM32C031G6U3, STM32C031G6U6, STM32C031K4T3, STM32C031K4T6, STM32C031K4U3, STM32C031K4U6, STM32C031K6T3, STM32C031K6T6, STM32C031K6U3, STM32C031K6U6, STM32C051C6T6, STM32C051C6U6, STM32C051C8T6, STM32C051C8U6, STM32C051D8Y6TR, STM32C051F6P6, STM32C051F8P6, STM32C051G6U6, STM32C051G8U6, STM32C051K6T6, STM32C051K6U6, STM32C051K8T6, STM32C071C8T6, STM32C071C8T6N, STM32C071C8U6, STM32C071C8U6N, STM32C071CBT6, STM32C071CBT6N, STM32C071CBU6, STM32C071CBU6N, STM32C071F8P6, STM32C071F8P6N, STM32C071FBP6, STM32C071FBP6N, STM32C071FBY6TR, STM32C071G8U6, STM32C071G8U6N, STM32C071GBU6, STM32C071GBU6N, STM32C071K8T6, STM32C071K8T6N, STM32C071K8U6, STM32C071K8U6N, STM32C071KBT6, STM32C071KBT6N, STM32C071KBU6, STM32C071KBU6N, STM32C071R8T6, STM32C071R8T6N, STM32C071RBI6N, STM32C071RBT6, STM32C071RBT6N, STM32C091CBT6, STM32C091CBU6, STM32C091CCT6, STM32C091CCU6, STM32C091ECY6TR, STM32C091FBP6, STM32C091FCP6, STM32C091GBU6, STM32C091GCU6, STM32C091KBT6, STM32C091KBU6, STM32C091KCT6, STM32C091KCU6, STM32C091RBT6, STM32C091RCI6, STM32C091RCT6, STM32C092CBT6, STM32C092CBU6, STM32C092CCT6, STM32C092CCU6, STM32C092ECY6TR, STM32C092FBP6, STM32C092FCP6, STM32C092GBU6, STM32C092GCU6, STM32C092KBT6, STM32C092KBU6, STM32C092KCT6, STM32C092KCU6, STM32C092RBT6, STM32C092RCI6, STM32C092RCT6, STM32G071K8TXN, STM32G071K8UXN, STM32G081GBU6N, STM32G081KBT6N, STM32G081KBUXN, STM32G0B1CCT6N, STM32G0B1KCT6, STM32G0B1NEY6TR, STM32G0B1RCT6N, STM32G0C1CCT6, STM32G0C1CCT6N, STM32G0C1CCU6N, STM32G0C1CET6N, STM32G0C1CEU6N, STM32G0C1KCT6, STM32G0C1NEY6TR, STM32G0C1RCI6N, STM32G0C1RCT6N, STM32G0C1REI6N, STM32G0C1RET6N, STM32G0C1VCI6, STM32G0C1VEI6, STM32G411C6T3, STM32G411C6T6, STM32G411C6U3, STM32G411C6U6, STM32G411C8T3, STM32G411C8T6, STM32G411C8U3, STM32G411C8U6, STM32G411CBT3, STM32G411CBT6, STM32G411CBU3, STM32G411CBU6, STM32G411K6T3, STM32G411K6T6, STM32G411K6U3, STM32G411K6U6, STM32G411K8T3, STM32G411K8T6, STM32G411K8U3, STM32G411K8U6, STM32G411KBT3, STM32G411KBT6, STM32G411KBU3, STM32G411KBU6, STM32G411M6T3, STM32G411M6T6, STM32G411M8T3, STM32G411M8T6, STM32G411MBT3, STM32G411MBT6, STM32G411R6T3, STM32G411R6T6, STM32G411R8T3, STM32G411R8T6, STM32G411RBT3, STM32G411RBT6, STM32G414CBT3, STM32G414CBT6, STM32G414CBU3, STM32G414CBU6, STM32G414CCT3, STM32G414CCT6, STM32G414CCU3, STM32G414CCU6, STM32G414MBT3, STM32G414MBT6, STM32G414MCT3, STM32G414MCT6, STM32G414RBT3, STM32G414RBT6, STM32G414RCT3, STM32G414RCT6, STM32G414VBT3, STM32G414VBT6, STM32G414VCT3, STM32G414VCT6, STM32G431CBT3Z, STM32G431RBT3Z, STM32G471CCT6, STM32G471CCU6, STM32G471CET3, STM32G471CET6, STM32G471CEU3, STM32G471CEU6, STM32G471MCT6, STM32G471MET3, STM32G471MET6, STM32G471MEY6TR, STM32G471QCT6, STM32G471QET3, STM32G471RCT6, STM32G471RET3, STM32G471RET6, STM32G471VCH6, STM32G471VCI6, STM32G471VCT6, STM32G471VEH3, STM32G471VEH6, STM32G471VEI3, STM32G471VEI6, STM32G471VET3, STM32G471VET6, STM32G473QET3Z, STM32G473RET3Z, STM32G474CCT6, STM32G491RET3Z, STM32H503CBT6, STM32H503CBU6, STM32H503EBY6TR, STM32H503KBU6, STM32H503RBT6, STM32H523CCT6, STM32H523CCU6, STM32H523CET6, STM32H523CEU6, STM32H523HEY6TR, STM32H523RCT6, STM32H523RET6, STM32H523VCI6, STM32H523VCT6, STM32H523VEI6, STM32H523VET6, STM32H523ZCJ6, STM32H523ZCT6, STM32H523ZEJ6, STM32H523ZET6, STM32H533CET6, STM32H533CEU6, STM32H533HEY6TR, STM32H533RET6, STM32H533VEI6, STM32H533VET6, STM32H533ZEJ6, STM32H533ZET6, STM32H562AGI6, STM32H562AII6, STM32H562IGK6, STM32H562IGT6, STM32H562IIK6, STM32H562IIT6, STM32H562RGT6, STM32H562RGV6, STM32H562RIT6, STM32H562RIV6, STM32H562VGT6, STM32H562VIT6, STM32H562ZGT6, STM32H562ZIT6, STM32H563AGI6, STM32H563AII3Q, STM32H563AII6, STM32H563IGK6, STM32H563IGT6, STM32H563IIK3Q, STM32H563IIK6, STM32H563IIT3Q, STM32H563IIT6, STM32H563MIY3QTR, STM32H563RGT6, STM32H563RGV6, STM32H563RIT6, STM32H563RIV6, STM32H563VGT6, STM32H563VIT3Q, STM32H563VIT6, STM32H563ZGT6, STM32H563ZIT3Q, STM32H563ZIT6, STM32H573AII3Q, STM32H573AII6, STM32H573I-DK, STM32H573IIK3Q, STM32H573IIK6, STM32H573IIT3Q, STM32H573IIT6, STM32H573MIY3QTR, STM32H573RIT6, STM32H573RIV6, STM32H573VIT3Q, STM32H573VIT6, STM32H573ZIT3Q, STM32H573ZIT6, STM32H7R3A8I6, STM32H7R3I8K6, STM32H7R3I8T6, STM32H7R3L8H6, STM32H7R3L8H6H, STM32H7R3R8V6, STM32H7R3V8H6, STM32H7R3V8T6, STM32H7R3V8Y6TR, STM32H7R3Z8J6, STM32H7R3Z8T6, STM32H7R7A8I6, STM32H7R7I8K6, STM32H7R7I8T6, STM32H7R7L8H6, STM32H7R7L8H6H, STM32H7R7Z8J6, STM32H7S3A8I6, STM32H7S3I8K6, STM32H7S3I8T6, STM32H7S3L8H6, STM32H7S3L8H6H, STM32H7S3R8V6, STM32H7S3V8H6, STM32H7S3V8T6, STM32H7S3V8Y6TR, STM32H7S3Z8J6, STM32H7S3Z8T6, STM32H7S78-DK, STM32H7S7A8I6, STM32H7S7I8K6, STM32H7S7I8T6, STM32H7S7L8H6, STM32H7S7L8H6H, STM32H7S7Z8J6, STM32L4R5QGI6STR, STM32MP131AAE3, STM32MP131AAF3, STM32MP131AAG3, STM32MP131CAE3, STM32MP131CAF3, STM32MP131CAG3, STM32MP131DAE7, STM32MP131DAF7, STM32MP131DAG7, STM32MP131FAE7, STM32MP131FAF7, STM32MP131FAG7, STM32MP133AAE3, STM32MP133AAF3, STM32MP133AAG3, STM32MP133CAE3, STM32MP133CAF3, STM32MP133CAG3, STM32MP133DAE7, STM32MP133DAF7, STM32MP133DAG7, STM32MP133FAE7, STM32MP133FAF7, STM32MP133FAG7, STM32MP135AAE3, STM32MP135AAF3, STM32MP135AAG3, STM32MP135CAE3, STM32MP135CAF3, STM32MP135CAG3, STM32MP135DAE7, STM32MP135DAF7, STM32MP135DAG7, STM32MP135F-DK, STM32MP135FAE7, STM32MP135FAF7, STM32MP135FAF7T, STM32MP135FAF7U, STM32MP135FAG7, STM32MP211AAL3, STM32MP211AAM3, STM32MP211AAN3, STM32MP211AAO3, STM32MP211CAL3, STM32MP211CAM3, STM32MP211CAN3, STM32MP211CAO3, STM32MP211DAL3, STM32MP211DAM3, STM32MP211DAN3, STM32MP211DAO3, STM32MP211FAL3, STM32MP211FAM3, STM32MP211FAN3, STM32MP211FAO3, STM32MP213AAL3, STM32MP213AAM3, STM32MP213AAN3, STM32MP213AAO3, STM32MP213CAL3, STM32MP213CAM3, STM32MP213CAN3, STM32MP213CAO3, STM32MP213DAL3, STM32MP213DAM3, STM32MP213DAN3, STM32MP213DAO3, STM32MP213FAL3, STM32MP213FAM3, STM32MP213FAN3, STM32MP213FAO3, STM32MP215AAL3, STM32MP215AAM3, STM32MP215AAN3, STM32MP215AAO3, STM32MP215CAL3, STM32MP215CAM3, STM32MP215CAN3, STM32MP215CAO3, STM32MP215DAL3, STM32MP215DAM3, STM32MP215DAN3, STM32MP215DAO3, STM32MP215F-DK, STM32MP215FAL3, STM32MP215FAM3, STM32MP215FAN3, STM32MP215FAO3, STM32MP231AAJ3, STM32MP231AAK3, STM32MP231AAL3, STM32MP231CAJ3, STM32MP231CAK3, STM32MP231CAL3, STM32MP231DAJ3, STM32MP231DAK3, STM32MP231DAL3, STM32MP231FAJ3, STM32MP231FAK3, STM32MP231FAL3, STM32MP233AAJ3, STM32MP233AAK3, STM32MP233AAL3, STM32MP233CAJ3, STM32MP233CAK3, STM32MP233CAL3, STM32MP233DAJ3, STM32MP233DAK3, STM32MP233DAL3, STM32MP233FAJ3, STM32MP233FAK3, STM32MP233FAL3, STM32MP235AAJ3, STM32MP235AAK3, STM32MP235AAL3, STM32MP235CAJ3, STM32MP235CAK3, STM32MP235CAL3, STM32MP235DAJ3, STM32MP235DAK3, STM32MP235DAL3, STM32MP235FAJ3, STM32MP235FAK3, STM32MP235FAL3, STM32MP251AAI3, STM32MP251AAK3, STM32MP251AAL3, STM32MP251CAI3, STM32MP251CAK3, STM32MP251CAL3, STM32MP251DAI3, STM32MP251DAK3, STM32MP251DAL3, STM32MP251FAI3, STM32MP251FAK3, STM32MP251FAL3, STM32MP253AAI3, STM32MP253AAK3, STM32MP253AAL3, STM32MP253CAI3, STM32MP253CAK3, STM32MP253CAL3, STM32MP253DAI3, STM32MP253DAK3, STM32MP253DAL3, STM32MP253FAI3, STM32MP253FAK3, STM32MP253FAL3, STM32MP255AAI3, STM32MP255AAK3, STM32MP255AAL3, STM32MP255CAI3, STM32MP255CAK3, STM32MP255CAL3, STM32MP255DAI3, STM32MP255DAK3, STM32MP255DAL3, STM32MP255FAI3, STM32MP255FAK3, STM32MP255FAL3, STM32MP257AAI3, STM32MP257AAK3, STM32MP257AAL3, STM32MP257CAI3, STM32MP257CAK3, STM32MP257CAL3, STM32MP257DAI3, STM32MP257DAK3, STM32MP257DAL3, STM32MP257F-DK, STM32MP257F-EV1, STM32MP257FAI3, STM32MP257FAK3, STM32MP257FAL3, STM32N645A0H3Q, STM32N645B0H3Q, STM32N645I0H3Q, STM32N645L0H3Q, STM32N645X0H3Q, STM32N645Z0H3Q, STM32N647A0H3Q, STM32N647B0H3Q, STM32N647I0H3Q, STM32N647L0H3Q, STM32N647X0H3Q, STM32N647Z0H3Q, STM32N655A0H3Q, STM32N655B0H3Q, STM32N655I0H3Q, STM32N655L0H3Q, STM32N655X0H3Q, STM32N655Z0H3Q, STM32N6570-DK, STM32N657A0H3Q, STM32N657B0H3Q, STM32N657I0H3Q, STM32N657L0H3Q, STM32N657X0H3Q, STM32N657Z0H3Q, STM32U031C6T6, STM32U031C6U6, STM32U031C8T6, STM32U031C8U6, STM32U031F4P6, STM32U031F6P6, STM32U031F8P6, STM32U031G6Y6TR, STM32U031G8Y6TR, STM32U031K4U6, STM32U031K6U6, STM32U031K8U6, STM32U031R6I6, STM32U031R6T6, STM32U031R8I6, STM32U031R8T6, STM32U073C8T6, STM32U073C8U6, STM32U073CBT6, STM32U073CBU6, STM32U073CCT6, STM32U073CCU6, STM32U073H8Y6TR, STM32U073HBY6TR, STM32U073HCY6TR, STM32U073K8U6, STM32U073KBU6, STM32U073KCU6, STM32U073M8I6, STM32U073M8T6, STM32U073MBI6, STM32U073MBT6, STM32U073MCI6, STM32U073MCT6, STM32U073R8I6, STM32U073R8T6, STM32U073RBI6, STM32U073RBT6, STM32U073RCI6, STM32U073RCT6, STM32U083C-DK, STM32U083CCT6, STM32U083CCU6, STM32U083HCY6TR, STM32U083KCU6, STM32U083MCI6, STM32U083MCT6, STM32U083RCI6, STM32U083RCT6, STM32U375CET6, STM32U375CET6Q, STM32U375CEU6, STM32U375CEU6Q, STM32U375CEY6QTR, STM32U375CGT6, STM32U375CGT6Q, STM32U375CGU6, STM32U375CGU6Q, STM32U375CGY6QTR, STM32U375KEU6, STM32U375KGU6, STM32U375REI6, STM32U375REI6Q, STM32U375RET6, STM32U375RET6Q, STM32U375REY6GTR, STM32U375REY6QTR, STM32U375RGI6, STM32U375RGI6Q, STM32U375RGT6, STM32U375RGT6Q, STM32U375RGY6GTR, STM32U375RGY6QTR, STM32U375VEI6, STM32U375VEI6Q, STM32U375VET6, STM32U375VET6Q, STM32U375VGI6, STM32U375VGI6Q, STM32U375VGT6, STM32U375VGT6Q, STM32U385CGT6, STM32U385CGT6Q, STM32U385CGU6, STM32U385CGU6Q, STM32U385CGY6QTR, STM32U385KGU6, STM32U385RGI6, STM32U385RGI6Q, STM32U385RGT6, STM32U385RGT6Q, STM32U385RGY6GTR, STM32U385RGY6QTR, STM32U385VGI6, STM32U385VGI6Q, STM32U385VGT6, STM32U385VGT6Q, STM32U535CBT6, STM32U535CBT6Q, STM32U535CBU6, STM32U535CBU6Q, STM32U535CCT6, STM32U535CCT6Q, STM32U535CCU6, STM32U535CCU6Q, STM32U535CET6, STM32U535CET6Q, STM32U535CEU6, STM32U535CEU6Q, STM32U535JEY6QTR, STM32U535NCY6QTR, STM32U535NEY6QTR, STM32U535RBI6, STM32U535RBI6Q, STM32U535RBT6, STM32U535RBT6Q, STM32U535RCI6, STM32U535RCI6Q, STM32U535RCT6, STM32U535RCT6Q, STM32U535REI6, STM32U535REI6Q, STM32U535RET6, STM32U535RET6Q, STM32U535VCI6, STM32U535VCI6Q, STM32U535VCT6, STM32U535VCT6Q, STM32U535VEI6, STM32U535VEI6Q, STM32U535VET6, STM32U535VET6Q, STM32U545CET6, STM32U545CET6Q, STM32U545CEU6, STM32U545CEU6Q, STM32U545JEY6QTR, STM32U545NEY6QTR, STM32U545REI6, STM32U545REI6Q, STM32U545RET6, STM32U545RET6Q, STM32U545VEI6, STM32U545VEI6Q, STM32U545VET6, STM32U545VET6Q, STM32U595AIH6, STM32U595AIH6Q, STM32U595AJH6, STM32U595AJH6Q, STM32U595QII6, STM32U595QII6Q, STM32U595QJI6, STM32U595QJI6Q, STM32U595RIT6, STM32U595RIT6Q, STM32U595RJT6, STM32U595RJT6Q, STM32U595VIT6, STM32U595VIT6Q, STM32U595VJT6, STM32U595VJT6Q, STM32U595ZIT6, STM32U595ZIT6Q, STM32U595ZIY6QTR, STM32U595ZJT6, STM32U595ZJT6Q, STM32U595ZJY6QTR, STM32U599BJY6QTR, STM32U599NIH6Q, STM32U599NJH6Q, STM32U599VIT6Q, STM32U599VJT6, STM32U599VJT6Q, STM32U599ZIT6Q, STM32U599ZIY6QTR, STM32U599ZJT6Q, STM32U599ZJY6QTR, STM32U5A5AJH6, STM32U5A5AJH6Q, STM32U5A5QII3Q , STM32U5A5QJI6, STM32U5A5QJI6Q, STM32U5A5RJT6, STM32U5A5RJT6Q, STM32U5A5VJT6, STM32U5A5VJT6Q, STM32U5A5ZJT6, STM32U5A5ZJT6Q, STM32U5A5ZJY6QTR, STM32U5A9BJY6QTR, STM32U5A9J-DK, STM32U5A9NJH6Q, STM32U5A9VJT6Q, STM32U5A9ZJT6Q, STM32U5A9ZJY6QTR, STM32U5F7VIT6, STM32U5F7VIT6Q, STM32U5F7VJT6, STM32U5F7VJT6Q, STM32U5F9BJY6QTR, STM32U5F9NJH6Q, STM32U5F9VIT6Q, STM32U5F9VJT6Q, STM32U5F9ZIJ6QTR, STM32U5F9ZIT6Q, STM32U5F9ZJJ6QTR, STM32U5F9ZJT6Q, STM32U5G7VJT6, STM32U5G7VJT6Q, STM32U5G9BJY6QTR, STM32U5G9J-DK1, STM32U5G9J-DK2, STM32U5G9NJH6Q, STM32U5G9VJT6Q, STM32U5G9ZJJ6QTR, STM32U5G9ZJT6Q, STM32WB05KZV6TR, STM32WB05KZV7TR, STM32WB05TZF6TR, STM32WB05TZF7TR, STM32WB06CCF6TR, STM32WB06CCF7TR, STM32WB06CCV6TR, STM32WB06CCV7TR, STM32WB06KCV6TR, STM32WB06KCV7TR, STM32WB07CCF6TR, STM32WB07CCF7TR, STM32WB07CCV6TR, STM32WB07CCV7TR, STM32WB07KCV6TR, STM32WB07KCV7TR, STM32WB09KEV6TR, STM32WB09KEV7TR, STM32WB09TEF6TR, STM32WB09TEF7TR, STM32WB1MMCH6, STM32WBA50KGU6, STM32WBA50KGU6TR, STM32WBA52CEU6, STM32WBA52CEU6TR, STM32WBA52CEU7, STM32WBA52CEU7TR, STM32WBA52CGU6, STM32WBA52CGU6TR, STM32WBA52CGU6U, STM32WBA52CGU7, STM32WBA52CGU7TR, STM32WBA52KEU6, STM32WBA52KEU6TR, STM32WBA52KGU6, STM32WBA52KGU6TR, STM32WBA54CEU6, STM32WBA54CEU6TR, STM32WBA54CEU7, STM32WBA54CEU7TR, STM32WBA54CGU6, STM32WBA54CGU6TR, STM32WBA54CGU7, STM32WBA54CGU7TR, STM32WBA54KEU6, STM32WBA54KEU6TR, STM32WBA54KEU7, STM32WBA54KEU7TR, STM32WBA54KGU6, STM32WBA54KGU6TR, STM32WBA54KGU7, STM32WBA54KGU7TR, STM32WBA55CEU6, STM32WBA55CEU6TR, STM32WBA55CEU7, STM32WBA55CEU7TR, STM32WBA55CGU6, STM32WBA55CGU6TR, STM32WBA55CGU6U, STM32WBA55CGU7, STM32WBA55CGU7TR, STM32WBA55G-DK1, STM32WBA55HEF6, STM32WBA55HEF7, STM32WBA55HGF6, STM32WBA55HGF7, STM32WBA55UEI6, STM32WBA55UEI6TR, STM32WBA55UEI7, STM32WBA55UEI7TR, STM32WBA55UGI6, STM32WBA55UGI6TR, STM32WBA55UGI7, STM32WBA55UGI7TR, STM32WBA5MMGH6TR, STM32WBA62MGF6, STM32WBA62MIF6, STM32WBA65MGF7, STM32WBA65MIF6, STM32WBA65MIF7, STM32WL30K8V6, STM32WL30KBV6, STM32WL31C8V6, STM32WL31CBV6, STM32WL31K8V6, STM32WL31KBV6, STM32WL33C8V6, STM32WL33C8V6X, STM32WL33CBV6, STM32WL33CBV6X, STM32WL33CCV6, STM32WL33CCV6A, STM32WL33CCV6X, STM32WL33K8V7, STM32WL33K8V7X, STM32WL33KBV7 , STM32WL33KBV7X, STM32WL33KCV7, STM32WL33KCV7X, STM32WL5MOCH6, STM32WL5MOCH6TR]
2025-12-23 15:10:00,712 [INFO] DbMcus:218 - Found 4876 MCUs, 4876 are supported
2025-12-23 15:10:00,713 [INFO] ApiDb:423 - Load user favorites file /Users/karthikkurapati/.stm32cubeide/favorites.mcus.txt: 1 item(s)
2025-12-23 15:10:00,713 [INFO] ApiDb:427 - User favorites MCUs=[STM32F072CBT7]
2025-12-23 15:10:00,713 [INFO] DbMcus:224 - Set 1 / 1 favorites MCUs
2025-12-23 15:10:01,037 [INFO] ApiDb:668 - CubeFinder database Data Model version=2.1
2025-12-23 15:10:01,037 [INFO] ApiDb:669 - CubeFinder database Configuration version=3.0.39
2025-12-23 15:10:01,037 [INFO] ApiDb:670 - CubeFinder database generation date=2025-11-05 (1762334721)
2025-12-23 15:10:01,037 [INFO] ApiDb:671 - CubeFinder database FW Pack versions=[FP-ATR-ASTRA1_V2.0.0, FP-SNS-FLIGHT1_V5.1.0, FP-SNS-MOTENV1_V5.1.0, FP-SNS-MOTENVWB1_V1.4.0, FP-SNS-SMARTAG2_V1.2.0, FP-SNS-STBOX1_V2.1.0, STM32Cube_FW_C0_V1.4.0, STM32Cube_FW_F4_V1.28.3, STM32Cube_FW_F7_V1.17.4, STM32Cube_FW_G0_V1.6.2, STM32Cube_FW_G4_V1.6.1, STM32Cube_FW_H5_V1.5.1, STM32Cube_FW_H7RS_V1.3.0, STM32Cube_FW_H7_V1.12.1, STM32Cube_FW_L0_V1.12.2, STM32Cube_FW_L4_V1.18.1, STM32Cube_FW_L5_V1.6.0, STM32Cube_FW_N6_V1.3.0, STM32Cube_FW_U0_V1.3.0, STM32Cube_FW_U3_V1.2.1, STM32Cube_FW_U5_V1.8.0, STM32Cube_FW_WB0_V1.4.0, STM32Cube_FW_WBA_V1.8.0, STM32Cube_FW_WB_V1.24.0, STM32Cube_FW_WL3_V1.3.0, STM32Cube_FW_WL_V1.4.0, X-CUBE-ALGOBUILD_V1.4.0, X-CUBE-ALS_V1.0.2, X-CUBE-AZRTOS-F4_V1.1.0, X-CUBE-AZRTOS-F7_V1.1.0, X-CUBE-AZRTOS-G0_V1.1.0, X-CUBE-AZRTOS-G4_V2.0.0, X-CUBE-AZRTOS-H7RS_V1.1.0, X-CUBE-AZRTOS-H7_V3.4.0, X-CUBE-AZRTOS-L4_V2.0.0, X-CUBE-AZRTOS-L5_V2.0.0, X-CUBE-AZRTOS-WB_V2.0.0, X-CUBE-AZRTOS-WL_V2.0.0, X-CUBE-BLE1_V7.1.0, X-CUBE-BLE2_V3.3.0, X-CUBE-BLEMGR_V4.1.0, X-CUBE-EEPRMA1_V5.2.0, X-CUBE-FREERTOS_V1.3.1, X-CUBE-GNSS1_V6.0.0, X-CUBE-MEMS1_V11.3.0, X-CUBE-NFC4_V3.0.0, X-CUBE-NFC7_V2.0.0, X-CUBE-SFXS2LP1_V4.0.0, X-CUBE-ST67W61_V1.1.0, X-CUBE-SUBG2_V5.0.0, X-CUBE-TOF1_V3.4.3]
2025-12-23 15:10:01,072 [INFO] DbBoardsSqlite:226 - include board P-NUCLEO-WB55-NUCLEO as a kit item of type 'Nucleo-64'
2025-12-23 15:10:01,072 [INFO] DbBoardsSqlite:226 - include board P-NUCLEO-WB55-USBDONGLE as a kit item of type 'Nucleo USB Dongle'
2025-12-23 15:10:01,072 [INFO] DbBoardsSqlite:226 - include board STEVAL-IDP005V1 as a kit item of type 'Evaluation Board'
2025-12-23 15:10:01,072 [INFO] DbBoardsSqlite:226 - include board STEVAL-IDP005V2 as a kit item of type 'Evaluation Board'
2025-12-23 15:10:01,107 [INFO] ApiDb:240 - Found 880 in-development CPN: [B-G473E-ZEST1S, B-WB1M-WPAN1, B-WBA5M-WPAN, B-WL5M-SUBG1, NUCLEO-C031C6, NUCLEO-C051C8, NUCLEO-C071RB, NUCLEO-C092RC, NUCLEO-H503RB, NUCLEO-H533RE, NUCLEO-H563ZI, NUCLEO-H7S3L8, NUCLEO-N657X0-Q, NUCLEO-U031R8, NUCLEO-U083RC, NUCLEO-U385RG-Q, NUCLEO-U545RE-Q, NUCLEO-U5A5ZJ-Q, NUCLEO-WB05KZ, NUCLEO-WB07CC, NUCLEO-WB09KE, NUCLEO-WBA52CG, NUCLEO-WBA55CG, NUCLEO-WL33CC1, NUCLEO-WL33CC2, STEVAL-PROTEUS1, STEVAL-SMARTAG2, STEVAL-STWINBX1, STM320518-EVAL, STM32C0116-DK, STM32C011D6Y3TR, STM32C011D6Y6TR, STM32C011F4P3, STM32C011F4P6, STM32C011F4U3, STM32C011F4U6TR, STM32C011F6P3, STM32C011F6P6, STM32C011F6U3, STM32C011F6U6TR, STM32C011J4M3, STM32C011J4M6, STM32C011J6M3, STM32C011J6M6, STM32C0316-DK, STM32C031C4T3, STM32C031C4T6, STM32C031C4U3, STM32C031C4U6, STM32C031C6T3, STM32C031C6T6, STM32C031C6U3, STM32C031C6U6, STM32C031F4P3, STM32C031F4P6, STM32C031F6P3, STM32C031F6P6, STM32C031G4U3, STM32C031G4U6, STM32C031G6U3, STM32C031G6U6, STM32C031K4T3, STM32C031K4T6, STM32C031K4U3, STM32C031K4U6, STM32C031K6T3, STM32C031K6T6, STM32C031K6U3, STM32C031K6U6, STM32C051C6T6, STM32C051C6U6, STM32C051C8T6, STM32C051C8U6, STM32C051D8Y6TR, STM32C051F6P6, STM32C051F8P6, STM32C051G6U6, STM32C051G8U6, STM32C051K6T6, STM32C051K6U6, STM32C051K8T6, STM32C071C8T6, STM32C071C8T6N, STM32C071C8U6, STM32C071C8U6N, STM32C071CBT6, STM32C071CBT6N, STM32C071CBU6, STM32C071CBU6N, STM32C071F8P6, STM32C071F8P6N, STM32C071FBP6, STM32C071FBP6N, STM32C071FBY6TR, STM32C071G8U6, STM32C071G8U6N, STM32C071GBU6, STM32C071GBU6N, STM32C071K8T6, STM32C071K8T6N, STM32C071K8U6, STM32C071K8U6N, STM32C071KBT6, STM32C071KBT6N, STM32C071KBU6, STM32C071KBU6N, STM32C071R8T6, STM32C071R8T6N, STM32C071RBI6N, STM32C071RBT6, STM32C071RBT6N, STM32C091CBT6, STM32C091CBU6, STM32C091CCT6, STM32C091CCU6, STM32C091ECY6TR, STM32C091FBP6, STM32C091FCP6, STM32C091GBU6, STM32C091GCU6, STM32C091KBT6, STM32C091KBU6, STM32C091KCT6, STM32C091KCU6, STM32C091RBT6, STM32C091RCI6, STM32C091RCT6, STM32C092CBT6, STM32C092CBU6, STM32C092CCT6, STM32C092CCU6, STM32C092ECY6TR, STM32C092FBP6, STM32C092FCP6, STM32C092GBU6, STM32C092GCU6, STM32C092KBT6, STM32C092KBU6, STM32C092KCT6, STM32C092KCU6, STM32C092RBT6, STM32C092RCI6, STM32C092RCT6, STM32G071K8TXN, STM32G071K8UXN, STM32G081GBU6N, STM32G081KBT6N, STM32G081KBUXN, STM32G0B1CCT6N, STM32G0B1KCT6, STM32G0B1NEY6TR, STM32G0B1RCT6N, STM32G0C1CCT6, STM32G0C1CCT6N, STM32G0C1CCU6N, STM32G0C1CET6N, STM32G0C1CEU6N, STM32G0C1KCT6, STM32G0C1NEY6TR, STM32G0C1RCI6N, STM32G0C1RCT6N, STM32G0C1REI6N, STM32G0C1RET6N, STM32G0C1VCI6, STM32G0C1VEI6, STM32G411C6T3, STM32G411C6T6, STM32G411C6U3, STM32G411C6U6, STM32G411C8T3, STM32G411C8T6, STM32G411C8U3, STM32G411C8U6, STM32G411CBT3, STM32G411CBT6, STM32G411CBU3, STM32G411CBU6, STM32G411K6T3, STM32G411K6T6, STM32G411K6U3, STM32G411K6U6, STM32G411K8T3, STM32G411K8T6, STM32G411K8U3, STM32G411K8U6, STM32G411KBT3, STM32G411KBT6, STM32G411KBU3, STM32G411KBU6, STM32G411M6T3, STM32G411M6T6, STM32G411M8T3, STM32G411M8T6, STM32G411MBT3, STM32G411MBT6, STM32G411R6T3, STM32G411R6T6, STM32G411R8T3, STM32G411R8T6, STM32G411RBT3, STM32G411RBT6, STM32G414CBT3, STM32G414CBT6, STM32G414CBU3, STM32G414CBU6, STM32G414CCT3, STM32G414CCT6, STM32G414CCU3, STM32G414CCU6, STM32G414MBT3, STM32G414MBT6, STM32G414MCT3, STM32G414MCT6, STM32G414RBT3, STM32G414RBT6, STM32G414RCT3, STM32G414RCT6, STM32G414VBT3, STM32G414VBT6, STM32G414VCT3, STM32G414VCT6, STM32G431CBT3Z, STM32G431RBT3Z, STM32G471CCT6, STM32G471CCU6, STM32G471CET3, STM32G471CET6, STM32G471CEU3, STM32G471CEU6, STM32G471MCT6, STM32G471MET3, STM32G471MET6, STM32G471MEY6TR, STM32G471QCT6, STM32G471QET3, STM32G471RCT6, STM32G471RET3, STM32G471RET6, STM32G471VCH6, STM32G471VCI6, STM32G471VCT6, STM32G471VEH3, STM32G471VEH6, STM32G471VEI3, STM32G471VEI6, STM32G471VET3, STM32G471VET6, STM32G473QET3Z, STM32G473RET3Z, STM32G474CCT6, STM32G491RET3Z, STM32H503CBT6, STM32H503CBU6, STM32H503EBY6TR, STM32H503KBU6, STM32H503RBT6, STM32H523CCT6, STM32H523CCU6, STM32H523CET6, STM32H523CEU6, STM32H523HEY6TR, STM32H523RCT6, STM32H523RET6, STM32H523VCI6, STM32H523VCT6, STM32H523VEI6, STM32H523VET6, STM32H523ZCJ6, STM32H523ZCT6, STM32H523ZEJ6, STM32H523ZET6, STM32H533CET6, STM32H533CEU6, STM32H533HEY6TR, STM32H533RET6, STM32H533VEI6, STM32H533VET6, STM32H533ZEJ6, STM32H533ZET6, STM32H562AGI6, STM32H562AII6, STM32H562IGK6, STM32H562IGT6, STM32H562IIK6, STM32H562IIT6, STM32H562RGT6, STM32H562RGV6, STM32H562RIT6, STM32H562RIV6, STM32H562VGT6, STM32H562VIT6, STM32H562ZGT6, STM32H562ZIT6, STM32H563AGI6, STM32H563AII3Q, STM32H563AII6, STM32H563IGK6, STM32H563IGT6, STM32H563IIK3Q, STM32H563IIK6, STM32H563IIT3Q, STM32H563IIT6, STM32H563MIY3QTR, STM32H563RGT6, STM32H563RGV6, STM32H563RIT6, STM32H563RIV6, STM32H563VGT6, STM32H563VIT3Q, STM32H563VIT6, STM32H563ZGT6, STM32H563ZIT3Q, STM32H563ZIT6, STM32H573AII3Q, STM32H573AII6, STM32H573I-DK, STM32H573IIK3Q, STM32H573IIK6, STM32H573IIT3Q, STM32H573IIT6, STM32H573MIY3QTR, STM32H573RIT6, STM32H573RIV6, STM32H573VIT3Q, STM32H573VIT6, STM32H573ZIT3Q, STM32H573ZIT6, STM32H7R3A8I6, STM32H7R3I8K6, STM32H7R3I8T6, STM32H7R3L8H6, STM32H7R3L8H6H, STM32H7R3R8V6, STM32H7R3V8H6, STM32H7R3V8T6, STM32H7R3V8Y6TR, STM32H7R3Z8J6, STM32H7R3Z8T6, STM32H7R7A8I6, STM32H7R7I8K6, STM32H7R7I8T6, STM32H7R7L8H6, STM32H7R7L8H6H, STM32H7R7Z8J6, STM32H7S3A8I6, STM32H7S3I8K6, STM32H7S3I8T6, STM32H7S3L8H6, STM32H7S3L8H6H, STM32H7S3R8V6, STM32H7S3V8H6, STM32H7S3V8T6, STM32H7S3V8Y6TR, STM32H7S3Z8J6, STM32H7S3Z8T6, STM32H7S78-DK, STM32H7S7A8I6, STM32H7S7I8K6, STM32H7S7I8T6, STM32H7S7L8H6, STM32H7S7L8H6H, STM32H7S7Z8J6, STM32L4R5QGI6STR, STM32MP131AAE3, STM32MP131AAF3, STM32MP131AAG3, STM32MP131CAE3, STM32MP131CAF3, STM32MP131CAG3, STM32MP131DAE7, STM32MP131DAF7, STM32MP131DAG7, STM32MP131FAE7, STM32MP131FAF7, STM32MP131FAG7, STM32MP133AAE3, STM32MP133AAF3, STM32MP133AAG3, STM32MP133CAE3, STM32MP133CAF3, STM32MP133CAG3, STM32MP133DAE7, STM32MP133DAF7, STM32MP133DAG7, STM32MP133FAE7, STM32MP133FAF7, STM32MP133FAG7, STM32MP135AAE3, STM32MP135AAF3, STM32MP135AAG3, STM32MP135CAE3, STM32MP135CAF3, STM32MP135CAG3, STM32MP135DAE7, STM32MP135DAF7, STM32MP135DAG7, STM32MP135F-DK, STM32MP135FAE7, STM32MP135FAF7, STM32MP135FAF7T, STM32MP135FAF7U, STM32MP135FAG7, STM32MP211AAL3, STM32MP211AAM3, STM32MP211AAN3, STM32MP211AAO3, STM32MP211CAL3, STM32MP211CAM3, STM32MP211CAN3, STM32MP211CAO3, STM32MP211DAL3, STM32MP211DAM3, STM32MP211DAN3, STM32MP211DAO3, STM32MP211FAL3, STM32MP211FAM3, STM32MP211FAN3, STM32MP211FAO3, STM32MP213AAL3, STM32MP213AAM3, STM32MP213AAN3, STM32MP213AAO3, STM32MP213CAL3, STM32MP213CAM3, STM32MP213CAN3, STM32MP213CAO3, STM32MP213DAL3, STM32MP213DAM3, STM32MP213DAN3, STM32MP213DAO3, STM32MP213FAL3, STM32MP213FAM3, STM32MP213FAN3, STM32MP213FAO3, STM32MP215AAL3, STM32MP215AAM3, STM32MP215AAN3, STM32MP215AAO3, STM32MP215CAL3, STM32MP215CAM3, STM32MP215CAN3, STM32MP215CAO3, STM32MP215DAL3, STM32MP215DAM3, STM32MP215DAN3, STM32MP215DAO3, STM32MP215F-DK, STM32MP215FAL3, STM32MP215FAM3, STM32MP215FAN3, STM32MP215FAO3, STM32MP231AAJ3, STM32MP231AAK3, STM32MP231AAL3, STM32MP231CAJ3, STM32MP231CAK3, STM32MP231CAL3, STM32MP231DAJ3, STM32MP231DAK3, STM32MP231DAL3, STM32MP231FAJ3, STM32MP231FAK3, STM32MP231FAL3, STM32MP233AAJ3, STM32MP233AAK3, STM32MP233AAL3, STM32MP233CAJ3, STM32MP233CAK3, STM32MP233CAL3, STM32MP233DAJ3, STM32MP233DAK3, STM32MP233DAL3, STM32MP233FAJ3, STM32MP233FAK3, STM32MP233FAL3, STM32MP235AAJ3, STM32MP235AAK3, STM32MP235AAL3, STM32MP235CAJ3, STM32MP235CAK3, STM32MP235CAL3, STM32MP235DAJ3, STM32MP235DAK3, STM32MP235DAL3, STM32MP235FAJ3, STM32MP235FAK3, STM32MP235FAL3, STM32MP251AAI3, STM32MP251AAK3, STM32MP251AAL3, STM32MP251CAI3, STM32MP251CAK3, STM32MP251CAL3, STM32MP251DAI3, STM32MP251DAK3, STM32MP251DAL3, STM32MP251FAI3, STM32MP251FAK3, STM32MP251FAL3, STM32MP253AAI3, STM32MP253AAK3, STM32MP253AAL3, STM32MP253CAI3, STM32MP253CAK3, STM32MP253CAL3, STM32MP253DAI3, STM32MP253DAK3, STM32MP253DAL3, STM32MP253FAI3, STM32MP253FAK3, STM32MP253FAL3, STM32MP255AAI3, STM32MP255AAK3, STM32MP255AAL3, STM32MP255CAI3, STM32MP255CAK3, STM32MP255CAL3, STM32MP255DAI3, STM32MP255DAK3, STM32MP255DAL3, STM32MP255FAI3, STM32MP255FAK3, STM32MP255FAL3, STM32MP257AAI3, STM32MP257AAK3, STM32MP257AAL3, STM32MP257CAI3, STM32MP257CAK3, STM32MP257CAL3, STM32MP257DAI3, STM32MP257DAK3, STM32MP257DAL3, STM32MP257F-DK, STM32MP257F-EV1, STM32MP257FAI3, STM32MP257FAK3, STM32MP257FAL3, STM32N645A0H3Q, STM32N645B0H3Q, STM32N645I0H3Q, STM32N645L0H3Q, STM32N645X0H3Q, STM32N645Z0H3Q, STM32N647A0H3Q, STM32N647B0H3Q, STM32N647I0H3Q, STM32N647L0H3Q, STM32N647X0H3Q, STM32N647Z0H3Q, STM32N655A0H3Q, STM32N655B0H3Q, STM32N655I0H3Q, STM32N655L0H3Q, STM32N655X0H3Q, STM32N655Z0H3Q, STM32N6570-DK, STM32N657A0H3Q, STM32N657B0H3Q, STM32N657I0H3Q, STM32N657L0H3Q, STM32N657X0H3Q, STM32N657Z0H3Q, STM32U031C6T6, STM32U031C6U6, STM32U031C8T6, STM32U031C8U6, STM32U031F4P6, STM32U031F6P6, STM32U031F8P6, STM32U031G6Y6TR, STM32U031G8Y6TR, STM32U031K4U6, STM32U031K6U6, STM32U031K8U6, STM32U031R6I6, STM32U031R6T6, STM32U031R8I6, STM32U031R8T6, STM32U073C8T6, STM32U073C8U6, STM32U073CBT6, STM32U073CBU6, STM32U073CCT6, STM32U073CCU6, STM32U073H8Y6TR, STM32U073HBY6TR, STM32U073HCY6TR, STM32U073K8U6, STM32U073KBU6, STM32U073KCU6, STM32U073M8I6, STM32U073M8T6, STM32U073MBI6, STM32U073MBT6, STM32U073MCI6, STM32U073MCT6, STM32U073R8I6, STM32U073R8T6, STM32U073RBI6, STM32U073RBT6, STM32U073RCI6, STM32U073RCT6, STM32U083C-DK, STM32U083CCT6, STM32U083CCU6, STM32U083HCY6TR, STM32U083KCU6, STM32U083MCI6, STM32U083MCT6, STM32U083RCI6, STM32U083RCT6, STM32U375CET6, STM32U375CET6Q, STM32U375CEU6, STM32U375CEU6Q, STM32U375CEY6QTR, STM32U375CGT6, STM32U375CGT6Q, STM32U375CGU6, STM32U375CGU6Q, STM32U375CGY6QTR, STM32U375KEU6, STM32U375KGU6, STM32U375REI6, STM32U375REI6Q, STM32U375RET6, STM32U375RET6Q, STM32U375REY6GTR, STM32U375REY6QTR, STM32U375RGI6, STM32U375RGI6Q, STM32U375RGT6, STM32U375RGT6Q, STM32U375RGY6GTR, STM32U375RGY6QTR, STM32U375VEI6, STM32U375VEI6Q, STM32U375VET6, STM32U375VET6Q, STM32U375VGI6, STM32U375VGI6Q, STM32U375VGT6, STM32U375VGT6Q, STM32U385CGT6, STM32U385CGT6Q, STM32U385CGU6, STM32U385CGU6Q, STM32U385CGY6QTR, STM32U385KGU6, STM32U385RGI6, STM32U385RGI6Q, STM32U385RGT6, STM32U385RGT6Q, STM32U385RGY6GTR, STM32U385RGY6QTR, STM32U385VGI6, STM32U385VGI6Q, STM32U385VGT6, STM32U385VGT6Q, STM32U535CBT6, STM32U535CBT6Q, STM32U535CBU6, STM32U535CBU6Q, STM32U535CCT6, STM32U535CCT6Q, STM32U535CCU6, STM32U535CCU6Q, STM32U535CET6, STM32U535CET6Q, STM32U535CEU6, STM32U535CEU6Q, STM32U535JEY6QTR, STM32U535NCY6QTR, STM32U535NEY6QTR, STM32U535RBI6, STM32U535RBI6Q, STM32U535RBT6, STM32U535RBT6Q, STM32U535RCI6, STM32U535RCI6Q, STM32U535RCT6, STM32U535RCT6Q, STM32U535REI6, STM32U535REI6Q, STM32U535RET6, STM32U535RET6Q, STM32U535VCI6, STM32U535VCI6Q, STM32U535VCT6, STM32U535VCT6Q, STM32U535VEI6, STM32U535VEI6Q, STM32U535VET6, STM32U535VET6Q, STM32U545CET6, STM32U545CET6Q, STM32U545CEU6, STM32U545CEU6Q, STM32U545JEY6QTR, STM32U545NEY6QTR, STM32U545REI6, STM32U545REI6Q, STM32U545RET6, STM32U545RET6Q, STM32U545VEI6, STM32U545VEI6Q, STM32U545VET6, STM32U545VET6Q, STM32U595AIH6, STM32U595AIH6Q, STM32U595AJH6, STM32U595AJH6Q, STM32U595QII6, STM32U595QII6Q, STM32U595QJI6, STM32U595QJI6Q, STM32U595RIT6, STM32U595RIT6Q, STM32U595RJT6, STM32U595RJT6Q, STM32U595VIT6, STM32U595VIT6Q, STM32U595VJT6, STM32U595VJT6Q, STM32U595ZIT6, STM32U595ZIT6Q, STM32U595ZIY6QTR, STM32U595ZJT6, STM32U595ZJT6Q, STM32U595ZJY6QTR, STM32U599BJY6QTR, STM32U599NIH6Q, STM32U599NJH6Q, STM32U599VIT6Q, STM32U599VJT6, STM32U599VJT6Q, STM32U599ZIT6Q, STM32U599ZIY6QTR, STM32U599ZJT6Q, STM32U599ZJY6QTR, STM32U5A5AJH6, STM32U5A5AJH6Q, STM32U5A5QII3Q , STM32U5A5QJI6, STM32U5A5QJI6Q, STM32U5A5RJT6, STM32U5A5RJT6Q, STM32U5A5VJT6, STM32U5A5VJT6Q, STM32U5A5ZJT6, STM32U5A5ZJT6Q, STM32U5A5ZJY6QTR, STM32U5A9BJY6QTR, STM32U5A9J-DK, STM32U5A9NJH6Q, STM32U5A9VJT6Q, STM32U5A9ZJT6Q, STM32U5A9ZJY6QTR, STM32U5F7VIT6, STM32U5F7VIT6Q, STM32U5F7VJT6, STM32U5F7VJT6Q, STM32U5F9BJY6QTR, STM32U5F9NJH6Q, STM32U5F9VIT6Q, STM32U5F9VJT6Q, STM32U5F9ZIJ6QTR, STM32U5F9ZIT6Q, STM32U5F9ZJJ6QTR, STM32U5F9ZJT6Q, STM32U5G7VJT6, STM32U5G7VJT6Q, STM32U5G9BJY6QTR, STM32U5G9J-DK1, STM32U5G9J-DK2, STM32U5G9NJH6Q, STM32U5G9VJT6Q, STM32U5G9ZJJ6QTR, STM32U5G9ZJT6Q, STM32WB05KZV6TR, STM32WB05KZV7TR, STM32WB05TZF6TR, STM32WB05TZF7TR, STM32WB06CCF6TR, STM32WB06CCF7TR, STM32WB06CCV6TR, STM32WB06CCV7TR, STM32WB06KCV6TR, STM32WB06KCV7TR, STM32WB07CCF6TR, STM32WB07CCF7TR, STM32WB07CCV6TR, STM32WB07CCV7TR, STM32WB07KCV6TR, STM32WB07KCV7TR, STM32WB09KEV6TR, STM32WB09KEV7TR, STM32WB09TEF6TR, STM32WB09TEF7TR, STM32WB1MMCH6, STM32WBA50KGU6, STM32WBA50KGU6TR, STM32WBA52CEU6, STM32WBA52CEU6TR, STM32WBA52CEU7, STM32WBA52CEU7TR, STM32WBA52CGU6, STM32WBA52CGU6TR, STM32WBA52CGU6U, STM32WBA52CGU7, STM32WBA52CGU7TR, STM32WBA52KEU6, STM32WBA52KEU6TR, STM32WBA52KGU6, STM32WBA52KGU6TR, STM32WBA54CEU6, STM32WBA54CEU6TR, STM32WBA54CEU7, STM32WBA54CEU7TR, STM32WBA54CGU6, STM32WBA54CGU6TR, STM32WBA54CGU7, STM32WBA54CGU7TR, STM32WBA54KEU6, STM32WBA54KEU6TR, STM32WBA54KEU7, STM32WBA54KEU7TR, STM32WBA54KGU6, STM32WBA54KGU6TR, STM32WBA54KGU7, STM32WBA54KGU7TR, STM32WBA55CEU6, STM32WBA55CEU6TR, STM32WBA55CEU7, STM32WBA55CEU7TR, STM32WBA55CGU6, STM32WBA55CGU6TR, STM32WBA55CGU6U, STM32WBA55CGU7, STM32WBA55CGU7TR, STM32WBA55G-DK1, STM32WBA55HEF6, STM32WBA55HEF7, STM32WBA55HGF6, STM32WBA55HGF7, STM32WBA55UEI6, STM32WBA55UEI6TR, STM32WBA55UEI7, STM32WBA55UEI7TR, STM32WBA55UGI6, STM32WBA55UGI6TR, STM32WBA55UGI7, STM32WBA55UGI7TR, STM32WBA5MMGH6TR, STM32WBA62MGF6, STM32WBA62MIF6, STM32WBA65MGF7, STM32WBA65MIF6, STM32WBA65MIF7, STM32WL30K8V6, STM32WL30KBV6, STM32WL31C8V6, STM32WL31CBV6, STM32WL31K8V6, STM32WL31KBV6, STM32WL33C8V6, STM32WL33C8V6X, STM32WL33CBV6, STM32WL33CBV6X, STM32WL33CCV6, STM32WL33CCV6A, STM32WL33CCV6X, STM32WL33K8V7, STM32WL33K8V7X, STM32WL33KBV7 , STM32WL33KBV7X, STM32WL33KCV7, STM32WL33KCV7X, STM32WL5MOCH6, STM32WL5MOCH6TR]
2025-12-23 15:10:01,242 [INFO] BoardInfo:889 - No configuration file found for board P-NUCLEO-WB55
2025-12-23 15:10:01,242 [INFO] DbBoards:161 - Kit is not supported: P-NUCLEO-WB55
2025-12-23 15:10:01,247 [INFO] BoardInfo:889 - No configuration file found for board STEVAL-BFA001V1B
2025-12-23 15:10:01,247 [INFO] DbBoards:161 - Kit is not supported: STEVAL-BFA001V1B
2025-12-23 15:10:01,249 [INFO] BoardInfo:889 - No configuration file found for board STEVAL-BFA001V2B
2025-12-23 15:10:01,249 [INFO] DbBoards:161 - Kit is not supported: STEVAL-BFA001V2B
2025-12-23 15:10:01,398 [INFO] DbBoards:168 - Found 212 boards, 209 are supported
2025-12-23 15:10:01,398 [INFO] DbBoards:169 - Found 212 boards, 43 of them is supported for  Bsp
2025-12-23 15:10:01,400 [INFO] ApiDb:414 - User favorites file not found: /Users/karthikkurapati/.stm32cubeide/favorites.boards.txt
2025-12-23 15:10:01,400 [INFO] DbBoards:198 - Set 0 / 0 favorites Boards
2025-12-23 15:10:01,400 [INFO] McuFinderGlobals:76 - Set McuFinderConnectedMode to true
2025-12-23 15:10:01,406 [INFO] MultiScanPanel:200 - Auto-refresh data requested => check proxy status ongoing
2025-12-23 15:10:01,407 [INFO] FinderPluginLoader:96 - Searching for filters in installed packs
2025-12-23 15:10:02,402 [INFO] LoadUrlFilesThread:185 - End of LoadServerUrlFiles without Thread
2025-12-23 15:10:02,408 [INFO] DetailPanel:341 - Set advertising image to /Users/karthikkurapati/STM32Cube/Repository//en.prom-st67w-expansion-board.png
2025-12-23 15:10:13,239 [INFO] MainUpdater:2872 - connection check result : 10
2025-12-23 15:10:13,239 [INFO] MainUpdater:2872 - connection check result : 10
2025-12-23 15:10:13,461 [INFO] MicroXplorer:468 - Change Database Path : 
2025-12-23 15:10:13,461 [INFO] MicroXplorer:498 - Change Database Version : DB.6.0.150
2025-12-23 15:10:13,464 [WARN] ThirdParty:871 - waiting for thirdparty lock release [close project]
2025-12-23 15:10:13,464 [INFO] ThirdParty:873 - entering critical section [close project]
2025-12-23 15:10:13,464 [INFO] ThirdParty:883 - exiting critical section [close project]
2025-12-23 15:10:13,465 [INFO] PinOutPanel:1589 - setPackage(No Configuration,No Configuration)
2025-12-23 15:10:13,466 [INFO] UtilMem:75 - Begin LoadConfig() Used Memory: 369942112 Bytes (563085312)
2025-12-23 15:10:17,756 [INFO] MicroXplorer:468 - Change Database Path : 
2025-12-23 15:10:17,756 [INFO] MicroXplorer:498 - Change Database Version : DB.6.0.150
2025-12-23 15:10:17,756 [INFO] OpenFileManager:355 - Change cursor
2025-12-23 15:10:17,767 [INFO] Mcu:2029 - Initializing MCU STM32L431C(B-C)Tx STM32L431CBTx STM32L431CBT6
2025-12-23 15:10:18,554 [INFO] Context:786 - Trying to add GPIOservice into a context  which must be forbidden
2025-12-23 15:10:18,971 [INFO] Rule:233 - rule Adapt Old IOC before rework replace old CORTEX_M33/CORTEX_M55 attributes by the new one. is applicable
2025-12-23 15:10:18,972 [INFO] Rule:233 - rule Rename parametre of RCC RCC_APBDBG_DIV2 to RCC_TIMPRES_DIV2 is applicable
2025-12-23 15:10:18,972 [INFO] Rule:233 - rule Rename DIE493 pin PA10 [PA12] -> PA10 is applicable
2025-12-23 15:10:18,972 [INFO] Rule:233 - rule Rename DIE493 pin PA9 [PA11] -> PA9 is applicable
2025-12-23 15:10:18,972 [INFO] Rule:233 - rule Rename DIE492 PartNumber CPN STM32WBA5MJGHx -> STM32WBA5MMGHx is applicable
2025-12-23 15:10:18,972 [INFO] Rule:233 - rule Rename DIE492 PartNumber  Name STM32WBA5MJGHx -> STM32WBA5MMGHx is applicable
2025-12-23 15:10:18,972 [INFO] Rule:233 - rule Rename DIE492 PartNumber UserName STM32WBA5MJGHx -> STM32WBA5MMGHx is applicable
2025-12-23 15:10:18,972 [INFO] Rule:233 - rule Rename DIE492 PartNumber DeviceId STM32WBA5MJGHx -> STM32WBA5MMGHx is applicable
2025-12-23 15:10:18,972 [INFO] Rule:233 - rule Adapt Old IOC CSI. is applicable
2025-12-23 15:10:18,972 [INFO] Rule:233 - rule Adapt Old IOC DCMIPP. is applicable
2025-12-23 15:10:18,972 [INFO] Rule:233 - rule Adapt Old IOC DCMIPP Mode Parallel. is applicable
2025-12-23 15:10:18,972 [INFO] Rule:233 - rule Adapt Old IOC LTDC. is applicable
2025-12-23 15:10:18,972 [INFO] Rule:233 - rule Rename STM32MP2 RIF Peripheral LTDC RIF.RISUP.LTDC_L0L1.Privilege -> RIF.RISUP.LTDC_L1L2.Privilege is applicable
2025-12-23 15:10:18,972 [INFO] Rule:233 - rule Rename STM32MP2 RIF Peripheral LTDC RIF.RISUP.LTDC_L0L1.Privilege -> RIF.RISUP.LTDC_L1L2.Privilege is applicable
2025-12-23 15:10:18,972 [INFO] Rule:233 - rule Rename STM32MP2 RIF Peripheral LTDC RIF.RISUP.LTDC_L0L1.Lock -> RIF.RISUP.LTDC_L1L2.Lock is applicable
2025-12-23 15:10:18,972 [INFO] Rule:233 - rule Rename STM32MP2 RIF Peripheral LTDC RIF.RISUP.LTDC_L2.Lock -> RIF.RISUP.LTDC_L3.Lock is applicable
2025-12-23 15:10:18,972 [INFO] Rule:233 - rule Adapt the old IOC example for updating the SYS when it is misconfigured. is applicable
2025-12-23 15:10:18,972 [INFO] Rule:233 - rule Rename STM32C09 Mcu.Package LQFP64 -> LQFP48 is applicable
2025-12-23 15:10:18,972 [INFO] Rule:233 - rule Adapt the old IOC example for updating the SYS when it is misconfigured. is applicable
2025-12-23 15:10:18,972 [INFO] Rule:233 - rule Adapt the old IOC example for updating the SYS when it is misconfigured. is applicable
2025-12-23 15:10:18,975 [INFO] DbConfProperties:307 - Apply Compatibility (4/20 Rules)
2025-12-23 15:10:18,992 [INFO] ImportTextPane:234 - (OptionalMessage_ERROR) Pin32 (VP_RIF_VS_RIF1) cannot be retrieved for this MCU
2025-12-23 15:10:19,138 [INFO] RtosManager:558 - Registered RTOS mode: class=CMSIS, group=RTOS, mode=CMSIS_V1, owner=FREERTOS
2025-12-23 15:10:19,138 [INFO] RtosManager:558 - Registered RTOS mode: class=CMSIS, group=RTOS2, mode=CMSIS_V2, owner=FREERTOS
2025-12-23 15:10:19,139 [INFO] RtosManager:558 - Registered RTOS mode: class=RTOS, group=Core, mode=CMSIS_V1, owner=FREERTOS
2025-12-23 15:10:19,139 [INFO] RtosManager:558 - Registered RTOS mode: class=RTOS, group=Core, mode=CMSIS_V2, owner=FREERTOS
2025-12-23 15:10:19,139 [WARN] ModelIntegratedComponent:184 - Missing modes for component STMicroelectronics:FreeRTOS:0.0.1:STMicroelectronics:RTOS:FreeRTOS:Core:::10.2.0:
2025-12-23 15:10:19,158 [WARN] ModelIntegratedComponent:63 - No mode defined for component null
2025-12-23 15:10:19,158 [WARN] ModelIntegratedComponent:63 - No mode defined for component null
2025-12-23 15:10:19,158 [WARN] ModelIntegratedComponent:63 - No mode defined for component null
2025-12-23 15:10:19,158 [WARN] ModelIntegratedComponent:63 - No mode defined for component null
2025-12-23 15:10:19,158 [WARN] ModelIntegratedComponent:63 - No mode defined for component null
2025-12-23 15:10:19,158 [WARN] ModelIntegratedComponent:63 - No mode defined for component null
2025-12-23 15:10:19,158 [WARN] ModelIntegratedComponent:63 - No mode defined for component null
2025-12-23 15:10:19,158 [WARN] ModelIntegratedComponent:63 - No mode defined for component null
2025-12-23 15:10:19,159 [WARN] ModelIntegratedComponent:63 - No mode defined for component null
2025-12-23 15:10:19,159 [WARN] ModelIntegratedComponent:63 - No mode defined for component null
2025-12-23 15:10:19,159 [WARN] ModelIntegratedComponent:63 - No mode defined for component null
2025-12-23 15:10:19,159 [WARN] ModelIntegratedComponent:63 - No mode defined for component null
2025-12-23 15:10:19,159 [WARN] ModelIntegratedComponent:63 - No mode defined for component null
2025-12-23 15:10:19,159 [WARN] ModelIntegratedComponent:63 - No mode defined for component null
2025-12-23 15:10:19,159 [WARN] ModelIntegratedComponent:63 - No mode defined for component null
2025-12-23 15:10:19,160 [WARN] ModelIntegratedComponent:63 - No mode defined for component null
2025-12-23 15:10:19,160 [WARN] ModelIntegratedComponent:63 - No mode defined for component null
2025-12-23 15:10:19,160 [WARN] ModelIntegratedComponent:63 - No mode defined for component null
2025-12-23 15:10:19,160 [WARN] ModelIntegratedComponent:63 - No mode defined for component null
2025-12-23 15:10:19,160 [WARN] ModelIntegratedComponent:63 - No mode defined for component null
2025-12-23 15:10:19,160 [WARN] ModelIntegratedComponent:63 - No mode defined for component null
2025-12-23 15:10:19,160 [WARN] ModelIntegratedComponent:63 - No mode defined for component null
2025-12-23 15:10:19,160 [WARN] ModelIntegratedComponent:63 - No mode defined for component null
2025-12-23 15:10:19,160 [WARN] ModelIntegratedComponent:63 - No mode defined for component null
2025-12-23 15:10:19,160 [WARN] ModelIntegratedComponent:63 - No mode defined for component null
2025-12-23 15:10:19,160 [WARN] ModelIntegratedComponent:63 - No mode defined for component null
2025-12-23 15:10:19,161 [WARN] ModelIntegratedComponent:63 - No mode defined for component null
2025-12-23 15:10:19,161 [WARN] ModelIntegratedComponent:63 - No mode defined for component null
2025-12-23 15:10:19,161 [WARN] ModelIntegratedComponent:63 - No mode defined for component null
2025-12-23 15:10:19,161 [WARN] ModelIntegratedComponent:63 - No mode defined for component null
2025-12-23 15:10:19,161 [WARN] ModelIntegratedComponent:63 - No mode defined for component null
2025-12-23 15:10:19,161 [WARN] ModelIntegratedComponent:63 - No mode defined for component null
2025-12-23 15:10:19,161 [WARN] ModelIntegratedComponent:63 - No mode defined for component null
2025-12-23 15:10:19,162 [WARN] ModelIntegratedComponent:63 - No mode defined for component null
2025-12-23 15:10:19,162 [WARN] ModelIntegratedComponent:63 - No mode defined for component null
2025-12-23 15:10:19,162 [WARN] ModelPack:524 - Component already loaded: STMicroelectronics:HAL Drivers:0.0.0:STMicroelectronics:Device:STMicro_Driver:XSPI:HAL::0.0.1:HAL_XSPI
2025-12-23 15:10:19,196 [INFO] ThirdPartyModel:298 - Start build external matchings
2025-12-23 15:10:19,647 [INFO] ThirdPartyModel:316 - End build external matchings
2025-12-23 15:10:19,666 [INFO] ImportTextPane:234 - (OptionalMessage_ERROR) IP (ADC1) : Parameter (CommonPathInternal) has invalid value (null|null|null|null)
2025-12-23 15:10:19,667 [INFO] ImportTextPane:234 - (OptionalMessage_ERROR) IP (DMA) : Parameter (Instance) has Id (ADC1) currently not set
2025-12-23 15:10:19,667 [INFO] ImportTextPane:234 - (OptionalMessage_ERROR) IP (DMA) : Parameter (Request) has Id (ADC1) currently not set
2025-12-23 15:10:19,667 [INFO] ImportTextPane:234 - (OptionalMessage_ERROR) IP (DMA) : Parameter (Direction) has Id (ADC1) currently not set
2025-12-23 15:10:19,667 [INFO] ImportTextPane:234 - (OptionalMessage_ERROR) IP (DMA) : Parameter (PeriphInc) has Id (ADC1) currently not set
2025-12-23 15:10:19,667 [INFO] ImportTextPane:234 - (OptionalMessage_ERROR) IP (DMA) : Parameter (MemInc) has Id (ADC1) currently not set
2025-12-23 15:10:19,668 [INFO] ImportTextPane:234 - (OptionalMessage_ERROR) IP (DMA) : Parameter (PeriphDataAlignment) has Id (ADC1) currently not set
2025-12-23 15:10:19,668 [INFO] ImportTextPane:234 - (OptionalMessage_ERROR) IP (DMA) : Parameter (MemDataAlignment) has Id (ADC1) currently not set
2025-12-23 15:10:19,668 [INFO] ImportTextPane:234 - (OptionalMessage_ERROR) IP (DMA) : Parameter (Mode) has Id (ADC1) currently not set
2025-12-23 15:10:19,668 [INFO] ImportTextPane:234 - (OptionalMessage_ERROR) IP (DMA) : Parameter (Priority) has Id (ADC1) currently not set
2025-12-23 15:10:19,671 [INFO] ImportTextPane:234 - (OptionalMessage_ERROR) IP (RCC) : Invalid parameter (FamilyName)
2025-12-23 15:10:19,838 [INFO] UtilMem:75 - End LoadConfig() Used Memory: 575235696 Bytes (636485632)
2025-12-23 15:10:19,952 [WARN] ThirdParty:833 - waiting for thirdparty lock release [change project]
2025-12-23 15:10:19,952 [INFO] ThirdParty:835 - entering critical section [change project]
2025-12-23 15:10:19,952 [INFO] ThirdParty:1030 - CMSIS Pack Vendor :STMicroelectronics X-CUBE-PM33A1 1.0.0
2025-12-23 15:10:19,952 [INFO] ThirdParty:1030 - CMSIS Pack Vendor :STMicroelectronics USBPD 4.1
2025-12-23 15:10:19,952 [INFO] ThirdParty:1030 - CMSIS Pack Vendor :STMicroelectronics X-CUBE-NFC9 1.0.0
2025-12-23 15:10:19,952 [INFO] ThirdParty:1030 - CMSIS Pack Vendor :STMicroelectronics USB_HOST 2.0.0
2025-12-23 15:10:19,953 [INFO] ThirdParty:1030 - CMSIS Pack Vendor :STMicroelectronics FP-SNS-MOTENVWB1 1.4.0
2025-12-23 15:10:19,953 [INFO] ThirdParty:1030 - CMSIS Pack Vendor :STMicroelectronics X-CUBE-AZRTOS-F4 1.1.0
2025-12-23 15:10:19,953 [INFO] ThirdParty:1030 - CMSIS Pack Vendor :STMicroelectronics LIBJPEG 8.0.0
2025-12-23 15:10:19,953 [INFO] ThirdParty:1030 - CMSIS Pack Vendor :STMicroelectronics FP-ATR-ASTRA1 2.0.2
2025-12-23 15:10:19,953 [INFO] ThirdParty:1030 - CMSIS Pack Vendor :STMicroelectronics X-CUBE-BLE1 7.1.0
2025-12-23 15:10:19,953 [INFO] ThirdParty:1030 - CMSIS Pack Vendor :STMicroelectronics X-CUBE-SMBUS 2.1.0
2025-12-23 15:10:19,953 [INFO] ThirdParty:1030 - CMSIS Pack Vendor :wolfSSL I-CUBE-wolfMQTT 1.19.2
2025-12-23 15:10:19,953 [INFO] ThirdParty:1030 - CMSIS Pack Vendor :STMicroelectronics USB_DEVICE 3.0.0
2025-12-23 15:10:19,953 [INFO] ThirdParty:1030 - CMSIS Pack Vendor :STMicroelectronics X-CUBE-ISPU 2.1.0
2025-12-23 15:10:19,953 [INFO] ThirdParty:1030 - CMSIS Pack Vendor :STMicroelectronics X-CUBE-FREERTOS 1.4.0
2025-12-23 15:10:19,953 [INFO] ThirdParty:1030 - CMSIS Pack Vendor :STMicroelectronics X-CUBE-EEPRMA1 5.2.0
2025-12-23 15:10:19,953 [INFO] ThirdParty:1030 - CMSIS Pack Vendor :STMicroelectronics X-CUBE-IPS 3.2.0
2025-12-23 15:10:19,953 [INFO] ThirdParty:1030 - CMSIS Pack Vendor :STMicroelectronics X-CUBE-BLEMGR 4.1.0
2025-12-23 15:10:19,953 [INFO] ThirdParty:1030 - CMSIS Pack Vendor :STMicroelectronics X-CUBE-AZRTOS-WB 2.0.0
2025-12-23 15:10:19,953 [INFO] ThirdParty:1030 - CMSIS Pack Vendor :wolfSSL I-CUBE-wolfSSL 5.8.4
2025-12-23 15:10:19,953 [INFO] ThirdParty:1030 - CMSIS Pack Vendor :Cesanta I-CUBE-Mongoose 7.20.0
2025-12-23 15:10:19,953 [INFO] ThirdParty:1030 - CMSIS Pack Vendor :STMicroelectronics X-CUBE-NFC12 1.0.0
2025-12-23 15:10:19,953 [INFO] ThirdParty:1030 - CMSIS Pack Vendor :STMicroelectronics X-CUBE-AZRTOS-F7 1.1.0
2025-12-23 15:10:19,953 [INFO] ThirdParty:1030 - CMSIS Pack Vendor :STMicroelectronics X-CUBE-AZRTOS-L5 2.0.0
2025-12-23 15:10:19,953 [INFO] ThirdParty:1030 - CMSIS Pack Vendor :STMicroelectronics USB_DEVICE 2.0.0
2025-12-23 15:10:19,953 [INFO] ThirdParty:1030 - CMSIS Pack Vendor :STMicroelectronics X-CUBE-NFC6 3.1.0
2025-12-23 15:10:19,953 [INFO] ThirdParty:1030 - CMSIS Pack Vendor :STMicroelectronics X-CUBE-ST67W61 1.1.0
2025-12-23 15:10:19,954 [INFO] ThirdParty:1030 - CMSIS Pack Vendor :quantropi X-CUBE-qispace-sdk-base 2.1.0
2025-12-23 15:10:19,954 [INFO] ThirdParty:1030 - CMSIS Pack Vendor :STMicroelectronics X-CUBE-MEMS1 12.0.0
2025-12-23 15:10:19,954 [INFO] ThirdParty:1030 - CMSIS Pack Vendor :STMicroelectronics FP-SNS-MOTENV1 5.1.0
2025-12-23 15:10:19,954 [INFO] ThirdParty:1030 - CMSIS Pack Vendor :STMicroelectronics FreeRTOS 0.0.1
2025-12-23 15:10:19,954 [INFO] ThirdParty:1030 - CMSIS Pack Vendor :STMicroelectronics X-CUBE-AZRTOS-G0 1.1.0
2025-12-23 15:10:19,954 [INFO] ThirdParty:1030 - CMSIS Pack Vendor :STMicroelectronics X-CUBE-NFC4 3.0.0
2025-12-23 15:10:19,954 [INFO] ThirdParty:1030 - CMSIS Pack Vendor :STMicroelectronics X-CUBE-SUBG2 5.0.0
2025-12-23 15:10:19,954 [INFO] ThirdParty:1030 - CMSIS Pack Vendor :STMicroelectronics STM32_WPAN 1.0.0
2025-12-23 15:10:19,954 [INFO] ThirdParty:1030 - CMSIS Pack Vendor :EmbeddedOffice I-CUBE-FS-RTOS 1.0.1
2025-12-23 15:10:19,954 [INFO] ThirdParty:1030 - CMSIS Pack Vendor :STMicroelectronics lwIP 2.0.3
2025-12-23 15:10:19,954 [INFO] ThirdParty:1030 - CMSIS Pack Vendor :WES I-CUBE-Cesium 1.4.0
2025-12-23 15:10:19,954 [INFO] ThirdParty:1030 - CMSIS Pack Vendor :STMicroelectronics USB_HOST 1.0.0
2025-12-23 15:10:19,954 [INFO] ThirdParty:1030 - CMSIS Pack Vendor :STMicroelectronics X-CUBE-AZRTOS-G4 2.0.0
2025-12-23 15:10:19,954 [INFO] ThirdParty:1030 - CMSIS Pack Vendor :STMicroelectronics X-CUBE-WB05N 2.0.0
2025-12-23 15:10:19,954 [INFO] ThirdParty:1030 - CMSIS Pack Vendor :STMicroelectronics PDM2PCM 3.1.0
2025-12-23 15:10:19,954 [INFO] ThirdParty:1030 - CMSIS Pack Vendor :STMicroelectronics PDM2PCM 3.3.0
2025-12-23 15:10:19,954 [INFO] ThirdParty:1030 - CMSIS Pack Vendor :wolfSSL I-CUBE-wolfTPM 3.8.0
2025-12-23 15:10:19,954 [INFO] ThirdParty:1030 - CMSIS Pack Vendor :STMicroelectronics X-CUBE-AZRTOS-H7 3.4.0
2025-12-23 15:10:19,954 [INFO] ThirdParty:1030 - CMSIS Pack Vendor :STMicroelectronics X-CUBE-DISPLAY 3.0.0
2025-12-23 15:10:19,954 [INFO] ThirdParty:1030 - CMSIS Pack Vendor :wolfSSL I-CUBE-wolfSSH 1.4.20
2025-12-23 15:10:19,954 [INFO] ThirdParty:1030 - CMSIS Pack Vendor :STMicroelectronics X-CUBE-NFC7 2.0.0
2025-12-23 15:10:19,954 [INFO] ThirdParty:1030 - CMSIS Pack Vendor :STMicroelectronics X-CUBE-TCPP 4.2.0
2025-12-23 15:10:19,954 [INFO] ThirdParty:1030 - CMSIS Pack Vendor :RealThread X-CUBE-RT-Thread_Nano 4.1.1
2025-12-23 15:10:19,954 [INFO] ThirdParty:1030 - CMSIS Pack Vendor :STMicroelectronics FP-ATR-SIGFOX1 3.2.0
2025-12-23 15:10:19,954 [INFO] ThirdParty:1030 - CMSIS Pack Vendor :STMicroelectronics X-CUBE-NFC10 1.0.0
2025-12-23 15:10:19,955 [INFO] ThirdParty:1030 - CMSIS Pack Vendor :STMicroelectronics HAL Drivers 0.0.0
2025-12-23 15:10:19,955 [INFO] ThirdParty:1030 - CMSIS Pack Vendor :STMicroelectronics MBEDTLS 2.16.2
2025-12-23 15:10:19,955 [INFO] ThirdParty:1030 - CMSIS Pack Vendor :STMicroelectronics X-CUBE-ST60 1.1.0
2025-12-23 15:10:19,955 [INFO] ThirdParty:1030 - CMSIS Pack Vendor :STMicroelectronics X-CUBE-ALS 1.0.2
2025-12-23 15:10:19,955 [INFO] ThirdParty:1030 - CMSIS Pack Vendor :emotas I-CUBE-CANOPEN 1.3.0
2025-12-23 15:10:19,955 [INFO] ThirdParty:1030 - CMSIS Pack Vendor :STMicroelectronics MBEDTLS 2.14.1
2025-12-23 15:10:19,955 [INFO] ThirdParty:1030 - CMSIS Pack Vendor :STMicroelectronics X-CUBE-GNSS1 7.1.0
2025-12-23 15:10:19,955 [INFO] ThirdParty:1030 - CMSIS Pack Vendor :ITTIA_DB I-CUBE-ITTIADB 8.9.0
2025-12-23 15:10:19,955 [INFO] ThirdParty:1030 - CMSIS Pack Vendor :STMicroelectronics X-CUBE-TOUCHGFX 4.26.0
2025-12-23 15:10:19,955 [INFO] ThirdParty:1030 - CMSIS Pack Vendor :STMicroelectronics X-CUBE-STSE01 1.0.0
2025-12-23 15:10:19,955 [INFO] ThirdParty:1030 - CMSIS Pack Vendor :STMicroelectronics FP-SNS-STBOX1 2.1.0
2025-12-23 15:10:19,955 [INFO] ThirdParty:1030 - CMSIS Pack Vendor :STMicroelectronics X-CUBE-AI 10.2.0
2025-12-23 15:10:19,955 [INFO] ThirdParty:1030 - CMSIS Pack Vendor :STMicroelectronics FP-SNS-STAIOTCFT 1.0.0
2025-12-23 15:10:19,955 [INFO] ThirdParty:1030 - CMSIS Pack Vendor :STMicroelectronics ThreadX 1.0.0
2025-12-23 15:10:19,955 [INFO] ThirdParty:1030 - CMSIS Pack Vendor :STMicroelectronics FP-SNS-SMARTAG2 1.2.0
2025-12-23 15:10:19,955 [INFO] ThirdParty:1030 - CMSIS Pack Vendor :STMicroelectronics FP-SNS-FLIGHT1 5.1.0
2025-12-23 15:10:19,955 [INFO] ThirdParty:1030 - CMSIS Pack Vendor :STMicroelectronics X-CUBE-AZRTOS-WL 2.0.0
2025-12-23 15:10:19,955 [INFO] ThirdParty:1030 - CMSIS Pack Vendor :SEGGER I-CUBE-embOS 1.3.1
2025-12-23 15:10:19,955 [INFO] ThirdParty:1030 - CMSIS Pack Vendor :STMicroelectronics X-CUBE-ALGOBUILD 1.4.0
2025-12-23 15:10:19,955 [INFO] ThirdParty:1030 - CMSIS Pack Vendor :STMicroelectronics X-CUBE-DPower 1.3.0
2025-12-23 15:10:19,955 [INFO] ThirdParty:1030 - CMSIS Pack Vendor :STMicroelectronics USB_DEVICE 1.0.0
2025-12-23 15:10:19,955 [INFO] ThirdParty:1030 - CMSIS Pack Vendor :STMicroelectronics X-CUBE-AZRTOS-H7RS 1.2.0
2025-12-23 15:10:19,955 [INFO] ThirdParty:1030 - CMSIS Pack Vendor :STMicroelectronics X-CUBE-AZRTOS-L4 2.0.0
2025-12-23 15:10:19,955 [INFO] ThirdParty:1030 - CMSIS Pack Vendor :STMicroelectronics ThreadX 0.0.2
2025-12-23 15:10:19,955 [INFO] ThirdParty:1030 - CMSIS Pack Vendor :STMicroelectronics lwIP 2.1.2
2025-12-23 15:10:19,955 [INFO] ThirdParty:1030 - CMSIS Pack Vendor :STMicroelectronics X-CUBE-SFXS2LP1 4.0.0
2025-12-23 15:10:19,955 [INFO] ThirdParty:1030 - CMSIS Pack Vendor :STMicroelectronics X-CUBE-BLE2 3.3.0
2025-12-23 15:10:19,955 [INFO] ThirdParty:1030 - CMSIS Pack Vendor :Avnet-IOTCONNECT X-CUBE-iotc-st67-sdk 1.0.0
2025-12-23 15:10:19,955 [INFO] ThirdParty:1030 - CMSIS Pack Vendor :STMicroelectronics X-CUBE-TOF1 3.4.3
2025-12-23 15:10:19,956 [INFO] ThirdParty:1030 - CMSIS Pack Vendor :Infineon AIROC-Wi-Fi-Bluetooth-STM32 1.8.0
2025-12-23 15:10:19,956 [INFO] ThirdParty:1030 - CMSIS Pack Vendor :STMicroelectronics PDM2PCM 3.2.0
2025-12-23 15:10:19,956 [INFO] ThirdParty:841 - exiting critical section [change project]
2025-12-23 15:10:20,199 [INFO] PinOutPanel:1589 - setPackage(No Configuration,No Configuration)
2025-12-23 15:10:20,200 [INFO] PinOutPanel:1589 - setPackage(STM32L431CBTx,LQFP48)
2025-12-23 15:10:20,763 [INFO] UtilMem:75 - Before build in PCC Used Memory: 323507592 Bytes (696254464)
2025-12-23 15:10:21,430 [INFO] UtilMem:75 - After build in PCC Used Memory: 656428424 Bytes (696254464)
2025-12-23 15:10:21,453 [INFO] IPUIPlugin:80 - create IPUIPlugin
2025-12-23 15:10:21,456 [INFO] IPUIPlugin:80 - create IPUIPlugin
2025-12-23 15:10:21,457 [INFO] IPUIPlugin:80 - create IPUIPlugin
2025-12-23 15:10:21,457 [INFO] IPUIPlugin:80 - create IPUIPlugin
2025-12-23 15:10:21,457 [INFO] IPUIPlugin:80 - create IPUIPlugin
2025-12-23 15:10:21,457 [INFO] IPUIPlugin:80 - create IPUIPlugin
2025-12-23 15:10:21,458 [INFO] IPUIPlugin:80 - create IPUIPlugin
2025-12-23 15:10:21,458 [INFO] IPUIPlugin:80 - create IPUIPlugin
2025-12-23 15:10:21,458 [INFO] IPUIPlugin:80 - create IPUIPlugin
2025-12-23 15:10:21,458 [INFO] IPUIPlugin:80 - create IPUIPlugin
2025-12-23 15:10:21,459 [INFO] IPUIPlugin:80 - create IPUIPlugin
2025-12-23 15:10:21,459 [INFO] IPUIPlugin:80 - create IPUIPlugin
2025-12-23 15:10:21,459 [INFO] IPUIPlugin:80 - create IPUIPlugin
2025-12-23 15:10:21,459 [INFO] IPUIPlugin:80 - create IPUIPlugin
2025-12-23 15:10:21,459 [INFO] IPUIPlugin:80 - create IPUIPlugin
2025-12-23 15:10:21,460 [INFO] IPUIPlugin:80 - create IPUIPlugin
2025-12-23 15:10:21,460 [INFO] IPUIPlugin:80 - create IPUIPlugin
2025-12-23 15:10:21,461 [INFO] IPUIPlugin:80 - create IPUIPlugin
2025-12-23 15:10:21,461 [INFO] IPUIPlugin:80 - create IPUIPlugin
2025-12-23 15:10:21,461 [INFO] IPUIPlugin:80 - create IPUIPlugin
2025-12-23 15:10:21,461 [INFO] IPUIPlugin:80 - create IPUIPlugin
2025-12-23 15:10:21,461 [INFO] IPUIPlugin:80 - create IPUIPlugin
2025-12-23 15:10:21,461 [INFO] IPUIPlugin:80 - create IPUIPlugin
2025-12-23 15:10:21,462 [INFO] IPUIPlugin:80 - create IPUIPlugin
2025-12-23 15:10:21,462 [INFO] IPUIPlugin:80 - create IPUIPlugin
2025-12-23 15:10:21,462 [INFO] IPUIPlugin:80 - create IPUIPlugin
2025-12-23 15:10:21,462 [INFO] IPUIPlugin:80 - create IPUIPlugin
2025-12-23 15:10:21,462 [INFO] IPUIPlugin:80 - create IPUIPlugin
2025-12-23 15:10:21,462 [INFO] IPUIPlugin:80 - create IPUIPlugin
2025-12-23 15:10:21,462 [INFO] IPUIPlugin:80 - create IPUIPlugin
2025-12-23 15:10:21,462 [INFO] IPUIPlugin:80 - create IPUIPlugin
2025-12-23 15:10:21,462 [INFO] IPUIPlugin:80 - create IPUIPlugin
2025-12-23 15:10:21,462 [INFO] IPUIPlugin:80 - create IPUIPlugin
2025-12-23 15:10:21,462 [INFO] IPUIPlugin:80 - create IPUIPlugin
2025-12-23 15:10:21,463 [INFO] IPUIPlugin:80 - create IPUIPlugin
2025-12-23 15:10:21,463 [INFO] IPUIPlugin:80 - create IPUIPlugin
2025-12-23 15:10:21,463 [INFO] IPUIPlugin:80 - create IPUIPlugin
2025-12-23 15:10:21,463 [INFO] IPUIPlugin:80 - create IPUIPlugin
2025-12-23 15:10:21,463 [INFO] IPUIPlugin:80 - create IPUIPlugin
2025-12-23 15:10:21,463 [INFO] IPUIPlugin:80 - create IPUIPlugin
2025-12-23 15:10:21,463 [INFO] IPUIPlugin:80 - create IPUIPlugin
2025-12-23 15:10:21,464 [INFO] IPUIPlugin:80 - create IPUIPlugin
2025-12-23 15:10:21,474 [INFO] Can:71 - Can Add PropertyChangeListener com.st.microxplorer.plugins.ip.can.Can@4f370158
2025-12-23 15:10:21,644 [INFO] CADModel:165 - CPN selected for project levelSTM32L431CBT6
2025-12-23 15:10:21,644 [INFO] CADModel:114 - Register for checkConnection events
2025-12-23 15:10:21,685 [INFO] OpenFileManager:386 - Restore cursor
2025-12-23 15:10:22,464 [INFO] UtilMem:75 - End SaveConfig() Used Memory: 683190904 Bytes (728760320)
2025-12-23 15:10:27,550 [INFO] McuFinderGlobals:76 - Set McuFinderConnectedMode to true
2025-12-23 15:10:27,653 [INFO] ApiDb:448 - Save user favorites file /Users/karthikkurapati/.stm32cubeide/favorites.mcus.txt: 1 item(s)
2025-12-23 15:10:27,653 [INFO] ApiDb:452 - User favorites MCUs=[STM32F072CBT7]
2025-12-23 15:13:22,081 [INFO] ParamManager:905 - [Generic UI] PropertyChangeEvent: TAB_STATUS_CHANGED , "dont care", "never mind"
2025-12-23 15:13:22,162 [INFO] ParamManager:905 - [Generic UI] PropertyChangeEvent: TAB_STATUS_CHANGED , "dont care", "never mind"
2025-12-23 15:18:27,782 [INFO] UtilMem:75 - End SaveConfig() Used Memory: 944961872 Bytes (1073741824)
2025-12-23 15:18:35,730 [ERROR] LogOutputStream:75 - [STDERR_REDIRECT] 
2025-12-23 15:19:05,283 [INFO] Activator:176 - 


2025-12-23 15:19:05,284 [INFO] Activator:177 - !SESSION log4j initialized
2025-12-23 15:19:05,971 [INFO] LogOutputStream:77 - [STDOUT_REDIRECT] 
2025-12-23 15:19:06,378 [ERROR] LogOutputStream:75 - [STDERR_REDIRECT] 
2025-12-23 15:19:07,408 [ERROR] ApiDbMcu:1760 - Can't use Application install path:
2025-12-23 15:19:07,409 [WARN] RulesReader:66 - Compatibility file://mcu/compatibility.xml not found
2025-12-23 15:19:07,656 [INFO] LogOutputStream:77 - [STDOUT_REDIRECT] 
2025-12-23 15:19:08,890 [INFO] ApplicationProperties:184 - Using Application install path: /Applications/STM32CubeIDE.app/Contents/Eclipse/plugins/com.st.stm32cube.common.mx_6.15.0.202507011659
2025-12-23 15:19:08,896 [INFO] DbMcusXml:78 - Set database path to: /Applications/STM32CubeIDE.app/Contents/Eclipse/plugins/com.st.stm32cube.common.mx_6.15.0.202507011659//db//mcu/
2025-12-23 15:19:08,896 [INFO] ApiDb:274 - Set plugin database path to: /Applications/STM32CubeIDE.app/Contents/Eclipse/plugins/com.st.stm32cube.common.mx_6.15.0.202507011659//db//plugins/boardmanager/
2025-12-23 15:19:08,896 [WARN] ApiDb:259 - Overriding images path with different value:  => /Applications/STM32CubeIDE.app/Contents/Eclipse/plugins/com.st.stm32cube.common.mx_6.15.0.202507011659//db//plugins/mcufinder/images/
2025-12-23 15:19:08,899 [INFO] ApiDb:250 - Set database path to: /Users/karthikkurapati/.stmcufinder/plugins/mcufinder//mcu/
2025-12-23 15:19:08,900 [INFO] DbMcusAds:125 - Set database path to: /Users/karthikkurapati/.stmcufinder/plugins/mcufinder//mcu/
2025-12-23 15:19:08,901 [INFO] CrossReferenceDbSqlite:203 - Set database path to: /Users/karthikkurapati/.stmcufinder/plugins/mcufinder//mcu/cs/
2025-12-23 15:19:08,931 [INFO] DbMcusXml:78 - Set database path to: /Applications/STM32CubeIDE.app/Contents/Eclipse/plugins/com.st.stm32cube.common.mx_6.15.0.202507011659//db//mcu/
2025-12-23 15:19:08,931 [INFO] ApiDb:274 - Set plugin database path to: /Applications/STM32CubeIDE.app/Contents/Eclipse/plugins/com.st.stm32cube.common.mx_6.15.0.202507011659//db//plugins/boardmanager/
2025-12-23 15:19:08,931 [INFO] ApiDb:261 - Set plugin images path to: /Applications/STM32CubeIDE.app/Contents/Eclipse/plugins/com.st.stm32cube.common.mx_6.15.0.202507011659//db//plugins/mcufinder/images/
2025-12-23 15:19:08,931 [WARN] DbFile:41 - Overriding database path with different value: /Users/karthikkurapati/.stmcufinder/plugins/mcufinder/ => /Users/karthikkurapati/.stmcufinder/plugins/mcufinder
2025-12-23 15:19:08,931 [INFO] ApiDb:250 - Set database path to: /Users/karthikkurapati/.stmcufinder/plugins/mcufinder//mcu/
2025-12-23 15:19:08,931 [WARN] DbFile:41 - Overriding database path with different value: /Users/karthikkurapati/.stmcufinder/plugins/mcufinder/ => /Users/karthikkurapati/.stmcufinder/plugins/mcufinder
2025-12-23 15:19:08,931 [INFO] DbMcusAds:125 - Set database path to: /Users/karthikkurapati/.stmcufinder/plugins/mcufinder//mcu/
2025-12-23 15:19:08,931 [WARN] DbFile:41 - Overriding database path with different value: /Users/karthikkurapati/.stmcufinder/plugins/mcufinder/ => /Users/karthikkurapati/.stmcufinder/plugins/mcufinder
2025-12-23 15:19:08,932 [WARN] DbFile:41 - Overriding database path with different value: /Users/karthikkurapati/.stmcufinder/plugins/mcufinder/ => /Users/karthikkurapati/.stmcufinder/plugins/mcufinder
2025-12-23 15:19:08,932 [INFO] CrossReferenceDbSqlite:203 - Set database path to: /Users/karthikkurapati/.stmcufinder/plugins/mcufinder//mcu/cs/
2025-12-23 15:19:08,974 [INFO] MainPanel:274 - HeapMemory: 268435456
2025-12-23 15:19:09,158 [INFO] DbMcusXml:78 - Set database path to: /Applications/STM32CubeIDE.app/Contents/Eclipse/plugins/com.st.stm32cube.common.mx_6.15.0.202507011659//db//mcu/
2025-12-23 15:19:09,158 [INFO] ApiDb:274 - Set plugin database path to: /Applications/STM32CubeIDE.app/Contents/Eclipse/plugins/com.st.stm32cube.common.mx_6.15.0.202507011659//db//plugins/boardmanager/
2025-12-23 15:19:09,158 [INFO] ApiDb:261 - Set plugin images path to: /Applications/STM32CubeIDE.app/Contents/Eclipse/plugins/com.st.stm32cube.common.mx_6.15.0.202507011659//db//plugins/mcufinder/images/
2025-12-23 15:19:09,158 [WARN] DbFile:41 - Overriding database path with different value: /Users/karthikkurapati/.stmcufinder/plugins/mcufinder/ => /Users/karthikkurapati/.stmcufinder/plugins/mcufinder
2025-12-23 15:19:09,158 [INFO] ApiDb:250 - Set database path to: /Users/karthikkurapati/.stmcufinder/plugins/mcufinder//mcu/
2025-12-23 15:19:09,158 [WARN] DbFile:41 - Overriding database path with different value: /Users/karthikkurapati/.stmcufinder/plugins/mcufinder/ => /Users/karthikkurapati/.stmcufinder/plugins/mcufinder
2025-12-23 15:19:09,158 [INFO] DbMcusAds:125 - Set database path to: /Users/karthikkurapati/.stmcufinder/plugins/mcufinder//mcu/
2025-12-23 15:19:09,159 [WARN] DbFile:41 - Overriding database path with different value: /Users/karthikkurapati/.stmcufinder/plugins/mcufinder/ => /Users/karthikkurapati/.stmcufinder/plugins/mcufinder
2025-12-23 15:19:09,159 [WARN] DbFile:41 - Overriding database path with different value: /Users/karthikkurapati/.stmcufinder/plugins/mcufinder/ => /Users/karthikkurapati/.stmcufinder/plugins/mcufinder
2025-12-23 15:19:09,159 [INFO] CrossReferenceDbSqlite:203 - Set database path to: /Users/karthikkurapati/.stmcufinder/plugins/mcufinder//mcu/cs/
2025-12-23 15:19:09,169 [INFO] ApplicationProperties:184 - Using Application install path: /Applications/STM32CubeIDE.app/Contents/Eclipse/plugins/com.st.stm32cube.common.mx_6.15.0.202507011659
2025-12-23 15:19:09,170 [INFO] PluginManage:196 - Search for loadable plugins [exclusion list=, ]
2025-12-23 15:19:09,171 [INFO] PluginManage:310 - Check plugin analytics
2025-12-23 15:19:09,263 [INFO] AnalyticsPlugin:253 - Accepted Software Licenses: 
2025-12-23 15:19:09,264 [INFO] AnalyticsPlugin:255 - Accepted CMSIS Pack Licenses: 
2025-12-23 15:19:09,264 [INFO] AnalyticsPlugin:257 - Accepted Firmware Licenses: 
2025-12-23 15:19:09,265 [INFO] PluginManage:359 - Loaded plugin analytics (category:tool,tabindex:-1)
2025-12-23 15:19:09,266 [INFO] PluginManage:310 - Check plugin cadmodel
2025-12-23 15:19:09,268 [INFO] CADModel:105 - Init CAD model plugin
2025-12-23 15:19:09,268 [INFO] PluginManage:359 - Loaded plugin cadmodel (category:power,tabindex:5)
2025-12-23 15:19:09,268 [INFO] PluginManage:310 - Check plugin clock
2025-12-23 15:19:09,273 [INFO] PluginManage:359 - Loaded plugin clock (category:base,tabindex:2)
2025-12-23 15:19:09,273 [INFO] PluginManage:310 - Check plugin ddr
2025-12-23 15:19:09,275 [INFO] PluginManage:359 - Loaded plugin ddr (category:tool,tabindex:6)
2025-12-23 15:19:09,275 [INFO] PluginManage:310 - Check plugin filemanager
2025-12-23 15:19:09,390 [INFO] PluginManage:359 - Loaded plugin filemanager (category:base,tabindex:10)
2025-12-23 15:19:09,391 [INFO] PluginManage:310 - Check plugin ipmanager
2025-12-23 15:19:09,395 [INFO] PluginManage:359 - Loaded plugin ipmanager (category:base,tabindex:5)
2025-12-23 15:19:09,395 [INFO] PluginManage:310 - Check plugin lpbam
2025-12-23 15:19:09,400 [INFO] PluginManage:359 - Loaded plugin lpbam (category:base,tabindex:0)
2025-12-23 15:19:09,401 [INFO] PluginManage:310 - Check plugin memorymap
2025-12-23 15:19:09,409 [INFO] PluginManage:359 - Loaded plugin memorymap (category:base,tabindex:4)
2025-12-23 15:19:09,409 [INFO] PluginManage:310 - Check plugin pinoutandconfiguration
2025-12-23 15:19:09,413 [INFO] PluginManage:359 - Loaded plugin pinoutandconfiguration (category:base,tabindex:1)
2025-12-23 15:19:09,414 [INFO] PluginManage:310 - Check plugin pinoutconfig
2025-12-23 15:19:09,464 [WARN] SupportedApi:132 - Cannot load RTOS API schema: s4s-elt-must-match.1: The content of 'definitions' must match (annotation?, (simpleType | complexType)?, (unique | key | keyref)*)). A problem was found starting at: attribute.
2025-12-23 15:19:09,540 [INFO] PluginManage:359 - Loaded plugin pinoutconfig (category:base,tabindex:0)
2025-12-23 15:19:09,540 [INFO] PluginManage:310 - Check plugin power
2025-12-23 15:19:09,544 [INFO] PluginManage:359 - Loaded plugin power (category:power,tabindex:4)
2025-12-23 15:19:09,544 [INFO] PluginManage:310 - Check plugin projectmanager
2025-12-23 15:19:09,555 [INFO] PluginManage:359 - Loaded plugin projectmanager (category:projectmanager,tabindex:4)
2025-12-23 15:19:09,556 [INFO] PluginManage:310 - Check plugin rif
2025-12-23 15:19:09,560 [INFO] PluginManage:359 - Loaded plugin rif (category:base,tabindex:3)
2025-12-23 15:19:09,560 [INFO] PluginManage:310 - Check plugin thirdparty
2025-12-23 15:19:09,626 [INFO] PluginManage:359 - Loaded plugin thirdparty (category:base,tabindex:-1)
2025-12-23 15:19:09,626 [WARN] IntegrityCheckThread:84 - waiting for thirdparty lock release [integrity check]
2025-12-23 15:19:09,626 [INFO] PluginManage:310 - Check plugin tools
2025-12-23 15:19:09,626 [INFO] IntegrityCheckThread:86 - entering critical section [integrity check]
2025-12-23 15:19:09,626 [INFO] ThirdPartyUpdaterWithRetryManager:70 - Updater plugin not ready yet. [1/15]
2025-12-23 15:19:09,627 [INFO] PluginManage:359 - Loaded plugin tools (category:base,tabindex:7)
2025-12-23 15:19:09,627 [INFO] PluginManage:310 - Check plugin tutovideos
2025-12-23 15:19:09,734 [INFO] PluginManage:359 - Loaded plugin tutovideos (category:base,tabindex:-1)
2025-12-23 15:19:09,734 [INFO] PluginManage:310 - Check plugin updater
2025-12-23 15:19:09,747 [INFO] PluginManage:359 - Loaded plugin updater (category:base,tabindex:12)
2025-12-23 15:19:09,747 [INFO] PluginManage:310 - Check plugin userauth
2025-12-23 15:19:09,749 [INFO] UserAuth:118 - Init User Auth plugin
2025-12-23 15:19:09,749 [INFO] PluginManage:359 - Loaded plugin userauth (category:base,tabindex:14)
2025-12-23 15:19:09,750 [INFO] PluginManage:283 - PluginManage : Loaded plugins [18]
2025-12-23 15:19:09,849 [INFO] PinOutPanel:1589 - setPackage(No Configuration,No Configuration)
2025-12-23 15:19:09,893 [INFO] CADModel:165 - CPN selected for project level
2025-12-23 15:19:09,894 [INFO] CADModel:114 - Register for checkConnection events
2025-12-23 15:19:09,901 [INFO] IPUIPlugin:80 - create IPUIPlugin
2025-12-23 15:19:09,901 [INFO] PluginManager:220 - loadIPPluginJar : add mdma
2025-12-23 15:19:09,905 [INFO] IPUIPlugin:80 - create IPUIPlugin
2025-12-23 15:19:09,905 [INFO] PluginManager:220 - loadIPPluginJar : add freertos
2025-12-23 15:19:09,908 [INFO] IPUIPlugin:80 - create IPUIPlugin
2025-12-23 15:19:09,908 [INFO] PluginManager:220 - loadIPPluginJar : add gic
2025-12-23 15:19:09,913 [INFO] IPUIPlugin:80 - create IPUIPlugin
2025-12-23 15:19:09,913 [INFO] PluginManager:220 - loadIPPluginJar : add adc
2025-12-23 15:19:09,914 [INFO] IPUIPlugin:80 - create IPUIPlugin
2025-12-23 15:19:09,915 [INFO] PluginManager:220 - loadIPPluginJar : add gtzc
2025-12-23 15:19:09,915 [INFO] IPUIPlugin:80 - create IPUIPlugin
2025-12-23 15:19:09,915 [INFO] PluginManager:220 - loadIPPluginJar : add quadspi
2025-12-23 15:19:09,916 [INFO] IPUIPlugin:80 - create IPUIPlugin
2025-12-23 15:19:09,916 [INFO] PluginManager:220 - loadIPPluginJar : add aes
2025-12-23 15:19:09,918 [INFO] IPUIPlugin:80 - create IPUIPlugin
2025-12-23 15:19:09,918 [INFO] PluginManager:220 - loadIPPluginJar : add pdm2pcm
2025-12-23 15:19:09,919 [INFO] IPUIPlugin:80 - create IPUIPlugin
2025-12-23 15:19:09,919 [INFO] PluginManager:220 - loadIPPluginJar : add hash
2025-12-23 15:19:09,920 [INFO] IPUIPlugin:80 - create IPUIPlugin
2025-12-23 15:19:09,920 [INFO] PluginManager:220 - loadIPPluginJar : add tim
2025-12-23 15:19:09,921 [INFO] IPUIPlugin:80 - create IPUIPlugin
2025-12-23 15:19:09,921 [INFO] PluginManager:220 - loadIPPluginJar : add tsc
2025-12-23 15:19:09,922 [INFO] IPUIPlugin:80 - create IPUIPlugin
2025-12-23 15:19:09,923 [INFO] PluginManager:220 - loadIPPluginJar : add extmemmanager
2025-12-23 15:19:09,924 [INFO] IPUIPlugin:80 - create IPUIPlugin
2025-12-23 15:19:09,924 [INFO] PluginManager:220 - loadIPPluginJar : add ts
2025-12-23 15:19:09,925 [INFO] IPUIPlugin:80 - create IPUIPlugin
2025-12-23 15:19:09,925 [INFO] PluginManager:220 - loadIPPluginJar : add radio
2025-12-23 15:19:09,926 [INFO] IPUIPlugin:80 - create IPUIPlugin
2025-12-23 15:19:09,926 [INFO] PluginManager:220 - loadIPPluginJar : add can
2025-12-23 15:19:09,927 [INFO] IPUIPlugin:80 - create IPUIPlugin
2025-12-23 15:19:09,927 [INFO] PluginManager:220 - loadIPPluginJar : add dma3
2025-12-23 15:19:09,928 [INFO] IPUIPlugin:80 - create IPUIPlugin
2025-12-23 15:19:09,928 [INFO] PluginManager:220 - loadIPPluginJar : add dfsdm
2025-12-23 15:19:09,929 [INFO] IPUIPlugin:80 - create IPUIPlugin
2025-12-23 15:19:09,929 [INFO] PluginManager:220 - loadIPPluginJar : add spi
2025-12-23 15:19:09,930 [INFO] IPUIPlugin:80 - create IPUIPlugin
2025-12-23 15:19:09,930 [INFO] PluginManager:220 - loadIPPluginJar : add gfxmmu
2025-12-23 15:19:09,931 [INFO] IPUIPlugin:80 - create IPUIPlugin
2025-12-23 15:19:09,931 [INFO] PluginManager:220 - loadIPPluginJar : add genericplugin
2025-12-23 15:19:09,932 [INFO] IPUIPlugin:80 - create IPUIPlugin
2025-12-23 15:19:09,932 [INFO] PluginManager:220 - loadIPPluginJar : add cryp
2025-12-23 15:19:09,934 [INFO] IPUIPlugin:80 - create IPUIPlugin
2025-12-23 15:19:09,934 [INFO] PluginManager:220 - loadIPPluginJar : add gpio
2025-12-23 15:19:09,935 [INFO] IPUIPlugin:80 - create IPUIPlugin
2025-12-23 15:19:09,935 [INFO] PluginManager:220 - loadIPPluginJar : add ddr_ctrl_phy
2025-12-23 15:19:09,936 [INFO] IPUIPlugin:80 - create IPUIPlugin
2025-12-23 15:19:09,937 [INFO] PluginManager:220 - loadIPPluginJar : add comp
2025-12-23 15:19:09,938 [INFO] IPUIPlugin:80 - create IPUIPlugin
2025-12-23 15:19:09,938 [INFO] PluginManager:220 - loadIPPluginJar : add tracer_emb
2025-12-23 15:19:09,939 [INFO] IPUIPlugin:80 - create IPUIPlugin
2025-12-23 15:19:09,939 [INFO] PluginManager:220 - loadIPPluginJar : add openamp
2025-12-23 15:19:09,942 [INFO] IPUIPlugin:80 - create IPUIPlugin
2025-12-23 15:19:09,942 [INFO] PluginManager:220 - loadIPPluginJar : add stm32_wpan
2025-12-23 15:19:09,945 [INFO] IPUIPlugin:80 - create IPUIPlugin
2025-12-23 15:19:09,946 [INFO] PluginManager:220 - loadIPPluginJar : add plateformsettings
2025-12-23 15:19:09,948 [INFO] IPUIPlugin:80 - create IPUIPlugin
2025-12-23 15:19:09,948 [INFO] PluginManager:220 - loadIPPluginJar : add ipddr
2025-12-23 15:19:09,949 [INFO] IPUIPlugin:80 - create IPUIPlugin
2025-12-23 15:19:09,949 [INFO] PluginManager:220 - loadIPPluginJar : add usart
2025-12-23 15:19:09,950 [INFO] IPUIPlugin:80 - create IPUIPlugin
2025-12-23 15:19:09,950 [INFO] PluginManager:220 - loadIPPluginJar : add ltdc
2025-12-23 15:19:09,951 [INFO] IPUIPlugin:80 - create IPUIPlugin
2025-12-23 15:19:09,951 [INFO] PluginManager:220 - loadIPPluginJar : add nvic
2025-12-23 15:19:09,952 [INFO] IPUIPlugin:80 - create IPUIPlugin
2025-12-23 15:19:09,952 [INFO] PluginManager:220 - loadIPPluginJar : add fatfs
2025-12-23 15:19:09,956 [INFO] IPUIPlugin:80 - create IPUIPlugin
2025-12-23 15:19:09,956 [INFO] PluginManager:220 - loadIPPluginJar : add linkedlist
2025-12-23 15:19:09,958 [INFO] IPUIPlugin:80 - create IPUIPlugin
2025-12-23 15:19:09,958 [INFO] PluginManager:220 - loadIPPluginJar : add dma
2025-12-23 15:19:09,960 [INFO] IPUIPlugin:80 - create IPUIPlugin
2025-12-23 15:19:09,961 [INFO] PluginManager:220 - loadIPPluginJar : add fmc
2025-12-23 15:19:09,962 [INFO] IPUIPlugin:80 - create IPUIPlugin
2025-12-23 15:19:09,962 [INFO] PluginManager:220 - loadIPPluginJar : add i2s
2025-12-23 15:19:09,962 [INFO] IPUIPlugin:80 - create IPUIPlugin
2025-12-23 15:19:09,962 [INFO] PluginManager:220 - loadIPPluginJar : add ucpd
2025-12-23 15:19:09,964 [INFO] IPUIPlugin:80 - create IPUIPlugin
2025-12-23 15:19:09,964 [INFO] PluginManager:220 - loadIPPluginJar : add lorawan
2025-12-23 15:19:09,966 [INFO] IPUIPlugin:80 - create IPUIPlugin
2025-12-23 15:19:09,966 [INFO] PluginManager:220 - loadIPPluginJar : add opamp
2025-12-23 15:19:09,967 [INFO] IPUIPlugin:80 - create IPUIPlugin
2025-12-23 15:19:09,968 [INFO] PluginManager:220 - loadIPPluginJar : add i3c
2025-12-23 15:19:09,969 [INFO] IPUIPlugin:80 - create IPUIPlugin
2025-12-23 15:19:09,969 [INFO] PluginManager:220 - loadIPPluginJar : add touchsensing
2025-12-23 15:19:09,971 [INFO] IPUIPlugin:80 - create IPUIPlugin
2025-12-23 15:19:09,971 [INFO] PluginManager:220 - loadIPPluginJar : add i2c
2025-12-23 15:19:09,972 [INFO] IPUIPlugin:80 - create IPUIPlugin
2025-12-23 15:19:09,972 [INFO] PluginManager:220 - loadIPPluginJar : add resmgrutility
2025-12-23 15:19:09,974 [INFO] IPUIPlugin:80 - create IPUIPlugin
2025-12-23 15:19:09,974 [INFO] PluginManager:220 - loadIPPluginJar : add sai
2025-12-23 15:19:09,976 [INFO] IPUIPlugin:80 - create IPUIPlugin
2025-12-23 15:19:09,976 [INFO] PluginManager:220 - loadIPPluginJar : add usbx
2025-12-23 15:19:10,070 [FATAL] Updater:351 - Updater called before beeing initialized
2025-12-23 15:19:10,104 [INFO] RulesReader:64 - Compatibility file has been processed (317 Rules)
2025-12-23 15:19:10,112 [INFO] RulesReader:64 - Compatibility file has been processed (317 Rules)
2025-12-23 15:19:10,117 [INFO] CADModel:165 - CPN selected for project level
2025-12-23 15:19:10,118 [INFO] CADModel:114 - Register for checkConnection events
2025-12-23 15:19:10,118 [FATAL] Updater:351 - Updater called before beeing initialized
2025-12-23 15:19:10,118 [ERROR] CADModel:125 - Updater not yet initialized, retry later 
2025-12-23 15:19:10,215 [FATAL] Updater:351 - Updater called before beeing initialized
2025-12-23 15:19:10,216 [INFO] CADModel:165 - CPN selected for project level
2025-12-23 15:19:10,216 [INFO] CADModel:114 - Register for checkConnection events
2025-12-23 15:19:10,216 [FATAL] Updater:351 - Updater called before beeing initialized
2025-12-23 15:19:10,216 [ERROR] CADModel:125 - Updater not yet initialized, retry later 
2025-12-23 15:19:10,218 [FATAL] Updater:351 - Updater called before beeing initialized
2025-12-23 15:19:10,270 [FATAL] Updater:351 - Updater called before beeing initialized
2025-12-23 15:19:10,274 [INFO] DbMcusAds:53 - JSON generation date=Mon Dec 15 17:11:46 CST 2025 (1765840306612)
2025-12-23 15:19:10,274 [FATAL] Updater:351 - Updater called before beeing initialized
2025-12-23 15:19:10,284 [INFO] McuFinderGlobals:63 - Set McuFinder mode to 2 (CubeIDE integrated)
2025-12-23 15:19:10,311 [WARN] DetailPanel:346 - Failed to get advertising image, set to default
2025-12-23 15:19:10,374 [FATAL] Updater:351 - Updater called before beeing initialized
2025-12-23 15:19:10,375 [FATAL] Updater:351 - Updater called before beeing initialized
2025-12-23 15:19:10,375 [FATAL] Updater:351 - Updater called before beeing initialized
2025-12-23 15:19:10,375 [WARN] DetailPanel:346 - Failed to get advertising image, set to default
2025-12-23 15:19:10,376 [FATAL] Updater:351 - Updater called before beeing initialized
2025-12-23 15:19:10,423 [ERROR] Updater:1198 - MainUpdater not yet initialized. External WinMGr cannot be set.
2025-12-23 15:19:10,424 [INFO] Updater:1134 - Updater Version found : 6.15.0
2025-12-23 15:19:10,434 [INFO] ApplicationProperties:184 - Using Application install path: /Applications/STM32CubeIDE.app/Contents/Eclipse/plugins/com.st.stm32cube.common.mx_6.15.0.202507011659
2025-12-23 15:19:12,629 [INFO] ThirdPartyUpdaterWithRetryManager:70 - Updater plugin not ready yet. [2/15]
2025-12-23 15:19:15,633 [FATAL] Updater:351 - Updater called before beeing initialized
2025-12-23 15:19:15,633 [ERROR] IntegrityCheckThread:130 - Cannot retrieve database content from updater: error 21
2025-12-23 15:19:15,633 [INFO] ThirdParty:978 - Integrity check success = false
2025-12-23 15:19:15,634 [INFO] IntegrityCheckThread:100 - exiting critical section [integrity check]
2025-12-23 15:19:15,634 [INFO] IntegrityCheckThread:103 - End integrity checks thread
2025-12-23 15:21:02,117 [INFO] Activator:176 - 


2025-12-23 15:21:02,118 [INFO] Activator:177 - !SESSION log4j initialized
2025-12-23 15:21:03,011 [INFO] LogOutputStream:77 - [STDOUT_REDIRECT] 
2025-12-23 15:21:03,627 [ERROR] LogOutputStream:75 - [STDERR_REDIRECT] 
2025-12-23 15:21:04,753 [ERROR] ApiDbMcu:1760 - Can't use Application install path:
2025-12-23 15:21:04,754 [WARN] RulesReader:66 - Compatibility file://mcu/compatibility.xml not found
2025-12-23 15:21:04,974 [INFO] LogOutputStream:77 - [STDOUT_REDIRECT] 
2025-12-23 15:21:06,239 [INFO] ApplicationProperties:184 - Using Application install path: /Applications/STM32CubeIDE.app/Contents/Eclipse/plugins/com.st.stm32cube.common.mx_6.15.0.202507011659
2025-12-23 15:21:06,244 [INFO] DbMcusXml:78 - Set database path to: /Applications/STM32CubeIDE.app/Contents/Eclipse/plugins/com.st.stm32cube.common.mx_6.15.0.202507011659//db//mcu/
2025-12-23 15:21:06,244 [INFO] ApiDb:274 - Set plugin database path to: /Applications/STM32CubeIDE.app/Contents/Eclipse/plugins/com.st.stm32cube.common.mx_6.15.0.202507011659//db//plugins/boardmanager/
2025-12-23 15:21:06,244 [WARN] ApiDb:259 - Overriding images path with different value:  => /Applications/STM32CubeIDE.app/Contents/Eclipse/plugins/com.st.stm32cube.common.mx_6.15.0.202507011659//db//plugins/mcufinder/images/
2025-12-23 15:21:06,247 [INFO] ApiDb:250 - Set database path to: /Users/karthikkurapati/.stmcufinder/plugins/mcufinder//mcu/
2025-12-23 15:21:06,247 [INFO] DbMcusAds:125 - Set database path to: /Users/karthikkurapati/.stmcufinder/plugins/mcufinder//mcu/
2025-12-23 15:21:06,248 [INFO] CrossReferenceDbSqlite:203 - Set database path to: /Users/karthikkurapati/.stmcufinder/plugins/mcufinder//mcu/cs/
2025-12-23 15:21:06,280 [INFO] DbMcusXml:78 - Set database path to: /Applications/STM32CubeIDE.app/Contents/Eclipse/plugins/com.st.stm32cube.common.mx_6.15.0.202507011659//db//mcu/
2025-12-23 15:21:06,280 [INFO] ApiDb:274 - Set plugin database path to: /Applications/STM32CubeIDE.app/Contents/Eclipse/plugins/com.st.stm32cube.common.mx_6.15.0.202507011659//db//plugins/boardmanager/
2025-12-23 15:21:06,280 [INFO] ApiDb:261 - Set plugin images path to: /Applications/STM32CubeIDE.app/Contents/Eclipse/plugins/com.st.stm32cube.common.mx_6.15.0.202507011659//db//plugins/mcufinder/images/
2025-12-23 15:21:06,281 [WARN] DbFile:41 - Overriding database path with different value: /Users/karthikkurapati/.stmcufinder/plugins/mcufinder/ => /Users/karthikkurapati/.stmcufinder/plugins/mcufinder
2025-12-23 15:21:06,281 [INFO] ApiDb:250 - Set database path to: /Users/karthikkurapati/.stmcufinder/plugins/mcufinder//mcu/
2025-12-23 15:21:06,281 [WARN] DbFile:41 - Overriding database path with different value: /Users/karthikkurapati/.stmcufinder/plugins/mcufinder/ => /Users/karthikkurapati/.stmcufinder/plugins/mcufinder
2025-12-23 15:21:06,281 [INFO] DbMcusAds:125 - Set database path to: /Users/karthikkurapati/.stmcufinder/plugins/mcufinder//mcu/
2025-12-23 15:21:06,281 [WARN] DbFile:41 - Overriding database path with different value: /Users/karthikkurapati/.stmcufinder/plugins/mcufinder/ => /Users/karthikkurapati/.stmcufinder/plugins/mcufinder
2025-12-23 15:21:06,281 [WARN] DbFile:41 - Overriding database path with different value: /Users/karthikkurapati/.stmcufinder/plugins/mcufinder/ => /Users/karthikkurapati/.stmcufinder/plugins/mcufinder
2025-12-23 15:21:06,281 [INFO] CrossReferenceDbSqlite:203 - Set database path to: /Users/karthikkurapati/.stmcufinder/plugins/mcufinder//mcu/cs/
2025-12-23 15:21:06,320 [INFO] MainPanel:274 - HeapMemory: 268435456
2025-12-23 15:21:06,509 [INFO] DbMcusXml:78 - Set database path to: /Applications/STM32CubeIDE.app/Contents/Eclipse/plugins/com.st.stm32cube.common.mx_6.15.0.202507011659//db//mcu/
2025-12-23 15:21:06,509 [INFO] ApiDb:274 - Set plugin database path to: /Applications/STM32CubeIDE.app/Contents/Eclipse/plugins/com.st.stm32cube.common.mx_6.15.0.202507011659//db//plugins/boardmanager/
2025-12-23 15:21:06,509 [INFO] ApiDb:261 - Set plugin images path to: /Applications/STM32CubeIDE.app/Contents/Eclipse/plugins/com.st.stm32cube.common.mx_6.15.0.202507011659//db//plugins/mcufinder/images/
2025-12-23 15:21:06,509 [WARN] DbFile:41 - Overriding database path with different value: /Users/karthikkurapati/.stmcufinder/plugins/mcufinder/ => /Users/karthikkurapati/.stmcufinder/plugins/mcufinder
2025-12-23 15:21:06,509 [INFO] ApiDb:250 - Set database path to: /Users/karthikkurapati/.stmcufinder/plugins/mcufinder//mcu/
2025-12-23 15:21:06,509 [WARN] DbFile:41 - Overriding database path with different value: /Users/karthikkurapati/.stmcufinder/plugins/mcufinder/ => /Users/karthikkurapati/.stmcufinder/plugins/mcufinder
2025-12-23 15:21:06,509 [INFO] DbMcusAds:125 - Set database path to: /Users/karthikkurapati/.stmcufinder/plugins/mcufinder//mcu/
2025-12-23 15:21:06,509 [WARN] DbFile:41 - Overriding database path with different value: /Users/karthikkurapati/.stmcufinder/plugins/mcufinder/ => /Users/karthikkurapati/.stmcufinder/plugins/mcufinder
2025-12-23 15:21:06,509 [WARN] DbFile:41 - Overriding database path with different value: /Users/karthikkurapati/.stmcufinder/plugins/mcufinder/ => /Users/karthikkurapati/.stmcufinder/plugins/mcufinder
2025-12-23 15:21:06,510 [INFO] CrossReferenceDbSqlite:203 - Set database path to: /Users/karthikkurapati/.stmcufinder/plugins/mcufinder//mcu/cs/
2025-12-23 15:21:06,519 [INFO] ApplicationProperties:184 - Using Application install path: /Applications/STM32CubeIDE.app/Contents/Eclipse/plugins/com.st.stm32cube.common.mx_6.15.0.202507011659
2025-12-23 15:21:06,520 [INFO] PluginManage:196 - Search for loadable plugins [exclusion list=, ]
2025-12-23 15:21:06,520 [INFO] PluginManage:310 - Check plugin analytics
2025-12-23 15:21:06,622 [INFO] AnalyticsPlugin:253 - Accepted Software Licenses: 
2025-12-23 15:21:06,622 [INFO] AnalyticsPlugin:255 - Accepted CMSIS Pack Licenses: 
2025-12-23 15:21:06,622 [INFO] AnalyticsPlugin:257 - Accepted Firmware Licenses: 
2025-12-23 15:21:06,624 [INFO] PluginManage:359 - Loaded plugin analytics (category:tool,tabindex:-1)
2025-12-23 15:21:06,624 [INFO] PluginManage:310 - Check plugin cadmodel
2025-12-23 15:21:06,627 [INFO] CADModel:105 - Init CAD model plugin
2025-12-23 15:21:06,627 [INFO] PluginManage:359 - Loaded plugin cadmodel (category:power,tabindex:5)
2025-12-23 15:21:06,627 [INFO] PluginManage:310 - Check plugin clock
2025-12-23 15:21:06,632 [INFO] PluginManage:359 - Loaded plugin clock (category:base,tabindex:2)
2025-12-23 15:21:06,632 [INFO] PluginManage:310 - Check plugin ddr
2025-12-23 15:21:06,634 [INFO] PluginManage:359 - Loaded plugin ddr (category:tool,tabindex:6)
2025-12-23 15:21:06,634 [INFO] PluginManage:310 - Check plugin filemanager
2025-12-23 15:21:06,760 [INFO] PluginManage:359 - Loaded plugin filemanager (category:base,tabindex:10)
2025-12-23 15:21:06,760 [INFO] PluginManage:310 - Check plugin ipmanager
2025-12-23 15:21:06,765 [INFO] PluginManage:359 - Loaded plugin ipmanager (category:base,tabindex:5)
2025-12-23 15:21:06,765 [INFO] PluginManage:310 - Check plugin lpbam
2025-12-23 15:21:06,771 [INFO] PluginManage:359 - Loaded plugin lpbam (category:base,tabindex:0)
2025-12-23 15:21:06,771 [INFO] PluginManage:310 - Check plugin memorymap
2025-12-23 15:21:06,778 [INFO] PluginManage:359 - Loaded plugin memorymap (category:base,tabindex:4)
2025-12-23 15:21:06,778 [INFO] PluginManage:310 - Check plugin pinoutandconfiguration
2025-12-23 15:21:06,783 [INFO] PluginManage:359 - Loaded plugin pinoutandconfiguration (category:base,tabindex:1)
2025-12-23 15:21:06,783 [INFO] PluginManage:310 - Check plugin pinoutconfig
2025-12-23 15:21:06,835 [WARN] SupportedApi:132 - Cannot load RTOS API schema: s4s-elt-must-match.1: The content of 'definitions' must match (annotation?, (simpleType | complexType)?, (unique | key | keyref)*)). A problem was found starting at: attribute.
2025-12-23 15:21:06,908 [INFO] PluginManage:359 - Loaded plugin pinoutconfig (category:base,tabindex:0)
2025-12-23 15:21:06,908 [INFO] PluginManage:310 - Check plugin power
2025-12-23 15:21:06,913 [INFO] PluginManage:359 - Loaded plugin power (category:power,tabindex:4)
2025-12-23 15:21:06,913 [INFO] PluginManage:310 - Check plugin projectmanager
2025-12-23 15:21:06,923 [INFO] PluginManage:359 - Loaded plugin projectmanager (category:projectmanager,tabindex:4)
2025-12-23 15:21:06,923 [INFO] PluginManage:310 - Check plugin rif
2025-12-23 15:21:06,928 [INFO] PluginManage:359 - Loaded plugin rif (category:base,tabindex:3)
2025-12-23 15:21:06,932 [INFO] PluginManage:310 - Check plugin thirdparty
2025-12-23 15:21:07,013 [INFO] PluginManage:359 - Loaded plugin thirdparty (category:base,tabindex:-1)
2025-12-23 15:21:07,013 [WARN] IntegrityCheckThread:84 - waiting for thirdparty lock release [integrity check]
2025-12-23 15:21:07,014 [INFO] PluginManage:310 - Check plugin tools
2025-12-23 15:21:07,014 [INFO] IntegrityCheckThread:86 - entering critical section [integrity check]
2025-12-23 15:21:07,014 [INFO] ThirdPartyUpdaterWithRetryManager:70 - Updater plugin not ready yet. [1/15]
2025-12-23 15:21:07,015 [INFO] PluginManage:359 - Loaded plugin tools (category:base,tabindex:7)
2025-12-23 15:21:07,015 [INFO] PluginManage:310 - Check plugin tutovideos
2025-12-23 15:21:07,123 [INFO] PluginManage:359 - Loaded plugin tutovideos (category:base,tabindex:-1)
2025-12-23 15:21:07,123 [INFO] PluginManage:310 - Check plugin updater
2025-12-23 15:21:07,135 [INFO] PluginManage:359 - Loaded plugin updater (category:base,tabindex:12)
2025-12-23 15:21:07,135 [INFO] PluginManage:310 - Check plugin userauth
2025-12-23 15:21:07,137 [INFO] UserAuth:118 - Init User Auth plugin
2025-12-23 15:21:07,138 [INFO] PluginManage:359 - Loaded plugin userauth (category:base,tabindex:14)
2025-12-23 15:21:07,138 [INFO] PluginManage:283 - PluginManage : Loaded plugins [18]
2025-12-23 15:21:07,231 [INFO] PinOutPanel:1589 - setPackage(No Configuration,No Configuration)
2025-12-23 15:21:07,272 [INFO] CADModel:165 - CPN selected for project level
2025-12-23 15:21:07,272 [INFO] CADModel:114 - Register for checkConnection events
2025-12-23 15:21:07,278 [INFO] IPUIPlugin:80 - create IPUIPlugin
2025-12-23 15:21:07,278 [INFO] PluginManager:220 - loadIPPluginJar : add mdma
2025-12-23 15:21:07,282 [INFO] IPUIPlugin:80 - create IPUIPlugin
2025-12-23 15:21:07,282 [INFO] PluginManager:220 - loadIPPluginJar : add freertos
2025-12-23 15:21:07,285 [INFO] IPUIPlugin:80 - create IPUIPlugin
2025-12-23 15:21:07,285 [INFO] PluginManager:220 - loadIPPluginJar : add gic
2025-12-23 15:21:07,290 [INFO] IPUIPlugin:80 - create IPUIPlugin
2025-12-23 15:21:07,290 [INFO] PluginManager:220 - loadIPPluginJar : add adc
2025-12-23 15:21:07,291 [INFO] IPUIPlugin:80 - create IPUIPlugin
2025-12-23 15:21:07,291 [INFO] PluginManager:220 - loadIPPluginJar : add gtzc
2025-12-23 15:21:07,292 [INFO] IPUIPlugin:80 - create IPUIPlugin
2025-12-23 15:21:07,292 [INFO] PluginManager:220 - loadIPPluginJar : add quadspi
2025-12-23 15:21:07,293 [INFO] IPUIPlugin:80 - create IPUIPlugin
2025-12-23 15:21:07,293 [INFO] PluginManager:220 - loadIPPluginJar : add aes
2025-12-23 15:21:07,295 [INFO] IPUIPlugin:80 - create IPUIPlugin
2025-12-23 15:21:07,295 [INFO] PluginManager:220 - loadIPPluginJar : add pdm2pcm
2025-12-23 15:21:07,296 [INFO] IPUIPlugin:80 - create IPUIPlugin
2025-12-23 15:21:07,296 [INFO] PluginManager:220 - loadIPPluginJar : add hash
2025-12-23 15:21:07,296 [INFO] IPUIPlugin:80 - create IPUIPlugin
2025-12-23 15:21:07,297 [INFO] PluginManager:220 - loadIPPluginJar : add tim
2025-12-23 15:21:07,297 [INFO] IPUIPlugin:80 - create IPUIPlugin
2025-12-23 15:21:07,297 [INFO] PluginManager:220 - loadIPPluginJar : add tsc
2025-12-23 15:21:07,299 [INFO] IPUIPlugin:80 - create IPUIPlugin
2025-12-23 15:21:07,299 [INFO] PluginManager:220 - loadIPPluginJar : add extmemmanager
2025-12-23 15:21:07,300 [INFO] IPUIPlugin:80 - create IPUIPlugin
2025-12-23 15:21:07,300 [INFO] PluginManager:220 - loadIPPluginJar : add ts
2025-12-23 15:21:07,301 [INFO] IPUIPlugin:80 - create IPUIPlugin
2025-12-23 15:21:07,302 [INFO] PluginManager:220 - loadIPPluginJar : add radio
2025-12-23 15:21:07,303 [INFO] IPUIPlugin:80 - create IPUIPlugin
2025-12-23 15:21:07,303 [INFO] PluginManager:220 - loadIPPluginJar : add can
2025-12-23 15:21:07,304 [INFO] IPUIPlugin:80 - create IPUIPlugin
2025-12-23 15:21:07,304 [INFO] PluginManager:220 - loadIPPluginJar : add dma3
2025-12-23 15:21:07,305 [INFO] IPUIPlugin:80 - create IPUIPlugin
2025-12-23 15:21:07,305 [INFO] PluginManager:220 - loadIPPluginJar : add dfsdm
2025-12-23 15:21:07,306 [INFO] IPUIPlugin:80 - create IPUIPlugin
2025-12-23 15:21:07,306 [INFO] PluginManager:220 - loadIPPluginJar : add spi
2025-12-23 15:21:07,307 [INFO] IPUIPlugin:80 - create IPUIPlugin
2025-12-23 15:21:07,308 [INFO] PluginManager:220 - loadIPPluginJar : add gfxmmu
2025-12-23 15:21:07,308 [INFO] IPUIPlugin:80 - create IPUIPlugin
2025-12-23 15:21:07,308 [INFO] PluginManager:220 - loadIPPluginJar : add genericplugin
2025-12-23 15:21:07,309 [INFO] IPUIPlugin:80 - create IPUIPlugin
2025-12-23 15:21:07,309 [INFO] PluginManager:220 - loadIPPluginJar : add cryp
2025-12-23 15:21:07,311 [INFO] IPUIPlugin:80 - create IPUIPlugin
2025-12-23 15:21:07,311 [INFO] PluginManager:220 - loadIPPluginJar : add gpio
2025-12-23 15:21:07,313 [INFO] IPUIPlugin:80 - create IPUIPlugin
2025-12-23 15:21:07,313 [INFO] PluginManager:220 - loadIPPluginJar : add ddr_ctrl_phy
2025-12-23 15:21:07,314 [INFO] IPUIPlugin:80 - create IPUIPlugin
2025-12-23 15:21:07,314 [INFO] PluginManager:220 - loadIPPluginJar : add comp
2025-12-23 15:21:07,315 [INFO] IPUIPlugin:80 - create IPUIPlugin
2025-12-23 15:21:07,315 [INFO] PluginManager:220 - loadIPPluginJar : add tracer_emb
2025-12-23 15:21:07,316 [INFO] IPUIPlugin:80 - create IPUIPlugin
2025-12-23 15:21:07,317 [INFO] PluginManager:220 - loadIPPluginJar : add openamp
2025-12-23 15:21:07,319 [INFO] IPUIPlugin:80 - create IPUIPlugin
2025-12-23 15:21:07,319 [INFO] PluginManager:220 - loadIPPluginJar : add stm32_wpan
2025-12-23 15:21:07,322 [INFO] IPUIPlugin:80 - create IPUIPlugin
2025-12-23 15:21:07,324 [INFO] PluginManager:220 - loadIPPluginJar : add plateformsettings
2025-12-23 15:21:07,325 [INFO] IPUIPlugin:80 - create IPUIPlugin
2025-12-23 15:21:07,325 [INFO] PluginManager:220 - loadIPPluginJar : add ipddr
2025-12-23 15:21:07,327 [INFO] IPUIPlugin:80 - create IPUIPlugin
2025-12-23 15:21:07,327 [INFO] PluginManager:220 - loadIPPluginJar : add usart
2025-12-23 15:21:07,327 [INFO] IPUIPlugin:80 - create IPUIPlugin
2025-12-23 15:21:07,327 [INFO] PluginManager:220 - loadIPPluginJar : add ltdc
2025-12-23 15:21:07,329 [INFO] IPUIPlugin:80 - create IPUIPlugin
2025-12-23 15:21:07,329 [INFO] PluginManager:220 - loadIPPluginJar : add nvic
2025-12-23 15:21:07,330 [INFO] IPUIPlugin:80 - create IPUIPlugin
2025-12-23 15:21:07,330 [INFO] PluginManager:220 - loadIPPluginJar : add fatfs
2025-12-23 15:21:07,333 [INFO] IPUIPlugin:80 - create IPUIPlugin
2025-12-23 15:21:07,333 [INFO] PluginManager:220 - loadIPPluginJar : add linkedlist
2025-12-23 15:21:07,336 [INFO] IPUIPlugin:80 - create IPUIPlugin
2025-12-23 15:21:07,336 [INFO] PluginManager:220 - loadIPPluginJar : add dma
2025-12-23 15:21:07,338 [INFO] IPUIPlugin:80 - create IPUIPlugin
2025-12-23 15:21:07,338 [INFO] PluginManager:220 - loadIPPluginJar : add fmc
2025-12-23 15:21:07,339 [INFO] IPUIPlugin:80 - create IPUIPlugin
2025-12-23 15:21:07,339 [INFO] PluginManager:220 - loadIPPluginJar : add i2s
2025-12-23 15:21:07,340 [INFO] IPUIPlugin:80 - create IPUIPlugin
2025-12-23 15:21:07,340 [INFO] PluginManager:220 - loadIPPluginJar : add ucpd
2025-12-23 15:21:07,341 [INFO] IPUIPlugin:80 - create IPUIPlugin
2025-12-23 15:21:07,341 [INFO] PluginManager:220 - loadIPPluginJar : add lorawan
2025-12-23 15:21:07,342 [INFO] IPUIPlugin:80 - create IPUIPlugin
2025-12-23 15:21:07,342 [INFO] PluginManager:220 - loadIPPluginJar : add opamp
2025-12-23 15:21:07,343 [INFO] IPUIPlugin:80 - create IPUIPlugin
2025-12-23 15:21:07,343 [INFO] PluginManager:220 - loadIPPluginJar : add i3c
2025-12-23 15:21:07,345 [INFO] IPUIPlugin:80 - create IPUIPlugin
2025-12-23 15:21:07,345 [INFO] PluginManager:220 - loadIPPluginJar : add touchsensing
2025-12-23 15:21:07,346 [INFO] IPUIPlugin:80 - create IPUIPlugin
2025-12-23 15:21:07,346 [INFO] PluginManager:220 - loadIPPluginJar : add i2c
2025-12-23 15:21:07,347 [INFO] IPUIPlugin:80 - create IPUIPlugin
2025-12-23 15:21:07,347 [INFO] PluginManager:220 - loadIPPluginJar : add resmgrutility
2025-12-23 15:21:07,349 [INFO] IPUIPlugin:80 - create IPUIPlugin
2025-12-23 15:21:07,349 [INFO] PluginManager:220 - loadIPPluginJar : add sai
2025-12-23 15:21:07,350 [INFO] IPUIPlugin:80 - create IPUIPlugin
2025-12-23 15:21:07,350 [INFO] PluginManager:220 - loadIPPluginJar : add usbx
2025-12-23 15:21:07,445 [FATAL] Updater:351 - Updater called before beeing initialized
2025-12-23 15:21:07,477 [INFO] RulesReader:64 - Compatibility file has been processed (317 Rules)
2025-12-23 15:21:07,485 [INFO] RulesReader:64 - Compatibility file has been processed (317 Rules)
2025-12-23 15:21:07,490 [INFO] CADModel:165 - CPN selected for project level
2025-12-23 15:21:07,490 [INFO] CADModel:114 - Register for checkConnection events
2025-12-23 15:21:07,490 [FATAL] Updater:351 - Updater called before beeing initialized
2025-12-23 15:21:07,490 [ERROR] CADModel:125 - Updater not yet initialized, retry later 
2025-12-23 15:21:07,584 [FATAL] Updater:351 - Updater called before beeing initialized
2025-12-23 15:21:07,585 [INFO] CADModel:165 - CPN selected for project level
2025-12-23 15:21:07,585 [INFO] CADModel:114 - Register for checkConnection events
2025-12-23 15:21:07,585 [FATAL] Updater:351 - Updater called before beeing initialized
2025-12-23 15:21:07,586 [ERROR] CADModel:125 - Updater not yet initialized, retry later 
2025-12-23 15:21:07,587 [FATAL] Updater:351 - Updater called before beeing initialized
2025-12-23 15:21:07,642 [FATAL] Updater:351 - Updater called before beeing initialized
2025-12-23 15:21:07,644 [INFO] DbMcusAds:53 - JSON generation date=Mon Dec 15 17:11:46 CST 2025 (1765840306612)
2025-12-23 15:21:07,644 [FATAL] Updater:351 - Updater called before beeing initialized
2025-12-23 15:21:07,679 [WARN] DetailPanel:346 - Failed to get advertising image, set to default
2025-12-23 15:21:07,743 [FATAL] Updater:351 - Updater called before beeing initialized
2025-12-23 15:21:07,744 [FATAL] Updater:351 - Updater called before beeing initialized
2025-12-23 15:21:07,744 [FATAL] Updater:351 - Updater called before beeing initialized
2025-12-23 15:21:07,744 [WARN] DetailPanel:346 - Failed to get advertising image, set to default
2025-12-23 15:21:07,745 [FATAL] Updater:351 - Updater called before beeing initialized
2025-12-23 15:21:07,763 [ERROR] Updater:1198 - MainUpdater not yet initialized. External WinMGr cannot be set.
2025-12-23 15:21:07,764 [INFO] Updater:1134 - Updater Version found : 6.15.0
2025-12-23 15:21:07,772 [INFO] ApplicationProperties:184 - Using Application install path: /Applications/STM32CubeIDE.app/Contents/Eclipse/plugins/com.st.stm32cube.common.mx_6.15.0.202507011659
2025-12-23 15:21:07,999 [INFO] MainUpdater:2872 - connection check result : 10
2025-12-23 15:21:07,999 [INFO] MainUpdater:289 - Updater Check For Update Now.
2025-12-23 15:21:08,000 [INFO] MicroXplorer:498 - Change Database Version : DB.6.0.150
2025-12-23 15:21:08,003 [INFO] McuFinderGlobals:63 - Set McuFinder mode to 2 (CubeIDE integrated)
2025-12-23 15:21:08,003 [INFO] UserAuth:171 - activating auth plugin
2025-12-23 15:21:08,004 [INFO] UserAuth:487 - Internet connection configuration mode: 1
2025-12-23 15:21:08,012 [INFO] JxBrowserEngine:152 - Initiate JxBrowser Engine with user profile folder
2025-12-23 15:21:08,158 [INFO] CheckServerUpdateThread:120 - End of CheckServer Thread
2025-12-23 15:21:08,671 [INFO] WebApp:169 - Instantiating new browser for Auth
2025-12-23 15:21:09,170 [INFO] WebApp:463 - Apply proxy settings
2025-12-23 15:21:09,220 [INFO] WebApp:508 - Chromium authenticates against Manually configured proxy
2025-12-23 15:21:09,241 [INFO] WebApp:516 - Username used for proxy authentication: 
2025-12-23 15:21:09,289 [INFO] WebApp:900 - Register for checkConnection events
2025-12-23 15:21:09,295 [INFO] WebApp:463 - Apply proxy settings
2025-12-23 15:21:09,319 [INFO] WebApp:508 - Chromium authenticates against Manually configured proxy
2025-12-23 15:21:09,336 [INFO] WebApp:516 - Username used for proxy authentication: 
2025-12-23 15:21:09,443 [INFO] WebApp:225 - Starting web application
2025-12-23 15:21:09,453 [INFO] WebApp:593 - Web application path used /Applications/STM32CubeIDE.app/Contents/Eclipse/plugins/com.st.stm32cube.common.mx_6.15.0.202507011659/db/plugins/mcufinder/reactClient1/index.html
2025-12-23 15:21:10,146 [INFO] WebApp:191 - Connection restablished
2025-12-23 15:21:12,717 [WARN] PackLoader:240 - Cannot read IP mode file for STMicroelectronics.FP-SNS-MOTENVWB1.1.4.0
2025-12-23 15:21:12,749 [WARN] PackLoader:240 - Cannot read IP mode file for STMicroelectronics.FP-ATR-ASTRA1.2.0.2
2025-12-23 15:21:12,753 [WARN] PackLoader:240 - Cannot read IP mode file for STMicroelectronics.X-CUBE-SMBUS.2.1.0
2025-12-23 15:21:12,790 [WARN] PackLoader:240 - Cannot read IP mode file for STMicroelectronics.X-CUBE-AZRTOS-F7.1.1.0
2025-12-23 15:21:12,886 [WARN] PackLoader:240 - Cannot read IP mode file for STMicroelectronics.FP-SNS-MOTENV1.5.1.0
2025-12-23 15:21:13,027 [WARN] PackLoader:240 - Cannot read IP mode file for WES.I-CUBE-Cesium.1.4.0
2025-12-23 15:21:13,103 [WARN] PackLoader:240 - Cannot read IP mode file for STMicroelectronics.X-CUBE-AZRTOS-H7.3.4.0
2025-12-23 15:21:13,188 [WARN] PackLoader:240 - Cannot read IP mode file for STMicroelectronics.X-CUBE-DISPLAY.3.0.0
2025-12-23 15:21:13,227 [WARN] PackLoader:240 - Cannot read IP mode file for STMicroelectronics.X-CUBE-NFC10.1.0.0
2025-12-23 15:21:13,283 [WARN] PackLoader:240 - Cannot read IP mode file for STMicroelectronics.X-CUBE-ST60.1.1.0
2025-12-23 15:21:13,341 [WARN] PackLoader:240 - Cannot read IP mode file for emotas.I-CUBE-CANOPEN.1.3.0
2025-12-23 15:21:13,398 [WARN] PackLoader:240 - Cannot read IP mode file for STMicroelectronics.X-CUBE-GNSS1.7.1.0
2025-12-23 15:21:13,455 [WARN] PackLoader:240 - Cannot read IP mode file for STMicroelectronics.FP-SNS-STBOX1.2.1.0
2025-12-23 15:21:13,510 [WARN] PackLoader:240 - Cannot read IP mode file for STMicroelectronics.FP-SNS-SMARTAG2.1.2.0
2025-12-23 15:21:13,548 [WARN] PackLoader:240 - Cannot read IP mode file for STMicroelectronics.FP-SNS-FLIGHT1.5.1.0
2025-12-23 15:21:13,552 [INFO] LogOutputStream:77 - [STDOUT_REDIRECT] 1 : Invalid condition id : UX_CORESTACK_Condition cause : null
2025-12-23 15:21:13,553 [INFO] LogOutputStream:77 - [STDOUT_REDIRECT] 1 : Invalid condition id : UX_CORESTACK_Condition cause : null
2025-12-23 15:21:13,553 [INFO] LogOutputStream:77 - [STDOUT_REDIRECT] 1 : Invalid condition id : UX_CORESTACK_Condition cause : null
2025-12-23 15:21:13,553 [INFO] LogOutputStream:77 - [STDOUT_REDIRECT] 1 : Invalid condition id : UX_CORESTACK_Condition cause : null
2025-12-23 15:21:13,553 [INFO] LogOutputStream:77 - [STDOUT_REDIRECT] 1 : Invalid condition id : UX_CORESTACK_Condition cause : null
2025-12-23 15:21:13,555 [WARN] PackLoader:240 - Cannot read IP mode file for STMicroelectronics.X-CUBE-AZRTOS-WL.2.0.0
2025-12-23 15:21:13,566 [WARN] PackLoader:240 - Cannot read IP mode file for STMicroelectronics.X-CUBE-AZRTOS-H7RS.1.2.0
2025-12-23 15:21:13,570 [WARN] PackLoader:240 - Cannot read IP mode file for STMicroelectronics.X-CUBE-BLE2.3.3.0
2025-12-23 15:21:13,598 [WARN] PackLoader:240 - Cannot read IP mode file for Infineon.AIROC-Wi-Fi-Bluetooth-STM32.1.8.0
2025-12-23 15:21:13,606 [WARN] PackLoader:240 - Cannot read IP mode file for STMicroelectronics.X-CUBE-NFC9.1.0.0
2025-12-23 15:21:13,609 [WARN] PackLoader:240 - Cannot read IP mode file for STMicroelectronics.X-CUBE-BLE1.7.1.0
2025-12-23 15:21:13,611 [WARN] PackLoader:240 - Cannot read IP mode file for wolfSSL.I-CUBE-wolfMQTT.1.19.2
2025-12-23 15:21:13,614 [WARN] PackLoader:240 - Cannot read IP mode file for STMicroelectronics.X-CUBE-FREERTOS.1.4.0
2025-12-23 15:21:13,617 [WARN] PackLoader:240 - Cannot read IP mode file for STMicroelectronics.X-CUBE-EEPRMA1.5.2.0
2025-12-23 15:21:13,620 [WARN] PackLoader:240 - Cannot read IP mode file for wolfSSL.I-CUBE-wolfSSL.5.8.4
2025-12-23 15:21:13,622 [WARN] PackLoader:240 - Cannot read IP mode file for Cesanta.I-CUBE-Mongoose.7.20.0
2025-12-23 15:21:13,625 [WARN] PackLoader:240 - Cannot read IP mode file for STMicroelectronics.X-CUBE-ST67W61.1.1.0
2025-12-23 15:21:13,647 [WARN] PackLoader:240 - Cannot read IP mode file for STMicroelectronics.X-CUBE-MEMS1.12.0.0
2025-12-23 15:21:13,789 [WARN] PackLoader:240 - Cannot read IP mode file for STMicroelectronics.X-CUBE-AZRTOS-G0.1.1.0
2025-12-23 15:21:13,797 [WARN] PackLoader:240 - Cannot read IP mode file for STMicroelectronics.X-CUBE-NFC4.3.0.0
2025-12-23 15:21:13,803 [WARN] PackLoader:240 - Cannot read IP mode file for EmbeddedOffice.I-CUBE-FS-RTOS.1.0.1
2025-12-23 15:21:13,808 [WARN] PackLoader:240 - Cannot read IP mode file for STMicroelectronics.X-CUBE-WB05N.2.0.0
2025-12-23 15:21:13,812 [WARN] PackLoader:240 - Cannot read IP mode file for wolfSSL.I-CUBE-wolfTPM.3.8.0
2025-12-23 15:21:13,817 [WARN] PackLoader:240 - Cannot read IP mode file for STMicroelectronics.X-CUBE-TCPP.4.2.0
2025-12-23 15:21:13,822 [WARN] PackLoader:240 - Cannot read IP mode file for RealThread.X-CUBE-RT-Thread_Nano.4.1.1
2025-12-23 15:21:13,825 [WARN] PackLoader:240 - Cannot read IP mode file for STMicroelectronics.FP-ATR-SIGFOX1.3.2.0
2025-12-23 15:21:13,829 [WARN] PackLoader:240 - Cannot read IP mode file for ITTIA_DB.I-CUBE-ITTIADB.8.9.0
2025-12-23 15:21:13,833 [WARN] PackLoader:240 - Cannot read IP mode file for STMicroelectronics.X-CUBE-AI.10.2.0
2025-12-23 15:21:13,868 [WARN] PackLoader:240 - Cannot read IP mode file for SEGGER.I-CUBE-embOS.1.3.1
2025-12-23 15:21:13,895 [WARN] PackLoader:240 - Cannot read IP mode file for STMicroelectronics.X-CUBE-ALGOBUILD.1.4.0
2025-12-23 15:21:13,899 [WARN] PackLoader:240 - Cannot read IP mode file for STMicroelectronics.X-CUBE-PM33A1.1.0.0
2025-12-23 15:21:13,909 [WARN] PackLoader:240 - Cannot read IP mode file for STMicroelectronics.X-CUBE-AZRTOS-F4.1.1.0
2025-12-23 15:21:13,913 [WARN] PackLoader:240 - Cannot read IP mode file for STMicroelectronics.X-CUBE-ISPU.2.1.0
2025-12-23 15:21:13,923 [WARN] PackLoader:240 - Cannot read IP mode file for STMicroelectronics.X-CUBE-IPS.3.2.0
2025-12-23 15:21:13,933 [WARN] PackLoader:240 - Cannot read IP mode file for STMicroelectronics.X-CUBE-NFC12.1.0.0
2025-12-23 15:21:13,945 [WARN] PackLoader:240 - Cannot read IP mode file for STMicroelectronics.X-CUBE-AZRTOS-L5.2.0.0
2025-12-23 15:21:13,952 [WARN] PackLoader:240 - Cannot read IP mode file for STMicroelectronics.X-CUBE-NFC6.3.1.0
2025-12-23 15:21:13,957 [WARN] PackLoader:240 - Cannot read IP mode file for STMicroelectronics.X-CUBE-TOUCHGFX.4.26.0
2025-12-23 15:21:13,960 [WARN] PackLoader:240 - Cannot read IP mode file for STMicroelectronics.FP-SNS-STAIOTCFT.1.0.0
2025-12-23 15:21:13,965 [WARN] PackLoader:240 - Cannot read IP mode file for STMicroelectronics.X-CUBE-DPower.1.3.0
2025-12-23 15:21:13,980 [WARN] ConditionMgr:438 - getConditionDescription Invalid condition id : LAN8742 Phy interface Condition cause : null
2025-12-23 15:21:13,981 [WARN] PackLoader:240 - Cannot read IP mode file for STMicroelectronics.X-CUBE-AZRTOS-L4.2.0.0
2025-12-23 15:21:13,981 [WARN] ConditionMgr:1044 - genDependencies : Invalid condition id : LAN8742 Phy interface Condition cause : null
2025-12-23 15:21:13,982 [WARN] ConditionMgr:1044 - genDependencies : Invalid condition id : LAN8742 Phy interface Condition cause : null
2025-12-23 15:21:13,982 [WARN] ConditionMgr:1044 - genDependencies : Invalid condition id : LAN8742 Phy interface Condition cause : null
2025-12-23 15:21:13,987 [WARN] PackLoader:240 - Cannot read IP mode file for STMicroelectronics.X-CUBE-SFXS2LP1.4.0.0
2025-12-23 15:21:13,995 [WARN] PackLoader:240 - Cannot read IP mode file for STMicroelectronics.X-CUBE-BLEMGR.4.1.0
2025-12-23 15:21:14,005 [WARN] ConditionMgr:438 - getConditionDescription Invalid condition id : UX DEVICE CLASS RTOS Condition cause : null
2025-12-23 15:21:14,005 [WARN] ConditionMgr:438 - getConditionDescription Invalid condition id : UX DEVICE CLASS RTOS Condition cause : null
2025-12-23 15:21:14,006 [WARN] PackLoader:240 - Cannot read IP mode file for STMicroelectronics.X-CUBE-AZRTOS-WB.2.0.0
2025-12-23 15:21:14,007 [WARN] ConditionMgr:1044 - genDependencies : Invalid condition id : UX DEVICE CLASS RTOS Condition cause : null
2025-12-23 15:21:14,007 [WARN] ConditionMgr:1044 - genDependencies : Invalid condition id : UX DEVICE CLASS RTOS Condition cause : null
2025-12-23 15:21:14,007 [WARN] ConditionMgr:1044 - genDependencies : Invalid condition id : UX DEVICE CLASS RTOS Condition cause : null
2025-12-23 15:21:14,008 [WARN] ConditionMgr:1044 - genDependencies : Invalid condition id : UX DEVICE CLASS RTOS Condition cause : null
2025-12-23 15:21:14,008 [WARN] ConditionMgr:1044 - genDependencies : Invalid condition id : UX DEVICE CLASS RTOS Condition cause : null
2025-12-23 15:21:14,013 [WARN] ConditionMgr:438 - getConditionDescription Invalid condition id : Cortex-A Device cause : null
2025-12-23 15:21:14,020 [WARN] ConditionMgr:1044 - genDependencies : Invalid condition id : Cortex-A Device cause : null
2025-12-23 15:21:14,020 [WARN] ConditionMgr:1044 - genDependencies : Invalid condition id : Cortex-A Device cause : null
2025-12-23 15:21:14,020 [WARN] ConditionMgr:1044 - genDependencies : Invalid condition id : Cortex-A Device cause : null
2025-12-23 15:21:14,025 [WARN] PackLoader:240 - Cannot read IP mode file for STMicroelectronics.X-CUBE-SUBG2.5.0.0
2025-12-23 15:21:14,038 [WARN] PackLoader:240 - Cannot read IP mode file for STMicroelectronics.X-CUBE-AZRTOS-G4.2.0.0
2025-12-23 15:21:14,042 [WARN] PackLoader:240 - Cannot read IP mode file for wolfSSL.I-CUBE-wolfSSH.1.4.20
2025-12-23 15:21:14,046 [WARN] PackLoader:240 - Cannot read IP mode file for STMicroelectronics.X-CUBE-NFC7.2.0.0
2025-12-23 15:21:14,048 [WARN] PackLoader:240 - Cannot read IP mode file for STMicroelectronics.X-CUBE-ALS.1.0.2
2025-12-23 15:21:14,054 [WARN] PackLoader:240 - Cannot read IP mode file for STMicroelectronics.X-CUBE-STSE01.1.0.0
2025-12-23 15:21:14,062 [WARN] PackLoader:240 - Cannot read IP mode file for STMicroelectronics.X-CUBE-TOF1.3.4.3
2025-12-23 15:21:14,071 [INFO] ThirdParty:978 - Integrity check success = true
2025-12-23 15:21:14,072 [INFO] IntegrityCheckThread:100 - exiting critical section [integrity check]
2025-12-23 15:21:14,072 [INFO] IntegrityCheckThread:103 - End integrity checks thread
2025-12-23 15:21:19,256 [INFO] McuFinderGlobals:63 - Set McuFinder mode to 2 (CubeIDE integrated)
2025-12-23 15:21:19,258 [INFO] MainUpdater:2872 - connection check result : 10
2025-12-23 15:21:19,258 [INFO] MainUpdater:2872 - connection check result : 10
2025-12-23 15:21:19,590 [INFO] MicroXplorer:468 - Change Database Path : 
2025-12-23 15:21:19,590 [INFO] MicroXplorer:498 - Change Database Version : DB.6.0.150
2025-12-23 15:21:19,595 [WARN] ThirdParty:871 - waiting for thirdparty lock release [close project]
2025-12-23 15:21:19,595 [INFO] ThirdParty:873 - entering critical section [close project]
2025-12-23 15:21:19,595 [INFO] ThirdParty:883 - exiting critical section [close project]
2025-12-23 15:21:19,596 [INFO] PinOutPanel:1589 - setPackage(No Configuration,No Configuration)
2025-12-23 15:21:19,597 [INFO] UtilMem:75 - Begin LoadConfig() Used Memory: 236470168 Bytes (282066944)
2025-12-23 15:21:19,598 [INFO] MicroXplorer:468 - Change Database Path : 
2025-12-23 15:21:19,598 [INFO] MicroXplorer:498 - Change Database Version : DB.6.0.150
2025-12-23 15:21:19,598 [INFO] OpenFileManager:355 - Change cursor
2025-12-23 15:21:19,611 [INFO] Mcu:2029 - Initializing MCU STM32L431C(B-C)Tx STM32L431CBTx STM32L431CBT6
2025-12-23 15:21:20,365 [INFO] Context:786 - Trying to add GPIOservice into a context  which must be forbidden
2025-12-23 15:21:20,924 [INFO] ImportTextPane:234 - (OptionalMessage_ERROR) Pin29 (VP_RIF_VS_RIF1) cannot be retrieved for this MCU
2025-12-23 15:21:21,091 [INFO] RtosManager:558 - Registered RTOS mode: class=CMSIS, group=RTOS, mode=CMSIS_V1, owner=FREERTOS
2025-12-23 15:21:21,091 [INFO] RtosManager:558 - Registered RTOS mode: class=CMSIS, group=RTOS2, mode=CMSIS_V2, owner=FREERTOS
2025-12-23 15:21:21,091 [INFO] RtosManager:558 - Registered RTOS mode: class=RTOS, group=Core, mode=CMSIS_V1, owner=FREERTOS
2025-12-23 15:21:21,091 [INFO] RtosManager:558 - Registered RTOS mode: class=RTOS, group=Core, mode=CMSIS_V2, owner=FREERTOS
2025-12-23 15:21:21,092 [WARN] ModelIntegratedComponent:184 - Missing modes for component STMicroelectronics:FreeRTOS:0.0.1:STMicroelectronics:RTOS:FreeRTOS:Core:::10.2.0:
2025-12-23 15:21:21,110 [WARN] ModelIntegratedComponent:63 - No mode defined for component null
2025-12-23 15:21:21,111 [WARN] ModelIntegratedComponent:63 - No mode defined for component null
2025-12-23 15:21:21,111 [WARN] ModelIntegratedComponent:63 - No mode defined for component null
2025-12-23 15:21:21,111 [WARN] ModelIntegratedComponent:63 - No mode defined for component null
2025-12-23 15:21:21,111 [WARN] ModelIntegratedComponent:63 - No mode defined for component null
2025-12-23 15:21:21,111 [WARN] ModelIntegratedComponent:63 - No mode defined for component null
2025-12-23 15:21:21,111 [WARN] ModelIntegratedComponent:63 - No mode defined for component null
2025-12-23 15:21:21,111 [WARN] ModelIntegratedComponent:63 - No mode defined for component null
2025-12-23 15:21:21,111 [WARN] ModelIntegratedComponent:63 - No mode defined for component null
2025-12-23 15:21:21,111 [WARN] ModelIntegratedComponent:63 - No mode defined for component null
2025-12-23 15:21:21,111 [WARN] ModelIntegratedComponent:63 - No mode defined for component null
2025-12-23 15:21:21,111 [WARN] ModelIntegratedComponent:63 - No mode defined for component null
2025-12-23 15:21:21,112 [WARN] ModelIntegratedComponent:63 - No mode defined for component null
2025-12-23 15:21:21,112 [WARN] ModelIntegratedComponent:63 - No mode defined for component null
2025-12-23 15:21:21,112 [WARN] ModelIntegratedComponent:63 - No mode defined for component null
2025-12-23 15:21:21,112 [WARN] ModelIntegratedComponent:63 - No mode defined for component null
2025-12-23 15:21:21,112 [WARN] ModelIntegratedComponent:63 - No mode defined for component null
2025-12-23 15:21:21,112 [WARN] ModelIntegratedComponent:63 - No mode defined for component null
2025-12-23 15:21:21,112 [WARN] ModelIntegratedComponent:63 - No mode defined for component null
2025-12-23 15:21:21,112 [WARN] ModelIntegratedComponent:63 - No mode defined for component null
2025-12-23 15:21:21,112 [WARN] ModelIntegratedComponent:63 - No mode defined for component null
2025-12-23 15:21:21,112 [WARN] ModelIntegratedComponent:63 - No mode defined for component null
2025-12-23 15:21:21,112 [WARN] ModelIntegratedComponent:63 - No mode defined for component null
2025-12-23 15:21:21,112 [WARN] ModelIntegratedComponent:63 - No mode defined for component null
2025-12-23 15:21:21,112 [WARN] ModelIntegratedComponent:63 - No mode defined for component null
2025-12-23 15:21:21,112 [WARN] ModelIntegratedComponent:63 - No mode defined for component null
2025-12-23 15:21:21,112 [WARN] ModelIntegratedComponent:63 - No mode defined for component null
2025-12-23 15:21:21,113 [WARN] ModelIntegratedComponent:63 - No mode defined for component null
2025-12-23 15:21:21,113 [WARN] ModelIntegratedComponent:63 - No mode defined for component null
2025-12-23 15:21:21,113 [WARN] ModelIntegratedComponent:63 - No mode defined for component null
2025-12-23 15:21:21,113 [WARN] ModelIntegratedComponent:63 - No mode defined for component null
2025-12-23 15:21:21,113 [WARN] ModelIntegratedComponent:63 - No mode defined for component null
2025-12-23 15:21:21,113 [WARN] ModelIntegratedComponent:63 - No mode defined for component null
2025-12-23 15:21:21,113 [WARN] ModelIntegratedComponent:63 - No mode defined for component null
2025-12-23 15:21:21,113 [WARN] ModelIntegratedComponent:63 - No mode defined for component null
2025-12-23 15:21:21,113 [WARN] ModelPack:524 - Component already loaded: STMicroelectronics:HAL Drivers:0.0.0:STMicroelectronics:Device:STMicro_Driver:XSPI:HAL::0.0.1:HAL_XSPI
2025-12-23 15:21:21,148 [INFO] ThirdPartyModel:298 - Start build external matchings
2025-12-23 15:21:21,432 [INFO] ThirdPartyModel:316 - End build external matchings
2025-12-23 15:21:21,451 [INFO] ImportTextPane:234 - (OptionalMessage_ERROR) IP (ADC1) : Parameter (CommonPathInternal) has invalid value (null|null|null|null)
2025-12-23 15:21:21,451 [INFO] ImportTextPane:234 - (OptionalMessage_ERROR) IP (DMA) : Parameter (Instance) has Id (ADC1) currently not set
2025-12-23 15:21:21,452 [INFO] ImportTextPane:234 - (OptionalMessage_ERROR) IP (DMA) : Parameter (Request) has Id (ADC1) currently not set
2025-12-23 15:21:21,452 [INFO] ImportTextPane:234 - (OptionalMessage_ERROR) IP (DMA) : Parameter (Direction) has Id (ADC1) currently not set
2025-12-23 15:21:21,452 [INFO] ImportTextPane:234 - (OptionalMessage_ERROR) IP (DMA) : Parameter (PeriphInc) has Id (ADC1) currently not set
2025-12-23 15:21:21,452 [INFO] ImportTextPane:234 - (OptionalMessage_ERROR) IP (DMA) : Parameter (MemInc) has Id (ADC1) currently not set
2025-12-23 15:21:21,452 [INFO] ImportTextPane:234 - (OptionalMessage_ERROR) IP (DMA) : Parameter (PeriphDataAlignment) has Id (ADC1) currently not set
2025-12-23 15:21:21,452 [INFO] ImportTextPane:234 - (OptionalMessage_ERROR) IP (DMA) : Parameter (MemDataAlignment) has Id (ADC1) currently not set
2025-12-23 15:21:21,452 [INFO] ImportTextPane:234 - (OptionalMessage_ERROR) IP (DMA) : Parameter (Mode) has Id (ADC1) currently not set
2025-12-23 15:21:21,453 [INFO] ImportTextPane:234 - (OptionalMessage_ERROR) IP (DMA) : Parameter (Priority) has Id (ADC1) currently not set
2025-12-23 15:21:21,455 [INFO] ImportTextPane:234 - (OptionalMessage_ERROR) IP (RCC) : Invalid parameter (FamilyName)
2025-12-23 15:21:21,934 [INFO] ApiDb:581 - Connected to CubeFinder SQLite database (/Users/karthikkurapati/.stmcufinder/plugins/mcufinder/mcu/cube-finder-db.db)
2025-12-23 15:21:21,985 [INFO] ApiDb:668 - CubeFinder database Data Model version=2.1
2025-12-23 15:21:21,985 [INFO] ApiDb:669 - CubeFinder database Configuration version=3.0.39
2025-12-23 15:21:21,985 [INFO] ApiDb:670 - CubeFinder database generation date=2025-11-05 (1762334721)
2025-12-23 15:21:21,985 [INFO] ApiDb:671 - CubeFinder database FW Pack versions=[FP-ATR-ASTRA1_V2.0.0, FP-SNS-FLIGHT1_V5.1.0, FP-SNS-MOTENV1_V5.1.0, FP-SNS-MOTENVWB1_V1.4.0, FP-SNS-SMARTAG2_V1.2.0, FP-SNS-STBOX1_V2.1.0, STM32Cube_FW_C0_V1.4.0, STM32Cube_FW_F4_V1.28.3, STM32Cube_FW_F7_V1.17.4, STM32Cube_FW_G0_V1.6.2, STM32Cube_FW_G4_V1.6.1, STM32Cube_FW_H5_V1.5.1, STM32Cube_FW_H7RS_V1.3.0, STM32Cube_FW_H7_V1.12.1, STM32Cube_FW_L0_V1.12.2, STM32Cube_FW_L4_V1.18.1, STM32Cube_FW_L5_V1.6.0, STM32Cube_FW_N6_V1.3.0, STM32Cube_FW_U0_V1.3.0, STM32Cube_FW_U3_V1.2.1, STM32Cube_FW_U5_V1.8.0, STM32Cube_FW_WB0_V1.4.0, STM32Cube_FW_WBA_V1.8.0, STM32Cube_FW_WB_V1.24.0, STM32Cube_FW_WL3_V1.3.0, STM32Cube_FW_WL_V1.4.0, X-CUBE-ALGOBUILD_V1.4.0, X-CUBE-ALS_V1.0.2, X-CUBE-AZRTOS-F4_V1.1.0, X-CUBE-AZRTOS-F7_V1.1.0, X-CUBE-AZRTOS-G0_V1.1.0, X-CUBE-AZRTOS-G4_V2.0.0, X-CUBE-AZRTOS-H7RS_V1.1.0, X-CUBE-AZRTOS-H7_V3.4.0, X-CUBE-AZRTOS-L4_V2.0.0, X-CUBE-AZRTOS-L5_V2.0.0, X-CUBE-AZRTOS-WB_V2.0.0, X-CUBE-AZRTOS-WL_V2.0.0, X-CUBE-BLE1_V7.1.0, X-CUBE-BLE2_V3.3.0, X-CUBE-BLEMGR_V4.1.0, X-CUBE-EEPRMA1_V5.2.0, X-CUBE-FREERTOS_V1.3.1, X-CUBE-GNSS1_V6.0.0, X-CUBE-MEMS1_V11.3.0, X-CUBE-NFC4_V3.0.0, X-CUBE-NFC7_V2.0.0, X-CUBE-SFXS2LP1_V4.0.0, X-CUBE-ST67W61_V1.1.0, X-CUBE-SUBG2_V5.0.0, X-CUBE-TOF1_V3.4.3]
2025-12-23 15:21:22,025 [INFO] DbBoardsSqlite:226 - include board P-NUCLEO-WB55-NUCLEO as a kit item of type 'Nucleo-64'
2025-12-23 15:21:22,026 [INFO] DbBoardsSqlite:226 - include board P-NUCLEO-WB55-USBDONGLE as a kit item of type 'Nucleo USB Dongle'
2025-12-23 15:21:22,026 [INFO] DbBoardsSqlite:226 - include board STEVAL-IDP005V1 as a kit item of type 'Evaluation Board'
2025-12-23 15:21:22,026 [INFO] DbBoardsSqlite:226 - include board STEVAL-IDP005V2 as a kit item of type 'Evaluation Board'
2025-12-23 15:21:22,061 [INFO] ApiDb:240 - Found 880 in-development CPN: [B-G473E-ZEST1S, B-WB1M-WPAN1, B-WBA5M-WPAN, B-WL5M-SUBG1, NUCLEO-C031C6, NUCLEO-C051C8, NUCLEO-C071RB, NUCLEO-C092RC, NUCLEO-H503RB, NUCLEO-H533RE, NUCLEO-H563ZI, NUCLEO-H7S3L8, NUCLEO-N657X0-Q, NUCLEO-U031R8, NUCLEO-U083RC, NUCLEO-U385RG-Q, NUCLEO-U545RE-Q, NUCLEO-U5A5ZJ-Q, NUCLEO-WB05KZ, NUCLEO-WB07CC, NUCLEO-WB09KE, NUCLEO-WBA52CG, NUCLEO-WBA55CG, NUCLEO-WL33CC1, NUCLEO-WL33CC2, STEVAL-PROTEUS1, STEVAL-SMARTAG2, STEVAL-STWINBX1, STM320518-EVAL, STM32C0116-DK, STM32C011D6Y3TR, STM32C011D6Y6TR, STM32C011F4P3, STM32C011F4P6, STM32C011F4U3, STM32C011F4U6TR, STM32C011F6P3, STM32C011F6P6, STM32C011F6U3, STM32C011F6U6TR, STM32C011J4M3, STM32C011J4M6, STM32C011J6M3, STM32C011J6M6, STM32C0316-DK, STM32C031C4T3, STM32C031C4T6, STM32C031C4U3, STM32C031C4U6, STM32C031C6T3, STM32C031C6T6, STM32C031C6U3, STM32C031C6U6, STM32C031F4P3, STM32C031F4P6, STM32C031F6P3, STM32C031F6P6, STM32C031G4U3, STM32C031G4U6, STM32C031G6U3, STM32C031G6U6, STM32C031K4T3, STM32C031K4T6, STM32C031K4U3, STM32C031K4U6, STM32C031K6T3, STM32C031K6T6, STM32C031K6U3, STM32C031K6U6, STM32C051C6T6, STM32C051C6U6, STM32C051C8T6, STM32C051C8U6, STM32C051D8Y6TR, STM32C051F6P6, STM32C051F8P6, STM32C051G6U6, STM32C051G8U6, STM32C051K6T6, STM32C051K6U6, STM32C051K8T6, STM32C071C8T6, STM32C071C8T6N, STM32C071C8U6, STM32C071C8U6N, STM32C071CBT6, STM32C071CBT6N, STM32C071CBU6, STM32C071CBU6N, STM32C071F8P6, STM32C071F8P6N, STM32C071FBP6, STM32C071FBP6N, STM32C071FBY6TR, STM32C071G8U6, STM32C071G8U6N, STM32C071GBU6, STM32C071GBU6N, STM32C071K8T6, STM32C071K8T6N, STM32C071K8U6, STM32C071K8U6N, STM32C071KBT6, STM32C071KBT6N, STM32C071KBU6, STM32C071KBU6N, STM32C071R8T6, STM32C071R8T6N, STM32C071RBI6N, STM32C071RBT6, STM32C071RBT6N, STM32C091CBT6, STM32C091CBU6, STM32C091CCT6, STM32C091CCU6, STM32C091ECY6TR, STM32C091FBP6, STM32C091FCP6, STM32C091GBU6, STM32C091GCU6, STM32C091KBT6, STM32C091KBU6, STM32C091KCT6, STM32C091KCU6, STM32C091RBT6, STM32C091RCI6, STM32C091RCT6, STM32C092CBT6, STM32C092CBU6, STM32C092CCT6, STM32C092CCU6, STM32C092ECY6TR, STM32C092FBP6, STM32C092FCP6, STM32C092GBU6, STM32C092GCU6, STM32C092KBT6, STM32C092KBU6, STM32C092KCT6, STM32C092KCU6, STM32C092RBT6, STM32C092RCI6, STM32C092RCT6, STM32G071K8TXN, STM32G071K8UXN, STM32G081GBU6N, STM32G081KBT6N, STM32G081KBUXN, STM32G0B1CCT6N, STM32G0B1KCT6, STM32G0B1NEY6TR, STM32G0B1RCT6N, STM32G0C1CCT6, STM32G0C1CCT6N, STM32G0C1CCU6N, STM32G0C1CET6N, STM32G0C1CEU6N, STM32G0C1KCT6, STM32G0C1NEY6TR, STM32G0C1RCI6N, STM32G0C1RCT6N, STM32G0C1REI6N, STM32G0C1RET6N, STM32G0C1VCI6, STM32G0C1VEI6, STM32G411C6T3, STM32G411C6T6, STM32G411C6U3, STM32G411C6U6, STM32G411C8T3, STM32G411C8T6, STM32G411C8U3, STM32G411C8U6, STM32G411CBT3, STM32G411CBT6, STM32G411CBU3, STM32G411CBU6, STM32G411K6T3, STM32G411K6T6, STM32G411K6U3, STM32G411K6U6, STM32G411K8T3, STM32G411K8T6, STM32G411K8U3, STM32G411K8U6, STM32G411KBT3, STM32G411KBT6, STM32G411KBU3, STM32G411KBU6, STM32G411M6T3, STM32G411M6T6, STM32G411M8T3, STM32G411M8T6, STM32G411MBT3, STM32G411MBT6, STM32G411R6T3, STM32G411R6T6, STM32G411R8T3, STM32G411R8T6, STM32G411RBT3, STM32G411RBT6, STM32G414CBT3, STM32G414CBT6, STM32G414CBU3, STM32G414CBU6, STM32G414CCT3, STM32G414CCT6, STM32G414CCU3, STM32G414CCU6, STM32G414MBT3, STM32G414MBT6, STM32G414MCT3, STM32G414MCT6, STM32G414RBT3, STM32G414RBT6, STM32G414RCT3, STM32G414RCT6, STM32G414VBT3, STM32G414VBT6, STM32G414VCT3, STM32G414VCT6, STM32G431CBT3Z, STM32G431RBT3Z, STM32G471CCT6, STM32G471CCU6, STM32G471CET3, STM32G471CET6, STM32G471CEU3, STM32G471CEU6, STM32G471MCT6, STM32G471MET3, STM32G471MET6, STM32G471MEY6TR, STM32G471QCT6, STM32G471QET3, STM32G471RCT6, STM32G471RET3, STM32G471RET6, STM32G471VCH6, STM32G471VCI6, STM32G471VCT6, STM32G471VEH3, STM32G471VEH6, STM32G471VEI3, STM32G471VEI6, STM32G471VET3, STM32G471VET6, STM32G473QET3Z, STM32G473RET3Z, STM32G474CCT6, STM32G491RET3Z, STM32H503CBT6, STM32H503CBU6, STM32H503EBY6TR, STM32H503KBU6, STM32H503RBT6, STM32H523CCT6, STM32H523CCU6, STM32H523CET6, STM32H523CEU6, STM32H523HEY6TR, STM32H523RCT6, STM32H523RET6, STM32H523VCI6, STM32H523VCT6, STM32H523VEI6, STM32H523VET6, STM32H523ZCJ6, STM32H523ZCT6, STM32H523ZEJ6, STM32H523ZET6, STM32H533CET6, STM32H533CEU6, STM32H533HEY6TR, STM32H533RET6, STM32H533VEI6, STM32H533VET6, STM32H533ZEJ6, STM32H533ZET6, STM32H562AGI6, STM32H562AII6, STM32H562IGK6, STM32H562IGT6, STM32H562IIK6, STM32H562IIT6, STM32H562RGT6, STM32H562RGV6, STM32H562RIT6, STM32H562RIV6, STM32H562VGT6, STM32H562VIT6, STM32H562ZGT6, STM32H562ZIT6, STM32H563AGI6, STM32H563AII3Q, STM32H563AII6, STM32H563IGK6, STM32H563IGT6, STM32H563IIK3Q, STM32H563IIK6, STM32H563IIT3Q, STM32H563IIT6, STM32H563MIY3QTR, STM32H563RGT6, STM32H563RGV6, STM32H563RIT6, STM32H563RIV6, STM32H563VGT6, STM32H563VIT3Q, STM32H563VIT6, STM32H563ZGT6, STM32H563ZIT3Q, STM32H563ZIT6, STM32H573AII3Q, STM32H573AII6, STM32H573I-DK, STM32H573IIK3Q, STM32H573IIK6, STM32H573IIT3Q, STM32H573IIT6, STM32H573MIY3QTR, STM32H573RIT6, STM32H573RIV6, STM32H573VIT3Q, STM32H573VIT6, STM32H573ZIT3Q, STM32H573ZIT6, STM32H7R3A8I6, STM32H7R3I8K6, STM32H7R3I8T6, STM32H7R3L8H6, STM32H7R3L8H6H, STM32H7R3R8V6, STM32H7R3V8H6, STM32H7R3V8T6, STM32H7R3V8Y6TR, STM32H7R3Z8J6, STM32H7R3Z8T6, STM32H7R7A8I6, STM32H7R7I8K6, STM32H7R7I8T6, STM32H7R7L8H6, STM32H7R7L8H6H, STM32H7R7Z8J6, STM32H7S3A8I6, STM32H7S3I8K6, STM32H7S3I8T6, STM32H7S3L8H6, STM32H7S3L8H6H, STM32H7S3R8V6, STM32H7S3V8H6, STM32H7S3V8T6, STM32H7S3V8Y6TR, STM32H7S3Z8J6, STM32H7S3Z8T6, STM32H7S78-DK, STM32H7S7A8I6, STM32H7S7I8K6, STM32H7S7I8T6, STM32H7S7L8H6, STM32H7S7L8H6H, STM32H7S7Z8J6, STM32L4R5QGI6STR, STM32MP131AAE3, STM32MP131AAF3, STM32MP131AAG3, STM32MP131CAE3, STM32MP131CAF3, STM32MP131CAG3, STM32MP131DAE7, STM32MP131DAF7, STM32MP131DAG7, STM32MP131FAE7, STM32MP131FAF7, STM32MP131FAG7, STM32MP133AAE3, STM32MP133AAF3, STM32MP133AAG3, STM32MP133CAE3, STM32MP133CAF3, STM32MP133CAG3, STM32MP133DAE7, STM32MP133DAF7, STM32MP133DAG7, STM32MP133FAE7, STM32MP133FAF7, STM32MP133FAG7, STM32MP135AAE3, STM32MP135AAF3, STM32MP135AAG3, STM32MP135CAE3, STM32MP135CAF3, STM32MP135CAG3, STM32MP135DAE7, STM32MP135DAF7, STM32MP135DAG7, STM32MP135F-DK, STM32MP135FAE7, STM32MP135FAF7, STM32MP135FAF7T, STM32MP135FAF7U, STM32MP135FAG7, STM32MP211AAL3, STM32MP211AAM3, STM32MP211AAN3, STM32MP211AAO3, STM32MP211CAL3, STM32MP211CAM3, STM32MP211CAN3, STM32MP211CAO3, STM32MP211DAL3, STM32MP211DAM3, STM32MP211DAN3, STM32MP211DAO3, STM32MP211FAL3, STM32MP211FAM3, STM32MP211FAN3, STM32MP211FAO3, STM32MP213AAL3, STM32MP213AAM3, STM32MP213AAN3, STM32MP213AAO3, STM32MP213CAL3, STM32MP213CAM3, STM32MP213CAN3, STM32MP213CAO3, STM32MP213DAL3, STM32MP213DAM3, STM32MP213DAN3, STM32MP213DAO3, STM32MP213FAL3, STM32MP213FAM3, STM32MP213FAN3, STM32MP213FAO3, STM32MP215AAL3, STM32MP215AAM3, STM32MP215AAN3, STM32MP215AAO3, STM32MP215CAL3, STM32MP215CAM3, STM32MP215CAN3, STM32MP215CAO3, STM32MP215DAL3, STM32MP215DAM3, STM32MP215DAN3, STM32MP215DAO3, STM32MP215F-DK, STM32MP215FAL3, STM32MP215FAM3, STM32MP215FAN3, STM32MP215FAO3, STM32MP231AAJ3, STM32MP231AAK3, STM32MP231AAL3, STM32MP231CAJ3, STM32MP231CAK3, STM32MP231CAL3, STM32MP231DAJ3, STM32MP231DAK3, STM32MP231DAL3, STM32MP231FAJ3, STM32MP231FAK3, STM32MP231FAL3, STM32MP233AAJ3, STM32MP233AAK3, STM32MP233AAL3, STM32MP233CAJ3, STM32MP233CAK3, STM32MP233CAL3, STM32MP233DAJ3, STM32MP233DAK3, STM32MP233DAL3, STM32MP233FAJ3, STM32MP233FAK3, STM32MP233FAL3, STM32MP235AAJ3, STM32MP235AAK3, STM32MP235AAL3, STM32MP235CAJ3, STM32MP235CAK3, STM32MP235CAL3, STM32MP235DAJ3, STM32MP235DAK3, STM32MP235DAL3, STM32MP235FAJ3, STM32MP235FAK3, STM32MP235FAL3, STM32MP251AAI3, STM32MP251AAK3, STM32MP251AAL3, STM32MP251CAI3, STM32MP251CAK3, STM32MP251CAL3, STM32MP251DAI3, STM32MP251DAK3, STM32MP251DAL3, STM32MP251FAI3, STM32MP251FAK3, STM32MP251FAL3, STM32MP253AAI3, STM32MP253AAK3, STM32MP253AAL3, STM32MP253CAI3, STM32MP253CAK3, STM32MP253CAL3, STM32MP253DAI3, STM32MP253DAK3, STM32MP253DAL3, STM32MP253FAI3, STM32MP253FAK3, STM32MP253FAL3, STM32MP255AAI3, STM32MP255AAK3, STM32MP255AAL3, STM32MP255CAI3, STM32MP255CAK3, STM32MP255CAL3, STM32MP255DAI3, STM32MP255DAK3, STM32MP255DAL3, STM32MP255FAI3, STM32MP255FAK3, STM32MP255FAL3, STM32MP257AAI3, STM32MP257AAK3, STM32MP257AAL3, STM32MP257CAI3, STM32MP257CAK3, STM32MP257CAL3, STM32MP257DAI3, STM32MP257DAK3, STM32MP257DAL3, STM32MP257F-DK, STM32MP257F-EV1, STM32MP257FAI3, STM32MP257FAK3, STM32MP257FAL3, STM32N645A0H3Q, STM32N645B0H3Q, STM32N645I0H3Q, STM32N645L0H3Q, STM32N645X0H3Q, STM32N645Z0H3Q, STM32N647A0H3Q, STM32N647B0H3Q, STM32N647I0H3Q, STM32N647L0H3Q, STM32N647X0H3Q, STM32N647Z0H3Q, STM32N655A0H3Q, STM32N655B0H3Q, STM32N655I0H3Q, STM32N655L0H3Q, STM32N655X0H3Q, STM32N655Z0H3Q, STM32N6570-DK, STM32N657A0H3Q, STM32N657B0H3Q, STM32N657I0H3Q, STM32N657L0H3Q, STM32N657X0H3Q, STM32N657Z0H3Q, STM32U031C6T6, STM32U031C6U6, STM32U031C8T6, STM32U031C8U6, STM32U031F4P6, STM32U031F6P6, STM32U031F8P6, STM32U031G6Y6TR, STM32U031G8Y6TR, STM32U031K4U6, STM32U031K6U6, STM32U031K8U6, STM32U031R6I6, STM32U031R6T6, STM32U031R8I6, STM32U031R8T6, STM32U073C8T6, STM32U073C8U6, STM32U073CBT6, STM32U073CBU6, STM32U073CCT6, STM32U073CCU6, STM32U073H8Y6TR, STM32U073HBY6TR, STM32U073HCY6TR, STM32U073K8U6, STM32U073KBU6, STM32U073KCU6, STM32U073M8I6, STM32U073M8T6, STM32U073MBI6, STM32U073MBT6, STM32U073MCI6, STM32U073MCT6, STM32U073R8I6, STM32U073R8T6, STM32U073RBI6, STM32U073RBT6, STM32U073RCI6, STM32U073RCT6, STM32U083C-DK, STM32U083CCT6, STM32U083CCU6, STM32U083HCY6TR, STM32U083KCU6, STM32U083MCI6, STM32U083MCT6, STM32U083RCI6, STM32U083RCT6, STM32U375CET6, STM32U375CET6Q, STM32U375CEU6, STM32U375CEU6Q, STM32U375CEY6QTR, STM32U375CGT6, STM32U375CGT6Q, STM32U375CGU6, STM32U375CGU6Q, STM32U375CGY6QTR, STM32U375KEU6, STM32U375KGU6, STM32U375REI6, STM32U375REI6Q, STM32U375RET6, STM32U375RET6Q, STM32U375REY6GTR, STM32U375REY6QTR, STM32U375RGI6, STM32U375RGI6Q, STM32U375RGT6, STM32U375RGT6Q, STM32U375RGY6GTR, STM32U375RGY6QTR, STM32U375VEI6, STM32U375VEI6Q, STM32U375VET6, STM32U375VET6Q, STM32U375VGI6, STM32U375VGI6Q, STM32U375VGT6, STM32U375VGT6Q, STM32U385CGT6, STM32U385CGT6Q, STM32U385CGU6, STM32U385CGU6Q, STM32U385CGY6QTR, STM32U385KGU6, STM32U385RGI6, STM32U385RGI6Q, STM32U385RGT6, STM32U385RGT6Q, STM32U385RGY6GTR, STM32U385RGY6QTR, STM32U385VGI6, STM32U385VGI6Q, STM32U385VGT6, STM32U385VGT6Q, STM32U535CBT6, STM32U535CBT6Q, STM32U535CBU6, STM32U535CBU6Q, STM32U535CCT6, STM32U535CCT6Q, STM32U535CCU6, STM32U535CCU6Q, STM32U535CET6, STM32U535CET6Q, STM32U535CEU6, STM32U535CEU6Q, STM32U535JEY6QTR, STM32U535NCY6QTR, STM32U535NEY6QTR, STM32U535RBI6, STM32U535RBI6Q, STM32U535RBT6, STM32U535RBT6Q, STM32U535RCI6, STM32U535RCI6Q, STM32U535RCT6, STM32U535RCT6Q, STM32U535REI6, STM32U535REI6Q, STM32U535RET6, STM32U535RET6Q, STM32U535VCI6, STM32U535VCI6Q, STM32U535VCT6, STM32U535VCT6Q, STM32U535VEI6, STM32U535VEI6Q, STM32U535VET6, STM32U535VET6Q, STM32U545CET6, STM32U545CET6Q, STM32U545CEU6, STM32U545CEU6Q, STM32U545JEY6QTR, STM32U545NEY6QTR, STM32U545REI6, STM32U545REI6Q, STM32U545RET6, STM32U545RET6Q, STM32U545VEI6, STM32U545VEI6Q, STM32U545VET6, STM32U545VET6Q, STM32U595AIH6, STM32U595AIH6Q, STM32U595AJH6, STM32U595AJH6Q, STM32U595QII6, STM32U595QII6Q, STM32U595QJI6, STM32U595QJI6Q, STM32U595RIT6, STM32U595RIT6Q, STM32U595RJT6, STM32U595RJT6Q, STM32U595VIT6, STM32U595VIT6Q, STM32U595VJT6, STM32U595VJT6Q, STM32U595ZIT6, STM32U595ZIT6Q, STM32U595ZIY6QTR, STM32U595ZJT6, STM32U595ZJT6Q, STM32U595ZJY6QTR, STM32U599BJY6QTR, STM32U599NIH6Q, STM32U599NJH6Q, STM32U599VIT6Q, STM32U599VJT6, STM32U599VJT6Q, STM32U599ZIT6Q, STM32U599ZIY6QTR, STM32U599ZJT6Q, STM32U599ZJY6QTR, STM32U5A5AJH6, STM32U5A5AJH6Q, STM32U5A5QII3Q , STM32U5A5QJI6, STM32U5A5QJI6Q, STM32U5A5RJT6, STM32U5A5RJT6Q, STM32U5A5VJT6, STM32U5A5VJT6Q, STM32U5A5ZJT6, STM32U5A5ZJT6Q, STM32U5A5ZJY6QTR, STM32U5A9BJY6QTR, STM32U5A9J-DK, STM32U5A9NJH6Q, STM32U5A9VJT6Q, STM32U5A9ZJT6Q, STM32U5A9ZJY6QTR, STM32U5F7VIT6, STM32U5F7VIT6Q, STM32U5F7VJT6, STM32U5F7VJT6Q, STM32U5F9BJY6QTR, STM32U5F9NJH6Q, STM32U5F9VIT6Q, STM32U5F9VJT6Q, STM32U5F9ZIJ6QTR, STM32U5F9ZIT6Q, STM32U5F9ZJJ6QTR, STM32U5F9ZJT6Q, STM32U5G7VJT6, STM32U5G7VJT6Q, STM32U5G9BJY6QTR, STM32U5G9J-DK1, STM32U5G9J-DK2, STM32U5G9NJH6Q, STM32U5G9VJT6Q, STM32U5G9ZJJ6QTR, STM32U5G9ZJT6Q, STM32WB05KZV6TR, STM32WB05KZV7TR, STM32WB05TZF6TR, STM32WB05TZF7TR, STM32WB06CCF6TR, STM32WB06CCF7TR, STM32WB06CCV6TR, STM32WB06CCV7TR, STM32WB06KCV6TR, STM32WB06KCV7TR, STM32WB07CCF6TR, STM32WB07CCF7TR, STM32WB07CCV6TR, STM32WB07CCV7TR, STM32WB07KCV6TR, STM32WB07KCV7TR, STM32WB09KEV6TR, STM32WB09KEV7TR, STM32WB09TEF6TR, STM32WB09TEF7TR, STM32WB1MMCH6, STM32WBA50KGU6, STM32WBA50KGU6TR, STM32WBA52CEU6, STM32WBA52CEU6TR, STM32WBA52CEU7, STM32WBA52CEU7TR, STM32WBA52CGU6, STM32WBA52CGU6TR, STM32WBA52CGU6U, STM32WBA52CGU7, STM32WBA52CGU7TR, STM32WBA52KEU6, STM32WBA52KEU6TR, STM32WBA52KGU6, STM32WBA52KGU6TR, STM32WBA54CEU6, STM32WBA54CEU6TR, STM32WBA54CEU7, STM32WBA54CEU7TR, STM32WBA54CGU6, STM32WBA54CGU6TR, STM32WBA54CGU7, STM32WBA54CGU7TR, STM32WBA54KEU6, STM32WBA54KEU6TR, STM32WBA54KEU7, STM32WBA54KEU7TR, STM32WBA54KGU6, STM32WBA54KGU6TR, STM32WBA54KGU7, STM32WBA54KGU7TR, STM32WBA55CEU6, STM32WBA55CEU6TR, STM32WBA55CEU7, STM32WBA55CEU7TR, STM32WBA55CGU6, STM32WBA55CGU6TR, STM32WBA55CGU6U, STM32WBA55CGU7, STM32WBA55CGU7TR, STM32WBA55G-DK1, STM32WBA55HEF6, STM32WBA55HEF7, STM32WBA55HGF6, STM32WBA55HGF7, STM32WBA55UEI6, STM32WBA55UEI6TR, STM32WBA55UEI7, STM32WBA55UEI7TR, STM32WBA55UGI6, STM32WBA55UGI6TR, STM32WBA55UGI7, STM32WBA55UGI7TR, STM32WBA5MMGH6TR, STM32WBA62MGF6, STM32WBA62MIF6, STM32WBA65MGF7, STM32WBA65MIF6, STM32WBA65MIF7, STM32WL30K8V6, STM32WL30KBV6, STM32WL31C8V6, STM32WL31CBV6, STM32WL31K8V6, STM32WL31KBV6, STM32WL33C8V6, STM32WL33C8V6X, STM32WL33CBV6, STM32WL33CBV6X, STM32WL33CCV6, STM32WL33CCV6A, STM32WL33CCV6X, STM32WL33K8V7, STM32WL33K8V7X, STM32WL33KBV7 , STM32WL33KBV7X, STM32WL33KCV7, STM32WL33KCV7X, STM32WL5MOCH6, STM32WL5MOCH6TR]
2025-12-23 15:21:22,064 [INFO] ApiDb:668 - CubeFinder database Data Model version=2.1
2025-12-23 15:21:22,064 [INFO] ApiDb:669 - CubeFinder database Configuration version=3.0.39
2025-12-23 15:21:22,064 [INFO] ApiDb:670 - CubeFinder database generation date=2025-11-05 (1762334721)
2025-12-23 15:21:22,064 [INFO] ApiDb:671 - CubeFinder database FW Pack versions=[FP-ATR-ASTRA1_V2.0.0, FP-SNS-FLIGHT1_V5.1.0, FP-SNS-MOTENV1_V5.1.0, FP-SNS-MOTENVWB1_V1.4.0, FP-SNS-SMARTAG2_V1.2.0, FP-SNS-STBOX1_V2.1.0, STM32Cube_FW_C0_V1.4.0, STM32Cube_FW_F4_V1.28.3, STM32Cube_FW_F7_V1.17.4, STM32Cube_FW_G0_V1.6.2, STM32Cube_FW_G4_V1.6.1, STM32Cube_FW_H5_V1.5.1, STM32Cube_FW_H7RS_V1.3.0, STM32Cube_FW_H7_V1.12.1, STM32Cube_FW_L0_V1.12.2, STM32Cube_FW_L4_V1.18.1, STM32Cube_FW_L5_V1.6.0, STM32Cube_FW_N6_V1.3.0, STM32Cube_FW_U0_V1.3.0, STM32Cube_FW_U3_V1.2.1, STM32Cube_FW_U5_V1.8.0, STM32Cube_FW_WB0_V1.4.0, STM32Cube_FW_WBA_V1.8.0, STM32Cube_FW_WB_V1.24.0, STM32Cube_FW_WL3_V1.3.0, STM32Cube_FW_WL_V1.4.0, X-CUBE-ALGOBUILD_V1.4.0, X-CUBE-ALS_V1.0.2, X-CUBE-AZRTOS-F4_V1.1.0, X-CUBE-AZRTOS-F7_V1.1.0, X-CUBE-AZRTOS-G0_V1.1.0, X-CUBE-AZRTOS-G4_V2.0.0, X-CUBE-AZRTOS-H7RS_V1.1.0, X-CUBE-AZRTOS-H7_V3.4.0, X-CUBE-AZRTOS-L4_V2.0.0, X-CUBE-AZRTOS-L5_V2.0.0, X-CUBE-AZRTOS-WB_V2.0.0, X-CUBE-AZRTOS-WL_V2.0.0, X-CUBE-BLE1_V7.1.0, X-CUBE-BLE2_V3.3.0, X-CUBE-BLEMGR_V4.1.0, X-CUBE-EEPRMA1_V5.2.0, X-CUBE-FREERTOS_V1.3.1, X-CUBE-GNSS1_V6.0.0, X-CUBE-MEMS1_V11.3.0, X-CUBE-NFC4_V3.0.0, X-CUBE-NFC7_V2.0.0, X-CUBE-SFXS2LP1_V4.0.0, X-CUBE-ST67W61_V1.1.0, X-CUBE-SUBG2_V5.0.0, X-CUBE-TOF1_V3.4.3]
2025-12-23 15:21:23,573 [INFO] ApiDb:240 - Found 880 in-development CPN: [B-G473E-ZEST1S, B-WB1M-WPAN1, B-WBA5M-WPAN, B-WL5M-SUBG1, NUCLEO-C031C6, NUCLEO-C051C8, NUCLEO-C071RB, NUCLEO-C092RC, NUCLEO-H503RB, NUCLEO-H533RE, NUCLEO-H563ZI, NUCLEO-H7S3L8, NUCLEO-N657X0-Q, NUCLEO-U031R8, NUCLEO-U083RC, NUCLEO-U385RG-Q, NUCLEO-U545RE-Q, NUCLEO-U5A5ZJ-Q, NUCLEO-WB05KZ, NUCLEO-WB07CC, NUCLEO-WB09KE, NUCLEO-WBA52CG, NUCLEO-WBA55CG, NUCLEO-WL33CC1, NUCLEO-WL33CC2, STEVAL-PROTEUS1, STEVAL-SMARTAG2, STEVAL-STWINBX1, STM320518-EVAL, STM32C0116-DK, STM32C011D6Y3TR, STM32C011D6Y6TR, STM32C011F4P3, STM32C011F4P6, STM32C011F4U3, STM32C011F4U6TR, STM32C011F6P3, STM32C011F6P6, STM32C011F6U3, STM32C011F6U6TR, STM32C011J4M3, STM32C011J4M6, STM32C011J6M3, STM32C011J6M6, STM32C0316-DK, STM32C031C4T3, STM32C031C4T6, STM32C031C4U3, STM32C031C4U6, STM32C031C6T3, STM32C031C6T6, STM32C031C6U3, STM32C031C6U6, STM32C031F4P3, STM32C031F4P6, STM32C031F6P3, STM32C031F6P6, STM32C031G4U3, STM32C031G4U6, STM32C031G6U3, STM32C031G6U6, STM32C031K4T3, STM32C031K4T6, STM32C031K4U3, STM32C031K4U6, STM32C031K6T3, STM32C031K6T6, STM32C031K6U3, STM32C031K6U6, STM32C051C6T6, STM32C051C6U6, STM32C051C8T6, STM32C051C8U6, STM32C051D8Y6TR, STM32C051F6P6, STM32C051F8P6, STM32C051G6U6, STM32C051G8U6, STM32C051K6T6, STM32C051K6U6, STM32C051K8T6, STM32C071C8T6, STM32C071C8T6N, STM32C071C8U6, STM32C071C8U6N, STM32C071CBT6, STM32C071CBT6N, STM32C071CBU6, STM32C071CBU6N, STM32C071F8P6, STM32C071F8P6N, STM32C071FBP6, STM32C071FBP6N, STM32C071FBY6TR, STM32C071G8U6, STM32C071G8U6N, STM32C071GBU6, STM32C071GBU6N, STM32C071K8T6, STM32C071K8T6N, STM32C071K8U6, STM32C071K8U6N, STM32C071KBT6, STM32C071KBT6N, STM32C071KBU6, STM32C071KBU6N, STM32C071R8T6, STM32C071R8T6N, STM32C071RBI6N, STM32C071RBT6, STM32C071RBT6N, STM32C091CBT6, STM32C091CBU6, STM32C091CCT6, STM32C091CCU6, STM32C091ECY6TR, STM32C091FBP6, STM32C091FCP6, STM32C091GBU6, STM32C091GCU6, STM32C091KBT6, STM32C091KBU6, STM32C091KCT6, STM32C091KCU6, STM32C091RBT6, STM32C091RCI6, STM32C091RCT6, STM32C092CBT6, STM32C092CBU6, STM32C092CCT6, STM32C092CCU6, STM32C092ECY6TR, STM32C092FBP6, STM32C092FCP6, STM32C092GBU6, STM32C092GCU6, STM32C092KBT6, STM32C092KBU6, STM32C092KCT6, STM32C092KCU6, STM32C092RBT6, STM32C092RCI6, STM32C092RCT6, STM32G071K8TXN, STM32G071K8UXN, STM32G081GBU6N, STM32G081KBT6N, STM32G081KBUXN, STM32G0B1CCT6N, STM32G0B1KCT6, STM32G0B1NEY6TR, STM32G0B1RCT6N, STM32G0C1CCT6, STM32G0C1CCT6N, STM32G0C1CCU6N, STM32G0C1CET6N, STM32G0C1CEU6N, STM32G0C1KCT6, STM32G0C1NEY6TR, STM32G0C1RCI6N, STM32G0C1RCT6N, STM32G0C1REI6N, STM32G0C1RET6N, STM32G0C1VCI6, STM32G0C1VEI6, STM32G411C6T3, STM32G411C6T6, STM32G411C6U3, STM32G411C6U6, STM32G411C8T3, STM32G411C8T6, STM32G411C8U3, STM32G411C8U6, STM32G411CBT3, STM32G411CBT6, STM32G411CBU3, STM32G411CBU6, STM32G411K6T3, STM32G411K6T6, STM32G411K6U3, STM32G411K6U6, STM32G411K8T3, STM32G411K8T6, STM32G411K8U3, STM32G411K8U6, STM32G411KBT3, STM32G411KBT6, STM32G411KBU3, STM32G411KBU6, STM32G411M6T3, STM32G411M6T6, STM32G411M8T3, STM32G411M8T6, STM32G411MBT3, STM32G411MBT6, STM32G411R6T3, STM32G411R6T6, STM32G411R8T3, STM32G411R8T6, STM32G411RBT3, STM32G411RBT6, STM32G414CBT3, STM32G414CBT6, STM32G414CBU3, STM32G414CBU6, STM32G414CCT3, STM32G414CCT6, STM32G414CCU3, STM32G414CCU6, STM32G414MBT3, STM32G414MBT6, STM32G414MCT3, STM32G414MCT6, STM32G414RBT3, STM32G414RBT6, STM32G414RCT3, STM32G414RCT6, STM32G414VBT3, STM32G414VBT6, STM32G414VCT3, STM32G414VCT6, STM32G431CBT3Z, STM32G431RBT3Z, STM32G471CCT6, STM32G471CCU6, STM32G471CET3, STM32G471CET6, STM32G471CEU3, STM32G471CEU6, STM32G471MCT6, STM32G471MET3, STM32G471MET6, STM32G471MEY6TR, STM32G471QCT6, STM32G471QET3, STM32G471RCT6, STM32G471RET3, STM32G471RET6, STM32G471VCH6, STM32G471VCI6, STM32G471VCT6, STM32G471VEH3, STM32G471VEH6, STM32G471VEI3, STM32G471VEI6, STM32G471VET3, STM32G471VET6, STM32G473QET3Z, STM32G473RET3Z, STM32G474CCT6, STM32G491RET3Z, STM32H503CBT6, STM32H503CBU6, STM32H503EBY6TR, STM32H503KBU6, STM32H503RBT6, STM32H523CCT6, STM32H523CCU6, STM32H523CET6, STM32H523CEU6, STM32H523HEY6TR, STM32H523RCT6, STM32H523RET6, STM32H523VCI6, STM32H523VCT6, STM32H523VEI6, STM32H523VET6, STM32H523ZCJ6, STM32H523ZCT6, STM32H523ZEJ6, STM32H523ZET6, STM32H533CET6, STM32H533CEU6, STM32H533HEY6TR, STM32H533RET6, STM32H533VEI6, STM32H533VET6, STM32H533ZEJ6, STM32H533ZET6, STM32H562AGI6, STM32H562AII6, STM32H562IGK6, STM32H562IGT6, STM32H562IIK6, STM32H562IIT6, STM32H562RGT6, STM32H562RGV6, STM32H562RIT6, STM32H562RIV6, STM32H562VGT6, STM32H562VIT6, STM32H562ZGT6, STM32H562ZIT6, STM32H563AGI6, STM32H563AII3Q, STM32H563AII6, STM32H563IGK6, STM32H563IGT6, STM32H563IIK3Q, STM32H563IIK6, STM32H563IIT3Q, STM32H563IIT6, STM32H563MIY3QTR, STM32H563RGT6, STM32H563RGV6, STM32H563RIT6, STM32H563RIV6, STM32H563VGT6, STM32H563VIT3Q, STM32H563VIT6, STM32H563ZGT6, STM32H563ZIT3Q, STM32H563ZIT6, STM32H573AII3Q, STM32H573AII6, STM32H573I-DK, STM32H573IIK3Q, STM32H573IIK6, STM32H573IIT3Q, STM32H573IIT6, STM32H573MIY3QTR, STM32H573RIT6, STM32H573RIV6, STM32H573VIT3Q, STM32H573VIT6, STM32H573ZIT3Q, STM32H573ZIT6, STM32H7R3A8I6, STM32H7R3I8K6, STM32H7R3I8T6, STM32H7R3L8H6, STM32H7R3L8H6H, STM32H7R3R8V6, STM32H7R3V8H6, STM32H7R3V8T6, STM32H7R3V8Y6TR, STM32H7R3Z8J6, STM32H7R3Z8T6, STM32H7R7A8I6, STM32H7R7I8K6, STM32H7R7I8T6, STM32H7R7L8H6, STM32H7R7L8H6H, STM32H7R7Z8J6, STM32H7S3A8I6, STM32H7S3I8K6, STM32H7S3I8T6, STM32H7S3L8H6, STM32H7S3L8H6H, STM32H7S3R8V6, STM32H7S3V8H6, STM32H7S3V8T6, STM32H7S3V8Y6TR, STM32H7S3Z8J6, STM32H7S3Z8T6, STM32H7S78-DK, STM32H7S7A8I6, STM32H7S7I8K6, STM32H7S7I8T6, STM32H7S7L8H6, STM32H7S7L8H6H, STM32H7S7Z8J6, STM32L4R5QGI6STR, STM32MP131AAE3, STM32MP131AAF3, STM32MP131AAG3, STM32MP131CAE3, STM32MP131CAF3, STM32MP131CAG3, STM32MP131DAE7, STM32MP131DAF7, STM32MP131DAG7, STM32MP131FAE7, STM32MP131FAF7, STM32MP131FAG7, STM32MP133AAE3, STM32MP133AAF3, STM32MP133AAG3, STM32MP133CAE3, STM32MP133CAF3, STM32MP133CAG3, STM32MP133DAE7, STM32MP133DAF7, STM32MP133DAG7, STM32MP133FAE7, STM32MP133FAF7, STM32MP133FAG7, STM32MP135AAE3, STM32MP135AAF3, STM32MP135AAG3, STM32MP135CAE3, STM32MP135CAF3, STM32MP135CAG3, STM32MP135DAE7, STM32MP135DAF7, STM32MP135DAG7, STM32MP135F-DK, STM32MP135FAE7, STM32MP135FAF7, STM32MP135FAF7T, STM32MP135FAF7U, STM32MP135FAG7, STM32MP211AAL3, STM32MP211AAM3, STM32MP211AAN3, STM32MP211AAO3, STM32MP211CAL3, STM32MP211CAM3, STM32MP211CAN3, STM32MP211CAO3, STM32MP211DAL3, STM32MP211DAM3, STM32MP211DAN3, STM32MP211DAO3, STM32MP211FAL3, STM32MP211FAM3, STM32MP211FAN3, STM32MP211FAO3, STM32MP213AAL3, STM32MP213AAM3, STM32MP213AAN3, STM32MP213AAO3, STM32MP213CAL3, STM32MP213CAM3, STM32MP213CAN3, STM32MP213CAO3, STM32MP213DAL3, STM32MP213DAM3, STM32MP213DAN3, STM32MP213DAO3, STM32MP213FAL3, STM32MP213FAM3, STM32MP213FAN3, STM32MP213FAO3, STM32MP215AAL3, STM32MP215AAM3, STM32MP215AAN3, STM32MP215AAO3, STM32MP215CAL3, STM32MP215CAM3, STM32MP215CAN3, STM32MP215CAO3, STM32MP215DAL3, STM32MP215DAM3, STM32MP215DAN3, STM32MP215DAO3, STM32MP215F-DK, STM32MP215FAL3, STM32MP215FAM3, STM32MP215FAN3, STM32MP215FAO3, STM32MP231AAJ3, STM32MP231AAK3, STM32MP231AAL3, STM32MP231CAJ3, STM32MP231CAK3, STM32MP231CAL3, STM32MP231DAJ3, STM32MP231DAK3, STM32MP231DAL3, STM32MP231FAJ3, STM32MP231FAK3, STM32MP231FAL3, STM32MP233AAJ3, STM32MP233AAK3, STM32MP233AAL3, STM32MP233CAJ3, STM32MP233CAK3, STM32MP233CAL3, STM32MP233DAJ3, STM32MP233DAK3, STM32MP233DAL3, STM32MP233FAJ3, STM32MP233FAK3, STM32MP233FAL3, STM32MP235AAJ3, STM32MP235AAK3, STM32MP235AAL3, STM32MP235CAJ3, STM32MP235CAK3, STM32MP235CAL3, STM32MP235DAJ3, STM32MP235DAK3, STM32MP235DAL3, STM32MP235FAJ3, STM32MP235FAK3, STM32MP235FAL3, STM32MP251AAI3, STM32MP251AAK3, STM32MP251AAL3, STM32MP251CAI3, STM32MP251CAK3, STM32MP251CAL3, STM32MP251DAI3, STM32MP251DAK3, STM32MP251DAL3, STM32MP251FAI3, STM32MP251FAK3, STM32MP251FAL3, STM32MP253AAI3, STM32MP253AAK3, STM32MP253AAL3, STM32MP253CAI3, STM32MP253CAK3, STM32MP253CAL3, STM32MP253DAI3, STM32MP253DAK3, STM32MP253DAL3, STM32MP253FAI3, STM32MP253FAK3, STM32MP253FAL3, STM32MP255AAI3, STM32MP255AAK3, STM32MP255AAL3, STM32MP255CAI3, STM32MP255CAK3, STM32MP255CAL3, STM32MP255DAI3, STM32MP255DAK3, STM32MP255DAL3, STM32MP255FAI3, STM32MP255FAK3, STM32MP255FAL3, STM32MP257AAI3, STM32MP257AAK3, STM32MP257AAL3, STM32MP257CAI3, STM32MP257CAK3, STM32MP257CAL3, STM32MP257DAI3, STM32MP257DAK3, STM32MP257DAL3, STM32MP257F-DK, STM32MP257F-EV1, STM32MP257FAI3, STM32MP257FAK3, STM32MP257FAL3, STM32N645A0H3Q, STM32N645B0H3Q, STM32N645I0H3Q, STM32N645L0H3Q, STM32N645X0H3Q, STM32N645Z0H3Q, STM32N647A0H3Q, STM32N647B0H3Q, STM32N647I0H3Q, STM32N647L0H3Q, STM32N647X0H3Q, STM32N647Z0H3Q, STM32N655A0H3Q, STM32N655B0H3Q, STM32N655I0H3Q, STM32N655L0H3Q, STM32N655X0H3Q, STM32N655Z0H3Q, STM32N6570-DK, STM32N657A0H3Q, STM32N657B0H3Q, STM32N657I0H3Q, STM32N657L0H3Q, STM32N657X0H3Q, STM32N657Z0H3Q, STM32U031C6T6, STM32U031C6U6, STM32U031C8T6, STM32U031C8U6, STM32U031F4P6, STM32U031F6P6, STM32U031F8P6, STM32U031G6Y6TR, STM32U031G8Y6TR, STM32U031K4U6, STM32U031K6U6, STM32U031K8U6, STM32U031R6I6, STM32U031R6T6, STM32U031R8I6, STM32U031R8T6, STM32U073C8T6, STM32U073C8U6, STM32U073CBT6, STM32U073CBU6, STM32U073CCT6, STM32U073CCU6, STM32U073H8Y6TR, STM32U073HBY6TR, STM32U073HCY6TR, STM32U073K8U6, STM32U073KBU6, STM32U073KCU6, STM32U073M8I6, STM32U073M8T6, STM32U073MBI6, STM32U073MBT6, STM32U073MCI6, STM32U073MCT6, STM32U073R8I6, STM32U073R8T6, STM32U073RBI6, STM32U073RBT6, STM32U073RCI6, STM32U073RCT6, STM32U083C-DK, STM32U083CCT6, STM32U083CCU6, STM32U083HCY6TR, STM32U083KCU6, STM32U083MCI6, STM32U083MCT6, STM32U083RCI6, STM32U083RCT6, STM32U375CET6, STM32U375CET6Q, STM32U375CEU6, STM32U375CEU6Q, STM32U375CEY6QTR, STM32U375CGT6, STM32U375CGT6Q, STM32U375CGU6, STM32U375CGU6Q, STM32U375CGY6QTR, STM32U375KEU6, STM32U375KGU6, STM32U375REI6, STM32U375REI6Q, STM32U375RET6, STM32U375RET6Q, STM32U375REY6GTR, STM32U375REY6QTR, STM32U375RGI6, STM32U375RGI6Q, STM32U375RGT6, STM32U375RGT6Q, STM32U375RGY6GTR, STM32U375RGY6QTR, STM32U375VEI6, STM32U375VEI6Q, STM32U375VET6, STM32U375VET6Q, STM32U375VGI6, STM32U375VGI6Q, STM32U375VGT6, STM32U375VGT6Q, STM32U385CGT6, STM32U385CGT6Q, STM32U385CGU6, STM32U385CGU6Q, STM32U385CGY6QTR, STM32U385KGU6, STM32U385RGI6, STM32U385RGI6Q, STM32U385RGT6, STM32U385RGT6Q, STM32U385RGY6GTR, STM32U385RGY6QTR, STM32U385VGI6, STM32U385VGI6Q, STM32U385VGT6, STM32U385VGT6Q, STM32U535CBT6, STM32U535CBT6Q, STM32U535CBU6, STM32U535CBU6Q, STM32U535CCT6, STM32U535CCT6Q, STM32U535CCU6, STM32U535CCU6Q, STM32U535CET6, STM32U535CET6Q, STM32U535CEU6, STM32U535CEU6Q, STM32U535JEY6QTR, STM32U535NCY6QTR, STM32U535NEY6QTR, STM32U535RBI6, STM32U535RBI6Q, STM32U535RBT6, STM32U535RBT6Q, STM32U535RCI6, STM32U535RCI6Q, STM32U535RCT6, STM32U535RCT6Q, STM32U535REI6, STM32U535REI6Q, STM32U535RET6, STM32U535RET6Q, STM32U535VCI6, STM32U535VCI6Q, STM32U535VCT6, STM32U535VCT6Q, STM32U535VEI6, STM32U535VEI6Q, STM32U535VET6, STM32U535VET6Q, STM32U545CET6, STM32U545CET6Q, STM32U545CEU6, STM32U545CEU6Q, STM32U545JEY6QTR, STM32U545NEY6QTR, STM32U545REI6, STM32U545REI6Q, STM32U545RET6, STM32U545RET6Q, STM32U545VEI6, STM32U545VEI6Q, STM32U545VET6, STM32U545VET6Q, STM32U595AIH6, STM32U595AIH6Q, STM32U595AJH6, STM32U595AJH6Q, STM32U595QII6, STM32U595QII6Q, STM32U595QJI6, STM32U595QJI6Q, STM32U595RIT6, STM32U595RIT6Q, STM32U595RJT6, STM32U595RJT6Q, STM32U595VIT6, STM32U595VIT6Q, STM32U595VJT6, STM32U595VJT6Q, STM32U595ZIT6, STM32U595ZIT6Q, STM32U595ZIY6QTR, STM32U595ZJT6, STM32U595ZJT6Q, STM32U595ZJY6QTR, STM32U599BJY6QTR, STM32U599NIH6Q, STM32U599NJH6Q, STM32U599VIT6Q, STM32U599VJT6, STM32U599VJT6Q, STM32U599ZIT6Q, STM32U599ZIY6QTR, STM32U599ZJT6Q, STM32U599ZJY6QTR, STM32U5A5AJH6, STM32U5A5AJH6Q, STM32U5A5QII3Q , STM32U5A5QJI6, STM32U5A5QJI6Q, STM32U5A5RJT6, STM32U5A5RJT6Q, STM32U5A5VJT6, STM32U5A5VJT6Q, STM32U5A5ZJT6, STM32U5A5ZJT6Q, STM32U5A5ZJY6QTR, STM32U5A9BJY6QTR, STM32U5A9J-DK, STM32U5A9NJH6Q, STM32U5A9VJT6Q, STM32U5A9ZJT6Q, STM32U5A9ZJY6QTR, STM32U5F7VIT6, STM32U5F7VIT6Q, STM32U5F7VJT6, STM32U5F7VJT6Q, STM32U5F9BJY6QTR, STM32U5F9NJH6Q, STM32U5F9VIT6Q, STM32U5F9VJT6Q, STM32U5F9ZIJ6QTR, STM32U5F9ZIT6Q, STM32U5F9ZJJ6QTR, STM32U5F9ZJT6Q, STM32U5G7VJT6, STM32U5G7VJT6Q, STM32U5G9BJY6QTR, STM32U5G9J-DK1, STM32U5G9J-DK2, STM32U5G9NJH6Q, STM32U5G9VJT6Q, STM32U5G9ZJJ6QTR, STM32U5G9ZJT6Q, STM32WB05KZV6TR, STM32WB05KZV7TR, STM32WB05TZF6TR, STM32WB05TZF7TR, STM32WB06CCF6TR, STM32WB06CCF7TR, STM32WB06CCV6TR, STM32WB06CCV7TR, STM32WB06KCV6TR, STM32WB06KCV7TR, STM32WB07CCF6TR, STM32WB07CCF7TR, STM32WB07CCV6TR, STM32WB07CCV7TR, STM32WB07KCV6TR, STM32WB07KCV7TR, STM32WB09KEV6TR, STM32WB09KEV7TR, STM32WB09TEF6TR, STM32WB09TEF7TR, STM32WB1MMCH6, STM32WBA50KGU6, STM32WBA50KGU6TR, STM32WBA52CEU6, STM32WBA52CEU6TR, STM32WBA52CEU7, STM32WBA52CEU7TR, STM32WBA52CGU6, STM32WBA52CGU6TR, STM32WBA52CGU6U, STM32WBA52CGU7, STM32WBA52CGU7TR, STM32WBA52KEU6, STM32WBA52KEU6TR, STM32WBA52KGU6, STM32WBA52KGU6TR, STM32WBA54CEU6, STM32WBA54CEU6TR, STM32WBA54CEU7, STM32WBA54CEU7TR, STM32WBA54CGU6, STM32WBA54CGU6TR, STM32WBA54CGU7, STM32WBA54CGU7TR, STM32WBA54KEU6, STM32WBA54KEU6TR, STM32WBA54KEU7, STM32WBA54KEU7TR, STM32WBA54KGU6, STM32WBA54KGU6TR, STM32WBA54KGU7, STM32WBA54KGU7TR, STM32WBA55CEU6, STM32WBA55CEU6TR, STM32WBA55CEU7, STM32WBA55CEU7TR, STM32WBA55CGU6, STM32WBA55CGU6TR, STM32WBA55CGU6U, STM32WBA55CGU7, STM32WBA55CGU7TR, STM32WBA55G-DK1, STM32WBA55HEF6, STM32WBA55HEF7, STM32WBA55HGF6, STM32WBA55HGF7, STM32WBA55UEI6, STM32WBA55UEI6TR, STM32WBA55UEI7, STM32WBA55UEI7TR, STM32WBA55UGI6, STM32WBA55UGI6TR, STM32WBA55UGI7, STM32WBA55UGI7TR, STM32WBA5MMGH6TR, STM32WBA62MGF6, STM32WBA62MIF6, STM32WBA65MGF7, STM32WBA65MIF6, STM32WBA65MIF7, STM32WL30K8V6, STM32WL30KBV6, STM32WL31C8V6, STM32WL31CBV6, STM32WL31K8V6, STM32WL31KBV6, STM32WL33C8V6, STM32WL33C8V6X, STM32WL33CBV6, STM32WL33CBV6X, STM32WL33CCV6, STM32WL33CCV6A, STM32WL33CCV6X, STM32WL33K8V7, STM32WL33K8V7X, STM32WL33KBV7 , STM32WL33KBV7X, STM32WL33KCV7, STM32WL33KCV7X, STM32WL5MOCH6, STM32WL5MOCH6TR]
2025-12-23 15:21:23,580 [INFO] DbMcus:218 - Found 4876 MCUs, 4876 are supported
2025-12-23 15:21:23,580 [INFO] ApiDb:423 - Load user favorites file /Users/karthikkurapati/.stm32cubeide/favorites.mcus.txt: 1 item(s)
2025-12-23 15:21:23,581 [INFO] ApiDb:427 - User favorites MCUs=[STM32F072CBT7]
2025-12-23 15:21:23,581 [INFO] DbMcus:224 - Set 1 / 1 favorites MCUs
2025-12-23 15:21:24,077 [INFO] BoardInfo:889 - No configuration file found for board P-NUCLEO-WB55
2025-12-23 15:21:24,078 [INFO] DbBoards:161 - Kit is not supported: P-NUCLEO-WB55
2025-12-23 15:21:24,088 [INFO] BoardInfo:889 - No configuration file found for board STEVAL-BFA001V1B
2025-12-23 15:21:24,089 [INFO] DbBoards:161 - Kit is not supported: STEVAL-BFA001V1B
2025-12-23 15:21:24,090 [INFO] BoardInfo:889 - No configuration file found for board STEVAL-BFA001V2B
2025-12-23 15:21:24,090 [INFO] DbBoards:161 - Kit is not supported: STEVAL-BFA001V2B
2025-12-23 15:21:24,228 [INFO] DbBoards:168 - Found 212 boards, 209 are supported
2025-12-23 15:21:24,229 [INFO] DbBoards:169 - Found 212 boards, 43 of them is supported for  Bsp
2025-12-23 15:21:24,232 [INFO] ApiDb:414 - User favorites file not found: /Users/karthikkurapati/.stm32cubeide/favorites.boards.txt
2025-12-23 15:21:24,232 [INFO] DbBoards:198 - Set 0 / 0 favorites Boards
2025-12-23 15:21:24,283 [INFO] UtilMem:75 - End LoadConfig() Used Memory: 185410264 Bytes (318767104)
2025-12-23 15:21:24,386 [WARN] ThirdParty:833 - waiting for thirdparty lock release [change project]
2025-12-23 15:21:24,387 [INFO] ThirdParty:835 - entering critical section [change project]
2025-12-23 15:21:24,387 [INFO] ThirdParty:1030 - CMSIS Pack Vendor :STMicroelectronics X-CUBE-PM33A1 1.0.0
2025-12-23 15:21:24,387 [INFO] ThirdParty:1030 - CMSIS Pack Vendor :STMicroelectronics USBPD 4.1
2025-12-23 15:21:24,387 [INFO] ThirdParty:1030 - CMSIS Pack Vendor :STMicroelectronics X-CUBE-NFC9 1.0.0
2025-12-23 15:21:24,387 [INFO] ThirdParty:1030 - CMSIS Pack Vendor :STMicroelectronics USB_HOST 2.0.0
2025-12-23 15:21:24,387 [INFO] ThirdParty:1030 - CMSIS Pack Vendor :STMicroelectronics FP-SNS-MOTENVWB1 1.4.0
2025-12-23 15:21:24,387 [INFO] ThirdParty:1030 - CMSIS Pack Vendor :STMicroelectronics X-CUBE-AZRTOS-F4 1.1.0
2025-12-23 15:21:24,387 [INFO] ThirdParty:1030 - CMSIS Pack Vendor :STMicroelectronics LIBJPEG 8.0.0
2025-12-23 15:21:24,387 [INFO] ThirdParty:1030 - CMSIS Pack Vendor :STMicroelectronics FP-ATR-ASTRA1 2.0.2
2025-12-23 15:21:24,387 [INFO] ThirdParty:1030 - CMSIS Pack Vendor :STMicroelectronics X-CUBE-BLE1 7.1.0
2025-12-23 15:21:24,387 [INFO] ThirdParty:1030 - CMSIS Pack Vendor :STMicroelectronics X-CUBE-SMBUS 2.1.0
2025-12-23 15:21:24,387 [INFO] ThirdParty:1030 - CMSIS Pack Vendor :wolfSSL I-CUBE-wolfMQTT 1.19.2
2025-12-23 15:21:24,387 [INFO] ThirdParty:1030 - CMSIS Pack Vendor :STMicroelectronics USB_DEVICE 3.0.0
2025-12-23 15:21:24,387 [INFO] ThirdParty:1030 - CMSIS Pack Vendor :STMicroelectronics X-CUBE-ISPU 2.1.0
2025-12-23 15:21:24,387 [INFO] ThirdParty:1030 - CMSIS Pack Vendor :STMicroelectronics X-CUBE-FREERTOS 1.4.0
2025-12-23 15:21:24,387 [INFO] ThirdParty:1030 - CMSIS Pack Vendor :STMicroelectronics X-CUBE-EEPRMA1 5.2.0
2025-12-23 15:21:24,387 [INFO] ThirdParty:1030 - CMSIS Pack Vendor :STMicroelectronics X-CUBE-IPS 3.2.0
2025-12-23 15:21:24,387 [INFO] ThirdParty:1030 - CMSIS Pack Vendor :STMicroelectronics X-CUBE-BLEMGR 4.1.0
2025-12-23 15:21:24,387 [INFO] ThirdParty:1030 - CMSIS Pack Vendor :STMicroelectronics X-CUBE-AZRTOS-WB 2.0.0
2025-12-23 15:21:24,387 [INFO] ThirdParty:1030 - CMSIS Pack Vendor :wolfSSL I-CUBE-wolfSSL 5.8.4
2025-12-23 15:21:24,387 [INFO] ThirdParty:1030 - CMSIS Pack Vendor :Cesanta I-CUBE-Mongoose 7.20.0
2025-12-23 15:21:24,387 [INFO] ThirdParty:1030 - CMSIS Pack Vendor :STMicroelectronics X-CUBE-NFC12 1.0.0
2025-12-23 15:21:24,387 [INFO] ThirdParty:1030 - CMSIS Pack Vendor :STMicroelectronics X-CUBE-AZRTOS-F7 1.1.0
2025-12-23 15:21:24,387 [INFO] ThirdParty:1030 - CMSIS Pack Vendor :STMicroelectronics X-CUBE-AZRTOS-L5 2.0.0
2025-12-23 15:21:24,387 [INFO] ThirdParty:1030 - CMSIS Pack Vendor :STMicroelectronics USB_DEVICE 2.0.0
2025-12-23 15:21:24,388 [INFO] ThirdParty:1030 - CMSIS Pack Vendor :STMicroelectronics X-CUBE-NFC6 3.1.0
2025-12-23 15:21:24,388 [INFO] ThirdParty:1030 - CMSIS Pack Vendor :STMicroelectronics X-CUBE-ST67W61 1.1.0
2025-12-23 15:21:24,388 [INFO] ThirdParty:1030 - CMSIS Pack Vendor :quantropi X-CUBE-qispace-sdk-base 2.1.0
2025-12-23 15:21:24,388 [INFO] ThirdParty:1030 - CMSIS Pack Vendor :STMicroelectronics X-CUBE-MEMS1 12.0.0
2025-12-23 15:21:24,388 [INFO] ThirdParty:1030 - CMSIS Pack Vendor :STMicroelectronics FP-SNS-MOTENV1 5.1.0
2025-12-23 15:21:24,388 [INFO] ThirdParty:1030 - CMSIS Pack Vendor :STMicroelectronics FreeRTOS 0.0.1
2025-12-23 15:21:24,388 [INFO] ThirdParty:1030 - CMSIS Pack Vendor :STMicroelectronics X-CUBE-AZRTOS-G0 1.1.0
2025-12-23 15:21:24,388 [INFO] ThirdParty:1030 - CMSIS Pack Vendor :STMicroelectronics X-CUBE-NFC4 3.0.0
2025-12-23 15:21:24,388 [INFO] ThirdParty:1030 - CMSIS Pack Vendor :STMicroelectronics X-CUBE-SUBG2 5.0.0
2025-12-23 15:21:24,388 [INFO] ThirdParty:1030 - CMSIS Pack Vendor :STMicroelectronics STM32_WPAN 1.0.0
2025-12-23 15:21:24,388 [INFO] ThirdParty:1030 - CMSIS Pack Vendor :EmbeddedOffice I-CUBE-FS-RTOS 1.0.1
2025-12-23 15:21:24,388 [INFO] ThirdParty:1030 - CMSIS Pack Vendor :STMicroelectronics lwIP 2.0.3
2025-12-23 15:21:24,388 [INFO] ThirdParty:1030 - CMSIS Pack Vendor :WES I-CUBE-Cesium 1.4.0
2025-12-23 15:21:24,388 [INFO] ThirdParty:1030 - CMSIS Pack Vendor :STMicroelectronics USB_HOST 1.0.0
2025-12-23 15:21:24,388 [INFO] ThirdParty:1030 - CMSIS Pack Vendor :STMicroelectronics X-CUBE-AZRTOS-G4 2.0.0
2025-12-23 15:21:24,388 [INFO] ThirdParty:1030 - CMSIS Pack Vendor :STMicroelectronics X-CUBE-WB05N 2.0.0
2025-12-23 15:21:24,388 [INFO] ThirdParty:1030 - CMSIS Pack Vendor :STMicroelectronics PDM2PCM 3.1.0
2025-12-23 15:21:24,388 [INFO] ThirdParty:1030 - CMSIS Pack Vendor :STMicroelectronics PDM2PCM 3.3.0
2025-12-23 15:21:24,388 [INFO] ThirdParty:1030 - CMSIS Pack Vendor :wolfSSL I-CUBE-wolfTPM 3.8.0
2025-12-23 15:21:24,388 [INFO] ThirdParty:1030 - CMSIS Pack Vendor :STMicroelectronics X-CUBE-AZRTOS-H7 3.4.0
2025-12-23 15:21:24,388 [INFO] ThirdParty:1030 - CMSIS Pack Vendor :STMicroelectronics X-CUBE-DISPLAY 3.0.0
2025-12-23 15:21:24,388 [INFO] ThirdParty:1030 - CMSIS Pack Vendor :wolfSSL I-CUBE-wolfSSH 1.4.20
2025-12-23 15:21:24,388 [INFO] ThirdParty:1030 - CMSIS Pack Vendor :STMicroelectronics X-CUBE-NFC7 2.0.0
2025-12-23 15:21:24,388 [INFO] ThirdParty:1030 - CMSIS Pack Vendor :STMicroelectronics X-CUBE-TCPP 4.2.0
2025-12-23 15:21:24,388 [INFO] ThirdParty:1030 - CMSIS Pack Vendor :RealThread X-CUBE-RT-Thread_Nano 4.1.1
2025-12-23 15:21:24,388 [INFO] ThirdParty:1030 - CMSIS Pack Vendor :STMicroelectronics FP-ATR-SIGFOX1 3.2.0
2025-12-23 15:21:24,388 [INFO] ThirdParty:1030 - CMSIS Pack Vendor :STMicroelectronics X-CUBE-NFC10 1.0.0
2025-12-23 15:21:24,388 [INFO] ThirdParty:1030 - CMSIS Pack Vendor :STMicroelectronics HAL Drivers 0.0.0
2025-12-23 15:21:24,388 [INFO] ThirdParty:1030 - CMSIS Pack Vendor :STMicroelectronics MBEDTLS 2.16.2
2025-12-23 15:21:24,389 [INFO] ThirdParty:1030 - CMSIS Pack Vendor :STMicroelectronics X-CUBE-ST60 1.1.0
2025-12-23 15:21:24,389 [INFO] ThirdParty:1030 - CMSIS Pack Vendor :STMicroelectronics X-CUBE-ALS 1.0.2
2025-12-23 15:21:24,389 [INFO] ThirdParty:1030 - CMSIS Pack Vendor :emotas I-CUBE-CANOPEN 1.3.0
2025-12-23 15:21:24,389 [INFO] ThirdParty:1030 - CMSIS Pack Vendor :STMicroelectronics MBEDTLS 2.14.1
2025-12-23 15:21:24,389 [INFO] ThirdParty:1030 - CMSIS Pack Vendor :STMicroelectronics X-CUBE-GNSS1 7.1.0
2025-12-23 15:21:24,389 [INFO] ThirdParty:1030 - CMSIS Pack Vendor :ITTIA_DB I-CUBE-ITTIADB 8.9.0
2025-12-23 15:21:24,389 [INFO] ThirdParty:1030 - CMSIS Pack Vendor :STMicroelectronics X-CUBE-TOUCHGFX 4.26.0
2025-12-23 15:21:24,389 [INFO] ThirdParty:1030 - CMSIS Pack Vendor :STMicroelectronics X-CUBE-STSE01 1.0.0
2025-12-23 15:21:24,389 [INFO] ThirdParty:1030 - CMSIS Pack Vendor :STMicroelectronics FP-SNS-STBOX1 2.1.0
2025-12-23 15:21:24,389 [INFO] ThirdParty:1030 - CMSIS Pack Vendor :STMicroelectronics X-CUBE-AI 10.2.0
2025-12-23 15:21:24,389 [INFO] ThirdParty:1030 - CMSIS Pack Vendor :STMicroelectronics FP-SNS-STAIOTCFT 1.0.0
2025-12-23 15:21:24,389 [INFO] ThirdParty:1030 - CMSIS Pack Vendor :STMicroelectronics ThreadX 1.0.0
2025-12-23 15:21:24,389 [INFO] ThirdParty:1030 - CMSIS Pack Vendor :STMicroelectronics FP-SNS-SMARTAG2 1.2.0
2025-12-23 15:21:24,389 [INFO] ThirdParty:1030 - CMSIS Pack Vendor :STMicroelectronics FP-SNS-FLIGHT1 5.1.0
2025-12-23 15:21:24,389 [INFO] ThirdParty:1030 - CMSIS Pack Vendor :STMicroelectronics X-CUBE-AZRTOS-WL 2.0.0
2025-12-23 15:21:24,389 [INFO] ThirdParty:1030 - CMSIS Pack Vendor :SEGGER I-CUBE-embOS 1.3.1
2025-12-23 15:21:24,389 [INFO] ThirdParty:1030 - CMSIS Pack Vendor :STMicroelectronics X-CUBE-ALGOBUILD 1.4.0
2025-12-23 15:21:24,389 [INFO] ThirdParty:1030 - CMSIS Pack Vendor :STMicroelectronics X-CUBE-DPower 1.3.0
2025-12-23 15:21:24,389 [INFO] ThirdParty:1030 - CMSIS Pack Vendor :STMicroelectronics USB_DEVICE 1.0.0
2025-12-23 15:21:24,389 [INFO] ThirdParty:1030 - CMSIS Pack Vendor :STMicroelectronics X-CUBE-AZRTOS-H7RS 1.2.0
2025-12-23 15:21:24,389 [INFO] ThirdParty:1030 - CMSIS Pack Vendor :STMicroelectronics X-CUBE-AZRTOS-L4 2.0.0
2025-12-23 15:21:24,389 [INFO] ThirdParty:1030 - CMSIS Pack Vendor :STMicroelectronics ThreadX 0.0.2
2025-12-23 15:21:24,389 [INFO] ThirdParty:1030 - CMSIS Pack Vendor :STMicroelectronics lwIP 2.1.2
2025-12-23 15:21:24,389 [INFO] ThirdParty:1030 - CMSIS Pack Vendor :STMicroelectronics X-CUBE-SFXS2LP1 4.0.0
2025-12-23 15:21:24,389 [INFO] ThirdParty:1030 - CMSIS Pack Vendor :STMicroelectronics X-CUBE-BLE2 3.3.0
2025-12-23 15:21:24,389 [INFO] ThirdParty:1030 - CMSIS Pack Vendor :Avnet-IOTCONNECT X-CUBE-iotc-st67-sdk 1.0.0
2025-12-23 15:21:24,389 [INFO] ThirdParty:1030 - CMSIS Pack Vendor :STMicroelectronics X-CUBE-TOF1 3.4.3
2025-12-23 15:21:24,389 [INFO] ThirdParty:1030 - CMSIS Pack Vendor :Infineon AIROC-Wi-Fi-Bluetooth-STM32 1.8.0
2025-12-23 15:21:24,390 [INFO] ThirdParty:1030 - CMSIS Pack Vendor :STMicroelectronics PDM2PCM 3.2.0
2025-12-23 15:21:24,390 [INFO] ThirdParty:841 - exiting critical section [change project]
2025-12-23 15:21:24,706 [INFO] PinOutPanel:1589 - setPackage(No Configuration,No Configuration)
2025-12-23 15:21:24,708 [INFO] PinOutPanel:1589 - setPackage(STM32L431CBTx,LQFP48)
2025-12-23 15:21:25,270 [INFO] UtilMem:75 - Before build in PCC Used Memory: 295921648 Bytes (318767104)
2025-12-23 15:21:25,861 [INFO] UtilMem:75 - After build in PCC Used Memory: 274366288 Bytes (371195904)
2025-12-23 15:21:25,884 [INFO] IPUIPlugin:80 - create IPUIPlugin
2025-12-23 15:21:25,884 [INFO] IPUIPlugin:80 - create IPUIPlugin
2025-12-23 15:21:25,884 [INFO] IPUIPlugin:80 - create IPUIPlugin
2025-12-23 15:21:25,885 [INFO] IPUIPlugin:80 - create IPUIPlugin
2025-12-23 15:21:25,885 [INFO] IPUIPlugin:80 - create IPUIPlugin
2025-12-23 15:21:25,885 [INFO] IPUIPlugin:80 - create IPUIPlugin
2025-12-23 15:21:25,885 [INFO] IPUIPlugin:80 - create IPUIPlugin
2025-12-23 15:21:25,885 [INFO] IPUIPlugin:80 - create IPUIPlugin
2025-12-23 15:21:25,885 [INFO] IPUIPlugin:80 - create IPUIPlugin
2025-12-23 15:21:25,885 [INFO] IPUIPlugin:80 - create IPUIPlugin
2025-12-23 15:21:25,885 [INFO] IPUIPlugin:80 - create IPUIPlugin
2025-12-23 15:21:25,885 [INFO] IPUIPlugin:80 - create IPUIPlugin
2025-12-23 15:21:25,886 [INFO] IPUIPlugin:80 - create IPUIPlugin
2025-12-23 15:21:25,886 [INFO] IPUIPlugin:80 - create IPUIPlugin
2025-12-23 15:21:25,886 [INFO] IPUIPlugin:80 - create IPUIPlugin
2025-12-23 15:21:25,886 [INFO] IPUIPlugin:80 - create IPUIPlugin
2025-12-23 15:21:25,886 [INFO] IPUIPlugin:80 - create IPUIPlugin
2025-12-23 15:21:25,886 [INFO] IPUIPlugin:80 - create IPUIPlugin
2025-12-23 15:21:25,886 [INFO] IPUIPlugin:80 - create IPUIPlugin
2025-12-23 15:21:25,886 [INFO] IPUIPlugin:80 - create IPUIPlugin
2025-12-23 15:21:25,887 [INFO] IPUIPlugin:80 - create IPUIPlugin
2025-12-23 15:21:25,887 [INFO] IPUIPlugin:80 - create IPUIPlugin
2025-12-23 15:21:25,887 [INFO] IPUIPlugin:80 - create IPUIPlugin
2025-12-23 15:21:25,887 [INFO] IPUIPlugin:80 - create IPUIPlugin
2025-12-23 15:21:25,887 [INFO] IPUIPlugin:80 - create IPUIPlugin
2025-12-23 15:21:25,887 [INFO] IPUIPlugin:80 - create IPUIPlugin
2025-12-23 15:21:25,887 [INFO] IPUIPlugin:80 - create IPUIPlugin
2025-12-23 15:21:25,889 [INFO] IPUIPlugin:80 - create IPUIPlugin
2025-12-23 15:21:25,890 [INFO] IPUIPlugin:80 - create IPUIPlugin
2025-12-23 15:21:25,890 [INFO] IPUIPlugin:80 - create IPUIPlugin
2025-12-23 15:21:25,890 [INFO] IPUIPlugin:80 - create IPUIPlugin
2025-12-23 15:21:25,890 [INFO] IPUIPlugin:80 - create IPUIPlugin
2025-12-23 15:21:25,890 [INFO] IPUIPlugin:80 - create IPUIPlugin
2025-12-23 15:21:25,890 [INFO] IPUIPlugin:80 - create IPUIPlugin
2025-12-23 15:21:25,890 [INFO] IPUIPlugin:80 - create IPUIPlugin
2025-12-23 15:21:25,890 [INFO] IPUIPlugin:80 - create IPUIPlugin
2025-12-23 15:21:25,891 [INFO] IPUIPlugin:80 - create IPUIPlugin
2025-12-23 15:21:25,891 [INFO] IPUIPlugin:80 - create IPUIPlugin
2025-12-23 15:21:25,891 [INFO] IPUIPlugin:80 - create IPUIPlugin
2025-12-23 15:21:25,891 [INFO] IPUIPlugin:80 - create IPUIPlugin
2025-12-23 15:21:25,891 [INFO] IPUIPlugin:80 - create IPUIPlugin
2025-12-23 15:21:25,891 [INFO] IPUIPlugin:80 - create IPUIPlugin
2025-12-23 15:21:25,899 [INFO] Can:71 - Can Add PropertyChangeListener com.st.microxplorer.plugins.ip.can.Can@608d7414
2025-12-23 15:21:26,019 [INFO] CADModel:165 - CPN selected for project levelSTM32L431CBT6
2025-12-23 15:21:26,019 [INFO] CADModel:114 - Register for checkConnection events
2025-12-23 15:21:26,059 [INFO] OpenFileManager:386 - Restore cursor
2025-12-23 15:21:33,734 [ERROR] LogOutputStream:75 - [STDERR_REDIRECT] 
2025-12-23 15:21:44,050 [INFO] Activator:176 - 


2025-12-23 15:21:44,051 [INFO] Activator:177 - !SESSION log4j initialized
2025-12-23 15:21:44,615 [INFO] LogOutputStream:77 - [STDOUT_REDIRECT] 
2025-12-23 15:21:44,655 [ERROR] ApiDbMcu:1760 - Can't use Application install path:
2025-12-23 15:21:44,656 [WARN] RulesReader:66 - Compatibility file://mcu/compatibility.xml not found
2025-12-23 15:21:45,173 [ERROR] LogOutputStream:75 - [STDERR_REDIRECT] 
2025-12-23 15:21:46,496 [INFO] LogOutputStream:77 - [STDOUT_REDIRECT] 
2025-12-23 15:21:47,439 [INFO] McuFinderGlobals:63 - Set McuFinder mode to 2 (CubeIDE integrated)
2025-12-23 15:22:39,559 [INFO] Activator:176 - 


2025-12-23 15:22:39,560 [INFO] Activator:177 - !SESSION log4j initialized
2025-12-23 15:22:40,137 [INFO] LogOutputStream:77 - [STDOUT_REDIRECT] 
2025-12-23 15:22:40,184 [ERROR] ApiDbMcu:1760 - Can't use Application install path:
2025-12-23 15:22:40,185 [WARN] RulesReader:66 - Compatibility file://mcu/compatibility.xml not found
2025-12-23 15:22:40,731 [ERROR] LogOutputStream:75 - [STDERR_REDIRECT] 
2025-12-23 15:22:42,062 [INFO] LogOutputStream:77 - [STDOUT_REDIRECT] 
2025-12-23 15:22:43,098 [INFO] McuFinderGlobals:63 - Set McuFinder mode to 2 (CubeIDE integrated)
2025-12-23 15:23:29,344 [INFO] Activator:176 - 


2025-12-23 15:23:29,345 [INFO] Activator:177 - !SESSION log4j initialized
2025-12-23 15:23:29,984 [INFO] LogOutputStream:77 - [STDOUT_REDIRECT] 
2025-12-23 15:23:30,027 [ERROR] ApiDbMcu:1760 - Can't use Application install path:
2025-12-23 15:23:30,028 [WARN] RulesReader:66 - Compatibility file://mcu/compatibility.xml not found
2025-12-23 15:23:30,344 [ERROR] LogOutputStream:75 - [STDERR_REDIRECT] 
2025-12-23 15:23:32,064 [INFO] LogOutputStream:77 - [STDOUT_REDIRECT] 
2025-12-23 15:23:33,300 [INFO] ApplicationProperties:184 - Using Application install path: /Applications/STM32CubeIDE.app/Contents/Eclipse/plugins/com.st.stm32cube.common.mx_6.15.0.202507011659
2025-12-23 15:23:33,305 [INFO] DbMcusXml:78 - Set database path to: /Applications/STM32CubeIDE.app/Contents/Eclipse/plugins/com.st.stm32cube.common.mx_6.15.0.202507011659//db//mcu/
2025-12-23 15:23:33,306 [INFO] ApiDb:274 - Set plugin database path to: /Applications/STM32CubeIDE.app/Contents/Eclipse/plugins/com.st.stm32cube.common.mx_6.15.0.202507011659//db//plugins/boardmanager/
2025-12-23 15:23:33,306 [WARN] ApiDb:259 - Overriding images path with different value:  => /Applications/STM32CubeIDE.app/Contents/Eclipse/plugins/com.st.stm32cube.common.mx_6.15.0.202507011659//db//plugins/mcufinder/images/
2025-12-23 15:23:33,308 [INFO] ApiDb:250 - Set database path to: /Users/karthikkurapati/.stmcufinder/plugins/mcufinder//mcu/
2025-12-23 15:23:33,309 [INFO] DbMcusAds:125 - Set database path to: /Users/karthikkurapati/.stmcufinder/plugins/mcufinder//mcu/
2025-12-23 15:23:33,310 [INFO] CrossReferenceDbSqlite:203 - Set database path to: /Users/karthikkurapati/.stmcufinder/plugins/mcufinder//mcu/cs/
2025-12-23 15:23:33,336 [INFO] DbMcusXml:78 - Set database path to: /Applications/STM32CubeIDE.app/Contents/Eclipse/plugins/com.st.stm32cube.common.mx_6.15.0.202507011659//db//mcu/
2025-12-23 15:23:33,336 [INFO] ApiDb:274 - Set plugin database path to: /Applications/STM32CubeIDE.app/Contents/Eclipse/plugins/com.st.stm32cube.common.mx_6.15.0.202507011659//db//plugins/boardmanager/
2025-12-23 15:23:33,336 [INFO] ApiDb:261 - Set plugin images path to: /Applications/STM32CubeIDE.app/Contents/Eclipse/plugins/com.st.stm32cube.common.mx_6.15.0.202507011659//db//plugins/mcufinder/images/
2025-12-23 15:23:33,337 [WARN] DbFile:41 - Overriding database path with different value: /Users/karthikkurapati/.stmcufinder/plugins/mcufinder/ => /Users/karthikkurapati/.stmcufinder/plugins/mcufinder
2025-12-23 15:23:33,337 [INFO] ApiDb:250 - Set database path to: /Users/karthikkurapati/.stmcufinder/plugins/mcufinder//mcu/
2025-12-23 15:23:33,337 [WARN] DbFile:41 - Overriding database path with different value: /Users/karthikkurapati/.stmcufinder/plugins/mcufinder/ => /Users/karthikkurapati/.stmcufinder/plugins/mcufinder
2025-12-23 15:23:33,337 [INFO] DbMcusAds:125 - Set database path to: /Users/karthikkurapati/.stmcufinder/plugins/mcufinder//mcu/
2025-12-23 15:23:33,337 [WARN] DbFile:41 - Overriding database path with different value: /Users/karthikkurapati/.stmcufinder/plugins/mcufinder/ => /Users/karthikkurapati/.stmcufinder/plugins/mcufinder
2025-12-23 15:23:33,337 [WARN] DbFile:41 - Overriding database path with different value: /Users/karthikkurapati/.stmcufinder/plugins/mcufinder/ => /Users/karthikkurapati/.stmcufinder/plugins/mcufinder
2025-12-23 15:23:33,337 [INFO] CrossReferenceDbSqlite:203 - Set database path to: /Users/karthikkurapati/.stmcufinder/plugins/mcufinder//mcu/cs/
2025-12-23 15:23:33,374 [INFO] MainPanel:274 - HeapMemory: 268435456
2025-12-23 15:23:33,573 [INFO] DbMcusXml:78 - Set database path to: /Applications/STM32CubeIDE.app/Contents/Eclipse/plugins/com.st.stm32cube.common.mx_6.15.0.202507011659//db//mcu/
2025-12-23 15:23:33,573 [INFO] ApiDb:274 - Set plugin database path to: /Applications/STM32CubeIDE.app/Contents/Eclipse/plugins/com.st.stm32cube.common.mx_6.15.0.202507011659//db//plugins/boardmanager/
2025-12-23 15:23:33,573 [INFO] ApiDb:261 - Set plugin images path to: /Applications/STM32CubeIDE.app/Contents/Eclipse/plugins/com.st.stm32cube.common.mx_6.15.0.202507011659//db//plugins/mcufinder/images/
2025-12-23 15:23:33,574 [WARN] DbFile:41 - Overriding database path with different value: /Users/karthikkurapati/.stmcufinder/plugins/mcufinder/ => /Users/karthikkurapati/.stmcufinder/plugins/mcufinder
2025-12-23 15:23:33,574 [INFO] ApiDb:250 - Set database path to: /Users/karthikkurapati/.stmcufinder/plugins/mcufinder//mcu/
2025-12-23 15:23:33,574 [WARN] DbFile:41 - Overriding database path with different value: /Users/karthikkurapati/.stmcufinder/plugins/mcufinder/ => /Users/karthikkurapati/.stmcufinder/plugins/mcufinder
2025-12-23 15:23:33,574 [INFO] DbMcusAds:125 - Set database path to: /Users/karthikkurapati/.stmcufinder/plugins/mcufinder//mcu/
2025-12-23 15:23:33,574 [WARN] DbFile:41 - Overriding database path with different value: /Users/karthikkurapati/.stmcufinder/plugins/mcufinder/ => /Users/karthikkurapati/.stmcufinder/plugins/mcufinder
2025-12-23 15:23:33,574 [WARN] DbFile:41 - Overriding database path with different value: /Users/karthikkurapati/.stmcufinder/plugins/mcufinder/ => /Users/karthikkurapati/.stmcufinder/plugins/mcufinder
2025-12-23 15:23:33,574 [INFO] CrossReferenceDbSqlite:203 - Set database path to: /Users/karthikkurapati/.stmcufinder/plugins/mcufinder//mcu/cs/
2025-12-23 15:23:33,583 [INFO] ApplicationProperties:184 - Using Application install path: /Applications/STM32CubeIDE.app/Contents/Eclipse/plugins/com.st.stm32cube.common.mx_6.15.0.202507011659
2025-12-23 15:23:33,584 [INFO] PluginManage:196 - Search for loadable plugins [exclusion list=, ]
2025-12-23 15:23:33,584 [INFO] PluginManage:310 - Check plugin analytics
2025-12-23 15:23:33,678 [INFO] AnalyticsPlugin:253 - Accepted Software Licenses: 
2025-12-23 15:23:33,679 [INFO] AnalyticsPlugin:255 - Accepted CMSIS Pack Licenses: 
2025-12-23 15:23:33,679 [INFO] AnalyticsPlugin:257 - Accepted Firmware Licenses: 
2025-12-23 15:23:33,680 [INFO] PluginManage:359 - Loaded plugin analytics (category:tool,tabindex:-1)
2025-12-23 15:23:33,681 [INFO] PluginManage:310 - Check plugin cadmodel
2025-12-23 15:23:33,683 [INFO] CADModel:105 - Init CAD model plugin
2025-12-23 15:23:33,683 [INFO] PluginManage:359 - Loaded plugin cadmodel (category:power,tabindex:5)
2025-12-23 15:23:33,684 [INFO] PluginManage:310 - Check plugin clock
2025-12-23 15:23:33,689 [INFO] PluginManage:359 - Loaded plugin clock (category:base,tabindex:2)
2025-12-23 15:23:33,689 [INFO] PluginManage:310 - Check plugin ddr
2025-12-23 15:23:33,691 [INFO] PluginManage:359 - Loaded plugin ddr (category:tool,tabindex:6)
2025-12-23 15:23:33,691 [INFO] PluginManage:310 - Check plugin filemanager
2025-12-23 15:23:33,806 [INFO] PluginManage:359 - Loaded plugin filemanager (category:base,tabindex:10)
2025-12-23 15:23:33,807 [INFO] PluginManage:310 - Check plugin ipmanager
2025-12-23 15:23:33,812 [INFO] PluginManage:359 - Loaded plugin ipmanager (category:base,tabindex:5)
2025-12-23 15:23:33,812 [INFO] PluginManage:310 - Check plugin lpbam
2025-12-23 15:23:33,817 [INFO] PluginManage:359 - Loaded plugin lpbam (category:base,tabindex:0)
2025-12-23 15:23:33,817 [INFO] PluginManage:310 - Check plugin memorymap
2025-12-23 15:23:33,825 [INFO] PluginManage:359 - Loaded plugin memorymap (category:base,tabindex:4)
2025-12-23 15:23:33,825 [INFO] PluginManage:310 - Check plugin pinoutandconfiguration
2025-12-23 15:23:33,830 [INFO] PluginManage:359 - Loaded plugin pinoutandconfiguration (category:base,tabindex:1)
2025-12-23 15:23:33,830 [INFO] PluginManage:310 - Check plugin pinoutconfig
2025-12-23 15:23:33,882 [WARN] SupportedApi:132 - Cannot load RTOS API schema: s4s-elt-must-match.1: The content of 'definitions' must match (annotation?, (simpleType | complexType)?, (unique | key | keyref)*)). A problem was found starting at: attribute.
2025-12-23 15:23:33,957 [INFO] PluginManage:359 - Loaded plugin pinoutconfig (category:base,tabindex:0)
2025-12-23 15:23:33,957 [INFO] PluginManage:310 - Check plugin power
2025-12-23 15:23:33,961 [INFO] PluginManage:359 - Loaded plugin power (category:power,tabindex:4)
2025-12-23 15:23:33,961 [INFO] PluginManage:310 - Check plugin projectmanager
2025-12-23 15:23:33,974 [INFO] PluginManage:359 - Loaded plugin projectmanager (category:projectmanager,tabindex:4)
2025-12-23 15:23:33,974 [INFO] PluginManage:310 - Check plugin rif
2025-12-23 15:23:33,979 [INFO] PluginManage:359 - Loaded plugin rif (category:base,tabindex:3)
2025-12-23 15:23:33,980 [INFO] PluginManage:310 - Check plugin thirdparty
2025-12-23 15:23:34,045 [INFO] PluginManage:359 - Loaded plugin thirdparty (category:base,tabindex:-1)
2025-12-23 15:23:34,045 [WARN] IntegrityCheckThread:84 - waiting for thirdparty lock release [integrity check]
2025-12-23 15:23:34,046 [INFO] PluginManage:310 - Check plugin tools
2025-12-23 15:23:34,046 [INFO] IntegrityCheckThread:86 - entering critical section [integrity check]
2025-12-23 15:23:34,046 [INFO] ThirdPartyUpdaterWithRetryManager:70 - Updater plugin not ready yet. [1/15]
2025-12-23 15:23:34,047 [INFO] PluginManage:359 - Loaded plugin tools (category:base,tabindex:7)
2025-12-23 15:23:34,047 [INFO] PluginManage:310 - Check plugin tutovideos
2025-12-23 15:23:34,147 [INFO] PluginManage:359 - Loaded plugin tutovideos (category:base,tabindex:-1)
2025-12-23 15:23:34,147 [INFO] PluginManage:310 - Check plugin updater
2025-12-23 15:23:34,159 [INFO] PluginManage:359 - Loaded plugin updater (category:base,tabindex:12)
2025-12-23 15:23:34,159 [INFO] PluginManage:310 - Check plugin userauth
2025-12-23 15:23:34,161 [INFO] UserAuth:118 - Init User Auth plugin
2025-12-23 15:23:34,161 [INFO] PluginManage:359 - Loaded plugin userauth (category:base,tabindex:14)
2025-12-23 15:23:34,162 [INFO] PluginManage:283 - PluginManage : Loaded plugins [18]
2025-12-23 15:23:34,254 [INFO] PinOutPanel:1589 - setPackage(No Configuration,No Configuration)
2025-12-23 15:23:34,295 [INFO] CADModel:165 - CPN selected for project level
2025-12-23 15:23:34,295 [INFO] CADModel:114 - Register for checkConnection events
2025-12-23 15:23:34,301 [INFO] IPUIPlugin:80 - create IPUIPlugin
2025-12-23 15:23:34,302 [INFO] PluginManager:220 - loadIPPluginJar : add mdma
2025-12-23 15:23:34,305 [INFO] IPUIPlugin:80 - create IPUIPlugin
2025-12-23 15:23:34,305 [INFO] PluginManager:220 - loadIPPluginJar : add freertos
2025-12-23 15:23:34,308 [INFO] IPUIPlugin:80 - create IPUIPlugin
2025-12-23 15:23:34,308 [INFO] PluginManager:220 - loadIPPluginJar : add gic
2025-12-23 15:23:34,314 [INFO] IPUIPlugin:80 - create IPUIPlugin
2025-12-23 15:23:34,314 [INFO] PluginManager:220 - loadIPPluginJar : add adc
2025-12-23 15:23:34,316 [INFO] IPUIPlugin:80 - create IPUIPlugin
2025-12-23 15:23:34,316 [INFO] PluginManager:220 - loadIPPluginJar : add gtzc
2025-12-23 15:23:34,316 [INFO] IPUIPlugin:80 - create IPUIPlugin
2025-12-23 15:23:34,316 [INFO] PluginManager:220 - loadIPPluginJar : add quadspi
2025-12-23 15:23:34,317 [INFO] IPUIPlugin:80 - create IPUIPlugin
2025-12-23 15:23:34,317 [INFO] PluginManager:220 - loadIPPluginJar : add aes
2025-12-23 15:23:34,318 [INFO] IPUIPlugin:80 - create IPUIPlugin
2025-12-23 15:23:34,319 [INFO] PluginManager:220 - loadIPPluginJar : add pdm2pcm
2025-12-23 15:23:34,319 [INFO] IPUIPlugin:80 - create IPUIPlugin
2025-12-23 15:23:34,319 [INFO] PluginManager:220 - loadIPPluginJar : add hash
2025-12-23 15:23:34,320 [INFO] IPUIPlugin:80 - create IPUIPlugin
2025-12-23 15:23:34,320 [INFO] PluginManager:220 - loadIPPluginJar : add tim
2025-12-23 15:23:34,321 [INFO] IPUIPlugin:80 - create IPUIPlugin
2025-12-23 15:23:34,321 [INFO] PluginManager:220 - loadIPPluginJar : add tsc
2025-12-23 15:23:34,322 [INFO] IPUIPlugin:80 - create IPUIPlugin
2025-12-23 15:23:34,322 [INFO] PluginManager:220 - loadIPPluginJar : add extmemmanager
2025-12-23 15:23:34,323 [INFO] IPUIPlugin:80 - create IPUIPlugin
2025-12-23 15:23:34,323 [INFO] PluginManager:220 - loadIPPluginJar : add ts
2025-12-23 15:23:34,324 [INFO] IPUIPlugin:80 - create IPUIPlugin
2025-12-23 15:23:34,324 [INFO] PluginManager:220 - loadIPPluginJar : add radio
2025-12-23 15:23:34,325 [INFO] IPUIPlugin:80 - create IPUIPlugin
2025-12-23 15:23:34,326 [INFO] PluginManager:220 - loadIPPluginJar : add can
2025-12-23 15:23:34,327 [INFO] IPUIPlugin:80 - create IPUIPlugin
2025-12-23 15:23:34,327 [INFO] PluginManager:220 - loadIPPluginJar : add dma3
2025-12-23 15:23:34,328 [INFO] IPUIPlugin:80 - create IPUIPlugin
2025-12-23 15:23:34,328 [INFO] PluginManager:220 - loadIPPluginJar : add dfsdm
2025-12-23 15:23:34,328 [INFO] IPUIPlugin:80 - create IPUIPlugin
2025-12-23 15:23:34,328 [INFO] PluginManager:220 - loadIPPluginJar : add spi
2025-12-23 15:23:34,329 [INFO] IPUIPlugin:80 - create IPUIPlugin
2025-12-23 15:23:34,329 [INFO] PluginManager:220 - loadIPPluginJar : add gfxmmu
2025-12-23 15:23:34,330 [INFO] IPUIPlugin:80 - create IPUIPlugin
2025-12-23 15:23:34,330 [INFO] PluginManager:220 - loadIPPluginJar : add genericplugin
2025-12-23 15:23:34,331 [INFO] IPUIPlugin:80 - create IPUIPlugin
2025-12-23 15:23:34,331 [INFO] PluginManager:220 - loadIPPluginJar : add cryp
2025-12-23 15:23:34,333 [INFO] IPUIPlugin:80 - create IPUIPlugin
2025-12-23 15:23:34,333 [INFO] PluginManager:220 - loadIPPluginJar : add gpio
2025-12-23 15:23:34,334 [INFO] IPUIPlugin:80 - create IPUIPlugin
2025-12-23 15:23:34,334 [INFO] PluginManager:220 - loadIPPluginJar : add ddr_ctrl_phy
2025-12-23 15:23:34,335 [INFO] IPUIPlugin:80 - create IPUIPlugin
2025-12-23 15:23:34,335 [INFO] PluginManager:220 - loadIPPluginJar : add comp
2025-12-23 15:23:34,336 [INFO] IPUIPlugin:80 - create IPUIPlugin
2025-12-23 15:23:34,336 [INFO] PluginManager:220 - loadIPPluginJar : add tracer_emb
2025-12-23 15:23:34,337 [INFO] IPUIPlugin:80 - create IPUIPlugin
2025-12-23 15:23:34,337 [INFO] PluginManager:220 - loadIPPluginJar : add openamp
2025-12-23 15:23:34,340 [INFO] IPUIPlugin:80 - create IPUIPlugin
2025-12-23 15:23:34,340 [INFO] PluginManager:220 - loadIPPluginJar : add stm32_wpan
2025-12-23 15:23:34,343 [INFO] IPUIPlugin:80 - create IPUIPlugin
2025-12-23 15:23:34,344 [INFO] PluginManager:220 - loadIPPluginJar : add plateformsettings
2025-12-23 15:23:34,345 [INFO] IPUIPlugin:80 - create IPUIPlugin
2025-12-23 15:23:34,345 [INFO] PluginManager:220 - loadIPPluginJar : add ipddr
2025-12-23 15:23:34,347 [INFO] IPUIPlugin:80 - create IPUIPlugin
2025-12-23 15:23:34,347 [INFO] PluginManager:220 - loadIPPluginJar : add usart
2025-12-23 15:23:34,347 [INFO] IPUIPlugin:80 - create IPUIPlugin
2025-12-23 15:23:34,347 [INFO] PluginManager:220 - loadIPPluginJar : add ltdc
2025-12-23 15:23:34,348 [INFO] IPUIPlugin:80 - create IPUIPlugin
2025-12-23 15:23:34,348 [INFO] PluginManager:220 - loadIPPluginJar : add nvic
2025-12-23 15:23:34,349 [INFO] IPUIPlugin:80 - create IPUIPlugin
2025-12-23 15:23:34,349 [INFO] PluginManager:220 - loadIPPluginJar : add fatfs
2025-12-23 15:23:34,352 [INFO] IPUIPlugin:80 - create IPUIPlugin
2025-12-23 15:23:34,352 [INFO] PluginManager:220 - loadIPPluginJar : add linkedlist
2025-12-23 15:23:34,355 [INFO] IPUIPlugin:80 - create IPUIPlugin
2025-12-23 15:23:34,355 [INFO] PluginManager:220 - loadIPPluginJar : add dma
2025-12-23 15:23:34,357 [INFO] IPUIPlugin:80 - create IPUIPlugin
2025-12-23 15:23:34,357 [INFO] PluginManager:220 - loadIPPluginJar : add fmc
2025-12-23 15:23:34,357 [INFO] IPUIPlugin:80 - create IPUIPlugin
2025-12-23 15:23:34,358 [INFO] PluginManager:220 - loadIPPluginJar : add i2s
2025-12-23 15:23:34,358 [INFO] IPUIPlugin:80 - create IPUIPlugin
2025-12-23 15:23:34,358 [INFO] PluginManager:220 - loadIPPluginJar : add ucpd
2025-12-23 15:23:34,359 [INFO] IPUIPlugin:80 - create IPUIPlugin
2025-12-23 15:23:34,359 [INFO] PluginManager:220 - loadIPPluginJar : add lorawan
2025-12-23 15:23:34,360 [INFO] IPUIPlugin:80 - create IPUIPlugin
2025-12-23 15:23:34,361 [INFO] PluginManager:220 - loadIPPluginJar : add opamp
2025-12-23 15:23:34,362 [INFO] IPUIPlugin:80 - create IPUIPlugin
2025-12-23 15:23:34,362 [INFO] PluginManager:220 - loadIPPluginJar : add i3c
2025-12-23 15:23:34,363 [INFO] IPUIPlugin:80 - create IPUIPlugin
2025-12-23 15:23:34,363 [INFO] PluginManager:220 - loadIPPluginJar : add touchsensing
2025-12-23 15:23:34,364 [INFO] IPUIPlugin:80 - create IPUIPlugin
2025-12-23 15:23:34,364 [INFO] PluginManager:220 - loadIPPluginJar : add i2c
2025-12-23 15:23:34,365 [INFO] IPUIPlugin:80 - create IPUIPlugin
2025-12-23 15:23:34,365 [INFO] PluginManager:220 - loadIPPluginJar : add resmgrutility
2025-12-23 15:23:34,367 [INFO] IPUIPlugin:80 - create IPUIPlugin
2025-12-23 15:23:34,367 [INFO] PluginManager:220 - loadIPPluginJar : add sai
2025-12-23 15:23:34,368 [INFO] IPUIPlugin:80 - create IPUIPlugin
2025-12-23 15:23:34,368 [INFO] PluginManager:220 - loadIPPluginJar : add usbx
2025-12-23 15:23:34,464 [FATAL] Updater:351 - Updater called before beeing initialized
2025-12-23 15:23:34,500 [INFO] RulesReader:64 - Compatibility file has been processed (317 Rules)
2025-12-23 15:23:34,509 [INFO] RulesReader:64 - Compatibility file has been processed (317 Rules)
2025-12-23 15:23:34,514 [INFO] CADModel:165 - CPN selected for project level
2025-12-23 15:23:34,514 [INFO] CADModel:114 - Register for checkConnection events
2025-12-23 15:23:34,514 [FATAL] Updater:351 - Updater called before beeing initialized
2025-12-23 15:23:34,514 [ERROR] CADModel:125 - Updater not yet initialized, retry later 
2025-12-23 15:23:34,612 [FATAL] Updater:351 - Updater called before beeing initialized
2025-12-23 15:23:34,613 [INFO] CADModel:165 - CPN selected for project level
2025-12-23 15:23:34,614 [INFO] CADModel:114 - Register for checkConnection events
2025-12-23 15:23:34,614 [FATAL] Updater:351 - Updater called before beeing initialized
2025-12-23 15:23:34,614 [ERROR] CADModel:125 - Updater not yet initialized, retry later 
2025-12-23 15:23:34,615 [FATAL] Updater:351 - Updater called before beeing initialized
2025-12-23 15:23:34,671 [FATAL] Updater:351 - Updater called before beeing initialized
2025-12-23 15:23:34,674 [INFO] DbMcusAds:53 - JSON generation date=Mon Dec 15 17:11:46 CST 2025 (1765840306612)
2025-12-23 15:23:34,674 [FATAL] Updater:351 - Updater called before beeing initialized
2025-12-23 15:23:34,712 [WARN] DetailPanel:346 - Failed to get advertising image, set to default
2025-12-23 15:23:34,778 [FATAL] Updater:351 - Updater called before beeing initialized
2025-12-23 15:23:34,779 [FATAL] Updater:351 - Updater called before beeing initialized
2025-12-23 15:23:34,779 [FATAL] Updater:351 - Updater called before beeing initialized
2025-12-23 15:23:34,779 [WARN] DetailPanel:346 - Failed to get advertising image, set to default
2025-12-23 15:23:34,779 [FATAL] Updater:351 - Updater called before beeing initialized
2025-12-23 15:23:34,799 [ERROR] Updater:1198 - MainUpdater not yet initialized. External WinMGr cannot be set.
2025-12-23 15:23:34,800 [INFO] Updater:1134 - Updater Version found : 6.15.0
2025-12-23 15:23:34,809 [INFO] ApplicationProperties:184 - Using Application install path: /Applications/STM32CubeIDE.app/Contents/Eclipse/plugins/com.st.stm32cube.common.mx_6.15.0.202507011659
2025-12-23 15:23:34,849 [INFO] McuFinderGlobals:63 - Set McuFinder mode to 2 (CubeIDE integrated)
2025-12-23 15:23:35,056 [INFO] MainUpdater:2872 - connection check result : 10
2025-12-23 15:23:35,056 [INFO] MainUpdater:289 - Updater Check For Update Now.
2025-12-23 15:23:35,056 [INFO] MicroXplorer:498 - Change Database Version : DB.6.0.150
2025-12-23 15:23:35,060 [INFO] McuFinderGlobals:63 - Set McuFinder mode to 2 (CubeIDE integrated)
2025-12-23 15:23:35,060 [INFO] UserAuth:171 - activating auth plugin
2025-12-23 15:23:35,218 [INFO] CheckServerUpdateThread:120 - End of CheckServer Thread
2025-12-23 15:23:35,262 [INFO] MainUpdater:2872 - connection check result : 10
2025-12-23 15:23:35,262 [INFO] MainUpdater:2872 - connection check result : 10
2025-12-23 15:23:35,268 [INFO] UserAuth:487 - Internet connection configuration mode: 1
2025-12-23 15:23:35,278 [INFO] JxBrowserEngine:152 - Initiate JxBrowser Engine with user profile folder
2025-12-23 15:23:35,610 [INFO] MicroXplorer:468 - Change Database Path : 
2025-12-23 15:23:35,610 [INFO] MicroXplorer:498 - Change Database Version : DB.6.0.150
2025-12-23 15:23:35,615 [WARN] ThirdParty:871 - waiting for thirdparty lock release [close project]
2025-12-23 15:23:35,999 [INFO] WebApp:169 - Instantiating new browser for Auth
2025-12-23 15:23:36,711 [INFO] WebApp:463 - Apply proxy settings
2025-12-23 15:23:36,730 [INFO] WebApp:508 - Chromium authenticates against Manually configured proxy
2025-12-23 15:23:36,802 [INFO] WebApp:516 - Username used for proxy authentication: 
2025-12-23 15:23:36,837 [INFO] WebApp:900 - Register for checkConnection events
2025-12-23 15:23:36,859 [INFO] WebApp:463 - Apply proxy settings
2025-12-23 15:23:36,863 [INFO] WebApp:508 - Chromium authenticates against Manually configured proxy
2025-12-23 15:23:36,881 [INFO] WebApp:516 - Username used for proxy authentication: 
2025-12-23 15:23:37,012 [INFO] WebApp:225 - Starting web application
2025-12-23 15:23:37,016 [INFO] WebApp:593 - Web application path used /Applications/STM32CubeIDE.app/Contents/Eclipse/plugins/com.st.stm32cube.common.mx_6.15.0.202507011659/db/plugins/mcufinder/reactClient1/index.html
2025-12-23 15:23:37,473 [INFO] WebApp:191 - Connection restablished
2025-12-23 15:23:40,029 [WARN] PackLoader:240 - Cannot read IP mode file for STMicroelectronics.FP-SNS-MOTENVWB1.1.4.0
2025-12-23 15:23:40,060 [WARN] PackLoader:240 - Cannot read IP mode file for STMicroelectronics.FP-ATR-ASTRA1.2.0.2
2025-12-23 15:23:40,099 [WARN] PackLoader:240 - Cannot read IP mode file for STMicroelectronics.X-CUBE-SMBUS.2.1.0
2025-12-23 15:23:40,132 [WARN] PackLoader:240 - Cannot read IP mode file for STMicroelectronics.X-CUBE-AZRTOS-F7.1.1.0
2025-12-23 15:23:40,148 [WARN] PackLoader:240 - Cannot read IP mode file for STMicroelectronics.FP-SNS-MOTENV1.5.1.0
2025-12-23 15:23:40,227 [WARN] PackLoader:240 - Cannot read IP mode file for WES.I-CUBE-Cesium.1.4.0
2025-12-23 15:23:40,326 [WARN] PackLoader:240 - Cannot read IP mode file for STMicroelectronics.X-CUBE-AZRTOS-H7.3.4.0
2025-12-23 15:23:40,398 [WARN] PackLoader:240 - Cannot read IP mode file for STMicroelectronics.X-CUBE-DISPLAY.3.0.0
2025-12-23 15:23:40,471 [WARN] PackLoader:240 - Cannot read IP mode file for STMicroelectronics.X-CUBE-NFC10.1.0.0
2025-12-23 15:23:40,528 [WARN] PackLoader:240 - Cannot read IP mode file for STMicroelectronics.X-CUBE-ST60.1.1.0
2025-12-23 15:23:40,584 [WARN] PackLoader:240 - Cannot read IP mode file for emotas.I-CUBE-CANOPEN.1.3.0
2025-12-23 15:23:40,640 [WARN] PackLoader:240 - Cannot read IP mode file for STMicroelectronics.X-CUBE-GNSS1.7.1.0
2025-12-23 15:23:40,698 [WARN] PackLoader:240 - Cannot read IP mode file for STMicroelectronics.FP-SNS-STBOX1.2.1.0
2025-12-23 15:23:40,752 [WARN] PackLoader:240 - Cannot read IP mode file for STMicroelectronics.FP-SNS-SMARTAG2.1.2.0
2025-12-23 15:23:40,807 [WARN] PackLoader:240 - Cannot read IP mode file for STMicroelectronics.FP-SNS-FLIGHT1.5.1.0
2025-12-23 15:23:40,864 [INFO] LogOutputStream:77 - [STDOUT_REDIRECT] 1 : Invalid condition id : UX_CORESTACK_Condition cause : null
2025-12-23 15:23:40,882 [INFO] LogOutputStream:77 - [STDOUT_REDIRECT] 1 : Invalid condition id : UX_CORESTACK_Condition cause : null
2025-12-23 15:23:40,882 [INFO] LogOutputStream:77 - [STDOUT_REDIRECT] 1 : Invalid condition id : UX_CORESTACK_Condition cause : null
2025-12-23 15:23:40,882 [INFO] LogOutputStream:77 - [STDOUT_REDIRECT] 1 : Invalid condition id : UX_CORESTACK_Condition cause : null
2025-12-23 15:23:40,901 [INFO] LogOutputStream:77 - [STDOUT_REDIRECT] 1 : Invalid condition id : UX_CORESTACK_Condition cause : null
2025-12-23 15:23:40,903 [WARN] PackLoader:240 - Cannot read IP mode file for STMicroelectronics.X-CUBE-AZRTOS-WL.2.0.0
2025-12-23 15:23:40,968 [WARN] PackLoader:240 - Cannot read IP mode file for STMicroelectronics.X-CUBE-AZRTOS-H7RS.1.2.0
2025-12-23 15:23:40,988 [WARN] PackLoader:240 - Cannot read IP mode file for STMicroelectronics.X-CUBE-BLE2.3.3.0
2025-12-23 15:23:41,031 [WARN] PackLoader:240 - Cannot read IP mode file for Infineon.AIROC-Wi-Fi-Bluetooth-STM32.1.8.0
2025-12-23 15:23:41,040 [WARN] PackLoader:240 - Cannot read IP mode file for STMicroelectronics.X-CUBE-NFC9.1.0.0
2025-12-23 15:23:41,043 [WARN] PackLoader:240 - Cannot read IP mode file for STMicroelectronics.X-CUBE-BLE1.7.1.0
2025-12-23 15:23:41,045 [WARN] PackLoader:240 - Cannot read IP mode file for wolfSSL.I-CUBE-wolfMQTT.1.19.2
2025-12-23 15:23:41,048 [WARN] PackLoader:240 - Cannot read IP mode file for STMicroelectronics.X-CUBE-FREERTOS.1.4.0
2025-12-23 15:23:41,051 [WARN] PackLoader:240 - Cannot read IP mode file for STMicroelectronics.X-CUBE-EEPRMA1.5.2.0
2025-12-23 15:23:41,054 [WARN] PackLoader:240 - Cannot read IP mode file for wolfSSL.I-CUBE-wolfSSL.5.8.4
2025-12-23 15:23:41,058 [WARN] PackLoader:240 - Cannot read IP mode file for Cesanta.I-CUBE-Mongoose.7.20.0
2025-12-23 15:23:41,061 [WARN] PackLoader:240 - Cannot read IP mode file for STMicroelectronics.X-CUBE-ST67W61.1.1.0
2025-12-23 15:23:41,085 [WARN] PackLoader:240 - Cannot read IP mode file for STMicroelectronics.X-CUBE-MEMS1.12.0.0
2025-12-23 15:23:41,149 [WARN] PackLoader:240 - Cannot read IP mode file for STMicroelectronics.X-CUBE-AZRTOS-G0.1.1.0
2025-12-23 15:23:41,157 [WARN] PackLoader:240 - Cannot read IP mode file for STMicroelectronics.X-CUBE-NFC4.3.0.0
2025-12-23 15:23:41,163 [WARN] PackLoader:240 - Cannot read IP mode file for EmbeddedOffice.I-CUBE-FS-RTOS.1.0.1
2025-12-23 15:23:41,169 [WARN] PackLoader:240 - Cannot read IP mode file for STMicroelectronics.X-CUBE-WB05N.2.0.0
2025-12-23 15:23:41,172 [WARN] PackLoader:240 - Cannot read IP mode file for wolfSSL.I-CUBE-wolfTPM.3.8.0
2025-12-23 15:23:41,177 [WARN] PackLoader:240 - Cannot read IP mode file for STMicroelectronics.X-CUBE-TCPP.4.2.0
2025-12-23 15:23:41,184 [WARN] PackLoader:240 - Cannot read IP mode file for RealThread.X-CUBE-RT-Thread_Nano.4.1.1
2025-12-23 15:23:41,187 [WARN] PackLoader:240 - Cannot read IP mode file for STMicroelectronics.FP-ATR-SIGFOX1.3.2.0
2025-12-23 15:23:41,192 [WARN] PackLoader:240 - Cannot read IP mode file for ITTIA_DB.I-CUBE-ITTIADB.8.9.0
2025-12-23 15:23:41,205 [WARN] PackLoader:240 - Cannot read IP mode file for STMicroelectronics.X-CUBE-AI.10.2.0
2025-12-23 15:23:41,220 [WARN] PackLoader:240 - Cannot read IP mode file for SEGGER.I-CUBE-embOS.1.3.1
2025-12-23 15:23:41,244 [WARN] PackLoader:240 - Cannot read IP mode file for STMicroelectronics.X-CUBE-ALGOBUILD.1.4.0
2025-12-23 15:23:41,248 [WARN] PackLoader:240 - Cannot read IP mode file for STMicroelectronics.X-CUBE-PM33A1.1.0.0
2025-12-23 15:23:41,258 [WARN] PackLoader:240 - Cannot read IP mode file for STMicroelectronics.X-CUBE-AZRTOS-F4.1.1.0
2025-12-23 15:23:41,262 [WARN] PackLoader:240 - Cannot read IP mode file for STMicroelectronics.X-CUBE-ISPU.2.1.0
2025-12-23 15:23:41,270 [WARN] PackLoader:240 - Cannot read IP mode file for STMicroelectronics.X-CUBE-IPS.3.2.0
2025-12-23 15:23:41,277 [WARN] PackLoader:240 - Cannot read IP mode file for STMicroelectronics.X-CUBE-NFC12.1.0.0
2025-12-23 15:23:41,287 [WARN] PackLoader:240 - Cannot read IP mode file for STMicroelectronics.X-CUBE-AZRTOS-L5.2.0.0
2025-12-23 15:23:41,292 [WARN] PackLoader:240 - Cannot read IP mode file for STMicroelectronics.X-CUBE-NFC6.3.1.0
2025-12-23 15:23:41,296 [WARN] PackLoader:240 - Cannot read IP mode file for STMicroelectronics.X-CUBE-TOUCHGFX.4.26.0
2025-12-23 15:23:41,299 [WARN] PackLoader:240 - Cannot read IP mode file for STMicroelectronics.FP-SNS-STAIOTCFT.1.0.0
2025-12-23 15:23:41,302 [WARN] PackLoader:240 - Cannot read IP mode file for STMicroelectronics.X-CUBE-DPower.1.3.0
2025-12-23 15:23:41,319 [WARN] ConditionMgr:438 - getConditionDescription Invalid condition id : LAN8742 Phy interface Condition cause : null
2025-12-23 15:23:41,319 [WARN] PackLoader:240 - Cannot read IP mode file for STMicroelectronics.X-CUBE-AZRTOS-L4.2.0.0
2025-12-23 15:23:41,320 [WARN] ConditionMgr:1044 - genDependencies : Invalid condition id : LAN8742 Phy interface Condition cause : null
2025-12-23 15:23:41,320 [WARN] ConditionMgr:1044 - genDependencies : Invalid condition id : LAN8742 Phy interface Condition cause : null
2025-12-23 15:23:41,320 [WARN] ConditionMgr:1044 - genDependencies : Invalid condition id : LAN8742 Phy interface Condition cause : null
2025-12-23 15:23:41,326 [WARN] PackLoader:240 - Cannot read IP mode file for STMicroelectronics.X-CUBE-SFXS2LP1.4.0.0
2025-12-23 15:23:41,333 [WARN] PackLoader:240 - Cannot read IP mode file for STMicroelectronics.X-CUBE-BLEMGR.4.1.0
2025-12-23 15:23:41,341 [WARN] ConditionMgr:438 - getConditionDescription Invalid condition id : UX DEVICE CLASS RTOS Condition cause : null
2025-12-23 15:23:41,342 [WARN] ConditionMgr:438 - getConditionDescription Invalid condition id : UX DEVICE CLASS RTOS Condition cause : null
2025-12-23 15:23:41,342 [WARN] PackLoader:240 - Cannot read IP mode file for STMicroelectronics.X-CUBE-AZRTOS-WB.2.0.0
2025-12-23 15:23:41,343 [WARN] ConditionMgr:1044 - genDependencies : Invalid condition id : UX DEVICE CLASS RTOS Condition cause : null
2025-12-23 15:23:41,343 [WARN] ConditionMgr:1044 - genDependencies : Invalid condition id : UX DEVICE CLASS RTOS Condition cause : null
2025-12-23 15:23:41,343 [WARN] ConditionMgr:1044 - genDependencies : Invalid condition id : UX DEVICE CLASS RTOS Condition cause : null
2025-12-23 15:23:41,343 [WARN] ConditionMgr:1044 - genDependencies : Invalid condition id : UX DEVICE CLASS RTOS Condition cause : null
2025-12-23 15:23:41,343 [WARN] ConditionMgr:1044 - genDependencies : Invalid condition id : UX DEVICE CLASS RTOS Condition cause : null
2025-12-23 15:23:41,346 [WARN] ConditionMgr:438 - getConditionDescription Invalid condition id : Cortex-A Device cause : null
2025-12-23 15:23:41,353 [WARN] ConditionMgr:1044 - genDependencies : Invalid condition id : Cortex-A Device cause : null
2025-12-23 15:23:41,353 [WARN] ConditionMgr:1044 - genDependencies : Invalid condition id : Cortex-A Device cause : null
2025-12-23 15:23:41,353 [WARN] ConditionMgr:1044 - genDependencies : Invalid condition id : Cortex-A Device cause : null
2025-12-23 15:23:41,359 [WARN] PackLoader:240 - Cannot read IP mode file for STMicroelectronics.X-CUBE-SUBG2.5.0.0
2025-12-23 15:23:41,370 [WARN] PackLoader:240 - Cannot read IP mode file for STMicroelectronics.X-CUBE-AZRTOS-G4.2.0.0
2025-12-23 15:23:41,374 [WARN] PackLoader:240 - Cannot read IP mode file for wolfSSL.I-CUBE-wolfSSH.1.4.20
2025-12-23 15:23:41,380 [WARN] PackLoader:240 - Cannot read IP mode file for STMicroelectronics.X-CUBE-NFC7.2.0.0
2025-12-23 15:23:41,384 [WARN] PackLoader:240 - Cannot read IP mode file for STMicroelectronics.X-CUBE-ALS.1.0.2
2025-12-23 15:23:41,389 [WARN] PackLoader:240 - Cannot read IP mode file for STMicroelectronics.X-CUBE-STSE01.1.0.0
2025-12-23 15:23:41,397 [WARN] PackLoader:240 - Cannot read IP mode file for STMicroelectronics.X-CUBE-TOF1.3.4.3
2025-12-23 15:23:41,406 [INFO] ThirdParty:978 - Integrity check success = true
2025-12-23 15:23:41,406 [INFO] IntegrityCheckThread:100 - exiting critical section [integrity check]
2025-12-23 15:23:41,406 [INFO] IntegrityCheckThread:103 - End integrity checks thread
2025-12-23 15:23:41,406 [INFO] ThirdParty:873 - entering critical section [close project]
2025-12-23 15:23:41,407 [INFO] ThirdParty:883 - exiting critical section [close project]
2025-12-23 15:23:41,409 [INFO] PinOutPanel:1589 - setPackage(No Configuration,No Configuration)
2025-12-23 15:23:41,411 [INFO] UtilMem:75 - Begin LoadConfig() Used Memory: 203231480 Bytes (282066944)
2025-12-23 15:23:41,413 [INFO] MicroXplorer:468 - Change Database Path : 
2025-12-23 15:23:41,413 [INFO] MicroXplorer:498 - Change Database Version : DB.6.0.150
2025-12-23 15:23:41,413 [INFO] OpenFileManager:355 - Change cursor
2025-12-23 15:23:41,433 [INFO] Mcu:2029 - Initializing MCU STM32L431C(B-C)Tx STM32L431CBTx STM32L431CBT6
2025-12-23 15:23:42,446 [INFO] Context:786 - Trying to add GPIOservice into a context  which must be forbidden
2025-12-23 15:23:42,852 [INFO] ImportTextPane:234 - (OptionalMessage_ERROR) Pin29 (VP_RIF_VS_RIF1) cannot be retrieved for this MCU
2025-12-23 15:23:43,000 [INFO] RtosManager:558 - Registered RTOS mode: class=CMSIS, group=RTOS, mode=CMSIS_V1, owner=FREERTOS
2025-12-23 15:23:43,000 [INFO] RtosManager:558 - Registered RTOS mode: class=CMSIS, group=RTOS2, mode=CMSIS_V2, owner=FREERTOS
2025-12-23 15:23:43,001 [INFO] RtosManager:558 - Registered RTOS mode: class=RTOS, group=Core, mode=CMSIS_V1, owner=FREERTOS
2025-12-23 15:23:43,001 [INFO] RtosManager:558 - Registered RTOS mode: class=RTOS, group=Core, mode=CMSIS_V2, owner=FREERTOS
2025-12-23 15:23:43,001 [WARN] ModelIntegratedComponent:184 - Missing modes for component STMicroelectronics:FreeRTOS:0.0.1:STMicroelectronics:RTOS:FreeRTOS:Core:::10.2.0:
2025-12-23 15:23:43,015 [WARN] ModelIntegratedComponent:63 - No mode defined for component null
2025-12-23 15:23:43,015 [WARN] ModelIntegratedComponent:63 - No mode defined for component null
2025-12-23 15:23:43,015 [WARN] ModelIntegratedComponent:63 - No mode defined for component null
2025-12-23 15:23:43,015 [WARN] ModelIntegratedComponent:63 - No mode defined for component null
2025-12-23 15:23:43,015 [WARN] ModelIntegratedComponent:63 - No mode defined for component null
2025-12-23 15:23:43,015 [WARN] ModelIntegratedComponent:63 - No mode defined for component null
2025-12-23 15:23:43,015 [WARN] ModelIntegratedComponent:63 - No mode defined for component null
2025-12-23 15:23:43,015 [WARN] ModelIntegratedComponent:63 - No mode defined for component null
2025-12-23 15:23:43,015 [WARN] ModelIntegratedComponent:63 - No mode defined for component null
2025-12-23 15:23:43,015 [WARN] ModelIntegratedComponent:63 - No mode defined for component null
2025-12-23 15:23:43,015 [WARN] ModelIntegratedComponent:63 - No mode defined for component null
2025-12-23 15:23:43,015 [WARN] ModelIntegratedComponent:63 - No mode defined for component null
2025-12-23 15:23:43,015 [WARN] ModelIntegratedComponent:63 - No mode defined for component null
2025-12-23 15:23:43,015 [WARN] ModelIntegratedComponent:63 - No mode defined for component null
2025-12-23 15:23:43,016 [WARN] ModelIntegratedComponent:63 - No mode defined for component null
2025-12-23 15:23:43,016 [WARN] ModelIntegratedComponent:63 - No mode defined for component null
2025-12-23 15:23:43,016 [WARN] ModelIntegratedComponent:63 - No mode defined for component null
2025-12-23 15:23:43,016 [WARN] ModelIntegratedComponent:63 - No mode defined for component null
2025-12-23 15:23:43,016 [WARN] ModelIntegratedComponent:63 - No mode defined for component null
2025-12-23 15:23:43,016 [WARN] ModelIntegratedComponent:63 - No mode defined for component null
2025-12-23 15:23:43,016 [WARN] ModelIntegratedComponent:63 - No mode defined for component null
2025-12-23 15:23:43,016 [WARN] ModelIntegratedComponent:63 - No mode defined for component null
2025-12-23 15:23:43,016 [WARN] ModelIntegratedComponent:63 - No mode defined for component null
2025-12-23 15:23:43,016 [WARN] ModelIntegratedComponent:63 - No mode defined for component null
2025-12-23 15:23:43,016 [WARN] ModelIntegratedComponent:63 - No mode defined for component null
2025-12-23 15:23:43,016 [WARN] ModelIntegratedComponent:63 - No mode defined for component null
2025-12-23 15:23:43,017 [WARN] ModelIntegratedComponent:63 - No mode defined for component null
2025-12-23 15:23:43,017 [WARN] ModelIntegratedComponent:63 - No mode defined for component null
2025-12-23 15:23:43,017 [WARN] ModelIntegratedComponent:63 - No mode defined for component null
2025-12-23 15:23:43,017 [WARN] ModelIntegratedComponent:63 - No mode defined for component null
2025-12-23 15:23:43,017 [WARN] ModelIntegratedComponent:63 - No mode defined for component null
2025-12-23 15:23:43,017 [WARN] ModelIntegratedComponent:63 - No mode defined for component null
2025-12-23 15:23:43,017 [WARN] ModelIntegratedComponent:63 - No mode defined for component null
2025-12-23 15:23:43,017 [WARN] ModelIntegratedComponent:63 - No mode defined for component null
2025-12-23 15:23:43,017 [WARN] ModelIntegratedComponent:63 - No mode defined for component null
2025-12-23 15:23:43,017 [WARN] ModelPack:524 - Component already loaded: STMicroelectronics:HAL Drivers:0.0.0:STMicroelectronics:Device:STMicro_Driver:XSPI:HAL::0.0.1:HAL_XSPI
2025-12-23 15:23:43,044 [INFO] ThirdPartyModel:298 - Start build external matchings
2025-12-23 15:23:43,304 [INFO] ThirdPartyModel:316 - End build external matchings
2025-12-23 15:23:43,319 [INFO] ImportTextPane:234 - (OptionalMessage_ERROR) IP (ADC1) : Parameter (CommonPathInternal) has invalid value (null|null|null|null)
2025-12-23 15:23:43,319 [INFO] ImportTextPane:234 - (OptionalMessage_ERROR) IP (DMA) : Parameter (Instance) has Id (ADC1) currently not set
2025-12-23 15:23:43,320 [INFO] ImportTextPane:234 - (OptionalMessage_ERROR) IP (DMA) : Parameter (Request) has Id (ADC1) currently not set
2025-12-23 15:23:43,320 [INFO] ImportTextPane:234 - (OptionalMessage_ERROR) IP (DMA) : Parameter (Direction) has Id (ADC1) currently not set
2025-12-23 15:23:43,320 [INFO] ImportTextPane:234 - (OptionalMessage_ERROR) IP (DMA) : Parameter (PeriphInc) has Id (ADC1) currently not set
2025-12-23 15:23:43,320 [INFO] ImportTextPane:234 - (OptionalMessage_ERROR) IP (DMA) : Parameter (MemInc) has Id (ADC1) currently not set
2025-12-23 15:23:43,320 [INFO] ImportTextPane:234 - (OptionalMessage_ERROR) IP (DMA) : Parameter (PeriphDataAlignment) has Id (ADC1) currently not set
2025-12-23 15:23:43,320 [INFO] ImportTextPane:234 - (OptionalMessage_ERROR) IP (DMA) : Parameter (MemDataAlignment) has Id (ADC1) currently not set
2025-12-23 15:23:43,320 [INFO] ImportTextPane:234 - (OptionalMessage_ERROR) IP (DMA) : Parameter (Mode) has Id (ADC1) currently not set
2025-12-23 15:23:43,320 [INFO] ImportTextPane:234 - (OptionalMessage_ERROR) IP (DMA) : Parameter (Priority) has Id (ADC1) currently not set
2025-12-23 15:23:43,323 [INFO] ImportTextPane:234 - (OptionalMessage_ERROR) IP (RCC) : Invalid parameter (FamilyName)
2025-12-23 15:23:43,785 [INFO] ApiDb:581 - Connected to CubeFinder SQLite database (/Users/karthikkurapati/.stmcufinder/plugins/mcufinder/mcu/cube-finder-db.db)
2025-12-23 15:23:43,832 [INFO] ApiDb:668 - CubeFinder database Data Model version=2.1
2025-12-23 15:23:43,832 [INFO] ApiDb:669 - CubeFinder database Configuration version=3.0.39
2025-12-23 15:23:43,833 [INFO] ApiDb:670 - CubeFinder database generation date=2025-11-05 (1762334721)
2025-12-23 15:23:43,833 [INFO] ApiDb:671 - CubeFinder database FW Pack versions=[FP-ATR-ASTRA1_V2.0.0, FP-SNS-FLIGHT1_V5.1.0, FP-SNS-MOTENV1_V5.1.0, FP-SNS-MOTENVWB1_V1.4.0, FP-SNS-SMARTAG2_V1.2.0, FP-SNS-STBOX1_V2.1.0, STM32Cube_FW_C0_V1.4.0, STM32Cube_FW_F4_V1.28.3, STM32Cube_FW_F7_V1.17.4, STM32Cube_FW_G0_V1.6.2, STM32Cube_FW_G4_V1.6.1, STM32Cube_FW_H5_V1.5.1, STM32Cube_FW_H7RS_V1.3.0, STM32Cube_FW_H7_V1.12.1, STM32Cube_FW_L0_V1.12.2, STM32Cube_FW_L4_V1.18.1, STM32Cube_FW_L5_V1.6.0, STM32Cube_FW_N6_V1.3.0, STM32Cube_FW_U0_V1.3.0, STM32Cube_FW_U3_V1.2.1, STM32Cube_FW_U5_V1.8.0, STM32Cube_FW_WB0_V1.4.0, STM32Cube_FW_WBA_V1.8.0, STM32Cube_FW_WB_V1.24.0, STM32Cube_FW_WL3_V1.3.0, STM32Cube_FW_WL_V1.4.0, X-CUBE-ALGOBUILD_V1.4.0, X-CUBE-ALS_V1.0.2, X-CUBE-AZRTOS-F4_V1.1.0, X-CUBE-AZRTOS-F7_V1.1.0, X-CUBE-AZRTOS-G0_V1.1.0, X-CUBE-AZRTOS-G4_V2.0.0, X-CUBE-AZRTOS-H7RS_V1.1.0, X-CUBE-AZRTOS-H7_V3.4.0, X-CUBE-AZRTOS-L4_V2.0.0, X-CUBE-AZRTOS-L5_V2.0.0, X-CUBE-AZRTOS-WB_V2.0.0, X-CUBE-AZRTOS-WL_V2.0.0, X-CUBE-BLE1_V7.1.0, X-CUBE-BLE2_V3.3.0, X-CUBE-BLEMGR_V4.1.0, X-CUBE-EEPRMA1_V5.2.0, X-CUBE-FREERTOS_V1.3.1, X-CUBE-GNSS1_V6.0.0, X-CUBE-MEMS1_V11.3.0, X-CUBE-NFC4_V3.0.0, X-CUBE-NFC7_V2.0.0, X-CUBE-SFXS2LP1_V4.0.0, X-CUBE-ST67W61_V1.1.0, X-CUBE-SUBG2_V5.0.0, X-CUBE-TOF1_V3.4.3]
2025-12-23 15:23:43,871 [INFO] DbBoardsSqlite:226 - include board P-NUCLEO-WB55-NUCLEO as a kit item of type 'Nucleo-64'
2025-12-23 15:23:43,872 [INFO] DbBoardsSqlite:226 - include board P-NUCLEO-WB55-USBDONGLE as a kit item of type 'Nucleo USB Dongle'
2025-12-23 15:23:43,872 [INFO] DbBoardsSqlite:226 - include board STEVAL-IDP005V1 as a kit item of type 'Evaluation Board'
2025-12-23 15:23:43,872 [INFO] DbBoardsSqlite:226 - include board STEVAL-IDP005V2 as a kit item of type 'Evaluation Board'
2025-12-23 15:23:43,905 [INFO] ApiDb:240 - Found 880 in-development CPN: [B-G473E-ZEST1S, B-WB1M-WPAN1, B-WBA5M-WPAN, B-WL5M-SUBG1, NUCLEO-C031C6, NUCLEO-C051C8, NUCLEO-C071RB, NUCLEO-C092RC, NUCLEO-H503RB, NUCLEO-H533RE, NUCLEO-H563ZI, NUCLEO-H7S3L8, NUCLEO-N657X0-Q, NUCLEO-U031R8, NUCLEO-U083RC, NUCLEO-U385RG-Q, NUCLEO-U545RE-Q, NUCLEO-U5A5ZJ-Q, NUCLEO-WB05KZ, NUCLEO-WB07CC, NUCLEO-WB09KE, NUCLEO-WBA52CG, NUCLEO-WBA55CG, NUCLEO-WL33CC1, NUCLEO-WL33CC2, STEVAL-PROTEUS1, STEVAL-SMARTAG2, STEVAL-STWINBX1, STM320518-EVAL, STM32C0116-DK, STM32C011D6Y3TR, STM32C011D6Y6TR, STM32C011F4P3, STM32C011F4P6, STM32C011F4U3, STM32C011F4U6TR, STM32C011F6P3, STM32C011F6P6, STM32C011F6U3, STM32C011F6U6TR, STM32C011J4M3, STM32C011J4M6, STM32C011J6M3, STM32C011J6M6, STM32C0316-DK, STM32C031C4T3, STM32C031C4T6, STM32C031C4U3, STM32C031C4U6, STM32C031C6T3, STM32C031C6T6, STM32C031C6U3, STM32C031C6U6, STM32C031F4P3, STM32C031F4P6, STM32C031F6P3, STM32C031F6P6, STM32C031G4U3, STM32C031G4U6, STM32C031G6U3, STM32C031G6U6, STM32C031K4T3, STM32C031K4T6, STM32C031K4U3, STM32C031K4U6, STM32C031K6T3, STM32C031K6T6, STM32C031K6U3, STM32C031K6U6, STM32C051C6T6, STM32C051C6U6, STM32C051C8T6, STM32C051C8U6, STM32C051D8Y6TR, STM32C051F6P6, STM32C051F8P6, STM32C051G6U6, STM32C051G8U6, STM32C051K6T6, STM32C051K6U6, STM32C051K8T6, STM32C071C8T6, STM32C071C8T6N, STM32C071C8U6, STM32C071C8U6N, STM32C071CBT6, STM32C071CBT6N, STM32C071CBU6, STM32C071CBU6N, STM32C071F8P6, STM32C071F8P6N, STM32C071FBP6, STM32C071FBP6N, STM32C071FBY6TR, STM32C071G8U6, STM32C071G8U6N, STM32C071GBU6, STM32C071GBU6N, STM32C071K8T6, STM32C071K8T6N, STM32C071K8U6, STM32C071K8U6N, STM32C071KBT6, STM32C071KBT6N, STM32C071KBU6, STM32C071KBU6N, STM32C071R8T6, STM32C071R8T6N, STM32C071RBI6N, STM32C071RBT6, STM32C071RBT6N, STM32C091CBT6, STM32C091CBU6, STM32C091CCT6, STM32C091CCU6, STM32C091ECY6TR, STM32C091FBP6, STM32C091FCP6, STM32C091GBU6, STM32C091GCU6, STM32C091KBT6, STM32C091KBU6, STM32C091KCT6, STM32C091KCU6, STM32C091RBT6, STM32C091RCI6, STM32C091RCT6, STM32C092CBT6, STM32C092CBU6, STM32C092CCT6, STM32C092CCU6, STM32C092ECY6TR, STM32C092FBP6, STM32C092FCP6, STM32C092GBU6, STM32C092GCU6, STM32C092KBT6, STM32C092KBU6, STM32C092KCT6, STM32C092KCU6, STM32C092RBT6, STM32C092RCI6, STM32C092RCT6, STM32G071K8TXN, STM32G071K8UXN, STM32G081GBU6N, STM32G081KBT6N, STM32G081KBUXN, STM32G0B1CCT6N, STM32G0B1KCT6, STM32G0B1NEY6TR, STM32G0B1RCT6N, STM32G0C1CCT6, STM32G0C1CCT6N, STM32G0C1CCU6N, STM32G0C1CET6N, STM32G0C1CEU6N, STM32G0C1KCT6, STM32G0C1NEY6TR, STM32G0C1RCI6N, STM32G0C1RCT6N, STM32G0C1REI6N, STM32G0C1RET6N, STM32G0C1VCI6, STM32G0C1VEI6, STM32G411C6T3, STM32G411C6T6, STM32G411C6U3, STM32G411C6U6, STM32G411C8T3, STM32G411C8T6, STM32G411C8U3, STM32G411C8U6, STM32G411CBT3, STM32G411CBT6, STM32G411CBU3, STM32G411CBU6, STM32G411K6T3, STM32G411K6T6, STM32G411K6U3, STM32G411K6U6, STM32G411K8T3, STM32G411K8T6, STM32G411K8U3, STM32G411K8U6, STM32G411KBT3, STM32G411KBT6, STM32G411KBU3, STM32G411KBU6, STM32G411M6T3, STM32G411M6T6, STM32G411M8T3, STM32G411M8T6, STM32G411MBT3, STM32G411MBT6, STM32G411R6T3, STM32G411R6T6, STM32G411R8T3, STM32G411R8T6, STM32G411RBT3, STM32G411RBT6, STM32G414CBT3, STM32G414CBT6, STM32G414CBU3, STM32G414CBU6, STM32G414CCT3, STM32G414CCT6, STM32G414CCU3, STM32G414CCU6, STM32G414MBT3, STM32G414MBT6, STM32G414MCT3, STM32G414MCT6, STM32G414RBT3, STM32G414RBT6, STM32G414RCT3, STM32G414RCT6, STM32G414VBT3, STM32G414VBT6, STM32G414VCT3, STM32G414VCT6, STM32G431CBT3Z, STM32G431RBT3Z, STM32G471CCT6, STM32G471CCU6, STM32G471CET3, STM32G471CET6, STM32G471CEU3, STM32G471CEU6, STM32G471MCT6, STM32G471MET3, STM32G471MET6, STM32G471MEY6TR, STM32G471QCT6, STM32G471QET3, STM32G471RCT6, STM32G471RET3, STM32G471RET6, STM32G471VCH6, STM32G471VCI6, STM32G471VCT6, STM32G471VEH3, STM32G471VEH6, STM32G471VEI3, STM32G471VEI6, STM32G471VET3, STM32G471VET6, STM32G473QET3Z, STM32G473RET3Z, STM32G474CCT6, STM32G491RET3Z, STM32H503CBT6, STM32H503CBU6, STM32H503EBY6TR, STM32H503KBU6, STM32H503RBT6, STM32H523CCT6, STM32H523CCU6, STM32H523CET6, STM32H523CEU6, STM32H523HEY6TR, STM32H523RCT6, STM32H523RET6, STM32H523VCI6, STM32H523VCT6, STM32H523VEI6, STM32H523VET6, STM32H523ZCJ6, STM32H523ZCT6, STM32H523ZEJ6, STM32H523ZET6, STM32H533CET6, STM32H533CEU6, STM32H533HEY6TR, STM32H533RET6, STM32H533VEI6, STM32H533VET6, STM32H533ZEJ6, STM32H533ZET6, STM32H562AGI6, STM32H562AII6, STM32H562IGK6, STM32H562IGT6, STM32H562IIK6, STM32H562IIT6, STM32H562RGT6, STM32H562RGV6, STM32H562RIT6, STM32H562RIV6, STM32H562VGT6, STM32H562VIT6, STM32H562ZGT6, STM32H562ZIT6, STM32H563AGI6, STM32H563AII3Q, STM32H563AII6, STM32H563IGK6, STM32H563IGT6, STM32H563IIK3Q, STM32H563IIK6, STM32H563IIT3Q, STM32H563IIT6, STM32H563MIY3QTR, STM32H563RGT6, STM32H563RGV6, STM32H563RIT6, STM32H563RIV6, STM32H563VGT6, STM32H563VIT3Q, STM32H563VIT6, STM32H563ZGT6, STM32H563ZIT3Q, STM32H563ZIT6, STM32H573AII3Q, STM32H573AII6, STM32H573I-DK, STM32H573IIK3Q, STM32H573IIK6, STM32H573IIT3Q, STM32H573IIT6, STM32H573MIY3QTR, STM32H573RIT6, STM32H573RIV6, STM32H573VIT3Q, STM32H573VIT6, STM32H573ZIT3Q, STM32H573ZIT6, STM32H7R3A8I6, STM32H7R3I8K6, STM32H7R3I8T6, STM32H7R3L8H6, STM32H7R3L8H6H, STM32H7R3R8V6, STM32H7R3V8H6, STM32H7R3V8T6, STM32H7R3V8Y6TR, STM32H7R3Z8J6, STM32H7R3Z8T6, STM32H7R7A8I6, STM32H7R7I8K6, STM32H7R7I8T6, STM32H7R7L8H6, STM32H7R7L8H6H, STM32H7R7Z8J6, STM32H7S3A8I6, STM32H7S3I8K6, STM32H7S3I8T6, STM32H7S3L8H6, STM32H7S3L8H6H, STM32H7S3R8V6, STM32H7S3V8H6, STM32H7S3V8T6, STM32H7S3V8Y6TR, STM32H7S3Z8J6, STM32H7S3Z8T6, STM32H7S78-DK, STM32H7S7A8I6, STM32H7S7I8K6, STM32H7S7I8T6, STM32H7S7L8H6, STM32H7S7L8H6H, STM32H7S7Z8J6, STM32L4R5QGI6STR, STM32MP131AAE3, STM32MP131AAF3, STM32MP131AAG3, STM32MP131CAE3, STM32MP131CAF3, STM32MP131CAG3, STM32MP131DAE7, STM32MP131DAF7, STM32MP131DAG7, STM32MP131FAE7, STM32MP131FAF7, STM32MP131FAG7, STM32MP133AAE3, STM32MP133AAF3, STM32MP133AAG3, STM32MP133CAE3, STM32MP133CAF3, STM32MP133CAG3, STM32MP133DAE7, STM32MP133DAF7, STM32MP133DAG7, STM32MP133FAE7, STM32MP133FAF7, STM32MP133FAG7, STM32MP135AAE3, STM32MP135AAF3, STM32MP135AAG3, STM32MP135CAE3, STM32MP135CAF3, STM32MP135CAG3, STM32MP135DAE7, STM32MP135DAF7, STM32MP135DAG7, STM32MP135F-DK, STM32MP135FAE7, STM32MP135FAF7, STM32MP135FAF7T, STM32MP135FAF7U, STM32MP135FAG7, STM32MP211AAL3, STM32MP211AAM3, STM32MP211AAN3, STM32MP211AAO3, STM32MP211CAL3, STM32MP211CAM3, STM32MP211CAN3, STM32MP211CAO3, STM32MP211DAL3, STM32MP211DAM3, STM32MP211DAN3, STM32MP211DAO3, STM32MP211FAL3, STM32MP211FAM3, STM32MP211FAN3, STM32MP211FAO3, STM32MP213AAL3, STM32MP213AAM3, STM32MP213AAN3, STM32MP213AAO3, STM32MP213CAL3, STM32MP213CAM3, STM32MP213CAN3, STM32MP213CAO3, STM32MP213DAL3, STM32MP213DAM3, STM32MP213DAN3, STM32MP213DAO3, STM32MP213FAL3, STM32MP213FAM3, STM32MP213FAN3, STM32MP213FAO3, STM32MP215AAL3, STM32MP215AAM3, STM32MP215AAN3, STM32MP215AAO3, STM32MP215CAL3, STM32MP215CAM3, STM32MP215CAN3, STM32MP215CAO3, STM32MP215DAL3, STM32MP215DAM3, STM32MP215DAN3, STM32MP215DAO3, STM32MP215F-DK, STM32MP215FAL3, STM32MP215FAM3, STM32MP215FAN3, STM32MP215FAO3, STM32MP231AAJ3, STM32MP231AAK3, STM32MP231AAL3, STM32MP231CAJ3, STM32MP231CAK3, STM32MP231CAL3, STM32MP231DAJ3, STM32MP231DAK3, STM32MP231DAL3, STM32MP231FAJ3, STM32MP231FAK3, STM32MP231FAL3, STM32MP233AAJ3, STM32MP233AAK3, STM32MP233AAL3, STM32MP233CAJ3, STM32MP233CAK3, STM32MP233CAL3, STM32MP233DAJ3, STM32MP233DAK3, STM32MP233DAL3, STM32MP233FAJ3, STM32MP233FAK3, STM32MP233FAL3, STM32MP235AAJ3, STM32MP235AAK3, STM32MP235AAL3, STM32MP235CAJ3, STM32MP235CAK3, STM32MP235CAL3, STM32MP235DAJ3, STM32MP235DAK3, STM32MP235DAL3, STM32MP235FAJ3, STM32MP235FAK3, STM32MP235FAL3, STM32MP251AAI3, STM32MP251AAK3, STM32MP251AAL3, STM32MP251CAI3, STM32MP251CAK3, STM32MP251CAL3, STM32MP251DAI3, STM32MP251DAK3, STM32MP251DAL3, STM32MP251FAI3, STM32MP251FAK3, STM32MP251FAL3, STM32MP253AAI3, STM32MP253AAK3, STM32MP253AAL3, STM32MP253CAI3, STM32MP253CAK3, STM32MP253CAL3, STM32MP253DAI3, STM32MP253DAK3, STM32MP253DAL3, STM32MP253FAI3, STM32MP253FAK3, STM32MP253FAL3, STM32MP255AAI3, STM32MP255AAK3, STM32MP255AAL3, STM32MP255CAI3, STM32MP255CAK3, STM32MP255CAL3, STM32MP255DAI3, STM32MP255DAK3, STM32MP255DAL3, STM32MP255FAI3, STM32MP255FAK3, STM32MP255FAL3, STM32MP257AAI3, STM32MP257AAK3, STM32MP257AAL3, STM32MP257CAI3, STM32MP257CAK3, STM32MP257CAL3, STM32MP257DAI3, STM32MP257DAK3, STM32MP257DAL3, STM32MP257F-DK, STM32MP257F-EV1, STM32MP257FAI3, STM32MP257FAK3, STM32MP257FAL3, STM32N645A0H3Q, STM32N645B0H3Q, STM32N645I0H3Q, STM32N645L0H3Q, STM32N645X0H3Q, STM32N645Z0H3Q, STM32N647A0H3Q, STM32N647B0H3Q, STM32N647I0H3Q, STM32N647L0H3Q, STM32N647X0H3Q, STM32N647Z0H3Q, STM32N655A0H3Q, STM32N655B0H3Q, STM32N655I0H3Q, STM32N655L0H3Q, STM32N655X0H3Q, STM32N655Z0H3Q, STM32N6570-DK, STM32N657A0H3Q, STM32N657B0H3Q, STM32N657I0H3Q, STM32N657L0H3Q, STM32N657X0H3Q, STM32N657Z0H3Q, STM32U031C6T6, STM32U031C6U6, STM32U031C8T6, STM32U031C8U6, STM32U031F4P6, STM32U031F6P6, STM32U031F8P6, STM32U031G6Y6TR, STM32U031G8Y6TR, STM32U031K4U6, STM32U031K6U6, STM32U031K8U6, STM32U031R6I6, STM32U031R6T6, STM32U031R8I6, STM32U031R8T6, STM32U073C8T6, STM32U073C8U6, STM32U073CBT6, STM32U073CBU6, STM32U073CCT6, STM32U073CCU6, STM32U073H8Y6TR, STM32U073HBY6TR, STM32U073HCY6TR, STM32U073K8U6, STM32U073KBU6, STM32U073KCU6, STM32U073M8I6, STM32U073M8T6, STM32U073MBI6, STM32U073MBT6, STM32U073MCI6, STM32U073MCT6, STM32U073R8I6, STM32U073R8T6, STM32U073RBI6, STM32U073RBT6, STM32U073RCI6, STM32U073RCT6, STM32U083C-DK, STM32U083CCT6, STM32U083CCU6, STM32U083HCY6TR, STM32U083KCU6, STM32U083MCI6, STM32U083MCT6, STM32U083RCI6, STM32U083RCT6, STM32U375CET6, STM32U375CET6Q, STM32U375CEU6, STM32U375CEU6Q, STM32U375CEY6QTR, STM32U375CGT6, STM32U375CGT6Q, STM32U375CGU6, STM32U375CGU6Q, STM32U375CGY6QTR, STM32U375KEU6, STM32U375KGU6, STM32U375REI6, STM32U375REI6Q, STM32U375RET6, STM32U375RET6Q, STM32U375REY6GTR, STM32U375REY6QTR, STM32U375RGI6, STM32U375RGI6Q, STM32U375RGT6, STM32U375RGT6Q, STM32U375RGY6GTR, STM32U375RGY6QTR, STM32U375VEI6, STM32U375VEI6Q, STM32U375VET6, STM32U375VET6Q, STM32U375VGI6, STM32U375VGI6Q, STM32U375VGT6, STM32U375VGT6Q, STM32U385CGT6, STM32U385CGT6Q, STM32U385CGU6, STM32U385CGU6Q, STM32U385CGY6QTR, STM32U385KGU6, STM32U385RGI6, STM32U385RGI6Q, STM32U385RGT6, STM32U385RGT6Q, STM32U385RGY6GTR, STM32U385RGY6QTR, STM32U385VGI6, STM32U385VGI6Q, STM32U385VGT6, STM32U385VGT6Q, STM32U535CBT6, STM32U535CBT6Q, STM32U535CBU6, STM32U535CBU6Q, STM32U535CCT6, STM32U535CCT6Q, STM32U535CCU6, STM32U535CCU6Q, STM32U535CET6, STM32U535CET6Q, STM32U535CEU6, STM32U535CEU6Q, STM32U535JEY6QTR, STM32U535NCY6QTR, STM32U535NEY6QTR, STM32U535RBI6, STM32U535RBI6Q, STM32U535RBT6, STM32U535RBT6Q, STM32U535RCI6, STM32U535RCI6Q, STM32U535RCT6, STM32U535RCT6Q, STM32U535REI6, STM32U535REI6Q, STM32U535RET6, STM32U535RET6Q, STM32U535VCI6, STM32U535VCI6Q, STM32U535VCT6, STM32U535VCT6Q, STM32U535VEI6, STM32U535VEI6Q, STM32U535VET6, STM32U535VET6Q, STM32U545CET6, STM32U545CET6Q, STM32U545CEU6, STM32U545CEU6Q, STM32U545JEY6QTR, STM32U545NEY6QTR, STM32U545REI6, STM32U545REI6Q, STM32U545RET6, STM32U545RET6Q, STM32U545VEI6, STM32U545VEI6Q, STM32U545VET6, STM32U545VET6Q, STM32U595AIH6, STM32U595AIH6Q, STM32U595AJH6, STM32U595AJH6Q, STM32U595QII6, STM32U595QII6Q, STM32U595QJI6, STM32U595QJI6Q, STM32U595RIT6, STM32U595RIT6Q, STM32U595RJT6, STM32U595RJT6Q, STM32U595VIT6, STM32U595VIT6Q, STM32U595VJT6, STM32U595VJT6Q, STM32U595ZIT6, STM32U595ZIT6Q, STM32U595ZIY6QTR, STM32U595ZJT6, STM32U595ZJT6Q, STM32U595ZJY6QTR, STM32U599BJY6QTR, STM32U599NIH6Q, STM32U599NJH6Q, STM32U599VIT6Q, STM32U599VJT6, STM32U599VJT6Q, STM32U599ZIT6Q, STM32U599ZIY6QTR, STM32U599ZJT6Q, STM32U599ZJY6QTR, STM32U5A5AJH6, STM32U5A5AJH6Q, STM32U5A5QII3Q , STM32U5A5QJI6, STM32U5A5QJI6Q, STM32U5A5RJT6, STM32U5A5RJT6Q, STM32U5A5VJT6, STM32U5A5VJT6Q, STM32U5A5ZJT6, STM32U5A5ZJT6Q, STM32U5A5ZJY6QTR, STM32U5A9BJY6QTR, STM32U5A9J-DK, STM32U5A9NJH6Q, STM32U5A9VJT6Q, STM32U5A9ZJT6Q, STM32U5A9ZJY6QTR, STM32U5F7VIT6, STM32U5F7VIT6Q, STM32U5F7VJT6, STM32U5F7VJT6Q, STM32U5F9BJY6QTR, STM32U5F9NJH6Q, STM32U5F9VIT6Q, STM32U5F9VJT6Q, STM32U5F9ZIJ6QTR, STM32U5F9ZIT6Q, STM32U5F9ZJJ6QTR, STM32U5F9ZJT6Q, STM32U5G7VJT6, STM32U5G7VJT6Q, STM32U5G9BJY6QTR, STM32U5G9J-DK1, STM32U5G9J-DK2, STM32U5G9NJH6Q, STM32U5G9VJT6Q, STM32U5G9ZJJ6QTR, STM32U5G9ZJT6Q, STM32WB05KZV6TR, STM32WB05KZV7TR, STM32WB05TZF6TR, STM32WB05TZF7TR, STM32WB06CCF6TR, STM32WB06CCF7TR, STM32WB06CCV6TR, STM32WB06CCV7TR, STM32WB06KCV6TR, STM32WB06KCV7TR, STM32WB07CCF6TR, STM32WB07CCF7TR, STM32WB07CCV6TR, STM32WB07CCV7TR, STM32WB07KCV6TR, STM32WB07KCV7TR, STM32WB09KEV6TR, STM32WB09KEV7TR, STM32WB09TEF6TR, STM32WB09TEF7TR, STM32WB1MMCH6, STM32WBA50KGU6, STM32WBA50KGU6TR, STM32WBA52CEU6, STM32WBA52CEU6TR, STM32WBA52CEU7, STM32WBA52CEU7TR, STM32WBA52CGU6, STM32WBA52CGU6TR, STM32WBA52CGU6U, STM32WBA52CGU7, STM32WBA52CGU7TR, STM32WBA52KEU6, STM32WBA52KEU6TR, STM32WBA52KGU6, STM32WBA52KGU6TR, STM32WBA54CEU6, STM32WBA54CEU6TR, STM32WBA54CEU7, STM32WBA54CEU7TR, STM32WBA54CGU6, STM32WBA54CGU6TR, STM32WBA54CGU7, STM32WBA54CGU7TR, STM32WBA54KEU6, STM32WBA54KEU6TR, STM32WBA54KEU7, STM32WBA54KEU7TR, STM32WBA54KGU6, STM32WBA54KGU6TR, STM32WBA54KGU7, STM32WBA54KGU7TR, STM32WBA55CEU6, STM32WBA55CEU6TR, STM32WBA55CEU7, STM32WBA55CEU7TR, STM32WBA55CGU6, STM32WBA55CGU6TR, STM32WBA55CGU6U, STM32WBA55CGU7, STM32WBA55CGU7TR, STM32WBA55G-DK1, STM32WBA55HEF6, STM32WBA55HEF7, STM32WBA55HGF6, STM32WBA55HGF7, STM32WBA55UEI6, STM32WBA55UEI6TR, STM32WBA55UEI7, STM32WBA55UEI7TR, STM32WBA55UGI6, STM32WBA55UGI6TR, STM32WBA55UGI7, STM32WBA55UGI7TR, STM32WBA5MMGH6TR, STM32WBA62MGF6, STM32WBA62MIF6, STM32WBA65MGF7, STM32WBA65MIF6, STM32WBA65MIF7, STM32WL30K8V6, STM32WL30KBV6, STM32WL31C8V6, STM32WL31CBV6, STM32WL31K8V6, STM32WL31KBV6, STM32WL33C8V6, STM32WL33C8V6X, STM32WL33CBV6, STM32WL33CBV6X, STM32WL33CCV6, STM32WL33CCV6A, STM32WL33CCV6X, STM32WL33K8V7, STM32WL33K8V7X, STM32WL33KBV7 , STM32WL33KBV7X, STM32WL33KCV7, STM32WL33KCV7X, STM32WL5MOCH6, STM32WL5MOCH6TR]
2025-12-23 15:23:43,909 [INFO] ApiDb:668 - CubeFinder database Data Model version=2.1
2025-12-23 15:23:43,909 [INFO] ApiDb:669 - CubeFinder database Configuration version=3.0.39
2025-12-23 15:23:43,909 [INFO] ApiDb:670 - CubeFinder database generation date=2025-11-05 (1762334721)
2025-12-23 15:23:43,909 [INFO] ApiDb:671 - CubeFinder database FW Pack versions=[FP-ATR-ASTRA1_V2.0.0, FP-SNS-FLIGHT1_V5.1.0, FP-SNS-MOTENV1_V5.1.0, FP-SNS-MOTENVWB1_V1.4.0, FP-SNS-SMARTAG2_V1.2.0, FP-SNS-STBOX1_V2.1.0, STM32Cube_FW_C0_V1.4.0, STM32Cube_FW_F4_V1.28.3, STM32Cube_FW_F7_V1.17.4, STM32Cube_FW_G0_V1.6.2, STM32Cube_FW_G4_V1.6.1, STM32Cube_FW_H5_V1.5.1, STM32Cube_FW_H7RS_V1.3.0, STM32Cube_FW_H7_V1.12.1, STM32Cube_FW_L0_V1.12.2, STM32Cube_FW_L4_V1.18.1, STM32Cube_FW_L5_V1.6.0, STM32Cube_FW_N6_V1.3.0, STM32Cube_FW_U0_V1.3.0, STM32Cube_FW_U3_V1.2.1, STM32Cube_FW_U5_V1.8.0, STM32Cube_FW_WB0_V1.4.0, STM32Cube_FW_WBA_V1.8.0, STM32Cube_FW_WB_V1.24.0, STM32Cube_FW_WL3_V1.3.0, STM32Cube_FW_WL_V1.4.0, X-CUBE-ALGOBUILD_V1.4.0, X-CUBE-ALS_V1.0.2, X-CUBE-AZRTOS-F4_V1.1.0, X-CUBE-AZRTOS-F7_V1.1.0, X-CUBE-AZRTOS-G0_V1.1.0, X-CUBE-AZRTOS-G4_V2.0.0, X-CUBE-AZRTOS-H7RS_V1.1.0, X-CUBE-AZRTOS-H7_V3.4.0, X-CUBE-AZRTOS-L4_V2.0.0, X-CUBE-AZRTOS-L5_V2.0.0, X-CUBE-AZRTOS-WB_V2.0.0, X-CUBE-AZRTOS-WL_V2.0.0, X-CUBE-BLE1_V7.1.0, X-CUBE-BLE2_V3.3.0, X-CUBE-BLEMGR_V4.1.0, X-CUBE-EEPRMA1_V5.2.0, X-CUBE-FREERTOS_V1.3.1, X-CUBE-GNSS1_V6.0.0, X-CUBE-MEMS1_V11.3.0, X-CUBE-NFC4_V3.0.0, X-CUBE-NFC7_V2.0.0, X-CUBE-SFXS2LP1_V4.0.0, X-CUBE-ST67W61_V1.1.0, X-CUBE-SUBG2_V5.0.0, X-CUBE-TOF1_V3.4.3]
2025-12-23 15:23:45,401 [INFO] ApiDb:240 - Found 880 in-development CPN: [B-G473E-ZEST1S, B-WB1M-WPAN1, B-WBA5M-WPAN, B-WL5M-SUBG1, NUCLEO-C031C6, NUCLEO-C051C8, NUCLEO-C071RB, NUCLEO-C092RC, NUCLEO-H503RB, NUCLEO-H533RE, NUCLEO-H563ZI, NUCLEO-H7S3L8, NUCLEO-N657X0-Q, NUCLEO-U031R8, NUCLEO-U083RC, NUCLEO-U385RG-Q, NUCLEO-U545RE-Q, NUCLEO-U5A5ZJ-Q, NUCLEO-WB05KZ, NUCLEO-WB07CC, NUCLEO-WB09KE, NUCLEO-WBA52CG, NUCLEO-WBA55CG, NUCLEO-WL33CC1, NUCLEO-WL33CC2, STEVAL-PROTEUS1, STEVAL-SMARTAG2, STEVAL-STWINBX1, STM320518-EVAL, STM32C0116-DK, STM32C011D6Y3TR, STM32C011D6Y6TR, STM32C011F4P3, STM32C011F4P6, STM32C011F4U3, STM32C011F4U6TR, STM32C011F6P3, STM32C011F6P6, STM32C011F6U3, STM32C011F6U6TR, STM32C011J4M3, STM32C011J4M6, STM32C011J6M3, STM32C011J6M6, STM32C0316-DK, STM32C031C4T3, STM32C031C4T6, STM32C031C4U3, STM32C031C4U6, STM32C031C6T3, STM32C031C6T6, STM32C031C6U3, STM32C031C6U6, STM32C031F4P3, STM32C031F4P6, STM32C031F6P3, STM32C031F6P6, STM32C031G4U3, STM32C031G4U6, STM32C031G6U3, STM32C031G6U6, STM32C031K4T3, STM32C031K4T6, STM32C031K4U3, STM32C031K4U6, STM32C031K6T3, STM32C031K6T6, STM32C031K6U3, STM32C031K6U6, STM32C051C6T6, STM32C051C6U6, STM32C051C8T6, STM32C051C8U6, STM32C051D8Y6TR, STM32C051F6P6, STM32C051F8P6, STM32C051G6U6, STM32C051G8U6, STM32C051K6T6, STM32C051K6U6, STM32C051K8T6, STM32C071C8T6, STM32C071C8T6N, STM32C071C8U6, STM32C071C8U6N, STM32C071CBT6, STM32C071CBT6N, STM32C071CBU6, STM32C071CBU6N, STM32C071F8P6, STM32C071F8P6N, STM32C071FBP6, STM32C071FBP6N, STM32C071FBY6TR, STM32C071G8U6, STM32C071G8U6N, STM32C071GBU6, STM32C071GBU6N, STM32C071K8T6, STM32C071K8T6N, STM32C071K8U6, STM32C071K8U6N, STM32C071KBT6, STM32C071KBT6N, STM32C071KBU6, STM32C071KBU6N, STM32C071R8T6, STM32C071R8T6N, STM32C071RBI6N, STM32C071RBT6, STM32C071RBT6N, STM32C091CBT6, STM32C091CBU6, STM32C091CCT6, STM32C091CCU6, STM32C091ECY6TR, STM32C091FBP6, STM32C091FCP6, STM32C091GBU6, STM32C091GCU6, STM32C091KBT6, STM32C091KBU6, STM32C091KCT6, STM32C091KCU6, STM32C091RBT6, STM32C091RCI6, STM32C091RCT6, STM32C092CBT6, STM32C092CBU6, STM32C092CCT6, STM32C092CCU6, STM32C092ECY6TR, STM32C092FBP6, STM32C092FCP6, STM32C092GBU6, STM32C092GCU6, STM32C092KBT6, STM32C092KBU6, STM32C092KCT6, STM32C092KCU6, STM32C092RBT6, STM32C092RCI6, STM32C092RCT6, STM32G071K8TXN, STM32G071K8UXN, STM32G081GBU6N, STM32G081KBT6N, STM32G081KBUXN, STM32G0B1CCT6N, STM32G0B1KCT6, STM32G0B1NEY6TR, STM32G0B1RCT6N, STM32G0C1CCT6, STM32G0C1CCT6N, STM32G0C1CCU6N, STM32G0C1CET6N, STM32G0C1CEU6N, STM32G0C1KCT6, STM32G0C1NEY6TR, STM32G0C1RCI6N, STM32G0C1RCT6N, STM32G0C1REI6N, STM32G0C1RET6N, STM32G0C1VCI6, STM32G0C1VEI6, STM32G411C6T3, STM32G411C6T6, STM32G411C6U3, STM32G411C6U6, STM32G411C8T3, STM32G411C8T6, STM32G411C8U3, STM32G411C8U6, STM32G411CBT3, STM32G411CBT6, STM32G411CBU3, STM32G411CBU6, STM32G411K6T3, STM32G411K6T6, STM32G411K6U3, STM32G411K6U6, STM32G411K8T3, STM32G411K8T6, STM32G411K8U3, STM32G411K8U6, STM32G411KBT3, STM32G411KBT6, STM32G411KBU3, STM32G411KBU6, STM32G411M6T3, STM32G411M6T6, STM32G411M8T3, STM32G411M8T6, STM32G411MBT3, STM32G411MBT6, STM32G411R6T3, STM32G411R6T6, STM32G411R8T3, STM32G411R8T6, STM32G411RBT3, STM32G411RBT6, STM32G414CBT3, STM32G414CBT6, STM32G414CBU3, STM32G414CBU6, STM32G414CCT3, STM32G414CCT6, STM32G414CCU3, STM32G414CCU6, STM32G414MBT3, STM32G414MBT6, STM32G414MCT3, STM32G414MCT6, STM32G414RBT3, STM32G414RBT6, STM32G414RCT3, STM32G414RCT6, STM32G414VBT3, STM32G414VBT6, STM32G414VCT3, STM32G414VCT6, STM32G431CBT3Z, STM32G431RBT3Z, STM32G471CCT6, STM32G471CCU6, STM32G471CET3, STM32G471CET6, STM32G471CEU3, STM32G471CEU6, STM32G471MCT6, STM32G471MET3, STM32G471MET6, STM32G471MEY6TR, STM32G471QCT6, STM32G471QET3, STM32G471RCT6, STM32G471RET3, STM32G471RET6, STM32G471VCH6, STM32G471VCI6, STM32G471VCT6, STM32G471VEH3, STM32G471VEH6, STM32G471VEI3, STM32G471VEI6, STM32G471VET3, STM32G471VET6, STM32G473QET3Z, STM32G473RET3Z, STM32G474CCT6, STM32G491RET3Z, STM32H503CBT6, STM32H503CBU6, STM32H503EBY6TR, STM32H503KBU6, STM32H503RBT6, STM32H523CCT6, STM32H523CCU6, STM32H523CET6, STM32H523CEU6, STM32H523HEY6TR, STM32H523RCT6, STM32H523RET6, STM32H523VCI6, STM32H523VCT6, STM32H523VEI6, STM32H523VET6, STM32H523ZCJ6, STM32H523ZCT6, STM32H523ZEJ6, STM32H523ZET6, STM32H533CET6, STM32H533CEU6, STM32H533HEY6TR, STM32H533RET6, STM32H533VEI6, STM32H533VET6, STM32H533ZEJ6, STM32H533ZET6, STM32H562AGI6, STM32H562AII6, STM32H562IGK6, STM32H562IGT6, STM32H562IIK6, STM32H562IIT6, STM32H562RGT6, STM32H562RGV6, STM32H562RIT6, STM32H562RIV6, STM32H562VGT6, STM32H562VIT6, STM32H562ZGT6, STM32H562ZIT6, STM32H563AGI6, STM32H563AII3Q, STM32H563AII6, STM32H563IGK6, STM32H563IGT6, STM32H563IIK3Q, STM32H563IIK6, STM32H563IIT3Q, STM32H563IIT6, STM32H563MIY3QTR, STM32H563RGT6, STM32H563RGV6, STM32H563RIT6, STM32H563RIV6, STM32H563VGT6, STM32H563VIT3Q, STM32H563VIT6, STM32H563ZGT6, STM32H563ZIT3Q, STM32H563ZIT6, STM32H573AII3Q, STM32H573AII6, STM32H573I-DK, STM32H573IIK3Q, STM32H573IIK6, STM32H573IIT3Q, STM32H573IIT6, STM32H573MIY3QTR, STM32H573RIT6, STM32H573RIV6, STM32H573VIT3Q, STM32H573VIT6, STM32H573ZIT3Q, STM32H573ZIT6, STM32H7R3A8I6, STM32H7R3I8K6, STM32H7R3I8T6, STM32H7R3L8H6, STM32H7R3L8H6H, STM32H7R3R8V6, STM32H7R3V8H6, STM32H7R3V8T6, STM32H7R3V8Y6TR, STM32H7R3Z8J6, STM32H7R3Z8T6, STM32H7R7A8I6, STM32H7R7I8K6, STM32H7R7I8T6, STM32H7R7L8H6, STM32H7R7L8H6H, STM32H7R7Z8J6, STM32H7S3A8I6, STM32H7S3I8K6, STM32H7S3I8T6, STM32H7S3L8H6, STM32H7S3L8H6H, STM32H7S3R8V6, STM32H7S3V8H6, STM32H7S3V8T6, STM32H7S3V8Y6TR, STM32H7S3Z8J6, STM32H7S3Z8T6, STM32H7S78-DK, STM32H7S7A8I6, STM32H7S7I8K6, STM32H7S7I8T6, STM32H7S7L8H6, STM32H7S7L8H6H, STM32H7S7Z8J6, STM32L4R5QGI6STR, STM32MP131AAE3, STM32MP131AAF3, STM32MP131AAG3, STM32MP131CAE3, STM32MP131CAF3, STM32MP131CAG3, STM32MP131DAE7, STM32MP131DAF7, STM32MP131DAG7, STM32MP131FAE7, STM32MP131FAF7, STM32MP131FAG7, STM32MP133AAE3, STM32MP133AAF3, STM32MP133AAG3, STM32MP133CAE3, STM32MP133CAF3, STM32MP133CAG3, STM32MP133DAE7, STM32MP133DAF7, STM32MP133DAG7, STM32MP133FAE7, STM32MP133FAF7, STM32MP133FAG7, STM32MP135AAE3, STM32MP135AAF3, STM32MP135AAG3, STM32MP135CAE3, STM32MP135CAF3, STM32MP135CAG3, STM32MP135DAE7, STM32MP135DAF7, STM32MP135DAG7, STM32MP135F-DK, STM32MP135FAE7, STM32MP135FAF7, STM32MP135FAF7T, STM32MP135FAF7U, STM32MP135FAG7, STM32MP211AAL3, STM32MP211AAM3, STM32MP211AAN3, STM32MP211AAO3, STM32MP211CAL3, STM32MP211CAM3, STM32MP211CAN3, STM32MP211CAO3, STM32MP211DAL3, STM32MP211DAM3, STM32MP211DAN3, STM32MP211DAO3, STM32MP211FAL3, STM32MP211FAM3, STM32MP211FAN3, STM32MP211FAO3, STM32MP213AAL3, STM32MP213AAM3, STM32MP213AAN3, STM32MP213AAO3, STM32MP213CAL3, STM32MP213CAM3, STM32MP213CAN3, STM32MP213CAO3, STM32MP213DAL3, STM32MP213DAM3, STM32MP213DAN3, STM32MP213DAO3, STM32MP213FAL3, STM32MP213FAM3, STM32MP213FAN3, STM32MP213FAO3, STM32MP215AAL3, STM32MP215AAM3, STM32MP215AAN3, STM32MP215AAO3, STM32MP215CAL3, STM32MP215CAM3, STM32MP215CAN3, STM32MP215CAO3, STM32MP215DAL3, STM32MP215DAM3, STM32MP215DAN3, STM32MP215DAO3, STM32MP215F-DK, STM32MP215FAL3, STM32MP215FAM3, STM32MP215FAN3, STM32MP215FAO3, STM32MP231AAJ3, STM32MP231AAK3, STM32MP231AAL3, STM32MP231CAJ3, STM32MP231CAK3, STM32MP231CAL3, STM32MP231DAJ3, STM32MP231DAK3, STM32MP231DAL3, STM32MP231FAJ3, STM32MP231FAK3, STM32MP231FAL3, STM32MP233AAJ3, STM32MP233AAK3, STM32MP233AAL3, STM32MP233CAJ3, STM32MP233CAK3, STM32MP233CAL3, STM32MP233DAJ3, STM32MP233DAK3, STM32MP233DAL3, STM32MP233FAJ3, STM32MP233FAK3, STM32MP233FAL3, STM32MP235AAJ3, STM32MP235AAK3, STM32MP235AAL3, STM32MP235CAJ3, STM32MP235CAK3, STM32MP235CAL3, STM32MP235DAJ3, STM32MP235DAK3, STM32MP235DAL3, STM32MP235FAJ3, STM32MP235FAK3, STM32MP235FAL3, STM32MP251AAI3, STM32MP251AAK3, STM32MP251AAL3, STM32MP251CAI3, STM32MP251CAK3, STM32MP251CAL3, STM32MP251DAI3, STM32MP251DAK3, STM32MP251DAL3, STM32MP251FAI3, STM32MP251FAK3, STM32MP251FAL3, STM32MP253AAI3, STM32MP253AAK3, STM32MP253AAL3, STM32MP253CAI3, STM32MP253CAK3, STM32MP253CAL3, STM32MP253DAI3, STM32MP253DAK3, STM32MP253DAL3, STM32MP253FAI3, STM32MP253FAK3, STM32MP253FAL3, STM32MP255AAI3, STM32MP255AAK3, STM32MP255AAL3, STM32MP255CAI3, STM32MP255CAK3, STM32MP255CAL3, STM32MP255DAI3, STM32MP255DAK3, STM32MP255DAL3, STM32MP255FAI3, STM32MP255FAK3, STM32MP255FAL3, STM32MP257AAI3, STM32MP257AAK3, STM32MP257AAL3, STM32MP257CAI3, STM32MP257CAK3, STM32MP257CAL3, STM32MP257DAI3, STM32MP257DAK3, STM32MP257DAL3, STM32MP257F-DK, STM32MP257F-EV1, STM32MP257FAI3, STM32MP257FAK3, STM32MP257FAL3, STM32N645A0H3Q, STM32N645B0H3Q, STM32N645I0H3Q, STM32N645L0H3Q, STM32N645X0H3Q, STM32N645Z0H3Q, STM32N647A0H3Q, STM32N647B0H3Q, STM32N647I0H3Q, STM32N647L0H3Q, STM32N647X0H3Q, STM32N647Z0H3Q, STM32N655A0H3Q, STM32N655B0H3Q, STM32N655I0H3Q, STM32N655L0H3Q, STM32N655X0H3Q, STM32N655Z0H3Q, STM32N6570-DK, STM32N657A0H3Q, STM32N657B0H3Q, STM32N657I0H3Q, STM32N657L0H3Q, STM32N657X0H3Q, STM32N657Z0H3Q, STM32U031C6T6, STM32U031C6U6, STM32U031C8T6, STM32U031C8U6, STM32U031F4P6, STM32U031F6P6, STM32U031F8P6, STM32U031G6Y6TR, STM32U031G8Y6TR, STM32U031K4U6, STM32U031K6U6, STM32U031K8U6, STM32U031R6I6, STM32U031R6T6, STM32U031R8I6, STM32U031R8T6, STM32U073C8T6, STM32U073C8U6, STM32U073CBT6, STM32U073CBU6, STM32U073CCT6, STM32U073CCU6, STM32U073H8Y6TR, STM32U073HBY6TR, STM32U073HCY6TR, STM32U073K8U6, STM32U073KBU6, STM32U073KCU6, STM32U073M8I6, STM32U073M8T6, STM32U073MBI6, STM32U073MBT6, STM32U073MCI6, STM32U073MCT6, STM32U073R8I6, STM32U073R8T6, STM32U073RBI6, STM32U073RBT6, STM32U073RCI6, STM32U073RCT6, STM32U083C-DK, STM32U083CCT6, STM32U083CCU6, STM32U083HCY6TR, STM32U083KCU6, STM32U083MCI6, STM32U083MCT6, STM32U083RCI6, STM32U083RCT6, STM32U375CET6, STM32U375CET6Q, STM32U375CEU6, STM32U375CEU6Q, STM32U375CEY6QTR, STM32U375CGT6, STM32U375CGT6Q, STM32U375CGU6, STM32U375CGU6Q, STM32U375CGY6QTR, STM32U375KEU6, STM32U375KGU6, STM32U375REI6, STM32U375REI6Q, STM32U375RET6, STM32U375RET6Q, STM32U375REY6GTR, STM32U375REY6QTR, STM32U375RGI6, STM32U375RGI6Q, STM32U375RGT6, STM32U375RGT6Q, STM32U375RGY6GTR, STM32U375RGY6QTR, STM32U375VEI6, STM32U375VEI6Q, STM32U375VET6, STM32U375VET6Q, STM32U375VGI6, STM32U375VGI6Q, STM32U375VGT6, STM32U375VGT6Q, STM32U385CGT6, STM32U385CGT6Q, STM32U385CGU6, STM32U385CGU6Q, STM32U385CGY6QTR, STM32U385KGU6, STM32U385RGI6, STM32U385RGI6Q, STM32U385RGT6, STM32U385RGT6Q, STM32U385RGY6GTR, STM32U385RGY6QTR, STM32U385VGI6, STM32U385VGI6Q, STM32U385VGT6, STM32U385VGT6Q, STM32U535CBT6, STM32U535CBT6Q, STM32U535CBU6, STM32U535CBU6Q, STM32U535CCT6, STM32U535CCT6Q, STM32U535CCU6, STM32U535CCU6Q, STM32U535CET6, STM32U535CET6Q, STM32U535CEU6, STM32U535CEU6Q, STM32U535JEY6QTR, STM32U535NCY6QTR, STM32U535NEY6QTR, STM32U535RBI6, STM32U535RBI6Q, STM32U535RBT6, STM32U535RBT6Q, STM32U535RCI6, STM32U535RCI6Q, STM32U535RCT6, STM32U535RCT6Q, STM32U535REI6, STM32U535REI6Q, STM32U535RET6, STM32U535RET6Q, STM32U535VCI6, STM32U535VCI6Q, STM32U535VCT6, STM32U535VCT6Q, STM32U535VEI6, STM32U535VEI6Q, STM32U535VET6, STM32U535VET6Q, STM32U545CET6, STM32U545CET6Q, STM32U545CEU6, STM32U545CEU6Q, STM32U545JEY6QTR, STM32U545NEY6QTR, STM32U545REI6, STM32U545REI6Q, STM32U545RET6, STM32U545RET6Q, STM32U545VEI6, STM32U545VEI6Q, STM32U545VET6, STM32U545VET6Q, STM32U595AIH6, STM32U595AIH6Q, STM32U595AJH6, STM32U595AJH6Q, STM32U595QII6, STM32U595QII6Q, STM32U595QJI6, STM32U595QJI6Q, STM32U595RIT6, STM32U595RIT6Q, STM32U595RJT6, STM32U595RJT6Q, STM32U595VIT6, STM32U595VIT6Q, STM32U595VJT6, STM32U595VJT6Q, STM32U595ZIT6, STM32U595ZIT6Q, STM32U595ZIY6QTR, STM32U595ZJT6, STM32U595ZJT6Q, STM32U595ZJY6QTR, STM32U599BJY6QTR, STM32U599NIH6Q, STM32U599NJH6Q, STM32U599VIT6Q, STM32U599VJT6, STM32U599VJT6Q, STM32U599ZIT6Q, STM32U599ZIY6QTR, STM32U599ZJT6Q, STM32U599ZJY6QTR, STM32U5A5AJH6, STM32U5A5AJH6Q, STM32U5A5QII3Q , STM32U5A5QJI6, STM32U5A5QJI6Q, STM32U5A5RJT6, STM32U5A5RJT6Q, STM32U5A5VJT6, STM32U5A5VJT6Q, STM32U5A5ZJT6, STM32U5A5ZJT6Q, STM32U5A5ZJY6QTR, STM32U5A9BJY6QTR, STM32U5A9J-DK, STM32U5A9NJH6Q, STM32U5A9VJT6Q, STM32U5A9ZJT6Q, STM32U5A9ZJY6QTR, STM32U5F7VIT6, STM32U5F7VIT6Q, STM32U5F7VJT6, STM32U5F7VJT6Q, STM32U5F9BJY6QTR, STM32U5F9NJH6Q, STM32U5F9VIT6Q, STM32U5F9VJT6Q, STM32U5F9ZIJ6QTR, STM32U5F9ZIT6Q, STM32U5F9ZJJ6QTR, STM32U5F9ZJT6Q, STM32U5G7VJT6, STM32U5G7VJT6Q, STM32U5G9BJY6QTR, STM32U5G9J-DK1, STM32U5G9J-DK2, STM32U5G9NJH6Q, STM32U5G9VJT6Q, STM32U5G9ZJJ6QTR, STM32U5G9ZJT6Q, STM32WB05KZV6TR, STM32WB05KZV7TR, STM32WB05TZF6TR, STM32WB05TZF7TR, STM32WB06CCF6TR, STM32WB06CCF7TR, STM32WB06CCV6TR, STM32WB06CCV7TR, STM32WB06KCV6TR, STM32WB06KCV7TR, STM32WB07CCF6TR, STM32WB07CCF7TR, STM32WB07CCV6TR, STM32WB07CCV7TR, STM32WB07KCV6TR, STM32WB07KCV7TR, STM32WB09KEV6TR, STM32WB09KEV7TR, STM32WB09TEF6TR, STM32WB09TEF7TR, STM32WB1MMCH6, STM32WBA50KGU6, STM32WBA50KGU6TR, STM32WBA52CEU6, STM32WBA52CEU6TR, STM32WBA52CEU7, STM32WBA52CEU7TR, STM32WBA52CGU6, STM32WBA52CGU6TR, STM32WBA52CGU6U, STM32WBA52CGU7, STM32WBA52CGU7TR, STM32WBA52KEU6, STM32WBA52KEU6TR, STM32WBA52KGU6, STM32WBA52KGU6TR, STM32WBA54CEU6, STM32WBA54CEU6TR, STM32WBA54CEU7, STM32WBA54CEU7TR, STM32WBA54CGU6, STM32WBA54CGU6TR, STM32WBA54CGU7, STM32WBA54CGU7TR, STM32WBA54KEU6, STM32WBA54KEU6TR, STM32WBA54KEU7, STM32WBA54KEU7TR, STM32WBA54KGU6, STM32WBA54KGU6TR, STM32WBA54KGU7, STM32WBA54KGU7TR, STM32WBA55CEU6, STM32WBA55CEU6TR, STM32WBA55CEU7, STM32WBA55CEU7TR, STM32WBA55CGU6, STM32WBA55CGU6TR, STM32WBA55CGU6U, STM32WBA55CGU7, STM32WBA55CGU7TR, STM32WBA55G-DK1, STM32WBA55HEF6, STM32WBA55HEF7, STM32WBA55HGF6, STM32WBA55HGF7, STM32WBA55UEI6, STM32WBA55UEI6TR, STM32WBA55UEI7, STM32WBA55UEI7TR, STM32WBA55UGI6, STM32WBA55UGI6TR, STM32WBA55UGI7, STM32WBA55UGI7TR, STM32WBA5MMGH6TR, STM32WBA62MGF6, STM32WBA62MIF6, STM32WBA65MGF7, STM32WBA65MIF6, STM32WBA65MIF7, STM32WL30K8V6, STM32WL30KBV6, STM32WL31C8V6, STM32WL31CBV6, STM32WL31K8V6, STM32WL31KBV6, STM32WL33C8V6, STM32WL33C8V6X, STM32WL33CBV6, STM32WL33CBV6X, STM32WL33CCV6, STM32WL33CCV6A, STM32WL33CCV6X, STM32WL33K8V7, STM32WL33K8V7X, STM32WL33KBV7 , STM32WL33KBV7X, STM32WL33KCV7, STM32WL33KCV7X, STM32WL5MOCH6, STM32WL5MOCH6TR]
2025-12-23 15:23:45,406 [INFO] DbMcus:218 - Found 4876 MCUs, 4876 are supported
2025-12-23 15:23:45,406 [INFO] ApiDb:423 - Load user favorites file /Users/karthikkurapati/.stm32cubeide/favorites.mcus.txt: 1 item(s)
2025-12-23 15:23:45,406 [INFO] ApiDb:427 - User favorites MCUs=[STM32F072CBT7]
2025-12-23 15:23:45,406 [INFO] DbMcus:224 - Set 1 / 1 favorites MCUs
2025-12-23 15:23:45,937 [INFO] BoardInfo:889 - No configuration file found for board P-NUCLEO-WB55
2025-12-23 15:23:45,937 [INFO] DbBoards:161 - Kit is not supported: P-NUCLEO-WB55
2025-12-23 15:23:45,942 [INFO] BoardInfo:889 - No configuration file found for board STEVAL-BFA001V1B
2025-12-23 15:23:45,943 [INFO] DbBoards:161 - Kit is not supported: STEVAL-BFA001V1B
2025-12-23 15:23:45,944 [INFO] BoardInfo:889 - No configuration file found for board STEVAL-BFA001V2B
2025-12-23 15:23:45,944 [INFO] DbBoards:161 - Kit is not supported: STEVAL-BFA001V2B
2025-12-23 15:23:46,097 [INFO] DbBoards:168 - Found 212 boards, 209 are supported
2025-12-23 15:23:46,097 [INFO] DbBoards:169 - Found 212 boards, 43 of them is supported for  Bsp
2025-12-23 15:23:46,100 [INFO] ApiDb:414 - User favorites file not found: /Users/karthikkurapati/.stm32cubeide/favorites.boards.txt
2025-12-23 15:23:46,100 [INFO] DbBoards:198 - Set 0 / 0 favorites Boards
2025-12-23 15:23:46,144 [INFO] UtilMem:75 - End LoadConfig() Used Memory: 217931240 Bytes (337641472)
2025-12-23 15:23:46,246 [WARN] ThirdParty:833 - waiting for thirdparty lock release [change project]
2025-12-23 15:23:46,247 [INFO] ThirdParty:835 - entering critical section [change project]
2025-12-23 15:23:46,247 [INFO] ThirdParty:1030 - CMSIS Pack Vendor :STMicroelectronics X-CUBE-PM33A1 1.0.0
2025-12-23 15:23:46,247 [INFO] ThirdParty:1030 - CMSIS Pack Vendor :STMicroelectronics USBPD 4.1
2025-12-23 15:23:46,247 [INFO] ThirdParty:1030 - CMSIS Pack Vendor :STMicroelectronics X-CUBE-NFC9 1.0.0
2025-12-23 15:23:46,247 [INFO] ThirdParty:1030 - CMSIS Pack Vendor :STMicroelectronics USB_HOST 2.0.0
2025-12-23 15:23:46,247 [INFO] ThirdParty:1030 - CMSIS Pack Vendor :STMicroelectronics FP-SNS-MOTENVWB1 1.4.0
2025-12-23 15:23:46,247 [INFO] ThirdParty:1030 - CMSIS Pack Vendor :STMicroelectronics X-CUBE-AZRTOS-F4 1.1.0
2025-12-23 15:23:46,247 [INFO] ThirdParty:1030 - CMSIS Pack Vendor :STMicroelectronics LIBJPEG 8.0.0
2025-12-23 15:23:46,247 [INFO] ThirdParty:1030 - CMSIS Pack Vendor :STMicroelectronics FP-ATR-ASTRA1 2.0.2
2025-12-23 15:23:46,247 [INFO] ThirdParty:1030 - CMSIS Pack Vendor :STMicroelectronics X-CUBE-BLE1 7.1.0
2025-12-23 15:23:46,247 [INFO] ThirdParty:1030 - CMSIS Pack Vendor :STMicroelectronics X-CUBE-SMBUS 2.1.0
2025-12-23 15:23:46,247 [INFO] ThirdParty:1030 - CMSIS Pack Vendor :wolfSSL I-CUBE-wolfMQTT 1.19.2
2025-12-23 15:23:46,247 [INFO] ThirdParty:1030 - CMSIS Pack Vendor :STMicroelectronics USB_DEVICE 3.0.0
2025-12-23 15:23:46,247 [INFO] ThirdParty:1030 - CMSIS Pack Vendor :STMicroelectronics X-CUBE-ISPU 2.1.0
2025-12-23 15:23:46,247 [INFO] ThirdParty:1030 - CMSIS Pack Vendor :STMicroelectronics X-CUBE-FREERTOS 1.4.0
2025-12-23 15:23:46,247 [INFO] ThirdParty:1030 - CMSIS Pack Vendor :STMicroelectronics X-CUBE-EEPRMA1 5.2.0
2025-12-23 15:23:46,248 [INFO] ThirdParty:1030 - CMSIS Pack Vendor :STMicroelectronics X-CUBE-IPS 3.2.0
2025-12-23 15:23:46,248 [INFO] ThirdParty:1030 - CMSIS Pack Vendor :STMicroelectronics X-CUBE-BLEMGR 4.1.0
2025-12-23 15:23:46,248 [INFO] ThirdParty:1030 - CMSIS Pack Vendor :STMicroelectronics X-CUBE-AZRTOS-WB 2.0.0
2025-12-23 15:23:46,248 [INFO] ThirdParty:1030 - CMSIS Pack Vendor :wolfSSL I-CUBE-wolfSSL 5.8.4
2025-12-23 15:23:46,248 [INFO] ThirdParty:1030 - CMSIS Pack Vendor :Cesanta I-CUBE-Mongoose 7.20.0
2025-12-23 15:23:46,248 [INFO] ThirdParty:1030 - CMSIS Pack Vendor :STMicroelectronics X-CUBE-NFC12 1.0.0
2025-12-23 15:23:46,248 [INFO] ThirdParty:1030 - CMSIS Pack Vendor :STMicroelectronics X-CUBE-AZRTOS-F7 1.1.0
2025-12-23 15:23:46,248 [INFO] ThirdParty:1030 - CMSIS Pack Vendor :STMicroelectronics X-CUBE-AZRTOS-L5 2.0.0
2025-12-23 15:23:46,248 [INFO] ThirdParty:1030 - CMSIS Pack Vendor :STMicroelectronics USB_DEVICE 2.0.0
2025-12-23 15:23:46,248 [INFO] ThirdParty:1030 - CMSIS Pack Vendor :STMicroelectronics X-CUBE-NFC6 3.1.0
2025-12-23 15:23:46,248 [INFO] ThirdParty:1030 - CMSIS Pack Vendor :STMicroelectronics X-CUBE-ST67W61 1.1.0
2025-12-23 15:23:46,248 [INFO] ThirdParty:1030 - CMSIS Pack Vendor :quantropi X-CUBE-qispace-sdk-base 2.1.0
2025-12-23 15:23:46,248 [INFO] ThirdParty:1030 - CMSIS Pack Vendor :STMicroelectronics X-CUBE-MEMS1 12.0.0
2025-12-23 15:23:46,248 [INFO] ThirdParty:1030 - CMSIS Pack Vendor :STMicroelectronics FP-SNS-MOTENV1 5.1.0
2025-12-23 15:23:46,248 [INFO] ThirdParty:1030 - CMSIS Pack Vendor :STMicroelectronics FreeRTOS 0.0.1
2025-12-23 15:23:46,248 [INFO] ThirdParty:1030 - CMSIS Pack Vendor :STMicroelectronics X-CUBE-AZRTOS-G0 1.1.0
2025-12-23 15:23:46,248 [INFO] ThirdParty:1030 - CMSIS Pack Vendor :STMicroelectronics X-CUBE-NFC4 3.0.0
2025-12-23 15:23:46,248 [INFO] ThirdParty:1030 - CMSIS Pack Vendor :STMicroelectronics X-CUBE-SUBG2 5.0.0
2025-12-23 15:23:46,248 [INFO] ThirdParty:1030 - CMSIS Pack Vendor :STMicroelectronics STM32_WPAN 1.0.0
2025-12-23 15:23:46,248 [INFO] ThirdParty:1030 - CMSIS Pack Vendor :EmbeddedOffice I-CUBE-FS-RTOS 1.0.1
2025-12-23 15:23:46,248 [INFO] ThirdParty:1030 - CMSIS Pack Vendor :STMicroelectronics lwIP 2.0.3
2025-12-23 15:23:46,248 [INFO] ThirdParty:1030 - CMSIS Pack Vendor :WES I-CUBE-Cesium 1.4.0
2025-12-23 15:23:46,248 [INFO] ThirdParty:1030 - CMSIS Pack Vendor :STMicroelectronics USB_HOST 1.0.0
2025-12-23 15:23:46,249 [INFO] ThirdParty:1030 - CMSIS Pack Vendor :STMicroelectronics X-CUBE-AZRTOS-G4 2.0.0
2025-12-23 15:23:46,249 [INFO] ThirdParty:1030 - CMSIS Pack Vendor :STMicroelectronics X-CUBE-WB05N 2.0.0
2025-12-23 15:23:46,249 [INFO] ThirdParty:1030 - CMSIS Pack Vendor :STMicroelectronics PDM2PCM 3.1.0
2025-12-23 15:23:46,249 [INFO] ThirdParty:1030 - CMSIS Pack Vendor :STMicroelectronics PDM2PCM 3.3.0
2025-12-23 15:23:46,249 [INFO] ThirdParty:1030 - CMSIS Pack Vendor :wolfSSL I-CUBE-wolfTPM 3.8.0
2025-12-23 15:23:46,249 [INFO] ThirdParty:1030 - CMSIS Pack Vendor :STMicroelectronics X-CUBE-AZRTOS-H7 3.4.0
2025-12-23 15:23:46,249 [INFO] ThirdParty:1030 - CMSIS Pack Vendor :STMicroelectronics X-CUBE-DISPLAY 3.0.0
2025-12-23 15:23:46,249 [INFO] ThirdParty:1030 - CMSIS Pack Vendor :wolfSSL I-CUBE-wolfSSH 1.4.20
2025-12-23 15:23:46,249 [INFO] ThirdParty:1030 - CMSIS Pack Vendor :STMicroelectronics X-CUBE-NFC7 2.0.0
2025-12-23 15:23:46,249 [INFO] ThirdParty:1030 - CMSIS Pack Vendor :STMicroelectronics X-CUBE-TCPP 4.2.0
2025-12-23 15:23:46,249 [INFO] ThirdParty:1030 - CMSIS Pack Vendor :RealThread X-CUBE-RT-Thread_Nano 4.1.1
2025-12-23 15:23:46,249 [INFO] ThirdParty:1030 - CMSIS Pack Vendor :STMicroelectronics FP-ATR-SIGFOX1 3.2.0
2025-12-23 15:23:46,249 [INFO] ThirdParty:1030 - CMSIS Pack Vendor :STMicroelectronics X-CUBE-NFC10 1.0.0
2025-12-23 15:23:46,249 [INFO] ThirdParty:1030 - CMSIS Pack Vendor :STMicroelectronics HAL Drivers 0.0.0
2025-12-23 15:23:46,249 [INFO] ThirdParty:1030 - CMSIS Pack Vendor :STMicroelectronics MBEDTLS 2.16.2
2025-12-23 15:23:46,249 [INFO] ThirdParty:1030 - CMSIS Pack Vendor :STMicroelectronics X-CUBE-ST60 1.1.0
2025-12-23 15:23:46,249 [INFO] ThirdParty:1030 - CMSIS Pack Vendor :STMicroelectronics X-CUBE-ALS 1.0.2
2025-12-23 15:23:46,249 [INFO] ThirdParty:1030 - CMSIS Pack Vendor :emotas I-CUBE-CANOPEN 1.3.0
2025-12-23 15:23:46,249 [INFO] ThirdParty:1030 - CMSIS Pack Vendor :STMicroelectronics MBEDTLS 2.14.1
2025-12-23 15:23:46,249 [INFO] ThirdParty:1030 - CMSIS Pack Vendor :STMicroelectronics X-CUBE-GNSS1 7.1.0
2025-12-23 15:23:46,249 [INFO] ThirdParty:1030 - CMSIS Pack Vendor :ITTIA_DB I-CUBE-ITTIADB 8.9.0
2025-12-23 15:23:46,249 [INFO] ThirdParty:1030 - CMSIS Pack Vendor :STMicroelectronics X-CUBE-TOUCHGFX 4.26.0
2025-12-23 15:23:46,249 [INFO] ThirdParty:1030 - CMSIS Pack Vendor :STMicroelectronics X-CUBE-STSE01 1.0.0
2025-12-23 15:23:46,249 [INFO] ThirdParty:1030 - CMSIS Pack Vendor :STMicroelectronics FP-SNS-STBOX1 2.1.0
2025-12-23 15:23:46,249 [INFO] ThirdParty:1030 - CMSIS Pack Vendor :STMicroelectronics X-CUBE-AI 10.2.0
2025-12-23 15:23:46,249 [INFO] ThirdParty:1030 - CMSIS Pack Vendor :STMicroelectronics FP-SNS-STAIOTCFT 1.0.0
2025-12-23 15:23:46,249 [INFO] ThirdParty:1030 - CMSIS Pack Vendor :STMicroelectronics ThreadX 1.0.0
2025-12-23 15:23:46,249 [INFO] ThirdParty:1030 - CMSIS Pack Vendor :STMicroelectronics FP-SNS-SMARTAG2 1.2.0
2025-12-23 15:23:46,250 [INFO] ThirdParty:1030 - CMSIS Pack Vendor :STMicroelectronics FP-SNS-FLIGHT1 5.1.0
2025-12-23 15:23:46,250 [INFO] ThirdParty:1030 - CMSIS Pack Vendor :STMicroelectronics X-CUBE-AZRTOS-WL 2.0.0
2025-12-23 15:23:46,250 [INFO] ThirdParty:1030 - CMSIS Pack Vendor :SEGGER I-CUBE-embOS 1.3.1
2025-12-23 15:23:46,250 [INFO] ThirdParty:1030 - CMSIS Pack Vendor :STMicroelectronics X-CUBE-ALGOBUILD 1.4.0
2025-12-23 15:23:46,250 [INFO] ThirdParty:1030 - CMSIS Pack Vendor :STMicroelectronics X-CUBE-DPower 1.3.0
2025-12-23 15:23:46,250 [INFO] ThirdParty:1030 - CMSIS Pack Vendor :STMicroelectronics USB_DEVICE 1.0.0
2025-12-23 15:23:46,250 [INFO] ThirdParty:1030 - CMSIS Pack Vendor :STMicroelectronics X-CUBE-AZRTOS-H7RS 1.2.0
2025-12-23 15:23:46,250 [INFO] ThirdParty:1030 - CMSIS Pack Vendor :STMicroelectronics X-CUBE-AZRTOS-L4 2.0.0
2025-12-23 15:23:46,250 [INFO] ThirdParty:1030 - CMSIS Pack Vendor :STMicroelectronics ThreadX 0.0.2
2025-12-23 15:23:46,250 [INFO] ThirdParty:1030 - CMSIS Pack Vendor :STMicroelectronics lwIP 2.1.2
2025-12-23 15:23:46,250 [INFO] ThirdParty:1030 - CMSIS Pack Vendor :STMicroelectronics X-CUBE-SFXS2LP1 4.0.0
2025-12-23 15:23:46,250 [INFO] ThirdParty:1030 - CMSIS Pack Vendor :STMicroelectronics X-CUBE-BLE2 3.3.0
2025-12-23 15:23:46,250 [INFO] ThirdParty:1030 - CMSIS Pack Vendor :Avnet-IOTCONNECT X-CUBE-iotc-st67-sdk 1.0.0
2025-12-23 15:23:46,250 [INFO] ThirdParty:1030 - CMSIS Pack Vendor :STMicroelectronics X-CUBE-TOF1 3.4.3
2025-12-23 15:23:46,250 [INFO] ThirdParty:1030 - CMSIS Pack Vendor :Infineon AIROC-Wi-Fi-Bluetooth-STM32 1.8.0
2025-12-23 15:23:46,250 [INFO] ThirdParty:1030 - CMSIS Pack Vendor :STMicroelectronics PDM2PCM 3.2.0
2025-12-23 15:23:46,250 [INFO] ThirdParty:841 - exiting critical section [change project]
2025-12-23 15:23:46,564 [INFO] PinOutPanel:1589 - setPackage(No Configuration,No Configuration)
2025-12-23 15:23:46,566 [INFO] PinOutPanel:1589 - setPackage(STM32L431CBTx,LQFP48)
2025-12-23 15:23:47,202 [INFO] UtilMem:75 - Before build in PCC Used Memory: 314132016 Bytes (344981504)
2025-12-23 15:23:47,762 [INFO] UtilMem:75 - After build in PCC Used Memory: 252442776 Bytes (344981504)
2025-12-23 15:23:47,783 [INFO] IPUIPlugin:80 - create IPUIPlugin
2025-12-23 15:23:47,783 [INFO] IPUIPlugin:80 - create IPUIPlugin
2025-12-23 15:23:47,783 [INFO] IPUIPlugin:80 - create IPUIPlugin
2025-12-23 15:23:47,784 [INFO] IPUIPlugin:80 - create IPUIPlugin
2025-12-23 15:23:47,784 [INFO] IPUIPlugin:80 - create IPUIPlugin
2025-12-23 15:23:47,784 [INFO] IPUIPlugin:80 - create IPUIPlugin
2025-12-23 15:23:47,784 [INFO] IPUIPlugin:80 - create IPUIPlugin
2025-12-23 15:23:47,784 [INFO] IPUIPlugin:80 - create IPUIPlugin
2025-12-23 15:23:47,784 [INFO] IPUIPlugin:80 - create IPUIPlugin
2025-12-23 15:23:47,785 [INFO] IPUIPlugin:80 - create IPUIPlugin
2025-12-23 15:23:47,785 [INFO] IPUIPlugin:80 - create IPUIPlugin
2025-12-23 15:23:47,785 [INFO] IPUIPlugin:80 - create IPUIPlugin
2025-12-23 15:23:47,785 [INFO] IPUIPlugin:80 - create IPUIPlugin
2025-12-23 15:23:47,785 [INFO] IPUIPlugin:80 - create IPUIPlugin
2025-12-23 15:23:47,785 [INFO] IPUIPlugin:80 - create IPUIPlugin
2025-12-23 15:23:47,786 [INFO] IPUIPlugin:80 - create IPUIPlugin
2025-12-23 15:23:47,786 [INFO] IPUIPlugin:80 - create IPUIPlugin
2025-12-23 15:23:47,786 [INFO] IPUIPlugin:80 - create IPUIPlugin
2025-12-23 15:23:47,786 [INFO] IPUIPlugin:80 - create IPUIPlugin
2025-12-23 15:23:47,786 [INFO] IPUIPlugin:80 - create IPUIPlugin
2025-12-23 15:23:47,786 [INFO] IPUIPlugin:80 - create IPUIPlugin
2025-12-23 15:23:47,786 [INFO] IPUIPlugin:80 - create IPUIPlugin
2025-12-23 15:23:47,786 [INFO] IPUIPlugin:80 - create IPUIPlugin
2025-12-23 15:23:47,786 [INFO] IPUIPlugin:80 - create IPUIPlugin
2025-12-23 15:23:47,787 [INFO] IPUIPlugin:80 - create IPUIPlugin
2025-12-23 15:23:47,787 [INFO] IPUIPlugin:80 - create IPUIPlugin
2025-12-23 15:23:47,787 [INFO] IPUIPlugin:80 - create IPUIPlugin
2025-12-23 15:23:47,790 [INFO] IPUIPlugin:80 - create IPUIPlugin
2025-12-23 15:23:47,790 [INFO] IPUIPlugin:80 - create IPUIPlugin
2025-12-23 15:23:47,790 [INFO] IPUIPlugin:80 - create IPUIPlugin
2025-12-23 15:23:47,790 [INFO] IPUIPlugin:80 - create IPUIPlugin
2025-12-23 15:23:47,791 [INFO] IPUIPlugin:80 - create IPUIPlugin
2025-12-23 15:23:47,791 [INFO] IPUIPlugin:80 - create IPUIPlugin
2025-12-23 15:23:47,791 [INFO] IPUIPlugin:80 - create IPUIPlugin
2025-12-23 15:23:47,791 [INFO] IPUIPlugin:80 - create IPUIPlugin
2025-12-23 15:23:47,791 [INFO] IPUIPlugin:80 - create IPUIPlugin
2025-12-23 15:23:47,791 [INFO] IPUIPlugin:80 - create IPUIPlugin
2025-12-23 15:23:47,791 [INFO] IPUIPlugin:80 - create IPUIPlugin
2025-12-23 15:23:47,791 [INFO] IPUIPlugin:80 - create IPUIPlugin
2025-12-23 15:23:47,791 [INFO] IPUIPlugin:80 - create IPUIPlugin
2025-12-23 15:23:47,792 [INFO] IPUIPlugin:80 - create IPUIPlugin
2025-12-23 15:23:47,792 [INFO] IPUIPlugin:80 - create IPUIPlugin
2025-12-23 15:23:47,800 [INFO] Can:71 - Can Add PropertyChangeListener com.st.microxplorer.plugins.ip.can.Can@7b648b54
2025-12-23 15:23:47,941 [INFO] CADModel:165 - CPN selected for project levelSTM32L431CBT6
2025-12-23 15:23:47,941 [INFO] CADModel:114 - Register for checkConnection events
2025-12-23 15:23:47,982 [INFO] OpenFileManager:386 - Restore cursor
2025-12-23 15:23:59,954 [ERROR] LogOutputStream:75 - [STDERR_REDIRECT] 
2025-12-23 15:24:10,756 [INFO] Activator:176 - 


2025-12-23 15:24:10,758 [INFO] Activator:177 - !SESSION log4j initialized
2025-12-23 15:24:11,317 [INFO] LogOutputStream:77 - [STDOUT_REDIRECT] 
2025-12-23 15:24:11,356 [ERROR] ApiDbMcu:1760 - Can't use Application install path:
2025-12-23 15:24:11,357 [WARN] RulesReader:66 - Compatibility file://mcu/compatibility.xml not found
2025-12-23 15:24:11,891 [ERROR] LogOutputStream:75 - [STDERR_REDIRECT] 
2025-12-23 15:24:13,314 [INFO] LogOutputStream:77 - [STDOUT_REDIRECT] 
2025-12-23 15:24:14,474 [INFO] ApplicationProperties:184 - Using Application install path: /Applications/STM32CubeIDE.app/Contents/Eclipse/plugins/com.st.stm32cube.common.mx_6.15.0.202507011659
2025-12-23 15:24:14,480 [INFO] DbMcusXml:78 - Set database path to: /Applications/STM32CubeIDE.app/Contents/Eclipse/plugins/com.st.stm32cube.common.mx_6.15.0.202507011659//db//mcu/
2025-12-23 15:24:14,480 [INFO] ApiDb:274 - Set plugin database path to: /Applications/STM32CubeIDE.app/Contents/Eclipse/plugins/com.st.stm32cube.common.mx_6.15.0.202507011659//db//plugins/boardmanager/
2025-12-23 15:24:14,480 [WARN] ApiDb:259 - Overriding images path with different value:  => /Applications/STM32CubeIDE.app/Contents/Eclipse/plugins/com.st.stm32cube.common.mx_6.15.0.202507011659//db//plugins/mcufinder/images/
2025-12-23 15:24:14,483 [INFO] ApiDb:250 - Set database path to: /Users/karthikkurapati/.stmcufinder/plugins/mcufinder//mcu/
2025-12-23 15:24:14,484 [INFO] DbMcusAds:125 - Set database path to: /Users/karthikkurapati/.stmcufinder/plugins/mcufinder//mcu/
2025-12-23 15:24:14,485 [INFO] CrossReferenceDbSqlite:203 - Set database path to: /Users/karthikkurapati/.stmcufinder/plugins/mcufinder//mcu/cs/
2025-12-23 15:24:14,514 [INFO] DbMcusXml:78 - Set database path to: /Applications/STM32CubeIDE.app/Contents/Eclipse/plugins/com.st.stm32cube.common.mx_6.15.0.202507011659//db//mcu/
2025-12-23 15:24:14,515 [INFO] ApiDb:274 - Set plugin database path to: /Applications/STM32CubeIDE.app/Contents/Eclipse/plugins/com.st.stm32cube.common.mx_6.15.0.202507011659//db//plugins/boardmanager/
2025-12-23 15:24:14,515 [INFO] ApiDb:261 - Set plugin images path to: /Applications/STM32CubeIDE.app/Contents/Eclipse/plugins/com.st.stm32cube.common.mx_6.15.0.202507011659//db//plugins/mcufinder/images/
2025-12-23 15:24:14,515 [WARN] DbFile:41 - Overriding database path with different value: /Users/karthikkurapati/.stmcufinder/plugins/mcufinder/ => /Users/karthikkurapati/.stmcufinder/plugins/mcufinder
2025-12-23 15:24:14,515 [INFO] ApiDb:250 - Set database path to: /Users/karthikkurapati/.stmcufinder/plugins/mcufinder//mcu/
2025-12-23 15:24:14,515 [WARN] DbFile:41 - Overriding database path with different value: /Users/karthikkurapati/.stmcufinder/plugins/mcufinder/ => /Users/karthikkurapati/.stmcufinder/plugins/mcufinder
2025-12-23 15:24:14,515 [INFO] DbMcusAds:125 - Set database path to: /Users/karthikkurapati/.stmcufinder/plugins/mcufinder//mcu/
2025-12-23 15:24:14,515 [WARN] DbFile:41 - Overriding database path with different value: /Users/karthikkurapati/.stmcufinder/plugins/mcufinder/ => /Users/karthikkurapati/.stmcufinder/plugins/mcufinder
2025-12-23 15:24:14,515 [WARN] DbFile:41 - Overriding database path with different value: /Users/karthikkurapati/.stmcufinder/plugins/mcufinder/ => /Users/karthikkurapati/.stmcufinder/plugins/mcufinder
2025-12-23 15:24:14,515 [INFO] CrossReferenceDbSqlite:203 - Set database path to: /Users/karthikkurapati/.stmcufinder/plugins/mcufinder//mcu/cs/
2025-12-23 15:24:14,561 [INFO] MainPanel:274 - HeapMemory: 268435456
2025-12-23 15:24:14,758 [INFO] DbMcusXml:78 - Set database path to: /Applications/STM32CubeIDE.app/Contents/Eclipse/plugins/com.st.stm32cube.common.mx_6.15.0.202507011659//db//mcu/
2025-12-23 15:24:14,758 [INFO] ApiDb:274 - Set plugin database path to: /Applications/STM32CubeIDE.app/Contents/Eclipse/plugins/com.st.stm32cube.common.mx_6.15.0.202507011659//db//plugins/boardmanager/
2025-12-23 15:24:14,758 [INFO] ApiDb:261 - Set plugin images path to: /Applications/STM32CubeIDE.app/Contents/Eclipse/plugins/com.st.stm32cube.common.mx_6.15.0.202507011659//db//plugins/mcufinder/images/
2025-12-23 15:24:14,758 [WARN] DbFile:41 - Overriding database path with different value: /Users/karthikkurapati/.stmcufinder/plugins/mcufinder/ => /Users/karthikkurapati/.stmcufinder/plugins/mcufinder
2025-12-23 15:24:14,758 [INFO] ApiDb:250 - Set database path to: /Users/karthikkurapati/.stmcufinder/plugins/mcufinder//mcu/
2025-12-23 15:24:14,758 [WARN] DbFile:41 - Overriding database path with different value: /Users/karthikkurapati/.stmcufinder/plugins/mcufinder/ => /Users/karthikkurapati/.stmcufinder/plugins/mcufinder
2025-12-23 15:24:14,758 [INFO] DbMcusAds:125 - Set database path to: /Users/karthikkurapati/.stmcufinder/plugins/mcufinder//mcu/
2025-12-23 15:24:14,758 [WARN] DbFile:41 - Overriding database path with different value: /Users/karthikkurapati/.stmcufinder/plugins/mcufinder/ => /Users/karthikkurapati/.stmcufinder/plugins/mcufinder
2025-12-23 15:24:14,758 [WARN] DbFile:41 - Overriding database path with different value: /Users/karthikkurapati/.stmcufinder/plugins/mcufinder/ => /Users/karthikkurapati/.stmcufinder/plugins/mcufinder
2025-12-23 15:24:14,758 [INFO] CrossReferenceDbSqlite:203 - Set database path to: /Users/karthikkurapati/.stmcufinder/plugins/mcufinder//mcu/cs/
2025-12-23 15:24:14,768 [INFO] ApplicationProperties:184 - Using Application install path: /Applications/STM32CubeIDE.app/Contents/Eclipse/plugins/com.st.stm32cube.common.mx_6.15.0.202507011659
2025-12-23 15:24:14,769 [INFO] PluginManage:196 - Search for loadable plugins [exclusion list=, ]
2025-12-23 15:24:14,769 [INFO] PluginManage:310 - Check plugin analytics
2025-12-23 15:24:14,864 [INFO] AnalyticsPlugin:253 - Accepted Software Licenses: 
2025-12-23 15:24:14,864 [INFO] AnalyticsPlugin:255 - Accepted CMSIS Pack Licenses: 
2025-12-23 15:24:14,864 [INFO] AnalyticsPlugin:257 - Accepted Firmware Licenses: 
2025-12-23 15:24:14,865 [INFO] PluginManage:359 - Loaded plugin analytics (category:tool,tabindex:-1)
2025-12-23 15:24:14,865 [INFO] PluginManage:310 - Check plugin cadmodel
2025-12-23 15:24:14,867 [INFO] CADModel:105 - Init CAD model plugin
2025-12-23 15:24:14,867 [INFO] PluginManage:359 - Loaded plugin cadmodel (category:power,tabindex:5)
2025-12-23 15:24:14,867 [INFO] PluginManage:310 - Check plugin clock
2025-12-23 15:24:14,872 [INFO] PluginManage:359 - Loaded plugin clock (category:base,tabindex:2)
2025-12-23 15:24:14,872 [INFO] PluginManage:310 - Check plugin ddr
2025-12-23 15:24:14,874 [INFO] PluginManage:359 - Loaded plugin ddr (category:tool,tabindex:6)
2025-12-23 15:24:14,874 [INFO] PluginManage:310 - Check plugin filemanager
2025-12-23 15:24:14,996 [INFO] PluginManage:359 - Loaded plugin filemanager (category:base,tabindex:10)
2025-12-23 15:24:14,996 [INFO] PluginManage:310 - Check plugin ipmanager
2025-12-23 15:24:15,001 [INFO] PluginManage:359 - Loaded plugin ipmanager (category:base,tabindex:5)
2025-12-23 15:24:15,001 [INFO] PluginManage:310 - Check plugin lpbam
2025-12-23 15:24:15,007 [INFO] PluginManage:359 - Loaded plugin lpbam (category:base,tabindex:0)
2025-12-23 15:24:15,007 [INFO] PluginManage:310 - Check plugin memorymap
2025-12-23 15:24:15,016 [INFO] PluginManage:359 - Loaded plugin memorymap (category:base,tabindex:4)
2025-12-23 15:24:15,016 [INFO] PluginManage:310 - Check plugin pinoutandconfiguration
2025-12-23 15:24:15,021 [INFO] PluginManage:359 - Loaded plugin pinoutandconfiguration (category:base,tabindex:1)
2025-12-23 15:24:15,021 [INFO] PluginManage:310 - Check plugin pinoutconfig
2025-12-23 15:24:15,073 [WARN] SupportedApi:132 - Cannot load RTOS API schema: s4s-elt-must-match.1: The content of 'definitions' must match (annotation?, (simpleType | complexType)?, (unique | key | keyref)*)). A problem was found starting at: attribute.
2025-12-23 15:24:15,151 [INFO] PluginManage:359 - Loaded plugin pinoutconfig (category:base,tabindex:0)
2025-12-23 15:24:15,151 [INFO] PluginManage:310 - Check plugin power
2025-12-23 15:24:15,155 [INFO] PluginManage:359 - Loaded plugin power (category:power,tabindex:4)
2025-12-23 15:24:15,155 [INFO] PluginManage:310 - Check plugin projectmanager
2025-12-23 15:24:15,165 [INFO] PluginManage:359 - Loaded plugin projectmanager (category:projectmanager,tabindex:4)
2025-12-23 15:24:15,166 [INFO] PluginManage:310 - Check plugin rif
2025-12-23 15:24:15,170 [INFO] PluginManage:359 - Loaded plugin rif (category:base,tabindex:3)
2025-12-23 15:24:15,170 [INFO] PluginManage:310 - Check plugin thirdparty
2025-12-23 15:24:15,242 [INFO] PluginManage:359 - Loaded plugin thirdparty (category:base,tabindex:-1)
2025-12-23 15:24:15,242 [WARN] IntegrityCheckThread:84 - waiting for thirdparty lock release [integrity check]
2025-12-23 15:24:15,242 [INFO] PluginManage:310 - Check plugin tools
2025-12-23 15:24:15,242 [INFO] IntegrityCheckThread:86 - entering critical section [integrity check]
2025-12-23 15:24:15,242 [INFO] ThirdPartyUpdaterWithRetryManager:70 - Updater plugin not ready yet. [1/15]
2025-12-23 15:24:15,243 [INFO] PluginManage:359 - Loaded plugin tools (category:base,tabindex:7)
2025-12-23 15:24:15,244 [INFO] PluginManage:310 - Check plugin tutovideos
2025-12-23 15:24:15,350 [INFO] PluginManage:359 - Loaded plugin tutovideos (category:base,tabindex:-1)
2025-12-23 15:24:15,350 [INFO] PluginManage:310 - Check plugin updater
2025-12-23 15:24:15,362 [INFO] PluginManage:359 - Loaded plugin updater (category:base,tabindex:12)
2025-12-23 15:24:15,363 [INFO] PluginManage:310 - Check plugin userauth
2025-12-23 15:24:15,364 [INFO] UserAuth:118 - Init User Auth plugin
2025-12-23 15:24:15,365 [INFO] PluginManage:359 - Loaded plugin userauth (category:base,tabindex:14)
2025-12-23 15:24:15,365 [INFO] PluginManage:283 - PluginManage : Loaded plugins [18]
2025-12-23 15:24:15,467 [INFO] PinOutPanel:1589 - setPackage(No Configuration,No Configuration)
2025-12-23 15:24:15,512 [INFO] CADModel:165 - CPN selected for project level
2025-12-23 15:24:15,513 [INFO] CADModel:114 - Register for checkConnection events
2025-12-23 15:24:15,520 [INFO] IPUIPlugin:80 - create IPUIPlugin
2025-12-23 15:24:15,520 [INFO] PluginManager:220 - loadIPPluginJar : add mdma
2025-12-23 15:24:15,525 [INFO] IPUIPlugin:80 - create IPUIPlugin
2025-12-23 15:24:15,525 [INFO] PluginManager:220 - loadIPPluginJar : add freertos
2025-12-23 15:24:15,528 [INFO] IPUIPlugin:80 - create IPUIPlugin
2025-12-23 15:24:15,528 [INFO] PluginManager:220 - loadIPPluginJar : add gic
2025-12-23 15:24:15,534 [INFO] IPUIPlugin:80 - create IPUIPlugin
2025-12-23 15:24:15,534 [INFO] PluginManager:220 - loadIPPluginJar : add adc
2025-12-23 15:24:15,535 [INFO] IPUIPlugin:80 - create IPUIPlugin
2025-12-23 15:24:15,535 [INFO] PluginManager:220 - loadIPPluginJar : add gtzc
2025-12-23 15:24:15,536 [INFO] IPUIPlugin:80 - create IPUIPlugin
2025-12-23 15:24:15,536 [INFO] PluginManager:220 - loadIPPluginJar : add quadspi
2025-12-23 15:24:15,537 [INFO] IPUIPlugin:80 - create IPUIPlugin
2025-12-23 15:24:15,537 [INFO] PluginManager:220 - loadIPPluginJar : add aes
2025-12-23 15:24:15,539 [INFO] IPUIPlugin:80 - create IPUIPlugin
2025-12-23 15:24:15,539 [INFO] PluginManager:220 - loadIPPluginJar : add pdm2pcm
2025-12-23 15:24:15,540 [INFO] IPUIPlugin:80 - create IPUIPlugin
2025-12-23 15:24:15,540 [INFO] PluginManager:220 - loadIPPluginJar : add hash
2025-12-23 15:24:15,541 [INFO] IPUIPlugin:80 - create IPUIPlugin
2025-12-23 15:24:15,541 [INFO] PluginManager:220 - loadIPPluginJar : add tim
2025-12-23 15:24:15,542 [INFO] IPUIPlugin:80 - create IPUIPlugin
2025-12-23 15:24:15,542 [INFO] PluginManager:220 - loadIPPluginJar : add tsc
2025-12-23 15:24:15,544 [INFO] IPUIPlugin:80 - create IPUIPlugin
2025-12-23 15:24:15,544 [INFO] PluginManager:220 - loadIPPluginJar : add extmemmanager
2025-12-23 15:24:15,545 [INFO] IPUIPlugin:80 - create IPUIPlugin
2025-12-23 15:24:15,545 [INFO] PluginManager:220 - loadIPPluginJar : add ts
2025-12-23 15:24:15,546 [INFO] IPUIPlugin:80 - create IPUIPlugin
2025-12-23 15:24:15,546 [INFO] PluginManager:220 - loadIPPluginJar : add radio
2025-12-23 15:24:15,547 [INFO] IPUIPlugin:80 - create IPUIPlugin
2025-12-23 15:24:15,548 [INFO] PluginManager:220 - loadIPPluginJar : add can
2025-12-23 15:24:15,549 [INFO] IPUIPlugin:80 - create IPUIPlugin
2025-12-23 15:24:15,549 [INFO] PluginManager:220 - loadIPPluginJar : add dma3
2025-12-23 15:24:15,550 [INFO] IPUIPlugin:80 - create IPUIPlugin
2025-12-23 15:24:15,550 [INFO] PluginManager:220 - loadIPPluginJar : add dfsdm
2025-12-23 15:24:15,551 [INFO] IPUIPlugin:80 - create IPUIPlugin
2025-12-23 15:24:15,551 [INFO] PluginManager:220 - loadIPPluginJar : add spi
2025-12-23 15:24:15,552 [INFO] IPUIPlugin:80 - create IPUIPlugin
2025-12-23 15:24:15,552 [INFO] PluginManager:220 - loadIPPluginJar : add gfxmmu
2025-12-23 15:24:15,553 [INFO] IPUIPlugin:80 - create IPUIPlugin
2025-12-23 15:24:15,553 [INFO] PluginManager:220 - loadIPPluginJar : add genericplugin
2025-12-23 15:24:15,554 [INFO] IPUIPlugin:80 - create IPUIPlugin
2025-12-23 15:24:15,554 [INFO] PluginManager:220 - loadIPPluginJar : add cryp
2025-12-23 15:24:15,556 [INFO] IPUIPlugin:80 - create IPUIPlugin
2025-12-23 15:24:15,556 [INFO] PluginManager:220 - loadIPPluginJar : add gpio
2025-12-23 15:24:15,558 [INFO] IPUIPlugin:80 - create IPUIPlugin
2025-12-23 15:24:15,558 [INFO] PluginManager:220 - loadIPPluginJar : add ddr_ctrl_phy
2025-12-23 15:24:15,559 [INFO] IPUIPlugin:80 - create IPUIPlugin
2025-12-23 15:24:15,560 [INFO] PluginManager:220 - loadIPPluginJar : add comp
2025-12-23 15:24:15,561 [INFO] IPUIPlugin:80 - create IPUIPlugin
2025-12-23 15:24:15,561 [INFO] PluginManager:220 - loadIPPluginJar : add tracer_emb
2025-12-23 15:24:15,562 [INFO] IPUIPlugin:80 - create IPUIPlugin
2025-12-23 15:24:15,562 [INFO] PluginManager:220 - loadIPPluginJar : add openamp
2025-12-23 15:24:15,566 [INFO] IPUIPlugin:80 - create IPUIPlugin
2025-12-23 15:24:15,566 [INFO] PluginManager:220 - loadIPPluginJar : add stm32_wpan
2025-12-23 15:24:15,569 [INFO] IPUIPlugin:80 - create IPUIPlugin
2025-12-23 15:24:15,571 [INFO] PluginManager:220 - loadIPPluginJar : add plateformsettings
2025-12-23 15:24:15,573 [INFO] IPUIPlugin:80 - create IPUIPlugin
2025-12-23 15:24:15,573 [INFO] PluginManager:220 - loadIPPluginJar : add ipddr
2025-12-23 15:24:15,575 [INFO] IPUIPlugin:80 - create IPUIPlugin
2025-12-23 15:24:15,575 [INFO] PluginManager:220 - loadIPPluginJar : add usart
2025-12-23 15:24:15,575 [INFO] IPUIPlugin:80 - create IPUIPlugin
2025-12-23 15:24:15,575 [INFO] PluginManager:220 - loadIPPluginJar : add ltdc
2025-12-23 15:24:15,577 [INFO] IPUIPlugin:80 - create IPUIPlugin
2025-12-23 15:24:15,577 [INFO] PluginManager:220 - loadIPPluginJar : add nvic
2025-12-23 15:24:15,577 [INFO] IPUIPlugin:80 - create IPUIPlugin
2025-12-23 15:24:15,577 [INFO] PluginManager:220 - loadIPPluginJar : add fatfs
2025-12-23 15:24:15,581 [INFO] IPUIPlugin:80 - create IPUIPlugin
2025-12-23 15:24:15,582 [INFO] PluginManager:220 - loadIPPluginJar : add linkedlist
2025-12-23 15:24:15,584 [INFO] IPUIPlugin:80 - create IPUIPlugin
2025-12-23 15:24:15,585 [INFO] PluginManager:220 - loadIPPluginJar : add dma
2025-12-23 15:24:15,587 [INFO] IPUIPlugin:80 - create IPUIPlugin
2025-12-23 15:24:15,587 [INFO] PluginManager:220 - loadIPPluginJar : add fmc
2025-12-23 15:24:15,588 [INFO] IPUIPlugin:80 - create IPUIPlugin
2025-12-23 15:24:15,588 [INFO] PluginManager:220 - loadIPPluginJar : add i2s
2025-12-23 15:24:15,589 [INFO] IPUIPlugin:80 - create IPUIPlugin
2025-12-23 15:24:15,589 [INFO] PluginManager:220 - loadIPPluginJar : add ucpd
2025-12-23 15:24:15,590 [INFO] IPUIPlugin:80 - create IPUIPlugin
2025-12-23 15:24:15,590 [INFO] PluginManager:220 - loadIPPluginJar : add lorawan
2025-12-23 15:24:15,592 [INFO] IPUIPlugin:80 - create IPUIPlugin
2025-12-23 15:24:15,592 [INFO] PluginManager:220 - loadIPPluginJar : add opamp
2025-12-23 15:24:15,593 [INFO] IPUIPlugin:80 - create IPUIPlugin
2025-12-23 15:24:15,593 [INFO] PluginManager:220 - loadIPPluginJar : add i3c
2025-12-23 15:24:15,594 [INFO] IPUIPlugin:80 - create IPUIPlugin
2025-12-23 15:24:15,595 [INFO] PluginManager:220 - loadIPPluginJar : add touchsensing
2025-12-23 15:24:15,596 [INFO] IPUIPlugin:80 - create IPUIPlugin
2025-12-23 15:24:15,596 [INFO] PluginManager:220 - loadIPPluginJar : add i2c
2025-12-23 15:24:15,597 [INFO] IPUIPlugin:80 - create IPUIPlugin
2025-12-23 15:24:15,597 [INFO] PluginManager:220 - loadIPPluginJar : add resmgrutility
2025-12-23 15:24:15,599 [INFO] IPUIPlugin:80 - create IPUIPlugin
2025-12-23 15:24:15,599 [INFO] PluginManager:220 - loadIPPluginJar : add sai
2025-12-23 15:24:15,601 [INFO] IPUIPlugin:80 - create IPUIPlugin
2025-12-23 15:24:15,601 [INFO] PluginManager:220 - loadIPPluginJar : add usbx
2025-12-23 15:24:15,694 [FATAL] Updater:351 - Updater called before beeing initialized
2025-12-23 15:24:15,727 [INFO] RulesReader:64 - Compatibility file has been processed (317 Rules)
2025-12-23 15:24:15,735 [INFO] RulesReader:64 - Compatibility file has been processed (317 Rules)
2025-12-23 15:24:15,740 [INFO] CADModel:165 - CPN selected for project level
2025-12-23 15:24:15,741 [INFO] CADModel:114 - Register for checkConnection events
2025-12-23 15:24:15,741 [FATAL] Updater:351 - Updater called before beeing initialized
2025-12-23 15:24:15,741 [ERROR] CADModel:125 - Updater not yet initialized, retry later 
2025-12-23 15:24:15,838 [FATAL] Updater:351 - Updater called before beeing initialized
2025-12-23 15:24:15,839 [INFO] CADModel:165 - CPN selected for project level
2025-12-23 15:24:15,839 [INFO] CADModel:114 - Register for checkConnection events
2025-12-23 15:24:15,839 [FATAL] Updater:351 - Updater called before beeing initialized
2025-12-23 15:24:15,839 [ERROR] CADModel:125 - Updater not yet initialized, retry later 
2025-12-23 15:24:15,841 [FATAL] Updater:351 - Updater called before beeing initialized
2025-12-23 15:24:15,900 [FATAL] Updater:351 - Updater called before beeing initialized
2025-12-23 15:24:15,903 [INFO] DbMcusAds:53 - JSON generation date=Mon Dec 15 17:11:46 CST 2025 (1765840306612)
2025-12-23 15:24:15,903 [FATAL] Updater:351 - Updater called before beeing initialized
2025-12-23 15:24:15,939 [WARN] DetailPanel:346 - Failed to get advertising image, set to default
2025-12-23 15:24:16,002 [FATAL] Updater:351 - Updater called before beeing initialized
2025-12-23 15:24:16,003 [FATAL] Updater:351 - Updater called before beeing initialized
2025-12-23 15:24:16,003 [FATAL] Updater:351 - Updater called before beeing initialized
2025-12-23 15:24:16,004 [WARN] DetailPanel:346 - Failed to get advertising image, set to default
2025-12-23 15:24:16,004 [FATAL] Updater:351 - Updater called before beeing initialized
2025-12-23 15:24:16,025 [ERROR] Updater:1198 - MainUpdater not yet initialized. External WinMGr cannot be set.
2025-12-23 15:24:16,026 [INFO] Updater:1134 - Updater Version found : 6.15.0
2025-12-23 15:24:16,035 [INFO] ApplicationProperties:184 - Using Application install path: /Applications/STM32CubeIDE.app/Contents/Eclipse/plugins/com.st.stm32cube.common.mx_6.15.0.202507011659
2025-12-23 15:24:16,248 [INFO] MainUpdater:2872 - connection check result : 10
2025-12-23 15:24:16,249 [INFO] MainUpdater:289 - Updater Check For Update Now.
2025-12-23 15:24:16,249 [INFO] MicroXplorer:498 - Change Database Version : DB.6.0.150
2025-12-23 15:24:16,252 [INFO] McuFinderGlobals:63 - Set McuFinder mode to 2 (CubeIDE integrated)
2025-12-23 15:24:16,252 [INFO] UserAuth:171 - activating auth plugin
2025-12-23 15:24:16,254 [INFO] UserAuth:487 - Internet connection configuration mode: 1
2025-12-23 15:24:16,263 [INFO] JxBrowserEngine:152 - Initiate JxBrowser Engine with user profile folder
2025-12-23 15:24:16,416 [INFO] CheckServerUpdateThread:120 - End of CheckServer Thread
2025-12-23 15:24:16,945 [INFO] WebApp:169 - Instantiating new browser for Auth
2025-12-23 15:24:17,675 [INFO] WebApp:463 - Apply proxy settings
2025-12-23 15:24:17,707 [INFO] WebApp:508 - Chromium authenticates against Manually configured proxy
2025-12-23 15:24:17,744 [INFO] WebApp:516 - Username used for proxy authentication: 
2025-12-23 15:24:17,778 [INFO] WebApp:900 - Register for checkConnection events
2025-12-23 15:24:17,783 [INFO] WebApp:463 - Apply proxy settings
2025-12-23 15:24:17,786 [INFO] WebApp:508 - Chromium authenticates against Manually configured proxy
2025-12-23 15:24:17,805 [INFO] WebApp:516 - Username used for proxy authentication: 
2025-12-23 15:24:17,947 [INFO] WebApp:225 - Starting web application
2025-12-23 15:24:17,960 [INFO] WebApp:593 - Web application path used /Applications/STM32CubeIDE.app/Contents/Eclipse/plugins/com.st.stm32cube.common.mx_6.15.0.202507011659/db/plugins/mcufinder/reactClient1/index.html
2025-12-23 15:24:18,742 [INFO] WebApp:191 - Connection restablished
2025-12-23 15:24:20,789 [WARN] PackLoader:240 - Cannot read IP mode file for STMicroelectronics.FP-SNS-MOTENVWB1.1.4.0
2025-12-23 15:24:20,805 [WARN] PackLoader:240 - Cannot read IP mode file for STMicroelectronics.FP-ATR-ASTRA1.2.0.2
2025-12-23 15:24:20,809 [WARN] PackLoader:240 - Cannot read IP mode file for STMicroelectronics.X-CUBE-SMBUS.2.1.0
2025-12-23 15:24:20,850 [WARN] PackLoader:240 - Cannot read IP mode file for STMicroelectronics.X-CUBE-AZRTOS-F7.1.1.0
2025-12-23 15:24:20,858 [WARN] PackLoader:240 - Cannot read IP mode file for STMicroelectronics.FP-SNS-MOTENV1.5.1.0
2025-12-23 15:24:20,884 [WARN] PackLoader:240 - Cannot read IP mode file for WES.I-CUBE-Cesium.1.4.0
2025-12-23 15:24:20,920 [WARN] PackLoader:240 - Cannot read IP mode file for STMicroelectronics.X-CUBE-AZRTOS-H7.3.4.0
2025-12-23 15:24:20,954 [WARN] PackLoader:240 - Cannot read IP mode file for STMicroelectronics.X-CUBE-DISPLAY.3.0.0
2025-12-23 15:24:20,982 [WARN] PackLoader:240 - Cannot read IP mode file for STMicroelectronics.X-CUBE-NFC10.1.0.0
2025-12-23 15:24:21,004 [WARN] PackLoader:240 - Cannot read IP mode file for STMicroelectronics.X-CUBE-ST60.1.1.0
2025-12-23 15:24:21,008 [WARN] PackLoader:240 - Cannot read IP mode file for emotas.I-CUBE-CANOPEN.1.3.0
2025-12-23 15:24:21,011 [WARN] PackLoader:240 - Cannot read IP mode file for STMicroelectronics.X-CUBE-GNSS1.7.1.0
2025-12-23 15:24:21,051 [WARN] PackLoader:240 - Cannot read IP mode file for STMicroelectronics.FP-SNS-STBOX1.2.1.0
2025-12-23 15:24:21,056 [WARN] PackLoader:240 - Cannot read IP mode file for STMicroelectronics.FP-SNS-SMARTAG2.1.2.0
2025-12-23 15:24:21,060 [WARN] PackLoader:240 - Cannot read IP mode file for STMicroelectronics.FP-SNS-FLIGHT1.5.1.0
2025-12-23 15:24:21,106 [INFO] LogOutputStream:77 - [STDOUT_REDIRECT] 1 : Invalid condition id : UX_CORESTACK_Condition cause : null
2025-12-23 15:24:21,125 [INFO] LogOutputStream:77 - [STDOUT_REDIRECT] 1 : Invalid condition id : UX_CORESTACK_Condition cause : null
2025-12-23 15:24:21,144 [INFO] LogOutputStream:77 - [STDOUT_REDIRECT] 1 : Invalid condition id : UX_CORESTACK_Condition cause : null
2025-12-23 15:24:21,180 [INFO] LogOutputStream:77 - [STDOUT_REDIRECT] 1 : Invalid condition id : UX_CORESTACK_Condition cause : null
2025-12-23 15:24:21,200 [INFO] LogOutputStream:77 - [STDOUT_REDIRECT] 1 : Invalid condition id : UX_CORESTACK_Condition cause : null
2025-12-23 15:24:21,221 [WARN] PackLoader:240 - Cannot read IP mode file for STMicroelectronics.X-CUBE-AZRTOS-WL.2.0.0
2025-12-23 15:24:21,284 [WARN] PackLoader:240 - Cannot read IP mode file for STMicroelectronics.X-CUBE-AZRTOS-H7RS.1.2.0
2025-12-23 15:24:21,405 [WARN] PackLoader:240 - Cannot read IP mode file for STMicroelectronics.X-CUBE-BLE2.3.3.0
2025-12-23 15:24:21,755 [WARN] PackLoader:240 - Cannot read IP mode file for Infineon.AIROC-Wi-Fi-Bluetooth-STM32.1.8.0
2025-12-23 15:24:21,790 [WARN] PackLoader:240 - Cannot read IP mode file for STMicroelectronics.X-CUBE-NFC9.1.0.0
2025-12-23 15:24:21,829 [WARN] PackLoader:240 - Cannot read IP mode file for STMicroelectronics.X-CUBE-BLE1.7.1.0
2025-12-23 15:24:21,832 [WARN] PackLoader:240 - Cannot read IP mode file for wolfSSL.I-CUBE-wolfMQTT.1.19.2
2025-12-23 15:24:21,837 [WARN] PackLoader:240 - Cannot read IP mode file for STMicroelectronics.X-CUBE-FREERTOS.1.4.0
2025-12-23 15:24:21,841 [WARN] PackLoader:240 - Cannot read IP mode file for STMicroelectronics.X-CUBE-EEPRMA1.5.2.0
2025-12-23 15:24:21,846 [WARN] PackLoader:240 - Cannot read IP mode file for wolfSSL.I-CUBE-wolfSSL.5.8.4
2025-12-23 15:24:21,849 [WARN] PackLoader:240 - Cannot read IP mode file for Cesanta.I-CUBE-Mongoose.7.20.0
2025-12-23 15:24:21,853 [WARN] PackLoader:240 - Cannot read IP mode file for STMicroelectronics.X-CUBE-ST67W61.1.1.0
2025-12-23 15:24:21,887 [WARN] PackLoader:240 - Cannot read IP mode file for STMicroelectronics.X-CUBE-MEMS1.12.0.0
2025-12-23 15:24:22,030 [WARN] PackLoader:240 - Cannot read IP mode file for STMicroelectronics.X-CUBE-AZRTOS-G0.1.1.0
2025-12-23 15:24:22,037 [WARN] PackLoader:240 - Cannot read IP mode file for STMicroelectronics.X-CUBE-NFC4.3.0.0
2025-12-23 15:24:22,045 [WARN] PackLoader:240 - Cannot read IP mode file for EmbeddedOffice.I-CUBE-FS-RTOS.1.0.1
2025-12-23 15:24:22,049 [WARN] PackLoader:240 - Cannot read IP mode file for STMicroelectronics.X-CUBE-WB05N.2.0.0
2025-12-23 15:24:22,051 [WARN] PackLoader:240 - Cannot read IP mode file for wolfSSL.I-CUBE-wolfTPM.3.8.0
2025-12-23 15:24:22,056 [WARN] PackLoader:240 - Cannot read IP mode file for STMicroelectronics.X-CUBE-TCPP.4.2.0
2025-12-23 15:24:22,061 [WARN] PackLoader:240 - Cannot read IP mode file for RealThread.X-CUBE-RT-Thread_Nano.4.1.1
2025-12-23 15:24:22,065 [WARN] PackLoader:240 - Cannot read IP mode file for STMicroelectronics.FP-ATR-SIGFOX1.3.2.0
2025-12-23 15:24:22,090 [WARN] PackLoader:240 - Cannot read IP mode file for ITTIA_DB.I-CUBE-ITTIADB.8.9.0
2025-12-23 15:24:22,094 [WARN] PackLoader:240 - Cannot read IP mode file for STMicroelectronics.X-CUBE-AI.10.2.0
2025-12-23 15:24:22,103 [ERROR] LogOutputStream:75 - [STDERR_REDIRECT] 
2025-12-23 15:24:36,823 [INFO] Activator:176 - 


2025-12-23 15:24:36,825 [INFO] Activator:177 - !SESSION log4j initialized
2025-12-23 15:24:37,401 [INFO] LogOutputStream:77 - [STDOUT_REDIRECT] 
2025-12-23 15:24:37,441 [ERROR] ApiDbMcu:1760 - Can't use Application install path:
2025-12-23 15:24:37,442 [WARN] RulesReader:66 - Compatibility file://mcu/compatibility.xml not found
2025-12-23 15:24:38,006 [ERROR] LogOutputStream:75 - [STDERR_REDIRECT] 
2025-12-23 15:24:39,287 [INFO] LogOutputStream:77 - [STDOUT_REDIRECT] 
2025-12-23 15:24:40,483 [INFO] ApplicationProperties:184 - Using Application install path: /Applications/STM32CubeIDE.app/Contents/Eclipse/plugins/com.st.stm32cube.common.mx_6.15.0.202507011659
2025-12-23 15:24:40,489 [INFO] DbMcusXml:78 - Set database path to: /Applications/STM32CubeIDE.app/Contents/Eclipse/plugins/com.st.stm32cube.common.mx_6.15.0.202507011659//db//mcu/
2025-12-23 15:24:40,489 [INFO] ApiDb:274 - Set plugin database path to: /Applications/STM32CubeIDE.app/Contents/Eclipse/plugins/com.st.stm32cube.common.mx_6.15.0.202507011659//db//plugins/boardmanager/
2025-12-23 15:24:40,489 [WARN] ApiDb:259 - Overriding images path with different value:  => /Applications/STM32CubeIDE.app/Contents/Eclipse/plugins/com.st.stm32cube.common.mx_6.15.0.202507011659//db//plugins/mcufinder/images/
2025-12-23 15:24:40,491 [INFO] ApiDb:250 - Set database path to: /Users/karthikkurapati/.stmcufinder/plugins/mcufinder//mcu/
2025-12-23 15:24:40,492 [INFO] DbMcusAds:125 - Set database path to: /Users/karthikkurapati/.stmcufinder/plugins/mcufinder//mcu/
2025-12-23 15:24:40,493 [INFO] CrossReferenceDbSqlite:203 - Set database path to: /Users/karthikkurapati/.stmcufinder/plugins/mcufinder//mcu/cs/
2025-12-23 15:24:40,519 [INFO] DbMcusXml:78 - Set database path to: /Applications/STM32CubeIDE.app/Contents/Eclipse/plugins/com.st.stm32cube.common.mx_6.15.0.202507011659//db//mcu/
2025-12-23 15:24:40,519 [INFO] ApiDb:274 - Set plugin database path to: /Applications/STM32CubeIDE.app/Contents/Eclipse/plugins/com.st.stm32cube.common.mx_6.15.0.202507011659//db//plugins/boardmanager/
2025-12-23 15:24:40,519 [INFO] ApiDb:261 - Set plugin images path to: /Applications/STM32CubeIDE.app/Contents/Eclipse/plugins/com.st.stm32cube.common.mx_6.15.0.202507011659//db//plugins/mcufinder/images/
2025-12-23 15:24:40,520 [WARN] DbFile:41 - Overriding database path with different value: /Users/karthikkurapati/.stmcufinder/plugins/mcufinder/ => /Users/karthikkurapati/.stmcufinder/plugins/mcufinder
2025-12-23 15:24:40,520 [INFO] ApiDb:250 - Set database path to: /Users/karthikkurapati/.stmcufinder/plugins/mcufinder//mcu/
2025-12-23 15:24:40,520 [WARN] DbFile:41 - Overriding database path with different value: /Users/karthikkurapati/.stmcufinder/plugins/mcufinder/ => /Users/karthikkurapati/.stmcufinder/plugins/mcufinder
2025-12-23 15:24:40,520 [INFO] DbMcusAds:125 - Set database path to: /Users/karthikkurapati/.stmcufinder/plugins/mcufinder//mcu/
2025-12-23 15:24:40,520 [WARN] DbFile:41 - Overriding database path with different value: /Users/karthikkurapati/.stmcufinder/plugins/mcufinder/ => /Users/karthikkurapati/.stmcufinder/plugins/mcufinder
2025-12-23 15:24:40,520 [WARN] DbFile:41 - Overriding database path with different value: /Users/karthikkurapati/.stmcufinder/plugins/mcufinder/ => /Users/karthikkurapati/.stmcufinder/plugins/mcufinder
2025-12-23 15:24:40,520 [INFO] CrossReferenceDbSqlite:203 - Set database path to: /Users/karthikkurapati/.stmcufinder/plugins/mcufinder//mcu/cs/
2025-12-23 15:24:40,559 [INFO] MainPanel:274 - HeapMemory: 268435456
2025-12-23 15:24:40,759 [INFO] DbMcusXml:78 - Set database path to: /Applications/STM32CubeIDE.app/Contents/Eclipse/plugins/com.st.stm32cube.common.mx_6.15.0.202507011659//db//mcu/
2025-12-23 15:24:40,759 [INFO] ApiDb:274 - Set plugin database path to: /Applications/STM32CubeIDE.app/Contents/Eclipse/plugins/com.st.stm32cube.common.mx_6.15.0.202507011659//db//plugins/boardmanager/
2025-12-23 15:24:40,759 [INFO] ApiDb:261 - Set plugin images path to: /Applications/STM32CubeIDE.app/Contents/Eclipse/plugins/com.st.stm32cube.common.mx_6.15.0.202507011659//db//plugins/mcufinder/images/
2025-12-23 15:24:40,760 [WARN] DbFile:41 - Overriding database path with different value: /Users/karthikkurapati/.stmcufinder/plugins/mcufinder/ => /Users/karthikkurapati/.stmcufinder/plugins/mcufinder
2025-12-23 15:24:40,760 [INFO] ApiDb:250 - Set database path to: /Users/karthikkurapati/.stmcufinder/plugins/mcufinder//mcu/
2025-12-23 15:24:40,760 [WARN] DbFile:41 - Overriding database path with different value: /Users/karthikkurapati/.stmcufinder/plugins/mcufinder/ => /Users/karthikkurapati/.stmcufinder/plugins/mcufinder
2025-12-23 15:24:40,760 [INFO] DbMcusAds:125 - Set database path to: /Users/karthikkurapati/.stmcufinder/plugins/mcufinder//mcu/
2025-12-23 15:24:40,760 [WARN] DbFile:41 - Overriding database path with different value: /Users/karthikkurapati/.stmcufinder/plugins/mcufinder/ => /Users/karthikkurapati/.stmcufinder/plugins/mcufinder
2025-12-23 15:24:40,760 [WARN] DbFile:41 - Overriding database path with different value: /Users/karthikkurapati/.stmcufinder/plugins/mcufinder/ => /Users/karthikkurapati/.stmcufinder/plugins/mcufinder
2025-12-23 15:24:40,760 [INFO] CrossReferenceDbSqlite:203 - Set database path to: /Users/karthikkurapati/.stmcufinder/plugins/mcufinder//mcu/cs/
2025-12-23 15:24:40,769 [INFO] ApplicationProperties:184 - Using Application install path: /Applications/STM32CubeIDE.app/Contents/Eclipse/plugins/com.st.stm32cube.common.mx_6.15.0.202507011659
2025-12-23 15:24:40,770 [INFO] PluginManage:196 - Search for loadable plugins [exclusion list=, ]
2025-12-23 15:24:40,771 [INFO] PluginManage:310 - Check plugin analytics
2025-12-23 15:24:40,863 [INFO] AnalyticsPlugin:253 - Accepted Software Licenses: 
2025-12-23 15:24:40,864 [INFO] AnalyticsPlugin:255 - Accepted CMSIS Pack Licenses: 
2025-12-23 15:24:40,864 [INFO] AnalyticsPlugin:257 - Accepted Firmware Licenses: 
2025-12-23 15:24:40,865 [INFO] PluginManage:359 - Loaded plugin analytics (category:tool,tabindex:-1)
2025-12-23 15:24:40,866 [INFO] PluginManage:310 - Check plugin cadmodel
2025-12-23 15:24:40,869 [INFO] CADModel:105 - Init CAD model plugin
2025-12-23 15:24:40,869 [INFO] PluginManage:359 - Loaded plugin cadmodel (category:power,tabindex:5)
2025-12-23 15:24:40,869 [INFO] PluginManage:310 - Check plugin clock
2025-12-23 15:24:40,874 [INFO] PluginManage:359 - Loaded plugin clock (category:base,tabindex:2)
2025-12-23 15:24:40,874 [INFO] PluginManage:310 - Check plugin ddr
2025-12-23 15:24:40,875 [INFO] PluginManage:359 - Loaded plugin ddr (category:tool,tabindex:6)
2025-12-23 15:24:40,875 [INFO] PluginManage:310 - Check plugin filemanager
2025-12-23 15:24:41,001 [INFO] PluginManage:359 - Loaded plugin filemanager (category:base,tabindex:10)
2025-12-23 15:24:41,002 [INFO] PluginManage:310 - Check plugin ipmanager
2025-12-23 15:24:41,007 [INFO] PluginManage:359 - Loaded plugin ipmanager (category:base,tabindex:5)
2025-12-23 15:24:41,007 [INFO] PluginManage:310 - Check plugin lpbam
2025-12-23 15:24:41,012 [INFO] PluginManage:359 - Loaded plugin lpbam (category:base,tabindex:0)
2025-12-23 15:24:41,012 [INFO] PluginManage:310 - Check plugin memorymap
2025-12-23 15:24:41,019 [INFO] PluginManage:359 - Loaded plugin memorymap (category:base,tabindex:4)
2025-12-23 15:24:41,019 [INFO] PluginManage:310 - Check plugin pinoutandconfiguration
2025-12-23 15:24:41,024 [INFO] PluginManage:359 - Loaded plugin pinoutandconfiguration (category:base,tabindex:1)
2025-12-23 15:24:41,024 [INFO] PluginManage:310 - Check plugin pinoutconfig
2025-12-23 15:24:41,075 [WARN] SupportedApi:132 - Cannot load RTOS API schema: s4s-elt-must-match.1: The content of 'definitions' must match (annotation?, (simpleType | complexType)?, (unique | key | keyref)*)). A problem was found starting at: attribute.
2025-12-23 15:24:41,150 [INFO] PluginManage:359 - Loaded plugin pinoutconfig (category:base,tabindex:0)
2025-12-23 15:24:41,150 [INFO] PluginManage:310 - Check plugin power
2025-12-23 15:24:41,154 [INFO] PluginManage:359 - Loaded plugin power (category:power,tabindex:4)
2025-12-23 15:24:41,154 [INFO] PluginManage:310 - Check plugin projectmanager
2025-12-23 15:24:41,164 [INFO] PluginManage:359 - Loaded plugin projectmanager (category:projectmanager,tabindex:4)
2025-12-23 15:24:41,164 [INFO] PluginManage:310 - Check plugin rif
2025-12-23 15:24:41,169 [INFO] PluginManage:359 - Loaded plugin rif (category:base,tabindex:3)
2025-12-23 15:24:41,169 [INFO] PluginManage:310 - Check plugin thirdparty
2025-12-23 15:24:41,234 [WARN] IntegrityCheckThread:84 - waiting for thirdparty lock release [integrity check]
2025-12-23 15:24:41,234 [INFO] IntegrityCheckThread:86 - entering critical section [integrity check]
2025-12-23 15:24:41,234 [INFO] PluginManage:359 - Loaded plugin thirdparty (category:base,tabindex:-1)
2025-12-23 15:24:41,234 [INFO] PluginManage:310 - Check plugin tools
2025-12-23 15:24:41,235 [INFO] ThirdPartyUpdaterWithRetryManager:70 - Updater plugin not ready yet. [1/15]
2025-12-23 15:24:41,236 [INFO] PluginManage:359 - Loaded plugin tools (category:base,tabindex:7)
2025-12-23 15:24:41,236 [INFO] PluginManage:310 - Check plugin tutovideos
2025-12-23 15:24:41,340 [INFO] PluginManage:359 - Loaded plugin tutovideos (category:base,tabindex:-1)
2025-12-23 15:24:41,340 [INFO] PluginManage:310 - Check plugin updater
2025-12-23 15:24:41,353 [INFO] PluginManage:359 - Loaded plugin updater (category:base,tabindex:12)
2025-12-23 15:24:41,353 [INFO] PluginManage:310 - Check plugin userauth
2025-12-23 15:24:41,355 [INFO] UserAuth:118 - Init User Auth plugin
2025-12-23 15:24:41,355 [INFO] PluginManage:359 - Loaded plugin userauth (category:base,tabindex:14)
2025-12-23 15:24:41,356 [INFO] PluginManage:283 - PluginManage : Loaded plugins [18]
2025-12-23 15:24:41,454 [INFO] PinOutPanel:1589 - setPackage(No Configuration,No Configuration)
2025-12-23 15:24:41,497 [INFO] CADModel:165 - CPN selected for project level
2025-12-23 15:24:41,497 [INFO] CADModel:114 - Register for checkConnection events
2025-12-23 15:24:41,503 [INFO] IPUIPlugin:80 - create IPUIPlugin
2025-12-23 15:24:41,503 [INFO] PluginManager:220 - loadIPPluginJar : add mdma
2025-12-23 15:24:41,506 [INFO] IPUIPlugin:80 - create IPUIPlugin
2025-12-23 15:24:41,506 [INFO] PluginManager:220 - loadIPPluginJar : add freertos
2025-12-23 15:24:41,508 [INFO] IPUIPlugin:80 - create IPUIPlugin
2025-12-23 15:24:41,509 [INFO] PluginManager:220 - loadIPPluginJar : add gic
2025-12-23 15:24:41,513 [INFO] IPUIPlugin:80 - create IPUIPlugin
2025-12-23 15:24:41,513 [INFO] PluginManager:220 - loadIPPluginJar : add adc
2025-12-23 15:24:41,514 [INFO] IPUIPlugin:80 - create IPUIPlugin
2025-12-23 15:24:41,514 [INFO] PluginManager:220 - loadIPPluginJar : add gtzc
2025-12-23 15:24:41,515 [INFO] IPUIPlugin:80 - create IPUIPlugin
2025-12-23 15:24:41,515 [INFO] PluginManager:220 - loadIPPluginJar : add quadspi
2025-12-23 15:24:41,516 [INFO] IPUIPlugin:80 - create IPUIPlugin
2025-12-23 15:24:41,516 [INFO] PluginManager:220 - loadIPPluginJar : add aes
2025-12-23 15:24:41,517 [INFO] IPUIPlugin:80 - create IPUIPlugin
2025-12-23 15:24:41,517 [INFO] PluginManager:220 - loadIPPluginJar : add pdm2pcm
2025-12-23 15:24:41,518 [INFO] IPUIPlugin:80 - create IPUIPlugin
2025-12-23 15:24:41,518 [INFO] PluginManager:220 - loadIPPluginJar : add hash
2025-12-23 15:24:41,519 [INFO] IPUIPlugin:80 - create IPUIPlugin
2025-12-23 15:24:41,519 [INFO] PluginManager:220 - loadIPPluginJar : add tim
2025-12-23 15:24:41,520 [INFO] IPUIPlugin:80 - create IPUIPlugin
2025-12-23 15:24:41,520 [INFO] PluginManager:220 - loadIPPluginJar : add tsc
2025-12-23 15:24:41,521 [INFO] IPUIPlugin:80 - create IPUIPlugin
2025-12-23 15:24:41,522 [INFO] PluginManager:220 - loadIPPluginJar : add extmemmanager
2025-12-23 15:24:41,523 [INFO] IPUIPlugin:80 - create IPUIPlugin
2025-12-23 15:24:41,523 [INFO] PluginManager:220 - loadIPPluginJar : add ts
2025-12-23 15:24:41,523 [INFO] IPUIPlugin:80 - create IPUIPlugin
2025-12-23 15:24:41,524 [INFO] PluginManager:220 - loadIPPluginJar : add radio
2025-12-23 15:24:41,525 [INFO] IPUIPlugin:80 - create IPUIPlugin
2025-12-23 15:24:41,525 [INFO] PluginManager:220 - loadIPPluginJar : add can
2025-12-23 15:24:41,526 [INFO] IPUIPlugin:80 - create IPUIPlugin
2025-12-23 15:24:41,526 [INFO] PluginManager:220 - loadIPPluginJar : add dma3
2025-12-23 15:24:41,527 [INFO] IPUIPlugin:80 - create IPUIPlugin
2025-12-23 15:24:41,527 [INFO] PluginManager:220 - loadIPPluginJar : add dfsdm
2025-12-23 15:24:41,528 [INFO] IPUIPlugin:80 - create IPUIPlugin
2025-12-23 15:24:41,528 [INFO] PluginManager:220 - loadIPPluginJar : add spi
2025-12-23 15:24:41,528 [INFO] IPUIPlugin:80 - create IPUIPlugin
2025-12-23 15:24:41,528 [INFO] PluginManager:220 - loadIPPluginJar : add gfxmmu
2025-12-23 15:24:41,529 [INFO] IPUIPlugin:80 - create IPUIPlugin
2025-12-23 15:24:41,529 [INFO] PluginManager:220 - loadIPPluginJar : add genericplugin
2025-12-23 15:24:41,530 [INFO] IPUIPlugin:80 - create IPUIPlugin
2025-12-23 15:24:41,530 [INFO] PluginManager:220 - loadIPPluginJar : add cryp
2025-12-23 15:24:41,532 [INFO] IPUIPlugin:80 - create IPUIPlugin
2025-12-23 15:24:41,532 [INFO] PluginManager:220 - loadIPPluginJar : add gpio
2025-12-23 15:24:41,533 [INFO] IPUIPlugin:80 - create IPUIPlugin
2025-12-23 15:24:41,534 [INFO] PluginManager:220 - loadIPPluginJar : add ddr_ctrl_phy
2025-12-23 15:24:41,534 [INFO] IPUIPlugin:80 - create IPUIPlugin
2025-12-23 15:24:41,535 [INFO] PluginManager:220 - loadIPPluginJar : add comp
2025-12-23 15:24:41,536 [INFO] IPUIPlugin:80 - create IPUIPlugin
2025-12-23 15:24:41,536 [INFO] PluginManager:220 - loadIPPluginJar : add tracer_emb
2025-12-23 15:24:41,537 [INFO] IPUIPlugin:80 - create IPUIPlugin
2025-12-23 15:24:41,537 [INFO] PluginManager:220 - loadIPPluginJar : add openamp
2025-12-23 15:24:41,540 [INFO] IPUIPlugin:80 - create IPUIPlugin
2025-12-23 15:24:41,540 [INFO] PluginManager:220 - loadIPPluginJar : add stm32_wpan
2025-12-23 15:24:41,542 [INFO] IPUIPlugin:80 - create IPUIPlugin
2025-12-23 15:24:41,544 [INFO] PluginManager:220 - loadIPPluginJar : add plateformsettings
2025-12-23 15:24:41,546 [INFO] IPUIPlugin:80 - create IPUIPlugin
2025-12-23 15:24:41,546 [INFO] PluginManager:220 - loadIPPluginJar : add ipddr
2025-12-23 15:24:41,547 [INFO] IPUIPlugin:80 - create IPUIPlugin
2025-12-23 15:24:41,547 [INFO] PluginManager:220 - loadIPPluginJar : add usart
2025-12-23 15:24:41,547 [INFO] IPUIPlugin:80 - create IPUIPlugin
2025-12-23 15:24:41,548 [INFO] PluginManager:220 - loadIPPluginJar : add ltdc
2025-12-23 15:24:41,549 [INFO] IPUIPlugin:80 - create IPUIPlugin
2025-12-23 15:24:41,549 [INFO] PluginManager:220 - loadIPPluginJar : add nvic
2025-12-23 15:24:41,549 [INFO] IPUIPlugin:80 - create IPUIPlugin
2025-12-23 15:24:41,549 [INFO] PluginManager:220 - loadIPPluginJar : add fatfs
2025-12-23 15:24:41,553 [INFO] IPUIPlugin:80 - create IPUIPlugin
2025-12-23 15:24:41,553 [INFO] PluginManager:220 - loadIPPluginJar : add linkedlist
2025-12-23 15:24:41,555 [INFO] IPUIPlugin:80 - create IPUIPlugin
2025-12-23 15:24:41,556 [INFO] PluginManager:220 - loadIPPluginJar : add dma
2025-12-23 15:24:41,557 [INFO] IPUIPlugin:80 - create IPUIPlugin
2025-12-23 15:24:41,557 [INFO] PluginManager:220 - loadIPPluginJar : add fmc
2025-12-23 15:24:41,558 [INFO] IPUIPlugin:80 - create IPUIPlugin
2025-12-23 15:24:41,558 [INFO] PluginManager:220 - loadIPPluginJar : add i2s
2025-12-23 15:24:41,559 [INFO] IPUIPlugin:80 - create IPUIPlugin
2025-12-23 15:24:41,559 [INFO] PluginManager:220 - loadIPPluginJar : add ucpd
2025-12-23 15:24:41,560 [INFO] IPUIPlugin:80 - create IPUIPlugin
2025-12-23 15:24:41,560 [INFO] PluginManager:220 - loadIPPluginJar : add lorawan
2025-12-23 15:24:41,561 [INFO] IPUIPlugin:80 - create IPUIPlugin
2025-12-23 15:24:41,561 [INFO] PluginManager:220 - loadIPPluginJar : add opamp
2025-12-23 15:24:41,562 [INFO] IPUIPlugin:80 - create IPUIPlugin
2025-12-23 15:24:41,562 [INFO] PluginManager:220 - loadIPPluginJar : add i3c
2025-12-23 15:24:41,564 [INFO] IPUIPlugin:80 - create IPUIPlugin
2025-12-23 15:24:41,564 [INFO] PluginManager:220 - loadIPPluginJar : add touchsensing
2025-12-23 15:24:41,565 [INFO] IPUIPlugin:80 - create IPUIPlugin
2025-12-23 15:24:41,565 [INFO] PluginManager:220 - loadIPPluginJar : add i2c
2025-12-23 15:24:41,566 [INFO] IPUIPlugin:80 - create IPUIPlugin
2025-12-23 15:24:41,566 [INFO] PluginManager:220 - loadIPPluginJar : add resmgrutility
2025-12-23 15:24:41,568 [INFO] IPUIPlugin:80 - create IPUIPlugin
2025-12-23 15:24:41,568 [INFO] PluginManager:220 - loadIPPluginJar : add sai
2025-12-23 15:24:41,569 [INFO] IPUIPlugin:80 - create IPUIPlugin
2025-12-23 15:24:41,569 [INFO] PluginManager:220 - loadIPPluginJar : add usbx
2025-12-23 15:24:41,658 [FATAL] Updater:351 - Updater called before beeing initialized
2025-12-23 15:24:41,691 [INFO] RulesReader:64 - Compatibility file has been processed (317 Rules)
2025-12-23 15:24:41,701 [INFO] RulesReader:64 - Compatibility file has been processed (317 Rules)
2025-12-23 15:24:41,707 [INFO] CADModel:165 - CPN selected for project level
2025-12-23 15:24:41,708 [INFO] CADModel:114 - Register for checkConnection events
2025-12-23 15:24:41,708 [FATAL] Updater:351 - Updater called before beeing initialized
2025-12-23 15:24:41,708 [ERROR] CADModel:125 - Updater not yet initialized, retry later 
2025-12-23 15:24:41,815 [FATAL] Updater:351 - Updater called before beeing initialized
2025-12-23 15:24:41,816 [INFO] CADModel:165 - CPN selected for project level
2025-12-23 15:24:41,816 [INFO] CADModel:114 - Register for checkConnection events
2025-12-23 15:24:41,816 [FATAL] Updater:351 - Updater called before beeing initialized
2025-12-23 15:24:41,816 [ERROR] CADModel:125 - Updater not yet initialized, retry later 
2025-12-23 15:24:41,818 [FATAL] Updater:351 - Updater called before beeing initialized
2025-12-23 15:24:41,871 [FATAL] Updater:351 - Updater called before beeing initialized
2025-12-23 15:24:41,873 [INFO] DbMcusAds:53 - JSON generation date=Mon Dec 15 17:11:46 CST 2025 (1765840306612)
2025-12-23 15:24:41,873 [FATAL] Updater:351 - Updater called before beeing initialized
2025-12-23 15:24:41,909 [WARN] DetailPanel:346 - Failed to get advertising image, set to default
2025-12-23 15:24:41,973 [FATAL] Updater:351 - Updater called before beeing initialized
2025-12-23 15:24:41,974 [FATAL] Updater:351 - Updater called before beeing initialized
2025-12-23 15:24:41,974 [FATAL] Updater:351 - Updater called before beeing initialized
2025-12-23 15:24:41,974 [WARN] DetailPanel:346 - Failed to get advertising image, set to default
2025-12-23 15:24:41,975 [FATAL] Updater:351 - Updater called before beeing initialized
2025-12-23 15:24:41,993 [ERROR] Updater:1198 - MainUpdater not yet initialized. External WinMGr cannot be set.
2025-12-23 15:24:41,994 [INFO] Updater:1134 - Updater Version found : 6.15.0
2025-12-23 15:24:42,003 [INFO] ApplicationProperties:184 - Using Application install path: /Applications/STM32CubeIDE.app/Contents/Eclipse/plugins/com.st.stm32cube.common.mx_6.15.0.202507011659
2025-12-23 15:24:42,316 [INFO] MainUpdater:2872 - connection check result : 10
2025-12-23 15:24:42,316 [INFO] MainUpdater:289 - Updater Check For Update Now.
2025-12-23 15:24:42,316 [INFO] MicroXplorer:498 - Change Database Version : DB.6.0.150
2025-12-23 15:24:42,320 [INFO] McuFinderGlobals:63 - Set McuFinder mode to 2 (CubeIDE integrated)
2025-12-23 15:24:42,320 [INFO] UserAuth:171 - activating auth plugin
2025-12-23 15:24:42,321 [INFO] UserAuth:487 - Internet connection configuration mode: 1
2025-12-23 15:24:42,331 [INFO] JxBrowserEngine:152 - Initiate JxBrowser Engine with user profile folder
2025-12-23 15:24:42,474 [INFO] CheckServerUpdateThread:120 - End of CheckServer Thread
2025-12-23 15:24:42,961 [INFO] WebApp:169 - Instantiating new browser for Auth
2025-12-23 15:24:43,483 [INFO] McuFinderGlobals:63 - Set McuFinder mode to 2 (CubeIDE integrated)
2025-12-23 15:24:43,490 [INFO] MainUpdater:2872 - connection check result : 10
2025-12-23 15:24:43,524 [INFO] MainUpdater:2872 - connection check result : 10
2025-12-23 15:24:43,722 [INFO] WebApp:463 - Apply proxy settings
2025-12-23 15:24:43,741 [INFO] WebApp:508 - Chromium authenticates against Manually configured proxy
2025-12-23 15:24:43,778 [INFO] WebApp:516 - Username used for proxy authentication: 
2025-12-23 15:24:43,789 [INFO] MicroXplorer:468 - Change Database Path : 
2025-12-23 15:24:43,794 [INFO] MicroXplorer:498 - Change Database Version : DB.6.0.150
2025-12-23 15:24:43,798 [WARN] ThirdParty:871 - waiting for thirdparty lock release [close project]
2025-12-23 15:24:43,808 [INFO] WebApp:900 - Register for checkConnection events
2025-12-23 15:24:43,832 [INFO] WebApp:463 - Apply proxy settings
2025-12-23 15:24:43,836 [INFO] WebApp:508 - Chromium authenticates against Manually configured proxy
2025-12-23 15:24:43,855 [INFO] WebApp:516 - Username used for proxy authentication: 
2025-12-23 15:24:43,980 [INFO] WebApp:225 - Starting web application
2025-12-23 15:24:43,991 [INFO] WebApp:593 - Web application path used /Applications/STM32CubeIDE.app/Contents/Eclipse/plugins/com.st.stm32cube.common.mx_6.15.0.202507011659/db/plugins/mcufinder/reactClient1/index.html
2025-12-23 15:24:44,641 [INFO] WebApp:191 - Connection restablished
2025-12-23 15:24:47,013 [WARN] PackLoader:240 - Cannot read IP mode file for STMicroelectronics.FP-SNS-MOTENVWB1.1.4.0
2025-12-23 15:24:47,033 [WARN] PackLoader:240 - Cannot read IP mode file for STMicroelectronics.FP-ATR-ASTRA1.2.0.2
2025-12-23 15:24:47,037 [WARN] PackLoader:240 - Cannot read IP mode file for STMicroelectronics.X-CUBE-SMBUS.2.1.0
2025-12-23 15:24:47,058 [WARN] PackLoader:240 - Cannot read IP mode file for STMicroelectronics.X-CUBE-AZRTOS-F7.1.1.0
2025-12-23 15:24:47,080 [WARN] PackLoader:240 - Cannot read IP mode file for STMicroelectronics.FP-SNS-MOTENV1.5.1.0
2025-12-23 15:24:47,109 [WARN] PackLoader:240 - Cannot read IP mode file for WES.I-CUBE-Cesium.1.4.0
2025-12-23 15:24:47,140 [WARN] PackLoader:240 - Cannot read IP mode file for STMicroelectronics.X-CUBE-AZRTOS-H7.3.4.0
2025-12-23 15:24:47,160 [WARN] PackLoader:240 - Cannot read IP mode file for STMicroelectronics.X-CUBE-DISPLAY.3.0.0
2025-12-23 15:24:47,200 [WARN] PackLoader:240 - Cannot read IP mode file for STMicroelectronics.X-CUBE-NFC10.1.0.0
2025-12-23 15:24:47,203 [WARN] PackLoader:240 - Cannot read IP mode file for STMicroelectronics.X-CUBE-ST60.1.1.0
2025-12-23 15:24:47,207 [WARN] PackLoader:240 - Cannot read IP mode file for emotas.I-CUBE-CANOPEN.1.3.0
2025-12-23 15:24:47,211 [WARN] PackLoader:240 - Cannot read IP mode file for STMicroelectronics.X-CUBE-GNSS1.7.1.0
2025-12-23 15:24:47,234 [WARN] PackLoader:240 - Cannot read IP mode file for STMicroelectronics.FP-SNS-STBOX1.2.1.0
2025-12-23 15:24:47,253 [WARN] PackLoader:240 - Cannot read IP mode file for STMicroelectronics.FP-SNS-SMARTAG2.1.2.0
2025-12-23 15:24:47,255 [WARN] PackLoader:240 - Cannot read IP mode file for STMicroelectronics.FP-SNS-FLIGHT1.5.1.0
2025-12-23 15:24:47,260 [INFO] LogOutputStream:77 - [STDOUT_REDIRECT] 1 : Invalid condition id : UX_CORESTACK_Condition cause : null
2025-12-23 15:24:47,278 [INFO] LogOutputStream:77 - [STDOUT_REDIRECT] 1 : Invalid condition id : UX_CORESTACK_Condition cause : null
2025-12-23 15:24:47,279 [INFO] LogOutputStream:77 - [STDOUT_REDIRECT] 1 : Invalid condition id : UX_CORESTACK_Condition cause : null
2025-12-23 15:24:47,279 [INFO] LogOutputStream:77 - [STDOUT_REDIRECT] 1 : Invalid condition id : UX_CORESTACK_Condition cause : null
2025-12-23 15:24:47,280 [INFO] LogOutputStream:77 - [STDOUT_REDIRECT] 1 : Invalid condition id : UX_CORESTACK_Condition cause : null
2025-12-23 15:24:47,283 [WARN] PackLoader:240 - Cannot read IP mode file for STMicroelectronics.X-CUBE-AZRTOS-WL.2.0.0
2025-12-23 15:24:47,374 [WARN] PackLoader:240 - Cannot read IP mode file for STMicroelectronics.X-CUBE-AZRTOS-H7RS.1.2.0
2025-12-23 15:24:47,418 [WARN] PackLoader:240 - Cannot read IP mode file for STMicroelectronics.X-CUBE-BLE2.3.3.0
2025-12-23 15:24:47,721 [WARN] PackLoader:240 - Cannot read IP mode file for Infineon.AIROC-Wi-Fi-Bluetooth-STM32.1.8.0
2025-12-23 15:24:47,772 [WARN] PackLoader:240 - Cannot read IP mode file for STMicroelectronics.X-CUBE-NFC9.1.0.0
2025-12-23 15:24:47,831 [WARN] PackLoader:240 - Cannot read IP mode file for STMicroelectronics.X-CUBE-BLE1.7.1.0
2025-12-23 15:24:47,887 [WARN] PackLoader:240 - Cannot read IP mode file for wolfSSL.I-CUBE-wolfMQTT.1.19.2
2025-12-23 15:24:47,945 [WARN] PackLoader:240 - Cannot read IP mode file for STMicroelectronics.X-CUBE-FREERTOS.1.4.0
2025-12-23 15:24:47,983 [WARN] PackLoader:240 - Cannot read IP mode file for STMicroelectronics.X-CUBE-EEPRMA1.5.2.0
2025-12-23 15:24:47,986 [WARN] PackLoader:240 - Cannot read IP mode file for wolfSSL.I-CUBE-wolfSSL.5.8.4
2025-12-23 15:24:47,987 [WARN] PackLoader:240 - Cannot read IP mode file for Cesanta.I-CUBE-Mongoose.7.20.0
2025-12-23 15:24:47,989 [WARN] PackLoader:240 - Cannot read IP mode file for STMicroelectronics.X-CUBE-ST67W61.1.1.0
2025-12-23 15:24:48,010 [WARN] PackLoader:240 - Cannot read IP mode file for STMicroelectronics.X-CUBE-MEMS1.12.0.0
2025-12-23 15:24:48,076 [WARN] PackLoader:240 - Cannot read IP mode file for STMicroelectronics.X-CUBE-AZRTOS-G0.1.1.0
2025-12-23 15:24:48,083 [WARN] PackLoader:240 - Cannot read IP mode file for STMicroelectronics.X-CUBE-NFC4.3.0.0
2025-12-23 15:24:48,090 [WARN] PackLoader:240 - Cannot read IP mode file for EmbeddedOffice.I-CUBE-FS-RTOS.1.0.1
2025-12-23 15:24:48,094 [WARN] PackLoader:240 - Cannot read IP mode file for STMicroelectronics.X-CUBE-WB05N.2.0.0
2025-12-23 15:24:48,099 [WARN] PackLoader:240 - Cannot read IP mode file for wolfSSL.I-CUBE-wolfTPM.3.8.0
2025-12-23 15:24:48,103 [WARN] PackLoader:240 - Cannot read IP mode file for STMicroelectronics.X-CUBE-TCPP.4.2.0
2025-12-23 15:24:48,108 [WARN] PackLoader:240 - Cannot read IP mode file for RealThread.X-CUBE-RT-Thread_Nano.4.1.1
2025-12-23 15:24:48,112 [WARN] PackLoader:240 - Cannot read IP mode file for STMicroelectronics.FP-ATR-SIGFOX1.3.2.0
2025-12-23 15:24:48,138 [WARN] PackLoader:240 - Cannot read IP mode file for ITTIA_DB.I-CUBE-ITTIADB.8.9.0
2025-12-23 15:24:48,142 [WARN] PackLoader:240 - Cannot read IP mode file for STMicroelectronics.X-CUBE-AI.10.2.0
2025-12-23 15:24:48,160 [WARN] PackLoader:240 - Cannot read IP mode file for SEGGER.I-CUBE-embOS.1.3.1
2025-12-23 15:24:48,183 [WARN] PackLoader:240 - Cannot read IP mode file for STMicroelectronics.X-CUBE-ALGOBUILD.1.4.0
2025-12-23 15:24:48,186 [WARN] PackLoader:240 - Cannot read IP mode file for STMicroelectronics.X-CUBE-PM33A1.1.0.0
2025-12-23 15:24:48,194 [WARN] PackLoader:240 - Cannot read IP mode file for STMicroelectronics.X-CUBE-AZRTOS-F4.1.1.0
2025-12-23 15:24:48,198 [WARN] PackLoader:240 - Cannot read IP mode file for STMicroelectronics.X-CUBE-ISPU.2.1.0
2025-12-23 15:24:48,206 [WARN] PackLoader:240 - Cannot read IP mode file for STMicroelectronics.X-CUBE-IPS.3.2.0
2025-12-23 15:24:48,214 [WARN] PackLoader:240 - Cannot read IP mode file for STMicroelectronics.X-CUBE-NFC12.1.0.0
2025-12-23 15:24:48,225 [WARN] PackLoader:240 - Cannot read IP mode file for STMicroelectronics.X-CUBE-AZRTOS-L5.2.0.0
2025-12-23 15:24:48,230 [WARN] PackLoader:240 - Cannot read IP mode file for STMicroelectronics.X-CUBE-NFC6.3.1.0
2025-12-23 15:24:48,235 [WARN] PackLoader:240 - Cannot read IP mode file for STMicroelectronics.X-CUBE-TOUCHGFX.4.26.0
2025-12-23 15:24:48,238 [WARN] PackLoader:240 - Cannot read IP mode file for STMicroelectronics.FP-SNS-STAIOTCFT.1.0.0
2025-12-23 15:24:48,243 [WARN] PackLoader:240 - Cannot read IP mode file for STMicroelectronics.X-CUBE-DPower.1.3.0
2025-12-23 15:24:48,259 [WARN] ConditionMgr:438 - getConditionDescription Invalid condition id : LAN8742 Phy interface Condition cause : null
2025-12-23 15:24:48,260 [WARN] PackLoader:240 - Cannot read IP mode file for STMicroelectronics.X-CUBE-AZRTOS-L4.2.0.0
2025-12-23 15:24:48,261 [WARN] ConditionMgr:1044 - genDependencies : Invalid condition id : LAN8742 Phy interface Condition cause : null
2025-12-23 15:24:48,261 [WARN] ConditionMgr:1044 - genDependencies : Invalid condition id : LAN8742 Phy interface Condition cause : null
2025-12-23 15:24:48,262 [WARN] ConditionMgr:1044 - genDependencies : Invalid condition id : LAN8742 Phy interface Condition cause : null
2025-12-23 15:24:48,268 [WARN] PackLoader:240 - Cannot read IP mode file for STMicroelectronics.X-CUBE-SFXS2LP1.4.0.0
2025-12-23 15:24:48,275 [WARN] PackLoader:240 - Cannot read IP mode file for STMicroelectronics.X-CUBE-BLEMGR.4.1.0
2025-12-23 15:24:48,285 [WARN] ConditionMgr:438 - getConditionDescription Invalid condition id : UX DEVICE CLASS RTOS Condition cause : null
2025-12-23 15:24:48,285 [WARN] ConditionMgr:438 - getConditionDescription Invalid condition id : UX DEVICE CLASS RTOS Condition cause : null
2025-12-23 15:24:48,286 [WARN] PackLoader:240 - Cannot read IP mode file for STMicroelectronics.X-CUBE-AZRTOS-WB.2.0.0
2025-12-23 15:24:48,286 [WARN] ConditionMgr:1044 - genDependencies : Invalid condition id : UX DEVICE CLASS RTOS Condition cause : null
2025-12-23 15:24:48,286 [WARN] ConditionMgr:1044 - genDependencies : Invalid condition id : UX DEVICE CLASS RTOS Condition cause : null
2025-12-23 15:24:48,287 [WARN] ConditionMgr:1044 - genDependencies : Invalid condition id : UX DEVICE CLASS RTOS Condition cause : null
2025-12-23 15:24:48,287 [WARN] ConditionMgr:1044 - genDependencies : Invalid condition id : UX DEVICE CLASS RTOS Condition cause : null
2025-12-23 15:24:48,287 [WARN] ConditionMgr:1044 - genDependencies : Invalid condition id : UX DEVICE CLASS RTOS Condition cause : null
2025-12-23 15:24:48,291 [WARN] ConditionMgr:438 - getConditionDescription Invalid condition id : Cortex-A Device cause : null
2025-12-23 15:24:48,299 [WARN] ConditionMgr:1044 - genDependencies : Invalid condition id : Cortex-A Device cause : null
2025-12-23 15:24:48,299 [WARN] ConditionMgr:1044 - genDependencies : Invalid condition id : Cortex-A Device cause : null
2025-12-23 15:24:48,299 [WARN] ConditionMgr:1044 - genDependencies : Invalid condition id : Cortex-A Device cause : null
2025-12-23 15:24:48,305 [WARN] PackLoader:240 - Cannot read IP mode file for STMicroelectronics.X-CUBE-SUBG2.5.0.0
2025-12-23 15:24:48,318 [WARN] PackLoader:240 - Cannot read IP mode file for STMicroelectronics.X-CUBE-AZRTOS-G4.2.0.0
2025-12-23 15:24:48,321 [WARN] PackLoader:240 - Cannot read IP mode file for wolfSSL.I-CUBE-wolfSSH.1.4.20
2025-12-23 15:24:48,323 [WARN] PackLoader:240 - Cannot read IP mode file for STMicroelectronics.X-CUBE-NFC7.2.0.0
2025-12-23 15:24:48,326 [WARN] PackLoader:240 - Cannot read IP mode file for STMicroelectronics.X-CUBE-ALS.1.0.2
2025-12-23 15:24:48,330 [WARN] PackLoader:240 - Cannot read IP mode file for STMicroelectronics.X-CUBE-STSE01.1.0.0
2025-12-23 15:24:48,338 [WARN] PackLoader:240 - Cannot read IP mode file for STMicroelectronics.X-CUBE-TOF1.3.4.3
2025-12-23 15:24:48,345 [INFO] ThirdParty:978 - Integrity check success = true
2025-12-23 15:24:48,345 [INFO] IntegrityCheckThread:100 - exiting critical section [integrity check]
2025-12-23 15:24:48,345 [INFO] IntegrityCheckThread:103 - End integrity checks thread
2025-12-23 15:24:48,345 [INFO] ThirdParty:873 - entering critical section [close project]
2025-12-23 15:24:48,346 [INFO] ThirdParty:883 - exiting critical section [close project]
2025-12-23 15:24:48,348 [INFO] PinOutPanel:1589 - setPackage(No Configuration,No Configuration)
2025-12-23 15:24:48,350 [INFO] UtilMem:75 - Begin LoadConfig() Used Memory: 201103120 Bytes (281018368)
2025-12-23 15:24:48,351 [INFO] MicroXplorer:468 - Change Database Path : 
2025-12-23 15:24:48,351 [INFO] MicroXplorer:498 - Change Database Version : DB.6.0.150
2025-12-23 15:24:48,352 [INFO] OpenFileManager:355 - Change cursor
2025-12-23 15:24:48,369 [INFO] Mcu:2029 - Initializing MCU STM32L431C(B-C)Tx STM32L431CBTx STM32L431CBT6
2025-12-23 15:24:49,183 [INFO] Context:786 - Trying to add GPIOservice into a context  which must be forbidden
2025-12-23 15:24:49,561 [INFO] ImportTextPane:234 - (OptionalMessage_ERROR) Pin29 (VP_RIF_VS_RIF1) cannot be retrieved for this MCU
2025-12-23 15:24:49,691 [INFO] RtosManager:558 - Registered RTOS mode: class=CMSIS, group=RTOS, mode=CMSIS_V1, owner=FREERTOS
2025-12-23 15:24:49,691 [INFO] RtosManager:558 - Registered RTOS mode: class=CMSIS, group=RTOS2, mode=CMSIS_V2, owner=FREERTOS
2025-12-23 15:24:49,691 [INFO] RtosManager:558 - Registered RTOS mode: class=RTOS, group=Core, mode=CMSIS_V1, owner=FREERTOS
2025-12-23 15:24:49,691 [INFO] RtosManager:558 - Registered RTOS mode: class=RTOS, group=Core, mode=CMSIS_V2, owner=FREERTOS
2025-12-23 15:24:49,691 [WARN] ModelIntegratedComponent:184 - Missing modes for component STMicroelectronics:FreeRTOS:0.0.1:STMicroelectronics:RTOS:FreeRTOS:Core:::10.2.0:
2025-12-23 15:24:49,705 [WARN] ModelIntegratedComponent:63 - No mode defined for component null
2025-12-23 15:24:49,705 [WARN] ModelIntegratedComponent:63 - No mode defined for component null
2025-12-23 15:24:49,705 [WARN] ModelIntegratedComponent:63 - No mode defined for component null
2025-12-23 15:24:49,705 [WARN] ModelIntegratedComponent:63 - No mode defined for component null
2025-12-23 15:24:49,705 [WARN] ModelIntegratedComponent:63 - No mode defined for component null
2025-12-23 15:24:49,705 [WARN] ModelIntegratedComponent:63 - No mode defined for component null
2025-12-23 15:24:49,706 [WARN] ModelIntegratedComponent:63 - No mode defined for component null
2025-12-23 15:24:49,706 [WARN] ModelIntegratedComponent:63 - No mode defined for component null
2025-12-23 15:24:49,706 [WARN] ModelIntegratedComponent:63 - No mode defined for component null
2025-12-23 15:24:49,706 [WARN] ModelIntegratedComponent:63 - No mode defined for component null
2025-12-23 15:24:49,706 [WARN] ModelIntegratedComponent:63 - No mode defined for component null
2025-12-23 15:24:49,706 [WARN] ModelIntegratedComponent:63 - No mode defined for component null
2025-12-23 15:24:49,706 [WARN] ModelIntegratedComponent:63 - No mode defined for component null
2025-12-23 15:24:49,706 [WARN] ModelIntegratedComponent:63 - No mode defined for component null
2025-12-23 15:24:49,706 [WARN] ModelIntegratedComponent:63 - No mode defined for component null
2025-12-23 15:24:49,706 [WARN] ModelIntegratedComponent:63 - No mode defined for component null
2025-12-23 15:24:49,706 [WARN] ModelIntegratedComponent:63 - No mode defined for component null
2025-12-23 15:24:49,706 [WARN] ModelIntegratedComponent:63 - No mode defined for component null
2025-12-23 15:24:49,707 [WARN] ModelIntegratedComponent:63 - No mode defined for component null
2025-12-23 15:24:49,707 [WARN] ModelIntegratedComponent:63 - No mode defined for component null
2025-12-23 15:24:49,707 [WARN] ModelIntegratedComponent:63 - No mode defined for component null
2025-12-23 15:24:49,707 [WARN] ModelIntegratedComponent:63 - No mode defined for component null
2025-12-23 15:24:49,707 [WARN] ModelIntegratedComponent:63 - No mode defined for component null
2025-12-23 15:24:49,707 [WARN] ModelIntegratedComponent:63 - No mode defined for component null
2025-12-23 15:24:49,707 [WARN] ModelIntegratedComponent:63 - No mode defined for component null
2025-12-23 15:24:49,707 [WARN] ModelIntegratedComponent:63 - No mode defined for component null
2025-12-23 15:24:49,707 [WARN] ModelIntegratedComponent:63 - No mode defined for component null
2025-12-23 15:24:49,707 [WARN] ModelIntegratedComponent:63 - No mode defined for component null
2025-12-23 15:24:49,707 [WARN] ModelIntegratedComponent:63 - No mode defined for component null
2025-12-23 15:24:49,707 [WARN] ModelIntegratedComponent:63 - No mode defined for component null
2025-12-23 15:24:49,707 [WARN] ModelIntegratedComponent:63 - No mode defined for component null
2025-12-23 15:24:49,707 [WARN] ModelIntegratedComponent:63 - No mode defined for component null
2025-12-23 15:24:49,707 [WARN] ModelIntegratedComponent:63 - No mode defined for component null
2025-12-23 15:24:49,707 [WARN] ModelIntegratedComponent:63 - No mode defined for component null
2025-12-23 15:24:49,707 [WARN] ModelIntegratedComponent:63 - No mode defined for component null
2025-12-23 15:24:49,708 [WARN] ModelPack:524 - Component already loaded: STMicroelectronics:HAL Drivers:0.0.0:STMicroelectronics:Device:STMicro_Driver:XSPI:HAL::0.0.1:HAL_XSPI
2025-12-23 15:24:49,737 [INFO] ThirdPartyModel:298 - Start build external matchings
2025-12-23 15:24:50,001 [INFO] ThirdPartyModel:316 - End build external matchings
2025-12-23 15:24:50,016 [INFO] ImportTextPane:234 - (OptionalMessage_ERROR) IP (ADC1) : Parameter (CommonPathInternal) has invalid value (null|null|null|null)
2025-12-23 15:24:50,016 [INFO] ImportTextPane:234 - (OptionalMessage_ERROR) IP (DMA) : Parameter (Instance) has Id (ADC1) currently not set
2025-12-23 15:24:50,016 [INFO] ImportTextPane:234 - (OptionalMessage_ERROR) IP (DMA) : Parameter (Request) has Id (ADC1) currently not set
2025-12-23 15:24:50,016 [INFO] ImportTextPane:234 - (OptionalMessage_ERROR) IP (DMA) : Parameter (Direction) has Id (ADC1) currently not set
2025-12-23 15:24:50,017 [INFO] ImportTextPane:234 - (OptionalMessage_ERROR) IP (DMA) : Parameter (PeriphInc) has Id (ADC1) currently not set
2025-12-23 15:24:50,017 [INFO] ImportTextPane:234 - (OptionalMessage_ERROR) IP (DMA) : Parameter (MemInc) has Id (ADC1) currently not set
2025-12-23 15:24:50,017 [INFO] ImportTextPane:234 - (OptionalMessage_ERROR) IP (DMA) : Parameter (PeriphDataAlignment) has Id (ADC1) currently not set
2025-12-23 15:24:50,017 [INFO] ImportTextPane:234 - (OptionalMessage_ERROR) IP (DMA) : Parameter (MemDataAlignment) has Id (ADC1) currently not set
2025-12-23 15:24:50,017 [INFO] ImportTextPane:234 - (OptionalMessage_ERROR) IP (DMA) : Parameter (Mode) has Id (ADC1) currently not set
2025-12-23 15:24:50,017 [INFO] ImportTextPane:234 - (OptionalMessage_ERROR) IP (DMA) : Parameter (Priority) has Id (ADC1) currently not set
2025-12-23 15:24:50,019 [INFO] ImportTextPane:234 - (OptionalMessage_ERROR) IP (RCC) : Invalid parameter (FamilyName)
2025-12-23 15:24:50,504 [INFO] ApiDb:581 - Connected to CubeFinder SQLite database (/Users/karthikkurapati/.stmcufinder/plugins/mcufinder/mcu/cube-finder-db.db)
2025-12-23 15:24:50,552 [INFO] ApiDb:668 - CubeFinder database Data Model version=2.1
2025-12-23 15:24:50,553 [INFO] ApiDb:669 - CubeFinder database Configuration version=3.0.39
2025-12-23 15:24:50,553 [INFO] ApiDb:670 - CubeFinder database generation date=2025-11-05 (1762334721)
2025-12-23 15:24:50,553 [INFO] ApiDb:671 - CubeFinder database FW Pack versions=[FP-ATR-ASTRA1_V2.0.0, FP-SNS-FLIGHT1_V5.1.0, FP-SNS-MOTENV1_V5.1.0, FP-SNS-MOTENVWB1_V1.4.0, FP-SNS-SMARTAG2_V1.2.0, FP-SNS-STBOX1_V2.1.0, STM32Cube_FW_C0_V1.4.0, STM32Cube_FW_F4_V1.28.3, STM32Cube_FW_F7_V1.17.4, STM32Cube_FW_G0_V1.6.2, STM32Cube_FW_G4_V1.6.1, STM32Cube_FW_H5_V1.5.1, STM32Cube_FW_H7RS_V1.3.0, STM32Cube_FW_H7_V1.12.1, STM32Cube_FW_L0_V1.12.2, STM32Cube_FW_L4_V1.18.1, STM32Cube_FW_L5_V1.6.0, STM32Cube_FW_N6_V1.3.0, STM32Cube_FW_U0_V1.3.0, STM32Cube_FW_U3_V1.2.1, STM32Cube_FW_U5_V1.8.0, STM32Cube_FW_WB0_V1.4.0, STM32Cube_FW_WBA_V1.8.0, STM32Cube_FW_WB_V1.24.0, STM32Cube_FW_WL3_V1.3.0, STM32Cube_FW_WL_V1.4.0, X-CUBE-ALGOBUILD_V1.4.0, X-CUBE-ALS_V1.0.2, X-CUBE-AZRTOS-F4_V1.1.0, X-CUBE-AZRTOS-F7_V1.1.0, X-CUBE-AZRTOS-G0_V1.1.0, X-CUBE-AZRTOS-G4_V2.0.0, X-CUBE-AZRTOS-H7RS_V1.1.0, X-CUBE-AZRTOS-H7_V3.4.0, X-CUBE-AZRTOS-L4_V2.0.0, X-CUBE-AZRTOS-L5_V2.0.0, X-CUBE-AZRTOS-WB_V2.0.0, X-CUBE-AZRTOS-WL_V2.0.0, X-CUBE-BLE1_V7.1.0, X-CUBE-BLE2_V3.3.0, X-CUBE-BLEMGR_V4.1.0, X-CUBE-EEPRMA1_V5.2.0, X-CUBE-FREERTOS_V1.3.1, X-CUBE-GNSS1_V6.0.0, X-CUBE-MEMS1_V11.3.0, X-CUBE-NFC4_V3.0.0, X-CUBE-NFC7_V2.0.0, X-CUBE-SFXS2LP1_V4.0.0, X-CUBE-ST67W61_V1.1.0, X-CUBE-SUBG2_V5.0.0, X-CUBE-TOF1_V3.4.3]
2025-12-23 15:24:50,592 [INFO] DbBoardsSqlite:226 - include board P-NUCLEO-WB55-NUCLEO as a kit item of type 'Nucleo-64'
2025-12-23 15:24:50,593 [INFO] DbBoardsSqlite:226 - include board P-NUCLEO-WB55-USBDONGLE as a kit item of type 'Nucleo USB Dongle'
2025-12-23 15:24:50,593 [INFO] DbBoardsSqlite:226 - include board STEVAL-IDP005V1 as a kit item of type 'Evaluation Board'
2025-12-23 15:24:50,593 [INFO] DbBoardsSqlite:226 - include board STEVAL-IDP005V2 as a kit item of type 'Evaluation Board'
2025-12-23 15:24:50,626 [INFO] ApiDb:240 - Found 880 in-development CPN: [B-G473E-ZEST1S, B-WB1M-WPAN1, B-WBA5M-WPAN, B-WL5M-SUBG1, NUCLEO-C031C6, NUCLEO-C051C8, NUCLEO-C071RB, NUCLEO-C092RC, NUCLEO-H503RB, NUCLEO-H533RE, NUCLEO-H563ZI, NUCLEO-H7S3L8, NUCLEO-N657X0-Q, NUCLEO-U031R8, NUCLEO-U083RC, NUCLEO-U385RG-Q, NUCLEO-U545RE-Q, NUCLEO-U5A5ZJ-Q, NUCLEO-WB05KZ, NUCLEO-WB07CC, NUCLEO-WB09KE, NUCLEO-WBA52CG, NUCLEO-WBA55CG, NUCLEO-WL33CC1, NUCLEO-WL33CC2, STEVAL-PROTEUS1, STEVAL-SMARTAG2, STEVAL-STWINBX1, STM320518-EVAL, STM32C0116-DK, STM32C011D6Y3TR, STM32C011D6Y6TR, STM32C011F4P3, STM32C011F4P6, STM32C011F4U3, STM32C011F4U6TR, STM32C011F6P3, STM32C011F6P6, STM32C011F6U3, STM32C011F6U6TR, STM32C011J4M3, STM32C011J4M6, STM32C011J6M3, STM32C011J6M6, STM32C0316-DK, STM32C031C4T3, STM32C031C4T6, STM32C031C4U3, STM32C031C4U6, STM32C031C6T3, STM32C031C6T6, STM32C031C6U3, STM32C031C6U6, STM32C031F4P3, STM32C031F4P6, STM32C031F6P3, STM32C031F6P6, STM32C031G4U3, STM32C031G4U6, STM32C031G6U3, STM32C031G6U6, STM32C031K4T3, STM32C031K4T6, STM32C031K4U3, STM32C031K4U6, STM32C031K6T3, STM32C031K6T6, STM32C031K6U3, STM32C031K6U6, STM32C051C6T6, STM32C051C6U6, STM32C051C8T6, STM32C051C8U6, STM32C051D8Y6TR, STM32C051F6P6, STM32C051F8P6, STM32C051G6U6, STM32C051G8U6, STM32C051K6T6, STM32C051K6U6, STM32C051K8T6, STM32C071C8T6, STM32C071C8T6N, STM32C071C8U6, STM32C071C8U6N, STM32C071CBT6, STM32C071CBT6N, STM32C071CBU6, STM32C071CBU6N, STM32C071F8P6, STM32C071F8P6N, STM32C071FBP6, STM32C071FBP6N, STM32C071FBY6TR, STM32C071G8U6, STM32C071G8U6N, STM32C071GBU6, STM32C071GBU6N, STM32C071K8T6, STM32C071K8T6N, STM32C071K8U6, STM32C071K8U6N, STM32C071KBT6, STM32C071KBT6N, STM32C071KBU6, STM32C071KBU6N, STM32C071R8T6, STM32C071R8T6N, STM32C071RBI6N, STM32C071RBT6, STM32C071RBT6N, STM32C091CBT6, STM32C091CBU6, STM32C091CCT6, STM32C091CCU6, STM32C091ECY6TR, STM32C091FBP6, STM32C091FCP6, STM32C091GBU6, STM32C091GCU6, STM32C091KBT6, STM32C091KBU6, STM32C091KCT6, STM32C091KCU6, STM32C091RBT6, STM32C091RCI6, STM32C091RCT6, STM32C092CBT6, STM32C092CBU6, STM32C092CCT6, STM32C092CCU6, STM32C092ECY6TR, STM32C092FBP6, STM32C092FCP6, STM32C092GBU6, STM32C092GCU6, STM32C092KBT6, STM32C092KBU6, STM32C092KCT6, STM32C092KCU6, STM32C092RBT6, STM32C092RCI6, STM32C092RCT6, STM32G071K8TXN, STM32G071K8UXN, STM32G081GBU6N, STM32G081KBT6N, STM32G081KBUXN, STM32G0B1CCT6N, STM32G0B1KCT6, STM32G0B1NEY6TR, STM32G0B1RCT6N, STM32G0C1CCT6, STM32G0C1CCT6N, STM32G0C1CCU6N, STM32G0C1CET6N, STM32G0C1CEU6N, STM32G0C1KCT6, STM32G0C1NEY6TR, STM32G0C1RCI6N, STM32G0C1RCT6N, STM32G0C1REI6N, STM32G0C1RET6N, STM32G0C1VCI6, STM32G0C1VEI6, STM32G411C6T3, STM32G411C6T6, STM32G411C6U3, STM32G411C6U6, STM32G411C8T3, STM32G411C8T6, STM32G411C8U3, STM32G411C8U6, STM32G411CBT3, STM32G411CBT6, STM32G411CBU3, STM32G411CBU6, STM32G411K6T3, STM32G411K6T6, STM32G411K6U3, STM32G411K6U6, STM32G411K8T3, STM32G411K8T6, STM32G411K8U3, STM32G411K8U6, STM32G411KBT3, STM32G411KBT6, STM32G411KBU3, STM32G411KBU6, STM32G411M6T3, STM32G411M6T6, STM32G411M8T3, STM32G411M8T6, STM32G411MBT3, STM32G411MBT6, STM32G411R6T3, STM32G411R6T6, STM32G411R8T3, STM32G411R8T6, STM32G411RBT3, STM32G411RBT6, STM32G414CBT3, STM32G414CBT6, STM32G414CBU3, STM32G414CBU6, STM32G414CCT3, STM32G414CCT6, STM32G414CCU3, STM32G414CCU6, STM32G414MBT3, STM32G414MBT6, STM32G414MCT3, STM32G414MCT6, STM32G414RBT3, STM32G414RBT6, STM32G414RCT3, STM32G414RCT6, STM32G414VBT3, STM32G414VBT6, STM32G414VCT3, STM32G414VCT6, STM32G431CBT3Z, STM32G431RBT3Z, STM32G471CCT6, STM32G471CCU6, STM32G471CET3, STM32G471CET6, STM32G471CEU3, STM32G471CEU6, STM32G471MCT6, STM32G471MET3, STM32G471MET6, STM32G471MEY6TR, STM32G471QCT6, STM32G471QET3, STM32G471RCT6, STM32G471RET3, STM32G471RET6, STM32G471VCH6, STM32G471VCI6, STM32G471VCT6, STM32G471VEH3, STM32G471VEH6, STM32G471VEI3, STM32G471VEI6, STM32G471VET3, STM32G471VET6, STM32G473QET3Z, STM32G473RET3Z, STM32G474CCT6, STM32G491RET3Z, STM32H503CBT6, STM32H503CBU6, STM32H503EBY6TR, STM32H503KBU6, STM32H503RBT6, STM32H523CCT6, STM32H523CCU6, STM32H523CET6, STM32H523CEU6, STM32H523HEY6TR, STM32H523RCT6, STM32H523RET6, STM32H523VCI6, STM32H523VCT6, STM32H523VEI6, STM32H523VET6, STM32H523ZCJ6, STM32H523ZCT6, STM32H523ZEJ6, STM32H523ZET6, STM32H533CET6, STM32H533CEU6, STM32H533HEY6TR, STM32H533RET6, STM32H533VEI6, STM32H533VET6, STM32H533ZEJ6, STM32H533ZET6, STM32H562AGI6, STM32H562AII6, STM32H562IGK6, STM32H562IGT6, STM32H562IIK6, STM32H562IIT6, STM32H562RGT6, STM32H562RGV6, STM32H562RIT6, STM32H562RIV6, STM32H562VGT6, STM32H562VIT6, STM32H562ZGT6, STM32H562ZIT6, STM32H563AGI6, STM32H563AII3Q, STM32H563AII6, STM32H563IGK6, STM32H563IGT6, STM32H563IIK3Q, STM32H563IIK6, STM32H563IIT3Q, STM32H563IIT6, STM32H563MIY3QTR, STM32H563RGT6, STM32H563RGV6, STM32H563RIT6, STM32H563RIV6, STM32H563VGT6, STM32H563VIT3Q, STM32H563VIT6, STM32H563ZGT6, STM32H563ZIT3Q, STM32H563ZIT6, STM32H573AII3Q, STM32H573AII6, STM32H573I-DK, STM32H573IIK3Q, STM32H573IIK6, STM32H573IIT3Q, STM32H573IIT6, STM32H573MIY3QTR, STM32H573RIT6, STM32H573RIV6, STM32H573VIT3Q, STM32H573VIT6, STM32H573ZIT3Q, STM32H573ZIT6, STM32H7R3A8I6, STM32H7R3I8K6, STM32H7R3I8T6, STM32H7R3L8H6, STM32H7R3L8H6H, STM32H7R3R8V6, STM32H7R3V8H6, STM32H7R3V8T6, STM32H7R3V8Y6TR, STM32H7R3Z8J6, STM32H7R3Z8T6, STM32H7R7A8I6, STM32H7R7I8K6, STM32H7R7I8T6, STM32H7R7L8H6, STM32H7R7L8H6H, STM32H7R7Z8J6, STM32H7S3A8I6, STM32H7S3I8K6, STM32H7S3I8T6, STM32H7S3L8H6, STM32H7S3L8H6H, STM32H7S3R8V6, STM32H7S3V8H6, STM32H7S3V8T6, STM32H7S3V8Y6TR, STM32H7S3Z8J6, STM32H7S3Z8T6, STM32H7S78-DK, STM32H7S7A8I6, STM32H7S7I8K6, STM32H7S7I8T6, STM32H7S7L8H6, STM32H7S7L8H6H, STM32H7S7Z8J6, STM32L4R5QGI6STR, STM32MP131AAE3, STM32MP131AAF3, STM32MP131AAG3, STM32MP131CAE3, STM32MP131CAF3, STM32MP131CAG3, STM32MP131DAE7, STM32MP131DAF7, STM32MP131DAG7, STM32MP131FAE7, STM32MP131FAF7, STM32MP131FAG7, STM32MP133AAE3, STM32MP133AAF3, STM32MP133AAG3, STM32MP133CAE3, STM32MP133CAF3, STM32MP133CAG3, STM32MP133DAE7, STM32MP133DAF7, STM32MP133DAG7, STM32MP133FAE7, STM32MP133FAF7, STM32MP133FAG7, STM32MP135AAE3, STM32MP135AAF3, STM32MP135AAG3, STM32MP135CAE3, STM32MP135CAF3, STM32MP135CAG3, STM32MP135DAE7, STM32MP135DAF7, STM32MP135DAG7, STM32MP135F-DK, STM32MP135FAE7, STM32MP135FAF7, STM32MP135FAF7T, STM32MP135FAF7U, STM32MP135FAG7, STM32MP211AAL3, STM32MP211AAM3, STM32MP211AAN3, STM32MP211AAO3, STM32MP211CAL3, STM32MP211CAM3, STM32MP211CAN3, STM32MP211CAO3, STM32MP211DAL3, STM32MP211DAM3, STM32MP211DAN3, STM32MP211DAO3, STM32MP211FAL3, STM32MP211FAM3, STM32MP211FAN3, STM32MP211FAO3, STM32MP213AAL3, STM32MP213AAM3, STM32MP213AAN3, STM32MP213AAO3, STM32MP213CAL3, STM32MP213CAM3, STM32MP213CAN3, STM32MP213CAO3, STM32MP213DAL3, STM32MP213DAM3, STM32MP213DAN3, STM32MP213DAO3, STM32MP213FAL3, STM32MP213FAM3, STM32MP213FAN3, STM32MP213FAO3, STM32MP215AAL3, STM32MP215AAM3, STM32MP215AAN3, STM32MP215AAO3, STM32MP215CAL3, STM32MP215CAM3, STM32MP215CAN3, STM32MP215CAO3, STM32MP215DAL3, STM32MP215DAM3, STM32MP215DAN3, STM32MP215DAO3, STM32MP215F-DK, STM32MP215FAL3, STM32MP215FAM3, STM32MP215FAN3, STM32MP215FAO3, STM32MP231AAJ3, STM32MP231AAK3, STM32MP231AAL3, STM32MP231CAJ3, STM32MP231CAK3, STM32MP231CAL3, STM32MP231DAJ3, STM32MP231DAK3, STM32MP231DAL3, STM32MP231FAJ3, STM32MP231FAK3, STM32MP231FAL3, STM32MP233AAJ3, STM32MP233AAK3, STM32MP233AAL3, STM32MP233CAJ3, STM32MP233CAK3, STM32MP233CAL3, STM32MP233DAJ3, STM32MP233DAK3, STM32MP233DAL3, STM32MP233FAJ3, STM32MP233FAK3, STM32MP233FAL3, STM32MP235AAJ3, STM32MP235AAK3, STM32MP235AAL3, STM32MP235CAJ3, STM32MP235CAK3, STM32MP235CAL3, STM32MP235DAJ3, STM32MP235DAK3, STM32MP235DAL3, STM32MP235FAJ3, STM32MP235FAK3, STM32MP235FAL3, STM32MP251AAI3, STM32MP251AAK3, STM32MP251AAL3, STM32MP251CAI3, STM32MP251CAK3, STM32MP251CAL3, STM32MP251DAI3, STM32MP251DAK3, STM32MP251DAL3, STM32MP251FAI3, STM32MP251FAK3, STM32MP251FAL3, STM32MP253AAI3, STM32MP253AAK3, STM32MP253AAL3, STM32MP253CAI3, STM32MP253CAK3, STM32MP253CAL3, STM32MP253DAI3, STM32MP253DAK3, STM32MP253DAL3, STM32MP253FAI3, STM32MP253FAK3, STM32MP253FAL3, STM32MP255AAI3, STM32MP255AAK3, STM32MP255AAL3, STM32MP255CAI3, STM32MP255CAK3, STM32MP255CAL3, STM32MP255DAI3, STM32MP255DAK3, STM32MP255DAL3, STM32MP255FAI3, STM32MP255FAK3, STM32MP255FAL3, STM32MP257AAI3, STM32MP257AAK3, STM32MP257AAL3, STM32MP257CAI3, STM32MP257CAK3, STM32MP257CAL3, STM32MP257DAI3, STM32MP257DAK3, STM32MP257DAL3, STM32MP257F-DK, STM32MP257F-EV1, STM32MP257FAI3, STM32MP257FAK3, STM32MP257FAL3, STM32N645A0H3Q, STM32N645B0H3Q, STM32N645I0H3Q, STM32N645L0H3Q, STM32N645X0H3Q, STM32N645Z0H3Q, STM32N647A0H3Q, STM32N647B0H3Q, STM32N647I0H3Q, STM32N647L0H3Q, STM32N647X0H3Q, STM32N647Z0H3Q, STM32N655A0H3Q, STM32N655B0H3Q, STM32N655I0H3Q, STM32N655L0H3Q, STM32N655X0H3Q, STM32N655Z0H3Q, STM32N6570-DK, STM32N657A0H3Q, STM32N657B0H3Q, STM32N657I0H3Q, STM32N657L0H3Q, STM32N657X0H3Q, STM32N657Z0H3Q, STM32U031C6T6, STM32U031C6U6, STM32U031C8T6, STM32U031C8U6, STM32U031F4P6, STM32U031F6P6, STM32U031F8P6, STM32U031G6Y6TR, STM32U031G8Y6TR, STM32U031K4U6, STM32U031K6U6, STM32U031K8U6, STM32U031R6I6, STM32U031R6T6, STM32U031R8I6, STM32U031R8T6, STM32U073C8T6, STM32U073C8U6, STM32U073CBT6, STM32U073CBU6, STM32U073CCT6, STM32U073CCU6, STM32U073H8Y6TR, STM32U073HBY6TR, STM32U073HCY6TR, STM32U073K8U6, STM32U073KBU6, STM32U073KCU6, STM32U073M8I6, STM32U073M8T6, STM32U073MBI6, STM32U073MBT6, STM32U073MCI6, STM32U073MCT6, STM32U073R8I6, STM32U073R8T6, STM32U073RBI6, STM32U073RBT6, STM32U073RCI6, STM32U073RCT6, STM32U083C-DK, STM32U083CCT6, STM32U083CCU6, STM32U083HCY6TR, STM32U083KCU6, STM32U083MCI6, STM32U083MCT6, STM32U083RCI6, STM32U083RCT6, STM32U375CET6, STM32U375CET6Q, STM32U375CEU6, STM32U375CEU6Q, STM32U375CEY6QTR, STM32U375CGT6, STM32U375CGT6Q, STM32U375CGU6, STM32U375CGU6Q, STM32U375CGY6QTR, STM32U375KEU6, STM32U375KGU6, STM32U375REI6, STM32U375REI6Q, STM32U375RET6, STM32U375RET6Q, STM32U375REY6GTR, STM32U375REY6QTR, STM32U375RGI6, STM32U375RGI6Q, STM32U375RGT6, STM32U375RGT6Q, STM32U375RGY6GTR, STM32U375RGY6QTR, STM32U375VEI6, STM32U375VEI6Q, STM32U375VET6, STM32U375VET6Q, STM32U375VGI6, STM32U375VGI6Q, STM32U375VGT6, STM32U375VGT6Q, STM32U385CGT6, STM32U385CGT6Q, STM32U385CGU6, STM32U385CGU6Q, STM32U385CGY6QTR, STM32U385KGU6, STM32U385RGI6, STM32U385RGI6Q, STM32U385RGT6, STM32U385RGT6Q, STM32U385RGY6GTR, STM32U385RGY6QTR, STM32U385VGI6, STM32U385VGI6Q, STM32U385VGT6, STM32U385VGT6Q, STM32U535CBT6, STM32U535CBT6Q, STM32U535CBU6, STM32U535CBU6Q, STM32U535CCT6, STM32U535CCT6Q, STM32U535CCU6, STM32U535CCU6Q, STM32U535CET6, STM32U535CET6Q, STM32U535CEU6, STM32U535CEU6Q, STM32U535JEY6QTR, STM32U535NCY6QTR, STM32U535NEY6QTR, STM32U535RBI6, STM32U535RBI6Q, STM32U535RBT6, STM32U535RBT6Q, STM32U535RCI6, STM32U535RCI6Q, STM32U535RCT6, STM32U535RCT6Q, STM32U535REI6, STM32U535REI6Q, STM32U535RET6, STM32U535RET6Q, STM32U535VCI6, STM32U535VCI6Q, STM32U535VCT6, STM32U535VCT6Q, STM32U535VEI6, STM32U535VEI6Q, STM32U535VET6, STM32U535VET6Q, STM32U545CET6, STM32U545CET6Q, STM32U545CEU6, STM32U545CEU6Q, STM32U545JEY6QTR, STM32U545NEY6QTR, STM32U545REI6, STM32U545REI6Q, STM32U545RET6, STM32U545RET6Q, STM32U545VEI6, STM32U545VEI6Q, STM32U545VET6, STM32U545VET6Q, STM32U595AIH6, STM32U595AIH6Q, STM32U595AJH6, STM32U595AJH6Q, STM32U595QII6, STM32U595QII6Q, STM32U595QJI6, STM32U595QJI6Q, STM32U595RIT6, STM32U595RIT6Q, STM32U595RJT6, STM32U595RJT6Q, STM32U595VIT6, STM32U595VIT6Q, STM32U595VJT6, STM32U595VJT6Q, STM32U595ZIT6, STM32U595ZIT6Q, STM32U595ZIY6QTR, STM32U595ZJT6, STM32U595ZJT6Q, STM32U595ZJY6QTR, STM32U599BJY6QTR, STM32U599NIH6Q, STM32U599NJH6Q, STM32U599VIT6Q, STM32U599VJT6, STM32U599VJT6Q, STM32U599ZIT6Q, STM32U599ZIY6QTR, STM32U599ZJT6Q, STM32U599ZJY6QTR, STM32U5A5AJH6, STM32U5A5AJH6Q, STM32U5A5QII3Q , STM32U5A5QJI6, STM32U5A5QJI6Q, STM32U5A5RJT6, STM32U5A5RJT6Q, STM32U5A5VJT6, STM32U5A5VJT6Q, STM32U5A5ZJT6, STM32U5A5ZJT6Q, STM32U5A5ZJY6QTR, STM32U5A9BJY6QTR, STM32U5A9J-DK, STM32U5A9NJH6Q, STM32U5A9VJT6Q, STM32U5A9ZJT6Q, STM32U5A9ZJY6QTR, STM32U5F7VIT6, STM32U5F7VIT6Q, STM32U5F7VJT6, STM32U5F7VJT6Q, STM32U5F9BJY6QTR, STM32U5F9NJH6Q, STM32U5F9VIT6Q, STM32U5F9VJT6Q, STM32U5F9ZIJ6QTR, STM32U5F9ZIT6Q, STM32U5F9ZJJ6QTR, STM32U5F9ZJT6Q, STM32U5G7VJT6, STM32U5G7VJT6Q, STM32U5G9BJY6QTR, STM32U5G9J-DK1, STM32U5G9J-DK2, STM32U5G9NJH6Q, STM32U5G9VJT6Q, STM32U5G9ZJJ6QTR, STM32U5G9ZJT6Q, STM32WB05KZV6TR, STM32WB05KZV7TR, STM32WB05TZF6TR, STM32WB05TZF7TR, STM32WB06CCF6TR, STM32WB06CCF7TR, STM32WB06CCV6TR, STM32WB06CCV7TR, STM32WB06KCV6TR, STM32WB06KCV7TR, STM32WB07CCF6TR, STM32WB07CCF7TR, STM32WB07CCV6TR, STM32WB07CCV7TR, STM32WB07KCV6TR, STM32WB07KCV7TR, STM32WB09KEV6TR, STM32WB09KEV7TR, STM32WB09TEF6TR, STM32WB09TEF7TR, STM32WB1MMCH6, STM32WBA50KGU6, STM32WBA50KGU6TR, STM32WBA52CEU6, STM32WBA52CEU6TR, STM32WBA52CEU7, STM32WBA52CEU7TR, STM32WBA52CGU6, STM32WBA52CGU6TR, STM32WBA52CGU6U, STM32WBA52CGU7, STM32WBA52CGU7TR, STM32WBA52KEU6, STM32WBA52KEU6TR, STM32WBA52KGU6, STM32WBA52KGU6TR, STM32WBA54CEU6, STM32WBA54CEU6TR, STM32WBA54CEU7, STM32WBA54CEU7TR, STM32WBA54CGU6, STM32WBA54CGU6TR, STM32WBA54CGU7, STM32WBA54CGU7TR, STM32WBA54KEU6, STM32WBA54KEU6TR, STM32WBA54KEU7, STM32WBA54KEU7TR, STM32WBA54KGU6, STM32WBA54KGU6TR, STM32WBA54KGU7, STM32WBA54KGU7TR, STM32WBA55CEU6, STM32WBA55CEU6TR, STM32WBA55CEU7, STM32WBA55CEU7TR, STM32WBA55CGU6, STM32WBA55CGU6TR, STM32WBA55CGU6U, STM32WBA55CGU7, STM32WBA55CGU7TR, STM32WBA55G-DK1, STM32WBA55HEF6, STM32WBA55HEF7, STM32WBA55HGF6, STM32WBA55HGF7, STM32WBA55UEI6, STM32WBA55UEI6TR, STM32WBA55UEI7, STM32WBA55UEI7TR, STM32WBA55UGI6, STM32WBA55UGI6TR, STM32WBA55UGI7, STM32WBA55UGI7TR, STM32WBA5MMGH6TR, STM32WBA62MGF6, STM32WBA62MIF6, STM32WBA65MGF7, STM32WBA65MIF6, STM32WBA65MIF7, STM32WL30K8V6, STM32WL30KBV6, STM32WL31C8V6, STM32WL31CBV6, STM32WL31K8V6, STM32WL31KBV6, STM32WL33C8V6, STM32WL33C8V6X, STM32WL33CBV6, STM32WL33CBV6X, STM32WL33CCV6, STM32WL33CCV6A, STM32WL33CCV6X, STM32WL33K8V7, STM32WL33K8V7X, STM32WL33KBV7 , STM32WL33KBV7X, STM32WL33KCV7, STM32WL33KCV7X, STM32WL5MOCH6, STM32WL5MOCH6TR]
2025-12-23 15:24:50,629 [INFO] ApiDb:668 - CubeFinder database Data Model version=2.1
2025-12-23 15:24:50,629 [INFO] ApiDb:669 - CubeFinder database Configuration version=3.0.39
2025-12-23 15:24:50,629 [INFO] ApiDb:670 - CubeFinder database generation date=2025-11-05 (1762334721)
2025-12-23 15:24:50,629 [INFO] ApiDb:671 - CubeFinder database FW Pack versions=[FP-ATR-ASTRA1_V2.0.0, FP-SNS-FLIGHT1_V5.1.0, FP-SNS-MOTENV1_V5.1.0, FP-SNS-MOTENVWB1_V1.4.0, FP-SNS-SMARTAG2_V1.2.0, FP-SNS-STBOX1_V2.1.0, STM32Cube_FW_C0_V1.4.0, STM32Cube_FW_F4_V1.28.3, STM32Cube_FW_F7_V1.17.4, STM32Cube_FW_G0_V1.6.2, STM32Cube_FW_G4_V1.6.1, STM32Cube_FW_H5_V1.5.1, STM32Cube_FW_H7RS_V1.3.0, STM32Cube_FW_H7_V1.12.1, STM32Cube_FW_L0_V1.12.2, STM32Cube_FW_L4_V1.18.1, STM32Cube_FW_L5_V1.6.0, STM32Cube_FW_N6_V1.3.0, STM32Cube_FW_U0_V1.3.0, STM32Cube_FW_U3_V1.2.1, STM32Cube_FW_U5_V1.8.0, STM32Cube_FW_WB0_V1.4.0, STM32Cube_FW_WBA_V1.8.0, STM32Cube_FW_WB_V1.24.0, STM32Cube_FW_WL3_V1.3.0, STM32Cube_FW_WL_V1.4.0, X-CUBE-ALGOBUILD_V1.4.0, X-CUBE-ALS_V1.0.2, X-CUBE-AZRTOS-F4_V1.1.0, X-CUBE-AZRTOS-F7_V1.1.0, X-CUBE-AZRTOS-G0_V1.1.0, X-CUBE-AZRTOS-G4_V2.0.0, X-CUBE-AZRTOS-H7RS_V1.1.0, X-CUBE-AZRTOS-H7_V3.4.0, X-CUBE-AZRTOS-L4_V2.0.0, X-CUBE-AZRTOS-L5_V2.0.0, X-CUBE-AZRTOS-WB_V2.0.0, X-CUBE-AZRTOS-WL_V2.0.0, X-CUBE-BLE1_V7.1.0, X-CUBE-BLE2_V3.3.0, X-CUBE-BLEMGR_V4.1.0, X-CUBE-EEPRMA1_V5.2.0, X-CUBE-FREERTOS_V1.3.1, X-CUBE-GNSS1_V6.0.0, X-CUBE-MEMS1_V11.3.0, X-CUBE-NFC4_V3.0.0, X-CUBE-NFC7_V2.0.0, X-CUBE-SFXS2LP1_V4.0.0, X-CUBE-ST67W61_V1.1.0, X-CUBE-SUBG2_V5.0.0, X-CUBE-TOF1_V3.4.3]
2025-12-23 15:24:52,092 [INFO] ApiDb:240 - Found 880 in-development CPN: [B-G473E-ZEST1S, B-WB1M-WPAN1, B-WBA5M-WPAN, B-WL5M-SUBG1, NUCLEO-C031C6, NUCLEO-C051C8, NUCLEO-C071RB, NUCLEO-C092RC, NUCLEO-H503RB, NUCLEO-H533RE, NUCLEO-H563ZI, NUCLEO-H7S3L8, NUCLEO-N657X0-Q, NUCLEO-U031R8, NUCLEO-U083RC, NUCLEO-U385RG-Q, NUCLEO-U545RE-Q, NUCLEO-U5A5ZJ-Q, NUCLEO-WB05KZ, NUCLEO-WB07CC, NUCLEO-WB09KE, NUCLEO-WBA52CG, NUCLEO-WBA55CG, NUCLEO-WL33CC1, NUCLEO-WL33CC2, STEVAL-PROTEUS1, STEVAL-SMARTAG2, STEVAL-STWINBX1, STM320518-EVAL, STM32C0116-DK, STM32C011D6Y3TR, STM32C011D6Y6TR, STM32C011F4P3, STM32C011F4P6, STM32C011F4U3, STM32C011F4U6TR, STM32C011F6P3, STM32C011F6P6, STM32C011F6U3, STM32C011F6U6TR, STM32C011J4M3, STM32C011J4M6, STM32C011J6M3, STM32C011J6M6, STM32C0316-DK, STM32C031C4T3, STM32C031C4T6, STM32C031C4U3, STM32C031C4U6, STM32C031C6T3, STM32C031C6T6, STM32C031C6U3, STM32C031C6U6, STM32C031F4P3, STM32C031F4P6, STM32C031F6P3, STM32C031F6P6, STM32C031G4U3, STM32C031G4U6, STM32C031G6U3, STM32C031G6U6, STM32C031K4T3, STM32C031K4T6, STM32C031K4U3, STM32C031K4U6, STM32C031K6T3, STM32C031K6T6, STM32C031K6U3, STM32C031K6U6, STM32C051C6T6, STM32C051C6U6, STM32C051C8T6, STM32C051C8U6, STM32C051D8Y6TR, STM32C051F6P6, STM32C051F8P6, STM32C051G6U6, STM32C051G8U6, STM32C051K6T6, STM32C051K6U6, STM32C051K8T6, STM32C071C8T6, STM32C071C8T6N, STM32C071C8U6, STM32C071C8U6N, STM32C071CBT6, STM32C071CBT6N, STM32C071CBU6, STM32C071CBU6N, STM32C071F8P6, STM32C071F8P6N, STM32C071FBP6, STM32C071FBP6N, STM32C071FBY6TR, STM32C071G8U6, STM32C071G8U6N, STM32C071GBU6, STM32C071GBU6N, STM32C071K8T6, STM32C071K8T6N, STM32C071K8U6, STM32C071K8U6N, STM32C071KBT6, STM32C071KBT6N, STM32C071KBU6, STM32C071KBU6N, STM32C071R8T6, STM32C071R8T6N, STM32C071RBI6N, STM32C071RBT6, STM32C071RBT6N, STM32C091CBT6, STM32C091CBU6, STM32C091CCT6, STM32C091CCU6, STM32C091ECY6TR, STM32C091FBP6, STM32C091FCP6, STM32C091GBU6, STM32C091GCU6, STM32C091KBT6, STM32C091KBU6, STM32C091KCT6, STM32C091KCU6, STM32C091RBT6, STM32C091RCI6, STM32C091RCT6, STM32C092CBT6, STM32C092CBU6, STM32C092CCT6, STM32C092CCU6, STM32C092ECY6TR, STM32C092FBP6, STM32C092FCP6, STM32C092GBU6, STM32C092GCU6, STM32C092KBT6, STM32C092KBU6, STM32C092KCT6, STM32C092KCU6, STM32C092RBT6, STM32C092RCI6, STM32C092RCT6, STM32G071K8TXN, STM32G071K8UXN, STM32G081GBU6N, STM32G081KBT6N, STM32G081KBUXN, STM32G0B1CCT6N, STM32G0B1KCT6, STM32G0B1NEY6TR, STM32G0B1RCT6N, STM32G0C1CCT6, STM32G0C1CCT6N, STM32G0C1CCU6N, STM32G0C1CET6N, STM32G0C1CEU6N, STM32G0C1KCT6, STM32G0C1NEY6TR, STM32G0C1RCI6N, STM32G0C1RCT6N, STM32G0C1REI6N, STM32G0C1RET6N, STM32G0C1VCI6, STM32G0C1VEI6, STM32G411C6T3, STM32G411C6T6, STM32G411C6U3, STM32G411C6U6, STM32G411C8T3, STM32G411C8T6, STM32G411C8U3, STM32G411C8U6, STM32G411CBT3, STM32G411CBT6, STM32G411CBU3, STM32G411CBU6, STM32G411K6T3, STM32G411K6T6, STM32G411K6U3, STM32G411K6U6, STM32G411K8T3, STM32G411K8T6, STM32G411K8U3, STM32G411K8U6, STM32G411KBT3, STM32G411KBT6, STM32G411KBU3, STM32G411KBU6, STM32G411M6T3, STM32G411M6T6, STM32G411M8T3, STM32G411M8T6, STM32G411MBT3, STM32G411MBT6, STM32G411R6T3, STM32G411R6T6, STM32G411R8T3, STM32G411R8T6, STM32G411RBT3, STM32G411RBT6, STM32G414CBT3, STM32G414CBT6, STM32G414CBU3, STM32G414CBU6, STM32G414CCT3, STM32G414CCT6, STM32G414CCU3, STM32G414CCU6, STM32G414MBT3, STM32G414MBT6, STM32G414MCT3, STM32G414MCT6, STM32G414RBT3, STM32G414RBT6, STM32G414RCT3, STM32G414RCT6, STM32G414VBT3, STM32G414VBT6, STM32G414VCT3, STM32G414VCT6, STM32G431CBT3Z, STM32G431RBT3Z, STM32G471CCT6, STM32G471CCU6, STM32G471CET3, STM32G471CET6, STM32G471CEU3, STM32G471CEU6, STM32G471MCT6, STM32G471MET3, STM32G471MET6, STM32G471MEY6TR, STM32G471QCT6, STM32G471QET3, STM32G471RCT6, STM32G471RET3, STM32G471RET6, STM32G471VCH6, STM32G471VCI6, STM32G471VCT6, STM32G471VEH3, STM32G471VEH6, STM32G471VEI3, STM32G471VEI6, STM32G471VET3, STM32G471VET6, STM32G473QET3Z, STM32G473RET3Z, STM32G474CCT6, STM32G491RET3Z, STM32H503CBT6, STM32H503CBU6, STM32H503EBY6TR, STM32H503KBU6, STM32H503RBT6, STM32H523CCT6, STM32H523CCU6, STM32H523CET6, STM32H523CEU6, STM32H523HEY6TR, STM32H523RCT6, STM32H523RET6, STM32H523VCI6, STM32H523VCT6, STM32H523VEI6, STM32H523VET6, STM32H523ZCJ6, STM32H523ZCT6, STM32H523ZEJ6, STM32H523ZET6, STM32H533CET6, STM32H533CEU6, STM32H533HEY6TR, STM32H533RET6, STM32H533VEI6, STM32H533VET6, STM32H533ZEJ6, STM32H533ZET6, STM32H562AGI6, STM32H562AII6, STM32H562IGK6, STM32H562IGT6, STM32H562IIK6, STM32H562IIT6, STM32H562RGT6, STM32H562RGV6, STM32H562RIT6, STM32H562RIV6, STM32H562VGT6, STM32H562VIT6, STM32H562ZGT6, STM32H562ZIT6, STM32H563AGI6, STM32H563AII3Q, STM32H563AII6, STM32H563IGK6, STM32H563IGT6, STM32H563IIK3Q, STM32H563IIK6, STM32H563IIT3Q, STM32H563IIT6, STM32H563MIY3QTR, STM32H563RGT6, STM32H563RGV6, STM32H563RIT6, STM32H563RIV6, STM32H563VGT6, STM32H563VIT3Q, STM32H563VIT6, STM32H563ZGT6, STM32H563ZIT3Q, STM32H563ZIT6, STM32H573AII3Q, STM32H573AII6, STM32H573I-DK, STM32H573IIK3Q, STM32H573IIK6, STM32H573IIT3Q, STM32H573IIT6, STM32H573MIY3QTR, STM32H573RIT6, STM32H573RIV6, STM32H573VIT3Q, STM32H573VIT6, STM32H573ZIT3Q, STM32H573ZIT6, STM32H7R3A8I6, STM32H7R3I8K6, STM32H7R3I8T6, STM32H7R3L8H6, STM32H7R3L8H6H, STM32H7R3R8V6, STM32H7R3V8H6, STM32H7R3V8T6, STM32H7R3V8Y6TR, STM32H7R3Z8J6, STM32H7R3Z8T6, STM32H7R7A8I6, STM32H7R7I8K6, STM32H7R7I8T6, STM32H7R7L8H6, STM32H7R7L8H6H, STM32H7R7Z8J6, STM32H7S3A8I6, STM32H7S3I8K6, STM32H7S3I8T6, STM32H7S3L8H6, STM32H7S3L8H6H, STM32H7S3R8V6, STM32H7S3V8H6, STM32H7S3V8T6, STM32H7S3V8Y6TR, STM32H7S3Z8J6, STM32H7S3Z8T6, STM32H7S78-DK, STM32H7S7A8I6, STM32H7S7I8K6, STM32H7S7I8T6, STM32H7S7L8H6, STM32H7S7L8H6H, STM32H7S7Z8J6, STM32L4R5QGI6STR, STM32MP131AAE3, STM32MP131AAF3, STM32MP131AAG3, STM32MP131CAE3, STM32MP131CAF3, STM32MP131CAG3, STM32MP131DAE7, STM32MP131DAF7, STM32MP131DAG7, STM32MP131FAE7, STM32MP131FAF7, STM32MP131FAG7, STM32MP133AAE3, STM32MP133AAF3, STM32MP133AAG3, STM32MP133CAE3, STM32MP133CAF3, STM32MP133CAG3, STM32MP133DAE7, STM32MP133DAF7, STM32MP133DAG7, STM32MP133FAE7, STM32MP133FAF7, STM32MP133FAG7, STM32MP135AAE3, STM32MP135AAF3, STM32MP135AAG3, STM32MP135CAE3, STM32MP135CAF3, STM32MP135CAG3, STM32MP135DAE7, STM32MP135DAF7, STM32MP135DAG7, STM32MP135F-DK, STM32MP135FAE7, STM32MP135FAF7, STM32MP135FAF7T, STM32MP135FAF7U, STM32MP135FAG7, STM32MP211AAL3, STM32MP211AAM3, STM32MP211AAN3, STM32MP211AAO3, STM32MP211CAL3, STM32MP211CAM3, STM32MP211CAN3, STM32MP211CAO3, STM32MP211DAL3, STM32MP211DAM3, STM32MP211DAN3, STM32MP211DAO3, STM32MP211FAL3, STM32MP211FAM3, STM32MP211FAN3, STM32MP211FAO3, STM32MP213AAL3, STM32MP213AAM3, STM32MP213AAN3, STM32MP213AAO3, STM32MP213CAL3, STM32MP213CAM3, STM32MP213CAN3, STM32MP213CAO3, STM32MP213DAL3, STM32MP213DAM3, STM32MP213DAN3, STM32MP213DAO3, STM32MP213FAL3, STM32MP213FAM3, STM32MP213FAN3, STM32MP213FAO3, STM32MP215AAL3, STM32MP215AAM3, STM32MP215AAN3, STM32MP215AAO3, STM32MP215CAL3, STM32MP215CAM3, STM32MP215CAN3, STM32MP215CAO3, STM32MP215DAL3, STM32MP215DAM3, STM32MP215DAN3, STM32MP215DAO3, STM32MP215F-DK, STM32MP215FAL3, STM32MP215FAM3, STM32MP215FAN3, STM32MP215FAO3, STM32MP231AAJ3, STM32MP231AAK3, STM32MP231AAL3, STM32MP231CAJ3, STM32MP231CAK3, STM32MP231CAL3, STM32MP231DAJ3, STM32MP231DAK3, STM32MP231DAL3, STM32MP231FAJ3, STM32MP231FAK3, STM32MP231FAL3, STM32MP233AAJ3, STM32MP233AAK3, STM32MP233AAL3, STM32MP233CAJ3, STM32MP233CAK3, STM32MP233CAL3, STM32MP233DAJ3, STM32MP233DAK3, STM32MP233DAL3, STM32MP233FAJ3, STM32MP233FAK3, STM32MP233FAL3, STM32MP235AAJ3, STM32MP235AAK3, STM32MP235AAL3, STM32MP235CAJ3, STM32MP235CAK3, STM32MP235CAL3, STM32MP235DAJ3, STM32MP235DAK3, STM32MP235DAL3, STM32MP235FAJ3, STM32MP235FAK3, STM32MP235FAL3, STM32MP251AAI3, STM32MP251AAK3, STM32MP251AAL3, STM32MP251CAI3, STM32MP251CAK3, STM32MP251CAL3, STM32MP251DAI3, STM32MP251DAK3, STM32MP251DAL3, STM32MP251FAI3, STM32MP251FAK3, STM32MP251FAL3, STM32MP253AAI3, STM32MP253AAK3, STM32MP253AAL3, STM32MP253CAI3, STM32MP253CAK3, STM32MP253CAL3, STM32MP253DAI3, STM32MP253DAK3, STM32MP253DAL3, STM32MP253FAI3, STM32MP253FAK3, STM32MP253FAL3, STM32MP255AAI3, STM32MP255AAK3, STM32MP255AAL3, STM32MP255CAI3, STM32MP255CAK3, STM32MP255CAL3, STM32MP255DAI3, STM32MP255DAK3, STM32MP255DAL3, STM32MP255FAI3, STM32MP255FAK3, STM32MP255FAL3, STM32MP257AAI3, STM32MP257AAK3, STM32MP257AAL3, STM32MP257CAI3, STM32MP257CAK3, STM32MP257CAL3, STM32MP257DAI3, STM32MP257DAK3, STM32MP257DAL3, STM32MP257F-DK, STM32MP257F-EV1, STM32MP257FAI3, STM32MP257FAK3, STM32MP257FAL3, STM32N645A0H3Q, STM32N645B0H3Q, STM32N645I0H3Q, STM32N645L0H3Q, STM32N645X0H3Q, STM32N645Z0H3Q, STM32N647A0H3Q, STM32N647B0H3Q, STM32N647I0H3Q, STM32N647L0H3Q, STM32N647X0H3Q, STM32N647Z0H3Q, STM32N655A0H3Q, STM32N655B0H3Q, STM32N655I0H3Q, STM32N655L0H3Q, STM32N655X0H3Q, STM32N655Z0H3Q, STM32N6570-DK, STM32N657A0H3Q, STM32N657B0H3Q, STM32N657I0H3Q, STM32N657L0H3Q, STM32N657X0H3Q, STM32N657Z0H3Q, STM32U031C6T6, STM32U031C6U6, STM32U031C8T6, STM32U031C8U6, STM32U031F4P6, STM32U031F6P6, STM32U031F8P6, STM32U031G6Y6TR, STM32U031G8Y6TR, STM32U031K4U6, STM32U031K6U6, STM32U031K8U6, STM32U031R6I6, STM32U031R6T6, STM32U031R8I6, STM32U031R8T6, STM32U073C8T6, STM32U073C8U6, STM32U073CBT6, STM32U073CBU6, STM32U073CCT6, STM32U073CCU6, STM32U073H8Y6TR, STM32U073HBY6TR, STM32U073HCY6TR, STM32U073K8U6, STM32U073KBU6, STM32U073KCU6, STM32U073M8I6, STM32U073M8T6, STM32U073MBI6, STM32U073MBT6, STM32U073MCI6, STM32U073MCT6, STM32U073R8I6, STM32U073R8T6, STM32U073RBI6, STM32U073RBT6, STM32U073RCI6, STM32U073RCT6, STM32U083C-DK, STM32U083CCT6, STM32U083CCU6, STM32U083HCY6TR, STM32U083KCU6, STM32U083MCI6, STM32U083MCT6, STM32U083RCI6, STM32U083RCT6, STM32U375CET6, STM32U375CET6Q, STM32U375CEU6, STM32U375CEU6Q, STM32U375CEY6QTR, STM32U375CGT6, STM32U375CGT6Q, STM32U375CGU6, STM32U375CGU6Q, STM32U375CGY6QTR, STM32U375KEU6, STM32U375KGU6, STM32U375REI6, STM32U375REI6Q, STM32U375RET6, STM32U375RET6Q, STM32U375REY6GTR, STM32U375REY6QTR, STM32U375RGI6, STM32U375RGI6Q, STM32U375RGT6, STM32U375RGT6Q, STM32U375RGY6GTR, STM32U375RGY6QTR, STM32U375VEI6, STM32U375VEI6Q, STM32U375VET6, STM32U375VET6Q, STM32U375VGI6, STM32U375VGI6Q, STM32U375VGT6, STM32U375VGT6Q, STM32U385CGT6, STM32U385CGT6Q, STM32U385CGU6, STM32U385CGU6Q, STM32U385CGY6QTR, STM32U385KGU6, STM32U385RGI6, STM32U385RGI6Q, STM32U385RGT6, STM32U385RGT6Q, STM32U385RGY6GTR, STM32U385RGY6QTR, STM32U385VGI6, STM32U385VGI6Q, STM32U385VGT6, STM32U385VGT6Q, STM32U535CBT6, STM32U535CBT6Q, STM32U535CBU6, STM32U535CBU6Q, STM32U535CCT6, STM32U535CCT6Q, STM32U535CCU6, STM32U535CCU6Q, STM32U535CET6, STM32U535CET6Q, STM32U535CEU6, STM32U535CEU6Q, STM32U535JEY6QTR, STM32U535NCY6QTR, STM32U535NEY6QTR, STM32U535RBI6, STM32U535RBI6Q, STM32U535RBT6, STM32U535RBT6Q, STM32U535RCI6, STM32U535RCI6Q, STM32U535RCT6, STM32U535RCT6Q, STM32U535REI6, STM32U535REI6Q, STM32U535RET6, STM32U535RET6Q, STM32U535VCI6, STM32U535VCI6Q, STM32U535VCT6, STM32U535VCT6Q, STM32U535VEI6, STM32U535VEI6Q, STM32U535VET6, STM32U535VET6Q, STM32U545CET6, STM32U545CET6Q, STM32U545CEU6, STM32U545CEU6Q, STM32U545JEY6QTR, STM32U545NEY6QTR, STM32U545REI6, STM32U545REI6Q, STM32U545RET6, STM32U545RET6Q, STM32U545VEI6, STM32U545VEI6Q, STM32U545VET6, STM32U545VET6Q, STM32U595AIH6, STM32U595AIH6Q, STM32U595AJH6, STM32U595AJH6Q, STM32U595QII6, STM32U595QII6Q, STM32U595QJI6, STM32U595QJI6Q, STM32U595RIT6, STM32U595RIT6Q, STM32U595RJT6, STM32U595RJT6Q, STM32U595VIT6, STM32U595VIT6Q, STM32U595VJT6, STM32U595VJT6Q, STM32U595ZIT6, STM32U595ZIT6Q, STM32U595ZIY6QTR, STM32U595ZJT6, STM32U595ZJT6Q, STM32U595ZJY6QTR, STM32U599BJY6QTR, STM32U599NIH6Q, STM32U599NJH6Q, STM32U599VIT6Q, STM32U599VJT6, STM32U599VJT6Q, STM32U599ZIT6Q, STM32U599ZIY6QTR, STM32U599ZJT6Q, STM32U599ZJY6QTR, STM32U5A5AJH6, STM32U5A5AJH6Q, STM32U5A5QII3Q , STM32U5A5QJI6, STM32U5A5QJI6Q, STM32U5A5RJT6, STM32U5A5RJT6Q, STM32U5A5VJT6, STM32U5A5VJT6Q, STM32U5A5ZJT6, STM32U5A5ZJT6Q, STM32U5A5ZJY6QTR, STM32U5A9BJY6QTR, STM32U5A9J-DK, STM32U5A9NJH6Q, STM32U5A9VJT6Q, STM32U5A9ZJT6Q, STM32U5A9ZJY6QTR, STM32U5F7VIT6, STM32U5F7VIT6Q, STM32U5F7VJT6, STM32U5F7VJT6Q, STM32U5F9BJY6QTR, STM32U5F9NJH6Q, STM32U5F9VIT6Q, STM32U5F9VJT6Q, STM32U5F9ZIJ6QTR, STM32U5F9ZIT6Q, STM32U5F9ZJJ6QTR, STM32U5F9ZJT6Q, STM32U5G7VJT6, STM32U5G7VJT6Q, STM32U5G9BJY6QTR, STM32U5G9J-DK1, STM32U5G9J-DK2, STM32U5G9NJH6Q, STM32U5G9VJT6Q, STM32U5G9ZJJ6QTR, STM32U5G9ZJT6Q, STM32WB05KZV6TR, STM32WB05KZV7TR, STM32WB05TZF6TR, STM32WB05TZF7TR, STM32WB06CCF6TR, STM32WB06CCF7TR, STM32WB06CCV6TR, STM32WB06CCV7TR, STM32WB06KCV6TR, STM32WB06KCV7TR, STM32WB07CCF6TR, STM32WB07CCF7TR, STM32WB07CCV6TR, STM32WB07CCV7TR, STM32WB07KCV6TR, STM32WB07KCV7TR, STM32WB09KEV6TR, STM32WB09KEV7TR, STM32WB09TEF6TR, STM32WB09TEF7TR, STM32WB1MMCH6, STM32WBA50KGU6, STM32WBA50KGU6TR, STM32WBA52CEU6, STM32WBA52CEU6TR, STM32WBA52CEU7, STM32WBA52CEU7TR, STM32WBA52CGU6, STM32WBA52CGU6TR, STM32WBA52CGU6U, STM32WBA52CGU7, STM32WBA52CGU7TR, STM32WBA52KEU6, STM32WBA52KEU6TR, STM32WBA52KGU6, STM32WBA52KGU6TR, STM32WBA54CEU6, STM32WBA54CEU6TR, STM32WBA54CEU7, STM32WBA54CEU7TR, STM32WBA54CGU6, STM32WBA54CGU6TR, STM32WBA54CGU7, STM32WBA54CGU7TR, STM32WBA54KEU6, STM32WBA54KEU6TR, STM32WBA54KEU7, STM32WBA54KEU7TR, STM32WBA54KGU6, STM32WBA54KGU6TR, STM32WBA54KGU7, STM32WBA54KGU7TR, STM32WBA55CEU6, STM32WBA55CEU6TR, STM32WBA55CEU7, STM32WBA55CEU7TR, STM32WBA55CGU6, STM32WBA55CGU6TR, STM32WBA55CGU6U, STM32WBA55CGU7, STM32WBA55CGU7TR, STM32WBA55G-DK1, STM32WBA55HEF6, STM32WBA55HEF7, STM32WBA55HGF6, STM32WBA55HGF7, STM32WBA55UEI6, STM32WBA55UEI6TR, STM32WBA55UEI7, STM32WBA55UEI7TR, STM32WBA55UGI6, STM32WBA55UGI6TR, STM32WBA55UGI7, STM32WBA55UGI7TR, STM32WBA5MMGH6TR, STM32WBA62MGF6, STM32WBA62MIF6, STM32WBA65MGF7, STM32WBA65MIF6, STM32WBA65MIF7, STM32WL30K8V6, STM32WL30KBV6, STM32WL31C8V6, STM32WL31CBV6, STM32WL31K8V6, STM32WL31KBV6, STM32WL33C8V6, STM32WL33C8V6X, STM32WL33CBV6, STM32WL33CBV6X, STM32WL33CCV6, STM32WL33CCV6A, STM32WL33CCV6X, STM32WL33K8V7, STM32WL33K8V7X, STM32WL33KBV7 , STM32WL33KBV7X, STM32WL33KCV7, STM32WL33KCV7X, STM32WL5MOCH6, STM32WL5MOCH6TR]
2025-12-23 15:24:52,097 [INFO] DbMcus:218 - Found 4876 MCUs, 4876 are supported
2025-12-23 15:24:52,097 [INFO] ApiDb:423 - Load user favorites file /Users/karthikkurapati/.stm32cubeide/favorites.mcus.txt: 1 item(s)
2025-12-23 15:24:52,098 [INFO] ApiDb:427 - User favorites MCUs=[STM32F072CBT7]
2025-12-23 15:24:52,098 [INFO] DbMcus:224 - Set 1 / 1 favorites MCUs
2025-12-23 15:24:52,580 [INFO] BoardInfo:889 - No configuration file found for board P-NUCLEO-WB55
2025-12-23 15:24:52,581 [INFO] DbBoards:161 - Kit is not supported: P-NUCLEO-WB55
2025-12-23 15:24:52,585 [INFO] BoardInfo:889 - No configuration file found for board STEVAL-BFA001V1B
2025-12-23 15:24:52,586 [INFO] DbBoards:161 - Kit is not supported: STEVAL-BFA001V1B
2025-12-23 15:24:52,587 [INFO] BoardInfo:889 - No configuration file found for board STEVAL-BFA001V2B
2025-12-23 15:24:52,587 [INFO] DbBoards:161 - Kit is not supported: STEVAL-BFA001V2B
2025-12-23 15:24:52,727 [INFO] DbBoards:168 - Found 212 boards, 209 are supported
2025-12-23 15:24:52,727 [INFO] DbBoards:169 - Found 212 boards, 43 of them is supported for  Bsp
2025-12-23 15:24:52,729 [INFO] ApiDb:414 - User favorites file not found: /Users/karthikkurapati/.stm32cubeide/favorites.boards.txt
2025-12-23 15:24:52,729 [INFO] DbBoards:198 - Set 0 / 0 favorites Boards
2025-12-23 15:24:52,773 [INFO] UtilMem:75 - End LoadConfig() Used Memory: 262879192 Bytes (356515840)
2025-12-23 15:24:52,864 [WARN] ThirdParty:833 - waiting for thirdparty lock release [change project]
2025-12-23 15:24:52,864 [INFO] ThirdParty:835 - entering critical section [change project]
2025-12-23 15:24:52,864 [INFO] ThirdParty:1030 - CMSIS Pack Vendor :STMicroelectronics X-CUBE-PM33A1 1.0.0
2025-12-23 15:24:52,864 [INFO] ThirdParty:1030 - CMSIS Pack Vendor :STMicroelectronics USBPD 4.1
2025-12-23 15:24:52,864 [INFO] ThirdParty:1030 - CMSIS Pack Vendor :STMicroelectronics X-CUBE-NFC9 1.0.0
2025-12-23 15:24:52,864 [INFO] ThirdParty:1030 - CMSIS Pack Vendor :STMicroelectronics USB_HOST 2.0.0
2025-12-23 15:24:52,864 [INFO] ThirdParty:1030 - CMSIS Pack Vendor :STMicroelectronics FP-SNS-MOTENVWB1 1.4.0
2025-12-23 15:24:52,864 [INFO] ThirdParty:1030 - CMSIS Pack Vendor :STMicroelectronics X-CUBE-AZRTOS-F4 1.1.0
2025-12-23 15:24:52,864 [INFO] ThirdParty:1030 - CMSIS Pack Vendor :STMicroelectronics LIBJPEG 8.0.0
2025-12-23 15:24:52,864 [INFO] ThirdParty:1030 - CMSIS Pack Vendor :STMicroelectronics FP-ATR-ASTRA1 2.0.2
2025-12-23 15:24:52,864 [INFO] ThirdParty:1030 - CMSIS Pack Vendor :STMicroelectronics X-CUBE-BLE1 7.1.0
2025-12-23 15:24:52,864 [INFO] ThirdParty:1030 - CMSIS Pack Vendor :STMicroelectronics X-CUBE-SMBUS 2.1.0
2025-12-23 15:24:52,864 [INFO] ThirdParty:1030 - CMSIS Pack Vendor :wolfSSL I-CUBE-wolfMQTT 1.19.2
2025-12-23 15:24:52,864 [INFO] ThirdParty:1030 - CMSIS Pack Vendor :STMicroelectronics USB_DEVICE 3.0.0
2025-12-23 15:24:52,864 [INFO] ThirdParty:1030 - CMSIS Pack Vendor :STMicroelectronics X-CUBE-ISPU 2.1.0
2025-12-23 15:24:52,864 [INFO] ThirdParty:1030 - CMSIS Pack Vendor :STMicroelectronics X-CUBE-FREERTOS 1.4.0
2025-12-23 15:24:52,864 [INFO] ThirdParty:1030 - CMSIS Pack Vendor :STMicroelectronics X-CUBE-EEPRMA1 5.2.0
2025-12-23 15:24:52,865 [INFO] ThirdParty:1030 - CMSIS Pack Vendor :STMicroelectronics X-CUBE-IPS 3.2.0
2025-12-23 15:24:52,865 [INFO] ThirdParty:1030 - CMSIS Pack Vendor :STMicroelectronics X-CUBE-BLEMGR 4.1.0
2025-12-23 15:24:52,865 [INFO] ThirdParty:1030 - CMSIS Pack Vendor :STMicroelectronics X-CUBE-AZRTOS-WB 2.0.0
2025-12-23 15:24:52,865 [INFO] ThirdParty:1030 - CMSIS Pack Vendor :wolfSSL I-CUBE-wolfSSL 5.8.4
2025-12-23 15:24:52,865 [INFO] ThirdParty:1030 - CMSIS Pack Vendor :Cesanta I-CUBE-Mongoose 7.20.0
2025-12-23 15:24:52,865 [INFO] ThirdParty:1030 - CMSIS Pack Vendor :STMicroelectronics X-CUBE-NFC12 1.0.0
2025-12-23 15:24:52,865 [INFO] ThirdParty:1030 - CMSIS Pack Vendor :STMicroelectronics X-CUBE-AZRTOS-F7 1.1.0
2025-12-23 15:24:52,865 [INFO] ThirdParty:1030 - CMSIS Pack Vendor :STMicroelectronics X-CUBE-AZRTOS-L5 2.0.0
2025-12-23 15:24:52,865 [INFO] ThirdParty:1030 - CMSIS Pack Vendor :STMicroelectronics USB_DEVICE 2.0.0
2025-12-23 15:24:52,865 [INFO] ThirdParty:1030 - CMSIS Pack Vendor :STMicroelectronics X-CUBE-NFC6 3.1.0
2025-12-23 15:24:52,865 [INFO] ThirdParty:1030 - CMSIS Pack Vendor :STMicroelectronics X-CUBE-ST67W61 1.1.0
2025-12-23 15:24:52,865 [INFO] ThirdParty:1030 - CMSIS Pack Vendor :quantropi X-CUBE-qispace-sdk-base 2.1.0
2025-12-23 15:24:52,865 [INFO] ThirdParty:1030 - CMSIS Pack Vendor :STMicroelectronics X-CUBE-MEMS1 12.0.0
2025-12-23 15:24:52,865 [INFO] ThirdParty:1030 - CMSIS Pack Vendor :STMicroelectronics FP-SNS-MOTENV1 5.1.0
2025-12-23 15:24:52,865 [INFO] ThirdParty:1030 - CMSIS Pack Vendor :STMicroelectronics FreeRTOS 0.0.1
2025-12-23 15:24:52,865 [INFO] ThirdParty:1030 - CMSIS Pack Vendor :STMicroelectronics X-CUBE-AZRTOS-G0 1.1.0
2025-12-23 15:24:52,865 [INFO] ThirdParty:1030 - CMSIS Pack Vendor :STMicroelectronics X-CUBE-NFC4 3.0.0
2025-12-23 15:24:52,865 [INFO] ThirdParty:1030 - CMSIS Pack Vendor :STMicroelectronics X-CUBE-SUBG2 5.0.0
2025-12-23 15:24:52,865 [INFO] ThirdParty:1030 - CMSIS Pack Vendor :STMicroelectronics STM32_WPAN 1.0.0
2025-12-23 15:24:52,865 [INFO] ThirdParty:1030 - CMSIS Pack Vendor :EmbeddedOffice I-CUBE-FS-RTOS 1.0.1
2025-12-23 15:24:52,865 [INFO] ThirdParty:1030 - CMSIS Pack Vendor :STMicroelectronics lwIP 2.0.3
2025-12-23 15:24:52,865 [INFO] ThirdParty:1030 - CMSIS Pack Vendor :WES I-CUBE-Cesium 1.4.0
2025-12-23 15:24:52,865 [INFO] ThirdParty:1030 - CMSIS Pack Vendor :STMicroelectronics USB_HOST 1.0.0
2025-12-23 15:24:52,865 [INFO] ThirdParty:1030 - CMSIS Pack Vendor :STMicroelectronics X-CUBE-AZRTOS-G4 2.0.0
2025-12-23 15:24:52,865 [INFO] ThirdParty:1030 - CMSIS Pack Vendor :STMicroelectronics X-CUBE-WB05N 2.0.0
2025-12-23 15:24:52,865 [INFO] ThirdParty:1030 - CMSIS Pack Vendor :STMicroelectronics PDM2PCM 3.1.0
2025-12-23 15:24:52,865 [INFO] ThirdParty:1030 - CMSIS Pack Vendor :STMicroelectronics PDM2PCM 3.3.0
2025-12-23 15:24:52,866 [INFO] ThirdParty:1030 - CMSIS Pack Vendor :wolfSSL I-CUBE-wolfTPM 3.8.0
2025-12-23 15:24:52,866 [INFO] ThirdParty:1030 - CMSIS Pack Vendor :STMicroelectronics X-CUBE-AZRTOS-H7 3.4.0
2025-12-23 15:24:52,866 [INFO] ThirdParty:1030 - CMSIS Pack Vendor :STMicroelectronics X-CUBE-DISPLAY 3.0.0
2025-12-23 15:24:52,866 [INFO] ThirdParty:1030 - CMSIS Pack Vendor :wolfSSL I-CUBE-wolfSSH 1.4.20
2025-12-23 15:24:52,866 [INFO] ThirdParty:1030 - CMSIS Pack Vendor :STMicroelectronics X-CUBE-NFC7 2.0.0
2025-12-23 15:24:52,866 [INFO] ThirdParty:1030 - CMSIS Pack Vendor :STMicroelectronics X-CUBE-TCPP 4.2.0
2025-12-23 15:24:52,866 [INFO] ThirdParty:1030 - CMSIS Pack Vendor :RealThread X-CUBE-RT-Thread_Nano 4.1.1
2025-12-23 15:24:52,866 [INFO] ThirdParty:1030 - CMSIS Pack Vendor :STMicroelectronics FP-ATR-SIGFOX1 3.2.0
2025-12-23 15:24:52,866 [INFO] ThirdParty:1030 - CMSIS Pack Vendor :STMicroelectronics X-CUBE-NFC10 1.0.0
2025-12-23 15:24:52,866 [INFO] ThirdParty:1030 - CMSIS Pack Vendor :STMicroelectronics HAL Drivers 0.0.0
2025-12-23 15:24:52,866 [INFO] ThirdParty:1030 - CMSIS Pack Vendor :STMicroelectronics MBEDTLS 2.16.2
2025-12-23 15:24:52,866 [INFO] ThirdParty:1030 - CMSIS Pack Vendor :STMicroelectronics X-CUBE-ST60 1.1.0
2025-12-23 15:24:52,866 [INFO] ThirdParty:1030 - CMSIS Pack Vendor :STMicroelectronics X-CUBE-ALS 1.0.2
2025-12-23 15:24:52,866 [INFO] ThirdParty:1030 - CMSIS Pack Vendor :emotas I-CUBE-CANOPEN 1.3.0
2025-12-23 15:24:52,866 [INFO] ThirdParty:1030 - CMSIS Pack Vendor :STMicroelectronics MBEDTLS 2.14.1
2025-12-23 15:24:52,866 [INFO] ThirdParty:1030 - CMSIS Pack Vendor :STMicroelectronics X-CUBE-GNSS1 7.1.0
2025-12-23 15:24:52,866 [INFO] ThirdParty:1030 - CMSIS Pack Vendor :ITTIA_DB I-CUBE-ITTIADB 8.9.0
2025-12-23 15:24:52,866 [INFO] ThirdParty:1030 - CMSIS Pack Vendor :STMicroelectronics X-CUBE-TOUCHGFX 4.26.0
2025-12-23 15:24:52,866 [INFO] ThirdParty:1030 - CMSIS Pack Vendor :STMicroelectronics X-CUBE-STSE01 1.0.0
2025-12-23 15:24:52,866 [INFO] ThirdParty:1030 - CMSIS Pack Vendor :STMicroelectronics FP-SNS-STBOX1 2.1.0
2025-12-23 15:24:52,866 [INFO] ThirdParty:1030 - CMSIS Pack Vendor :STMicroelectronics X-CUBE-AI 10.2.0
2025-12-23 15:24:52,866 [INFO] ThirdParty:1030 - CMSIS Pack Vendor :STMicroelectronics FP-SNS-STAIOTCFT 1.0.0
2025-12-23 15:24:52,866 [INFO] ThirdParty:1030 - CMSIS Pack Vendor :STMicroelectronics ThreadX 1.0.0
2025-12-23 15:24:52,866 [INFO] ThirdParty:1030 - CMSIS Pack Vendor :STMicroelectronics FP-SNS-SMARTAG2 1.2.0
2025-12-23 15:24:52,866 [INFO] ThirdParty:1030 - CMSIS Pack Vendor :STMicroelectronics FP-SNS-FLIGHT1 5.1.0
2025-12-23 15:24:52,866 [INFO] ThirdParty:1030 - CMSIS Pack Vendor :STMicroelectronics X-CUBE-AZRTOS-WL 2.0.0
2025-12-23 15:24:52,866 [INFO] ThirdParty:1030 - CMSIS Pack Vendor :SEGGER I-CUBE-embOS 1.3.1
2025-12-23 15:24:52,866 [INFO] ThirdParty:1030 - CMSIS Pack Vendor :STMicroelectronics X-CUBE-ALGOBUILD 1.4.0
2025-12-23 15:24:52,866 [INFO] ThirdParty:1030 - CMSIS Pack Vendor :STMicroelectronics X-CUBE-DPower 1.3.0
2025-12-23 15:24:52,866 [INFO] ThirdParty:1030 - CMSIS Pack Vendor :STMicroelectronics USB_DEVICE 1.0.0
2025-12-23 15:24:52,866 [INFO] ThirdParty:1030 - CMSIS Pack Vendor :STMicroelectronics X-CUBE-AZRTOS-H7RS 1.2.0
2025-12-23 15:24:52,866 [INFO] ThirdParty:1030 - CMSIS Pack Vendor :STMicroelectronics X-CUBE-AZRTOS-L4 2.0.0
2025-12-23 15:24:52,867 [INFO] ThirdParty:1030 - CMSIS Pack Vendor :STMicroelectronics ThreadX 0.0.2
2025-12-23 15:24:52,867 [INFO] ThirdParty:1030 - CMSIS Pack Vendor :STMicroelectronics lwIP 2.1.2
2025-12-23 15:24:52,867 [INFO] ThirdParty:1030 - CMSIS Pack Vendor :STMicroelectronics X-CUBE-SFXS2LP1 4.0.0
2025-12-23 15:24:52,867 [INFO] ThirdParty:1030 - CMSIS Pack Vendor :STMicroelectronics X-CUBE-BLE2 3.3.0
2025-12-23 15:24:52,867 [INFO] ThirdParty:1030 - CMSIS Pack Vendor :Avnet-IOTCONNECT X-CUBE-iotc-st67-sdk 1.0.0
2025-12-23 15:24:52,867 [INFO] ThirdParty:1030 - CMSIS Pack Vendor :STMicroelectronics X-CUBE-TOF1 3.4.3
2025-12-23 15:24:52,867 [INFO] ThirdParty:1030 - CMSIS Pack Vendor :Infineon AIROC-Wi-Fi-Bluetooth-STM32 1.8.0
2025-12-23 15:24:52,867 [INFO] ThirdParty:1030 - CMSIS Pack Vendor :STMicroelectronics PDM2PCM 3.2.0
2025-12-23 15:24:52,867 [INFO] ThirdParty:841 - exiting critical section [change project]
2025-12-23 15:24:53,139 [INFO] PinOutPanel:1589 - setPackage(No Configuration,No Configuration)
2025-12-23 15:24:53,140 [INFO] PinOutPanel:1589 - setPackage(STM32L431CBTx,LQFP48)
2025-12-23 15:24:53,715 [INFO] UtilMem:75 - Before build in PCC Used Memory: 281274568 Bytes (356515840)
2025-12-23 15:24:54,324 [INFO] UtilMem:75 - After build in PCC Used Memory: 204185344 Bytes (356515840)
2025-12-23 15:24:54,342 [INFO] IPUIPlugin:80 - create IPUIPlugin
2025-12-23 15:24:54,342 [INFO] IPUIPlugin:80 - create IPUIPlugin
2025-12-23 15:24:54,343 [INFO] IPUIPlugin:80 - create IPUIPlugin
2025-12-23 15:24:54,343 [INFO] IPUIPlugin:80 - create IPUIPlugin
2025-12-23 15:24:54,343 [INFO] IPUIPlugin:80 - create IPUIPlugin
2025-12-23 15:24:54,343 [INFO] IPUIPlugin:80 - create IPUIPlugin
2025-12-23 15:24:54,343 [INFO] IPUIPlugin:80 - create IPUIPlugin
2025-12-23 15:24:54,343 [INFO] IPUIPlugin:80 - create IPUIPlugin
2025-12-23 15:24:54,343 [INFO] IPUIPlugin:80 - create IPUIPlugin
2025-12-23 15:24:54,343 [INFO] IPUIPlugin:80 - create IPUIPlugin
2025-12-23 15:24:54,344 [INFO] IPUIPlugin:80 - create IPUIPlugin
2025-12-23 15:24:54,344 [INFO] IPUIPlugin:80 - create IPUIPlugin
2025-12-23 15:24:54,344 [INFO] IPUIPlugin:80 - create IPUIPlugin
2025-12-23 15:24:54,344 [INFO] IPUIPlugin:80 - create IPUIPlugin
2025-12-23 15:24:54,344 [INFO] IPUIPlugin:80 - create IPUIPlugin
2025-12-23 15:24:54,344 [INFO] IPUIPlugin:80 - create IPUIPlugin
2025-12-23 15:24:54,344 [INFO] IPUIPlugin:80 - create IPUIPlugin
2025-12-23 15:24:54,344 [INFO] IPUIPlugin:80 - create IPUIPlugin
2025-12-23 15:24:54,345 [INFO] IPUIPlugin:80 - create IPUIPlugin
2025-12-23 15:24:54,345 [INFO] IPUIPlugin:80 - create IPUIPlugin
2025-12-23 15:24:54,345 [INFO] IPUIPlugin:80 - create IPUIPlugin
2025-12-23 15:24:54,345 [INFO] IPUIPlugin:80 - create IPUIPlugin
2025-12-23 15:24:54,345 [INFO] IPUIPlugin:80 - create IPUIPlugin
2025-12-23 15:24:54,345 [INFO] IPUIPlugin:80 - create IPUIPlugin
2025-12-23 15:24:54,345 [INFO] IPUIPlugin:80 - create IPUIPlugin
2025-12-23 15:24:54,345 [INFO] IPUIPlugin:80 - create IPUIPlugin
2025-12-23 15:24:54,345 [INFO] IPUIPlugin:80 - create IPUIPlugin
2025-12-23 15:24:54,348 [INFO] IPUIPlugin:80 - create IPUIPlugin
2025-12-23 15:24:54,349 [INFO] IPUIPlugin:80 - create IPUIPlugin
2025-12-23 15:24:54,349 [INFO] IPUIPlugin:80 - create IPUIPlugin
2025-12-23 15:24:54,349 [INFO] IPUIPlugin:80 - create IPUIPlugin
2025-12-23 15:24:54,349 [INFO] IPUIPlugin:80 - create IPUIPlugin
2025-12-23 15:24:54,349 [INFO] IPUIPlugin:80 - create IPUIPlugin
2025-12-23 15:24:54,349 [INFO] IPUIPlugin:80 - create IPUIPlugin
2025-12-23 15:24:54,349 [INFO] IPUIPlugin:80 - create IPUIPlugin
2025-12-23 15:24:54,349 [INFO] IPUIPlugin:80 - create IPUIPlugin
2025-12-23 15:24:54,349 [INFO] IPUIPlugin:80 - create IPUIPlugin
2025-12-23 15:24:54,350 [INFO] IPUIPlugin:80 - create IPUIPlugin
2025-12-23 15:24:54,350 [INFO] IPUIPlugin:80 - create IPUIPlugin
2025-12-23 15:24:54,350 [INFO] IPUIPlugin:80 - create IPUIPlugin
2025-12-23 15:24:54,350 [INFO] IPUIPlugin:80 - create IPUIPlugin
2025-12-23 15:24:54,350 [INFO] IPUIPlugin:80 - create IPUIPlugin
2025-12-23 15:24:54,357 [INFO] Can:71 - Can Add PropertyChangeListener com.st.microxplorer.plugins.ip.can.Can@13d2e99d
2025-12-23 15:24:54,489 [INFO] CADModel:165 - CPN selected for project levelSTM32L431CBT6
2025-12-23 15:24:54,489 [INFO] CADModel:114 - Register for checkConnection events
2025-12-23 15:24:54,530 [INFO] OpenFileManager:386 - Restore cursor
2025-12-23 15:25:03,375 [ERROR] LogOutputStream:75 - [STDERR_REDIRECT] 
