2025-11-07 15:52:13,855 [INFO] Activator:176 - 


2025-11-07 15:52:13,857 [INFO] Activator:177 - !SESSION log4j initialized
2025-11-07 15:52:16,441 [ERROR] LogOutputStream:75 - [STDERR_REDIRECT] 
2025-11-07 15:52:18,567 [INFO] LogOutputStream:77 - [STDOUT_REDIRECT] 
2025-11-07 15:52:21,320 [INFO] ApplicationProperties:184 - Using Application install path: /Applications/STM32CubeIDE.app/Contents/Eclipse/plugins/com.st.stm32cube.common.mx_6.15.0.202507011659
2025-11-07 15:52:21,348 [INFO] DbMcusXml:78 - Set database path to: /Applications/STM32CubeIDE.app/Contents/Eclipse/plugins/com.st.stm32cube.common.mx_6.15.0.202507011659//db//mcu/
2025-11-07 15:52:21,348 [INFO] ApiDb:274 - Set plugin database path to: /Applications/STM32CubeIDE.app/Contents/Eclipse/plugins/com.st.stm32cube.common.mx_6.15.0.202507011659//db//plugins/boardmanager/
2025-11-07 15:52:21,348 [WARN] ApiDb:259 - Overriding images path with different value:  => /Applications/STM32CubeIDE.app/Contents/Eclipse/plugins/com.st.stm32cube.common.mx_6.15.0.202507011659//db//plugins/mcufinder/images/
2025-11-07 15:52:21,360 [INFO] ApiDb:250 - Set database path to: /Users/karthikkurapati/.stmcufinder/plugins/mcufinder//mcu/
2025-11-07 15:52:21,362 [INFO] DbMcusAds:125 - Set database path to: /Users/karthikkurapati/.stmcufinder/plugins/mcufinder//mcu/
2025-11-07 15:52:21,364 [INFO] CrossReferenceDbSqlite:203 - Set database path to: /Users/karthikkurapati/.stmcufinder/plugins/mcufinder//mcu/cs/
2025-11-07 15:52:21,571 [INFO] RulesReader:64 - Compatibility file has been processed (317 Rules)
2025-11-07 15:52:21,667 [INFO] DbMcusXml:78 - Set database path to: /Applications/STM32CubeIDE.app/Contents/Eclipse/plugins/com.st.stm32cube.common.mx_6.15.0.202507011659//db//mcu/
2025-11-07 15:52:21,667 [INFO] ApiDb:274 - Set plugin database path to: /Applications/STM32CubeIDE.app/Contents/Eclipse/plugins/com.st.stm32cube.common.mx_6.15.0.202507011659//db//plugins/boardmanager/
2025-11-07 15:52:21,668 [INFO] ApiDb:261 - Set plugin images path to: /Applications/STM32CubeIDE.app/Contents/Eclipse/plugins/com.st.stm32cube.common.mx_6.15.0.202507011659//db//plugins/mcufinder/images/
2025-11-07 15:52:21,668 [WARN] DbFile:41 - Overriding database path with different value: /Users/karthikkurapati/.stmcufinder/plugins/mcufinder/ => /Users/karthikkurapati/.stmcufinder/plugins/mcufinder
2025-11-07 15:52:21,669 [INFO] ApiDb:250 - Set database path to: /Users/karthikkurapati/.stmcufinder/plugins/mcufinder//mcu/
2025-11-07 15:52:21,669 [WARN] DbFile:41 - Overriding database path with different value: /Users/karthikkurapati/.stmcufinder/plugins/mcufinder/ => /Users/karthikkurapati/.stmcufinder/plugins/mcufinder
2025-11-07 15:52:21,669 [INFO] DbMcusAds:125 - Set database path to: /Users/karthikkurapati/.stmcufinder/plugins/mcufinder//mcu/
2025-11-07 15:52:21,669 [WARN] DbFile:41 - Overriding database path with different value: /Users/karthikkurapati/.stmcufinder/plugins/mcufinder/ => /Users/karthikkurapati/.stmcufinder/plugins/mcufinder
2025-11-07 15:52:21,669 [WARN] DbFile:41 - Overriding database path with different value: /Users/karthikkurapati/.stmcufinder/plugins/mcufinder/ => /Users/karthikkurapati/.stmcufinder/plugins/mcufinder
2025-11-07 15:52:21,669 [INFO] CrossReferenceDbSqlite:203 - Set database path to: /Users/karthikkurapati/.stmcufinder/plugins/mcufinder//mcu/cs/
2025-11-07 15:52:21,824 [INFO] MainPanel:274 - HeapMemory: 293601280
2025-11-07 15:52:22,617 [INFO] DbMcusXml:78 - Set database path to: /Applications/STM32CubeIDE.app/Contents/Eclipse/plugins/com.st.stm32cube.common.mx_6.15.0.202507011659//db//mcu/
2025-11-07 15:52:22,620 [INFO] ApiDb:274 - Set plugin database path to: /Applications/STM32CubeIDE.app/Contents/Eclipse/plugins/com.st.stm32cube.common.mx_6.15.0.202507011659//db//plugins/boardmanager/
2025-11-07 15:52:22,621 [INFO] ApiDb:261 - Set plugin images path to: /Applications/STM32CubeIDE.app/Contents/Eclipse/plugins/com.st.stm32cube.common.mx_6.15.0.202507011659//db//plugins/mcufinder/images/
2025-11-07 15:52:22,622 [WARN] DbFile:41 - Overriding database path with different value: /Users/karthikkurapati/.stmcufinder/plugins/mcufinder/ => /Users/karthikkurapati/.stmcufinder/plugins/mcufinder
2025-11-07 15:52:22,622 [INFO] ApiDb:250 - Set database path to: /Users/karthikkurapati/.stmcufinder/plugins/mcufinder//mcu/
2025-11-07 15:52:22,622 [WARN] DbFile:41 - Overriding database path with different value: /Users/karthikkurapati/.stmcufinder/plugins/mcufinder/ => /Users/karthikkurapati/.stmcufinder/plugins/mcufinder
2025-11-07 15:52:22,622 [INFO] DbMcusAds:125 - Set database path to: /Users/karthikkurapati/.stmcufinder/plugins/mcufinder//mcu/
2025-11-07 15:52:22,622 [WARN] DbFile:41 - Overriding database path with different value: /Users/karthikkurapati/.stmcufinder/plugins/mcufinder/ => /Users/karthikkurapati/.stmcufinder/plugins/mcufinder
2025-11-07 15:52:22,622 [WARN] DbFile:41 - Overriding database path with different value: /Users/karthikkurapati/.stmcufinder/plugins/mcufinder/ => /Users/karthikkurapati/.stmcufinder/plugins/mcufinder
2025-11-07 15:52:22,622 [INFO] CrossReferenceDbSqlite:203 - Set database path to: /Users/karthikkurapati/.stmcufinder/plugins/mcufinder//mcu/cs/
2025-11-07 15:52:22,673 [INFO] ApplicationProperties:184 - Using Application install path: /Applications/STM32CubeIDE.app/Contents/Eclipse/plugins/com.st.stm32cube.common.mx_6.15.0.202507011659
2025-11-07 15:52:22,675 [INFO] PluginManage:196 - Search for loadable plugins [exclusion list=, ]
2025-11-07 15:52:22,679 [INFO] PluginManage:310 - Check plugin analytics
2025-11-07 15:52:23,104 [INFO] AnalyticsPlugin:253 - Accepted Software Licenses: 
2025-11-07 15:52:23,105 [INFO] AnalyticsPlugin:255 - Accepted CMSIS Pack Licenses: 
2025-11-07 15:52:23,105 [INFO] AnalyticsPlugin:257 - Accepted Firmware Licenses: 
2025-11-07 15:52:23,139 [INFO] PluginManage:359 - Loaded plugin analytics (category:tool,tabindex:-1)
2025-11-07 15:52:23,149 [INFO] PluginManage:310 - Check plugin cadmodel
2025-11-07 15:52:23,180 [INFO] CADModel:105 - Init CAD model plugin
2025-11-07 15:52:23,180 [INFO] PluginManage:359 - Loaded plugin cadmodel (category:power,tabindex:5)
2025-11-07 15:52:23,181 [INFO] PluginManage:310 - Check plugin clock
2025-11-07 15:52:23,200 [INFO] PluginManage:359 - Loaded plugin clock (category:base,tabindex:2)
2025-11-07 15:52:23,201 [INFO] PluginManage:310 - Check plugin ddr
2025-11-07 15:52:23,204 [INFO] PluginManage:359 - Loaded plugin ddr (category:tool,tabindex:6)
2025-11-07 15:52:23,204 [INFO] PluginManage:310 - Check plugin filemanager
2025-11-07 15:52:23,416 [INFO] PluginManage:359 - Loaded plugin filemanager (category:base,tabindex:10)
2025-11-07 15:52:23,417 [INFO] PluginManage:310 - Check plugin ipmanager
2025-11-07 15:52:23,427 [INFO] PluginManage:359 - Loaded plugin ipmanager (category:base,tabindex:5)
2025-11-07 15:52:23,427 [INFO] PluginManage:310 - Check plugin lpbam
2025-11-07 15:52:23,440 [INFO] PluginManage:359 - Loaded plugin lpbam (category:base,tabindex:0)
2025-11-07 15:52:23,440 [INFO] PluginManage:310 - Check plugin memorymap
2025-11-07 15:52:23,456 [INFO] PluginManage:359 - Loaded plugin memorymap (category:base,tabindex:4)
2025-11-07 15:52:23,456 [INFO] PluginManage:310 - Check plugin pinoutandconfiguration
2025-11-07 15:52:23,465 [INFO] PluginManage:359 - Loaded plugin pinoutandconfiguration (category:base,tabindex:1)
2025-11-07 15:52:23,465 [INFO] PluginManage:310 - Check plugin pinoutconfig
2025-11-07 15:52:23,599 [WARN] SupportedApi:132 - Cannot load RTOS API schema: s4s-elt-must-match.1: The content of 'definitions' must match (annotation?, (simpleType | complexType)?, (unique | key | keyref)*)). A problem was found starting at: attribute.
2025-11-07 15:52:23,839 [INFO] PluginManage:359 - Loaded plugin pinoutconfig (category:base,tabindex:0)
2025-11-07 15:52:23,839 [INFO] PluginManage:310 - Check plugin power
2025-11-07 15:52:23,856 [INFO] PluginManage:359 - Loaded plugin power (category:power,tabindex:4)
2025-11-07 15:52:23,857 [INFO] PluginManage:310 - Check plugin projectmanager
2025-11-07 15:52:23,891 [INFO] PluginManage:359 - Loaded plugin projectmanager (category:projectmanager,tabindex:4)
2025-11-07 15:52:23,891 [INFO] PluginManage:310 - Check plugin rif
2025-11-07 15:52:23,899 [INFO] PluginManage:359 - Loaded plugin rif (category:base,tabindex:3)
2025-11-07 15:52:23,899 [INFO] PluginManage:310 - Check plugin thirdparty
2025-11-07 15:52:24,085 [INFO] PluginManage:359 - Loaded plugin thirdparty (category:base,tabindex:-1)
2025-11-07 15:52:24,085 [WARN] IntegrityCheckThread:84 - waiting for thirdparty lock release [integrity check]
2025-11-07 15:52:24,086 [INFO] IntegrityCheckThread:86 - entering critical section [integrity check]
2025-11-07 15:52:24,086 [INFO] PluginManage:310 - Check plugin tools
2025-11-07 15:52:24,087 [INFO] ThirdPartyUpdaterWithRetryManager:70 - Updater plugin not ready yet. [1/15]
2025-11-07 15:52:24,090 [INFO] PluginManage:359 - Loaded plugin tools (category:base,tabindex:7)
2025-11-07 15:52:24,090 [INFO] PluginManage:310 - Check plugin tutovideos
2025-11-07 15:52:24,313 [INFO] PluginManage:359 - Loaded plugin tutovideos (category:base,tabindex:-1)
2025-11-07 15:52:24,314 [INFO] PluginManage:310 - Check plugin updater
2025-11-07 15:52:24,348 [INFO] PluginManage:359 - Loaded plugin updater (category:base,tabindex:12)
2025-11-07 15:52:24,348 [INFO] PluginManage:310 - Check plugin userauth
2025-11-07 15:52:24,353 [INFO] UserAuth:118 - Init User Auth plugin
2025-11-07 15:52:24,355 [INFO] PluginManage:359 - Loaded plugin userauth (category:base,tabindex:14)
2025-11-07 15:52:24,356 [INFO] PluginManage:283 - PluginManage : Loaded plugins [18]
2025-11-07 15:52:24,711 [INFO] PinOutPanel:1589 - setPackage(No Configuration,No Configuration)
2025-11-07 15:52:24,825 [INFO] CADModel:165 - CPN selected for project level
2025-11-07 15:52:24,825 [INFO] CADModel:114 - Register for checkConnection events
2025-11-07 15:52:24,842 [INFO] IPUIPlugin:80 - create IPUIPlugin
2025-11-07 15:52:24,842 [INFO] PluginManager:220 - loadIPPluginJar : add mdma
2025-11-07 15:52:24,851 [INFO] IPUIPlugin:80 - create IPUIPlugin
2025-11-07 15:52:24,852 [INFO] PluginManager:220 - loadIPPluginJar : add freertos
2025-11-07 15:52:24,858 [INFO] IPUIPlugin:80 - create IPUIPlugin
2025-11-07 15:52:24,858 [INFO] PluginManager:220 - loadIPPluginJar : add gic
2025-11-07 15:52:24,869 [INFO] IPUIPlugin:80 - create IPUIPlugin
2025-11-07 15:52:24,869 [INFO] PluginManager:220 - loadIPPluginJar : add adc
2025-11-07 15:52:24,872 [INFO] IPUIPlugin:80 - create IPUIPlugin
2025-11-07 15:52:24,873 [INFO] PluginManager:220 - loadIPPluginJar : add gtzc
2025-11-07 15:52:24,874 [INFO] IPUIPlugin:80 - create IPUIPlugin
2025-11-07 15:52:24,874 [INFO] PluginManager:220 - loadIPPluginJar : add quadspi
2025-11-07 15:52:24,877 [INFO] IPUIPlugin:80 - create IPUIPlugin
2025-11-07 15:52:24,877 [INFO] PluginManager:220 - loadIPPluginJar : add aes
2025-11-07 15:52:24,880 [INFO] IPUIPlugin:80 - create IPUIPlugin
2025-11-07 15:52:24,880 [INFO] PluginManager:220 - loadIPPluginJar : add pdm2pcm
2025-11-07 15:52:24,882 [INFO] IPUIPlugin:80 - create IPUIPlugin
2025-11-07 15:52:24,883 [INFO] PluginManager:220 - loadIPPluginJar : add hash
2025-11-07 15:52:24,884 [INFO] IPUIPlugin:80 - create IPUIPlugin
2025-11-07 15:52:24,884 [INFO] PluginManager:220 - loadIPPluginJar : add tim
2025-11-07 15:52:24,886 [INFO] IPUIPlugin:80 - create IPUIPlugin
2025-11-07 15:52:24,887 [INFO] PluginManager:220 - loadIPPluginJar : add tsc
2025-11-07 15:52:24,891 [INFO] IPUIPlugin:80 - create IPUIPlugin
2025-11-07 15:52:24,891 [INFO] PluginManager:220 - loadIPPluginJar : add extmemmanager
2025-11-07 15:52:24,896 [INFO] IPUIPlugin:80 - create IPUIPlugin
2025-11-07 15:52:24,896 [INFO] PluginManager:220 - loadIPPluginJar : add ts
2025-11-07 15:52:24,898 [INFO] IPUIPlugin:80 - create IPUIPlugin
2025-11-07 15:52:24,898 [INFO] PluginManager:220 - loadIPPluginJar : add radio
2025-11-07 15:52:24,901 [INFO] IPUIPlugin:80 - create IPUIPlugin
2025-11-07 15:52:24,901 [INFO] PluginManager:220 - loadIPPluginJar : add can
2025-11-07 15:52:24,903 [INFO] IPUIPlugin:80 - create IPUIPlugin
2025-11-07 15:52:24,904 [INFO] PluginManager:220 - loadIPPluginJar : add dma3
2025-11-07 15:52:24,906 [INFO] IPUIPlugin:80 - create IPUIPlugin
2025-11-07 15:52:24,906 [INFO] PluginManager:220 - loadIPPluginJar : add dfsdm
2025-11-07 15:52:24,909 [INFO] IPUIPlugin:80 - create IPUIPlugin
2025-11-07 15:52:24,909 [INFO] PluginManager:220 - loadIPPluginJar : add spi
2025-11-07 15:52:24,911 [INFO] IPUIPlugin:80 - create IPUIPlugin
2025-11-07 15:52:24,911 [INFO] PluginManager:220 - loadIPPluginJar : add gfxmmu
2025-11-07 15:52:24,913 [INFO] IPUIPlugin:80 - create IPUIPlugin
2025-11-07 15:52:24,914 [INFO] PluginManager:220 - loadIPPluginJar : add genericplugin
2025-11-07 15:52:24,916 [INFO] IPUIPlugin:80 - create IPUIPlugin
2025-11-07 15:52:24,916 [INFO] PluginManager:220 - loadIPPluginJar : add cryp
2025-11-07 15:52:24,921 [INFO] IPUIPlugin:80 - create IPUIPlugin
2025-11-07 15:52:24,921 [INFO] PluginManager:220 - loadIPPluginJar : add gpio
2025-11-07 15:52:24,925 [INFO] IPUIPlugin:80 - create IPUIPlugin
2025-11-07 15:52:24,925 [INFO] PluginManager:220 - loadIPPluginJar : add ddr_ctrl_phy
2025-11-07 15:52:24,927 [INFO] IPUIPlugin:80 - create IPUIPlugin
2025-11-07 15:52:24,928 [INFO] PluginManager:220 - loadIPPluginJar : add comp
2025-11-07 15:52:24,931 [INFO] IPUIPlugin:80 - create IPUIPlugin
2025-11-07 15:52:24,932 [INFO] PluginManager:220 - loadIPPluginJar : add tracer_emb
2025-11-07 15:52:24,935 [INFO] IPUIPlugin:80 - create IPUIPlugin
2025-11-07 15:52:24,935 [INFO] PluginManager:220 - loadIPPluginJar : add openamp
2025-11-07 15:52:24,941 [INFO] IPUIPlugin:80 - create IPUIPlugin
2025-11-07 15:52:24,942 [INFO] PluginManager:220 - loadIPPluginJar : add stm32_wpan
2025-11-07 15:52:24,947 [INFO] IPUIPlugin:80 - create IPUIPlugin
2025-11-07 15:52:24,951 [INFO] PluginManager:220 - loadIPPluginJar : add plateformsettings
2025-11-07 15:52:24,955 [INFO] IPUIPlugin:80 - create IPUIPlugin
2025-11-07 15:52:24,955 [INFO] PluginManager:220 - loadIPPluginJar : add ipddr
2025-11-07 15:52:24,961 [INFO] IPUIPlugin:80 - create IPUIPlugin
2025-11-07 15:52:24,961 [INFO] PluginManager:220 - loadIPPluginJar : add usart
2025-11-07 15:52:24,963 [INFO] IPUIPlugin:80 - create IPUIPlugin
2025-11-07 15:52:24,963 [INFO] PluginManager:220 - loadIPPluginJar : add ltdc
2025-11-07 15:52:24,966 [INFO] IPUIPlugin:80 - create IPUIPlugin
2025-11-07 15:52:24,966 [INFO] PluginManager:220 - loadIPPluginJar : add nvic
2025-11-07 15:52:24,969 [INFO] IPUIPlugin:80 - create IPUIPlugin
2025-11-07 15:52:24,969 [INFO] PluginManager:220 - loadIPPluginJar : add fatfs
2025-11-07 15:52:24,975 [INFO] IPUIPlugin:80 - create IPUIPlugin
2025-11-07 15:52:24,975 [INFO] PluginManager:220 - loadIPPluginJar : add linkedlist
2025-11-07 15:52:24,980 [INFO] IPUIPlugin:80 - create IPUIPlugin
2025-11-07 15:52:24,981 [INFO] PluginManager:220 - loadIPPluginJar : add dma
2025-11-07 15:52:24,984 [INFO] IPUIPlugin:80 - create IPUIPlugin
2025-11-07 15:52:24,984 [INFO] PluginManager:220 - loadIPPluginJar : add fmc
2025-11-07 15:52:24,987 [INFO] IPUIPlugin:80 - create IPUIPlugin
2025-11-07 15:52:24,987 [INFO] PluginManager:220 - loadIPPluginJar : add i2s
2025-11-07 15:52:24,989 [INFO] IPUIPlugin:80 - create IPUIPlugin
2025-11-07 15:52:24,989 [INFO] PluginManager:220 - loadIPPluginJar : add ucpd
2025-11-07 15:52:24,992 [INFO] IPUIPlugin:80 - create IPUIPlugin
2025-11-07 15:52:24,993 [INFO] PluginManager:220 - loadIPPluginJar : add lorawan
2025-11-07 15:52:24,996 [INFO] IPUIPlugin:80 - create IPUIPlugin
2025-11-07 15:52:24,996 [INFO] PluginManager:220 - loadIPPluginJar : add opamp
2025-11-07 15:52:24,999 [INFO] IPUIPlugin:80 - create IPUIPlugin
2025-11-07 15:52:24,999 [INFO] PluginManager:220 - loadIPPluginJar : add i3c
2025-11-07 15:52:25,004 [INFO] IPUIPlugin:80 - create IPUIPlugin
2025-11-07 15:52:25,004 [INFO] PluginManager:220 - loadIPPluginJar : add touchsensing
2025-11-07 15:52:25,008 [INFO] IPUIPlugin:80 - create IPUIPlugin
2025-11-07 15:52:25,008 [INFO] PluginManager:220 - loadIPPluginJar : add i2c
2025-11-07 15:52:25,011 [INFO] IPUIPlugin:80 - create IPUIPlugin
2025-11-07 15:52:25,011 [INFO] PluginManager:220 - loadIPPluginJar : add resmgrutility
2025-11-07 15:52:25,014 [INFO] IPUIPlugin:80 - create IPUIPlugin
2025-11-07 15:52:25,014 [INFO] PluginManager:220 - loadIPPluginJar : add sai
2025-11-07 15:52:25,016 [INFO] IPUIPlugin:80 - create IPUIPlugin
2025-11-07 15:52:25,016 [INFO] PluginManager:220 - loadIPPluginJar : add usbx
2025-11-07 15:52:25,145 [FATAL] Updater:351 - Updater called before beeing initialized
2025-11-07 15:52:25,200 [INFO] RulesReader:64 - Compatibility file has been processed (317 Rules)
2025-11-07 15:52:25,212 [INFO] RulesReader:64 - Compatibility file has been processed (317 Rules)
2025-11-07 15:52:25,223 [INFO] CADModel:165 - CPN selected for project level
2025-11-07 15:52:25,224 [INFO] CADModel:114 - Register for checkConnection events
2025-11-07 15:52:25,224 [FATAL] Updater:351 - Updater called before beeing initialized
2025-11-07 15:52:25,224 [ERROR] CADModel:125 - Updater not yet initialized, retry later 
2025-11-07 15:52:25,455 [FATAL] Updater:351 - Updater called before beeing initialized
2025-11-07 15:52:25,457 [INFO] CADModel:165 - CPN selected for project level
2025-11-07 15:52:25,457 [INFO] CADModel:114 - Register for checkConnection events
2025-11-07 15:52:25,457 [FATAL] Updater:351 - Updater called before beeing initialized
2025-11-07 15:52:25,457 [ERROR] CADModel:125 - Updater not yet initialized, retry later 
2025-11-07 15:52:25,460 [FATAL] Updater:351 - Updater called before beeing initialized
2025-11-07 15:52:25,618 [FATAL] Updater:351 - Updater called before beeing initialized
2025-11-07 15:52:25,625 [INFO] DbMcusAds:53 - JSON generation date=Thu Oct 02 04:36:05 CDT 2025 (1759397765645)
2025-11-07 15:52:25,625 [FATAL] Updater:351 - Updater called before beeing initialized
2025-11-07 15:52:25,884 [WARN] DetailPanel:346 - Failed to get advertising image, set to default
2025-11-07 15:52:25,973 [FATAL] Updater:351 - Updater called before beeing initialized
2025-11-07 15:52:25,977 [FATAL] Updater:351 - Updater called before beeing initialized
2025-11-07 15:52:25,978 [FATAL] Updater:351 - Updater called before beeing initialized
2025-11-07 15:52:25,978 [WARN] DetailPanel:346 - Failed to get advertising image, set to default
2025-11-07 15:52:25,981 [FATAL] Updater:351 - Updater called before beeing initialized
2025-11-07 15:52:26,038 [ERROR] Updater:1198 - MainUpdater not yet initialized. External WinMGr cannot be set.
2025-11-07 15:52:26,045 [INFO] Updater:1134 - Updater Version found : 6.15.0
2025-11-07 15:52:26,062 [INFO] ApplicationProperties:184 - Using Application install path: /Applications/STM32CubeIDE.app/Contents/Eclipse/plugins/com.st.stm32cube.common.mx_6.15.0.202507011659
2025-11-07 15:52:26,440 [INFO] MainUpdater:2872 - connection check result : 10
2025-11-07 15:52:26,440 [INFO] MainUpdater:3604 - Updater definition file requires update
2025-11-07 15:52:26,441 [INFO] MainUpdater:289 - Updater Check For Update Now.
2025-11-07 15:52:26,441 [INFO] MicroXplorer:498 - Change Database Version : DB.6.0.150
2025-11-07 15:52:26,453 [INFO] McuFinderGlobals:63 - Set McuFinder mode to 2 (CubeIDE integrated)
2025-11-07 15:52:26,454 [INFO] UserAuth:171 - activating auth plugin
2025-11-07 15:52:26,468 [INFO] UserAuth:487 - Internet connection configuration mode: 1
2025-11-07 15:52:26,486 [INFO] ServerAccessManage:452 - Complete download http(s) 200
2025-11-07 15:52:26,488 [INFO] JxBrowserEngine:152 - Initiate JxBrowser Engine with user profile folder
2025-11-07 15:52:26,489 [INFO] ServerAccessManage:509 - Download File updaters.zip
2025-11-07 15:52:27,137 [INFO] FileExtend:248 - Unzip File : updaters.zip
2025-11-07 15:52:27,125 [WARN] MainUpdater:1193 - Updater busy. Cannot search thirdparties
2025-11-07 15:52:27,161 [INFO] FileExtend:263 - Standard Zip Deflate
2025-11-07 15:52:27,161 [INFO] ThirdPartyUpdaterWithRetryManager:96 - Updater plugin is busy. [1/15]
2025-11-07 15:52:27,594 [INFO] ServerAccessManage:452 - Complete download http(s) 200
2025-11-07 15:52:27,596 [INFO] ServerAccessManage:509 - Download File PacksControlFlags.xml
2025-11-07 15:52:27,748 [INFO] ServerAccessManage:452 - Complete download http(s) 200
2025-11-07 15:52:27,748 [INFO] ServerAccessManage:509 - Download File cubemx.pidx
2025-11-07 15:52:29,878 [INFO] ServerAccessManage:452 - Complete download http(s) 200
2025-11-07 15:52:29,879 [INFO] ServerAccessManage:509 - Download File Avnet-IOTCONNECT.X-CUBE-iotc-st67-sdk.pdsc
2025-11-07 15:52:30,224 [WARN] MainUpdater:1193 - Updater busy. Cannot search thirdparties
2025-11-07 15:52:30,270 [INFO] ThirdPartyUpdaterWithRetryManager:96 - Updater plugin is busy. [2/15]
2025-11-07 15:52:30,913 [INFO] PopulateThirdPartyThread:66 - Ending populate Thread
2025-11-07 15:52:30,925 [INFO] ThirdParty:1030 - CMSIS Pack Vendor :Avnet-IOTCONNECT X-CUBE-iotc-st67-sdk 1.0.0
2025-11-07 15:52:30,926 [INFO] LoadServerUpdatesThread:375 - End of LoadServerUpdate Thread
2025-11-07 15:52:31,065 [INFO] CheckServerUpdateThread:120 - End of CheckServer Thread
2025-11-07 15:52:31,904 [ERROR] LogOutputStream:75 - [STDERR_REDIRECT] 
2025-11-07 15:57:27,255 [INFO] Activator:176 - 


2025-11-07 15:57:27,258 [INFO] Activator:177 - !SESSION log4j initialized
2025-11-07 15:57:29,107 [INFO] LogOutputStream:77 - [STDOUT_REDIRECT] 
2025-11-07 15:57:30,499 [ERROR] LogOutputStream:75 - [STDERR_REDIRECT] 
2025-11-07 15:57:32,620 [ERROR] ApiDbMcu:1760 - Can't use Application install path:
2025-11-07 15:57:32,622 [WARN] RulesReader:66 - Compatibility file://mcu/compatibility.xml not found
2025-11-07 15:57:32,765 [INFO] LogOutputStream:77 - [STDOUT_REDIRECT] 
2025-11-07 15:57:35,116 [INFO] ApplicationProperties:184 - Using Application install path: /Applications/STM32CubeIDE.app/Contents/Eclipse/plugins/com.st.stm32cube.common.mx_6.15.0.202507011659
2025-11-07 15:57:35,130 [INFO] DbMcusXml:78 - Set database path to: /Applications/STM32CubeIDE.app/Contents/Eclipse/plugins/com.st.stm32cube.common.mx_6.15.0.202507011659//db//mcu/
2025-11-07 15:57:35,130 [INFO] ApiDb:274 - Set plugin database path to: /Applications/STM32CubeIDE.app/Contents/Eclipse/plugins/com.st.stm32cube.common.mx_6.15.0.202507011659//db//plugins/boardmanager/
2025-11-07 15:57:35,130 [WARN] ApiDb:259 - Overriding images path with different value:  => /Applications/STM32CubeIDE.app/Contents/Eclipse/plugins/com.st.stm32cube.common.mx_6.15.0.202507011659//db//plugins/mcufinder/images/
2025-11-07 15:57:35,138 [INFO] ApiDb:250 - Set database path to: /Users/karthikkurapati/.stmcufinder/plugins/mcufinder//mcu/
2025-11-07 15:57:35,139 [INFO] DbMcusAds:125 - Set database path to: /Users/karthikkurapati/.stmcufinder/plugins/mcufinder//mcu/
2025-11-07 15:57:35,141 [INFO] CrossReferenceDbSqlite:203 - Set database path to: /Users/karthikkurapati/.stmcufinder/plugins/mcufinder//mcu/cs/
2025-11-07 15:57:35,209 [INFO] DbMcusXml:78 - Set database path to: /Applications/STM32CubeIDE.app/Contents/Eclipse/plugins/com.st.stm32cube.common.mx_6.15.0.202507011659//db//mcu/
2025-11-07 15:57:35,209 [INFO] ApiDb:274 - Set plugin database path to: /Applications/STM32CubeIDE.app/Contents/Eclipse/plugins/com.st.stm32cube.common.mx_6.15.0.202507011659//db//plugins/boardmanager/
2025-11-07 15:57:35,209 [INFO] ApiDb:261 - Set plugin images path to: /Applications/STM32CubeIDE.app/Contents/Eclipse/plugins/com.st.stm32cube.common.mx_6.15.0.202507011659//db//plugins/mcufinder/images/
2025-11-07 15:57:35,210 [WARN] DbFile:41 - Overriding database path with different value: /Users/karthikkurapati/.stmcufinder/plugins/mcufinder/ => /Users/karthikkurapati/.stmcufinder/plugins/mcufinder
2025-11-07 15:57:35,210 [INFO] ApiDb:250 - Set database path to: /Users/karthikkurapati/.stmcufinder/plugins/mcufinder//mcu/
2025-11-07 15:57:35,210 [WARN] DbFile:41 - Overriding database path with different value: /Users/karthikkurapati/.stmcufinder/plugins/mcufinder/ => /Users/karthikkurapati/.stmcufinder/plugins/mcufinder
2025-11-07 15:57:35,210 [INFO] DbMcusAds:125 - Set database path to: /Users/karthikkurapati/.stmcufinder/plugins/mcufinder//mcu/
2025-11-07 15:57:35,210 [WARN] DbFile:41 - Overriding database path with different value: /Users/karthikkurapati/.stmcufinder/plugins/mcufinder/ => /Users/karthikkurapati/.stmcufinder/plugins/mcufinder
2025-11-07 15:57:35,210 [WARN] DbFile:41 - Overriding database path with different value: /Users/karthikkurapati/.stmcufinder/plugins/mcufinder/ => /Users/karthikkurapati/.stmcufinder/plugins/mcufinder
2025-11-07 15:57:35,211 [INFO] CrossReferenceDbSqlite:203 - Set database path to: /Users/karthikkurapati/.stmcufinder/plugins/mcufinder//mcu/cs/
2025-11-07 15:57:35,288 [INFO] MainPanel:274 - HeapMemory: 268435456
2025-11-07 15:57:35,613 [INFO] DbMcusXml:78 - Set database path to: /Applications/STM32CubeIDE.app/Contents/Eclipse/plugins/com.st.stm32cube.common.mx_6.15.0.202507011659//db//mcu/
2025-11-07 15:57:35,613 [INFO] ApiDb:274 - Set plugin database path to: /Applications/STM32CubeIDE.app/Contents/Eclipse/plugins/com.st.stm32cube.common.mx_6.15.0.202507011659//db//plugins/boardmanager/
2025-11-07 15:57:35,614 [INFO] ApiDb:261 - Set plugin images path to: /Applications/STM32CubeIDE.app/Contents/Eclipse/plugins/com.st.stm32cube.common.mx_6.15.0.202507011659//db//plugins/mcufinder/images/
2025-11-07 15:57:35,614 [WARN] DbFile:41 - Overriding database path with different value: /Users/karthikkurapati/.stmcufinder/plugins/mcufinder/ => /Users/karthikkurapati/.stmcufinder/plugins/mcufinder
2025-11-07 15:57:35,614 [INFO] ApiDb:250 - Set database path to: /Users/karthikkurapati/.stmcufinder/plugins/mcufinder//mcu/
2025-11-07 15:57:35,614 [WARN] DbFile:41 - Overriding database path with different value: /Users/karthikkurapati/.stmcufinder/plugins/mcufinder/ => /Users/karthikkurapati/.stmcufinder/plugins/mcufinder
2025-11-07 15:57:35,614 [INFO] DbMcusAds:125 - Set database path to: /Users/karthikkurapati/.stmcufinder/plugins/mcufinder//mcu/
2025-11-07 15:57:35,614 [WARN] DbFile:41 - Overriding database path with different value: /Users/karthikkurapati/.stmcufinder/plugins/mcufinder/ => /Users/karthikkurapati/.stmcufinder/plugins/mcufinder
2025-11-07 15:57:35,615 [WARN] DbFile:41 - Overriding database path with different value: /Users/karthikkurapati/.stmcufinder/plugins/mcufinder/ => /Users/karthikkurapati/.stmcufinder/plugins/mcufinder
2025-11-07 15:57:35,615 [INFO] CrossReferenceDbSqlite:203 - Set database path to: /Users/karthikkurapati/.stmcufinder/plugins/mcufinder//mcu/cs/
2025-11-07 15:57:35,637 [INFO] ApplicationProperties:184 - Using Application install path: /Applications/STM32CubeIDE.app/Contents/Eclipse/plugins/com.st.stm32cube.common.mx_6.15.0.202507011659
2025-11-07 15:57:35,639 [INFO] PluginManage:196 - Search for loadable plugins [exclusion list=, ]
2025-11-07 15:57:35,641 [INFO] PluginManage:310 - Check plugin analytics
2025-11-07 15:57:35,894 [INFO] AnalyticsPlugin:253 - Accepted Software Licenses: 
2025-11-07 15:57:35,895 [INFO] AnalyticsPlugin:255 - Accepted CMSIS Pack Licenses: 
2025-11-07 15:57:35,895 [INFO] AnalyticsPlugin:257 - Accepted Firmware Licenses: 
2025-11-07 15:57:35,911 [INFO] PluginManage:359 - Loaded plugin analytics (category:tool,tabindex:-1)
2025-11-07 15:57:35,912 [INFO] PluginManage:310 - Check plugin cadmodel
2025-11-07 15:57:35,926 [INFO] CADModel:105 - Init CAD model plugin
2025-11-07 15:57:35,926 [INFO] PluginManage:359 - Loaded plugin cadmodel (category:power,tabindex:5)
2025-11-07 15:57:35,927 [INFO] PluginManage:310 - Check plugin clock
2025-11-07 15:57:35,939 [INFO] PluginManage:359 - Loaded plugin clock (category:base,tabindex:2)
2025-11-07 15:57:35,939 [INFO] PluginManage:310 - Check plugin ddr
2025-11-07 15:57:35,943 [INFO] PluginManage:359 - Loaded plugin ddr (category:tool,tabindex:6)
2025-11-07 15:57:35,943 [INFO] PluginManage:310 - Check plugin filemanager
2025-11-07 15:57:36,409 [INFO] PluginManage:359 - Loaded plugin filemanager (category:base,tabindex:10)
2025-11-07 15:57:36,414 [INFO] PluginManage:310 - Check plugin ipmanager
2025-11-07 15:57:36,496 [INFO] PluginManage:359 - Loaded plugin ipmanager (category:base,tabindex:5)
2025-11-07 15:57:36,497 [INFO] PluginManage:310 - Check plugin lpbam
2025-11-07 15:57:36,526 [INFO] PluginManage:359 - Loaded plugin lpbam (category:base,tabindex:0)
2025-11-07 15:57:36,527 [INFO] PluginManage:310 - Check plugin memorymap
2025-11-07 15:57:36,540 [INFO] PluginManage:359 - Loaded plugin memorymap (category:base,tabindex:4)
2025-11-07 15:57:36,540 [INFO] PluginManage:310 - Check plugin pinoutandconfiguration
2025-11-07 15:57:36,550 [INFO] PluginManage:359 - Loaded plugin pinoutandconfiguration (category:base,tabindex:1)
2025-11-07 15:57:36,551 [INFO] PluginManage:310 - Check plugin pinoutconfig
2025-11-07 15:57:36,722 [WARN] SupportedApi:132 - Cannot load RTOS API schema: s4s-elt-must-match.1: The content of 'definitions' must match (annotation?, (simpleType | complexType)?, (unique | key | keyref)*)). A problem was found starting at: attribute.
2025-11-07 15:57:37,114 [INFO] PluginManage:359 - Loaded plugin pinoutconfig (category:base,tabindex:0)
2025-11-07 15:57:37,115 [INFO] PluginManage:310 - Check plugin power
2025-11-07 15:57:37,128 [INFO] PluginManage:359 - Loaded plugin power (category:power,tabindex:4)
2025-11-07 15:57:37,128 [INFO] PluginManage:310 - Check plugin projectmanager
2025-11-07 15:57:37,162 [INFO] PluginManage:359 - Loaded plugin projectmanager (category:projectmanager,tabindex:4)
2025-11-07 15:57:37,163 [INFO] PluginManage:310 - Check plugin rif
2025-11-07 15:57:37,174 [INFO] PluginManage:359 - Loaded plugin rif (category:base,tabindex:3)
2025-11-07 15:57:37,174 [INFO] PluginManage:310 - Check plugin thirdparty
2025-11-07 15:57:37,414 [WARN] IntegrityCheckThread:84 - waiting for thirdparty lock release [integrity check]
2025-11-07 15:57:37,416 [INFO] IntegrityCheckThread:86 - entering critical section [integrity check]
2025-11-07 15:57:37,414 [INFO] PluginManage:359 - Loaded plugin thirdparty (category:base,tabindex:-1)
2025-11-07 15:57:37,417 [INFO] PluginManage:310 - Check plugin tools
2025-11-07 15:57:37,417 [INFO] ThirdPartyUpdaterWithRetryManager:70 - Updater plugin not ready yet. [1/15]
2025-11-07 15:57:37,420 [INFO] PluginManage:359 - Loaded plugin tools (category:base,tabindex:7)
2025-11-07 15:57:37,420 [INFO] PluginManage:310 - Check plugin tutovideos
2025-11-07 15:57:37,664 [INFO] PluginManage:359 - Loaded plugin tutovideos (category:base,tabindex:-1)
2025-11-07 15:57:37,664 [INFO] PluginManage:310 - Check plugin updater
2025-11-07 15:57:37,709 [INFO] PluginManage:359 - Loaded plugin updater (category:base,tabindex:12)
2025-11-07 15:57:37,710 [INFO] PluginManage:310 - Check plugin userauth
2025-11-07 15:57:37,714 [INFO] UserAuth:118 - Init User Auth plugin
2025-11-07 15:57:37,716 [INFO] PluginManage:359 - Loaded plugin userauth (category:base,tabindex:14)
2025-11-07 15:57:37,720 [INFO] PluginManage:283 - PluginManage : Loaded plugins [18]
2025-11-07 15:57:37,990 [INFO] PinOutPanel:1589 - setPackage(No Configuration,No Configuration)
2025-11-07 15:57:38,088 [INFO] CADModel:165 - CPN selected for project level
2025-11-07 15:57:38,088 [INFO] CADModel:114 - Register for checkConnection events
2025-11-07 15:57:38,101 [INFO] IPUIPlugin:80 - create IPUIPlugin
2025-11-07 15:57:38,102 [INFO] PluginManager:220 - loadIPPluginJar : add mdma
2025-11-07 15:57:38,108 [INFO] IPUIPlugin:80 - create IPUIPlugin
2025-11-07 15:57:38,108 [INFO] PluginManager:220 - loadIPPluginJar : add freertos
2025-11-07 15:57:38,115 [INFO] IPUIPlugin:80 - create IPUIPlugin
2025-11-07 15:57:38,115 [INFO] PluginManager:220 - loadIPPluginJar : add gic
2025-11-07 15:57:38,125 [INFO] IPUIPlugin:80 - create IPUIPlugin
2025-11-07 15:57:38,125 [INFO] PluginManager:220 - loadIPPluginJar : add adc
2025-11-07 15:57:38,127 [INFO] IPUIPlugin:80 - create IPUIPlugin
2025-11-07 15:57:38,127 [INFO] PluginManager:220 - loadIPPluginJar : add gtzc
2025-11-07 15:57:38,128 [INFO] IPUIPlugin:80 - create IPUIPlugin
2025-11-07 15:57:38,128 [INFO] PluginManager:220 - loadIPPluginJar : add quadspi
2025-11-07 15:57:38,131 [INFO] IPUIPlugin:80 - create IPUIPlugin
2025-11-07 15:57:38,131 [INFO] PluginManager:220 - loadIPPluginJar : add aes
2025-11-07 15:57:38,133 [INFO] IPUIPlugin:80 - create IPUIPlugin
2025-11-07 15:57:38,133 [INFO] PluginManager:220 - loadIPPluginJar : add pdm2pcm
2025-11-07 15:57:38,134 [INFO] IPUIPlugin:80 - create IPUIPlugin
2025-11-07 15:57:38,134 [INFO] PluginManager:220 - loadIPPluginJar : add hash
2025-11-07 15:57:38,135 [INFO] IPUIPlugin:80 - create IPUIPlugin
2025-11-07 15:57:38,136 [INFO] PluginManager:220 - loadIPPluginJar : add tim
2025-11-07 15:57:38,136 [INFO] IPUIPlugin:80 - create IPUIPlugin
2025-11-07 15:57:38,136 [INFO] PluginManager:220 - loadIPPluginJar : add tsc
2025-11-07 15:57:38,139 [INFO] IPUIPlugin:80 - create IPUIPlugin
2025-11-07 15:57:38,140 [INFO] PluginManager:220 - loadIPPluginJar : add extmemmanager
2025-11-07 15:57:38,142 [INFO] IPUIPlugin:80 - create IPUIPlugin
2025-11-07 15:57:38,142 [INFO] PluginManager:220 - loadIPPluginJar : add ts
2025-11-07 15:57:38,144 [INFO] IPUIPlugin:80 - create IPUIPlugin
2025-11-07 15:57:38,144 [INFO] PluginManager:220 - loadIPPluginJar : add radio
2025-11-07 15:57:38,146 [INFO] IPUIPlugin:80 - create IPUIPlugin
2025-11-07 15:57:38,146 [INFO] PluginManager:220 - loadIPPluginJar : add can
2025-11-07 15:57:38,148 [INFO] IPUIPlugin:80 - create IPUIPlugin
2025-11-07 15:57:38,148 [INFO] PluginManager:220 - loadIPPluginJar : add dma3
2025-11-07 15:57:38,149 [INFO] IPUIPlugin:80 - create IPUIPlugin
2025-11-07 15:57:38,149 [INFO] PluginManager:220 - loadIPPluginJar : add dfsdm
2025-11-07 15:57:38,151 [INFO] IPUIPlugin:80 - create IPUIPlugin
2025-11-07 15:57:38,151 [INFO] PluginManager:220 - loadIPPluginJar : add spi
2025-11-07 15:57:38,152 [INFO] IPUIPlugin:80 - create IPUIPlugin
2025-11-07 15:57:38,152 [INFO] PluginManager:220 - loadIPPluginJar : add gfxmmu
2025-11-07 15:57:38,154 [INFO] IPUIPlugin:80 - create IPUIPlugin
2025-11-07 15:57:38,154 [INFO] PluginManager:220 - loadIPPluginJar : add genericplugin
2025-11-07 15:57:38,156 [INFO] IPUIPlugin:80 - create IPUIPlugin
2025-11-07 15:57:38,156 [INFO] PluginManager:220 - loadIPPluginJar : add cryp
2025-11-07 15:57:38,159 [INFO] IPUIPlugin:80 - create IPUIPlugin
2025-11-07 15:57:38,160 [INFO] PluginManager:220 - loadIPPluginJar : add gpio
2025-11-07 15:57:38,162 [INFO] IPUIPlugin:80 - create IPUIPlugin
2025-11-07 15:57:38,162 [INFO] PluginManager:220 - loadIPPluginJar : add ddr_ctrl_phy
2025-11-07 15:57:38,164 [INFO] IPUIPlugin:80 - create IPUIPlugin
2025-11-07 15:57:38,164 [INFO] PluginManager:220 - loadIPPluginJar : add comp
2025-11-07 15:57:38,166 [INFO] IPUIPlugin:80 - create IPUIPlugin
2025-11-07 15:57:38,167 [INFO] PluginManager:220 - loadIPPluginJar : add tracer_emb
2025-11-07 15:57:38,169 [INFO] IPUIPlugin:80 - create IPUIPlugin
2025-11-07 15:57:38,169 [INFO] PluginManager:220 - loadIPPluginJar : add openamp
2025-11-07 15:57:38,174 [INFO] IPUIPlugin:80 - create IPUIPlugin
2025-11-07 15:57:38,175 [INFO] PluginManager:220 - loadIPPluginJar : add stm32_wpan
2025-11-07 15:57:38,179 [INFO] IPUIPlugin:80 - create IPUIPlugin
2025-11-07 15:57:38,181 [INFO] PluginManager:220 - loadIPPluginJar : add plateformsettings
2025-11-07 15:57:38,184 [INFO] IPUIPlugin:80 - create IPUIPlugin
2025-11-07 15:57:38,184 [INFO] PluginManager:220 - loadIPPluginJar : add ipddr
2025-11-07 15:57:38,185 [INFO] IPUIPlugin:80 - create IPUIPlugin
2025-11-07 15:57:38,186 [INFO] PluginManager:220 - loadIPPluginJar : add usart
2025-11-07 15:57:38,186 [INFO] IPUIPlugin:80 - create IPUIPlugin
2025-11-07 15:57:38,186 [INFO] PluginManager:220 - loadIPPluginJar : add ltdc
2025-11-07 15:57:38,189 [INFO] IPUIPlugin:80 - create IPUIPlugin
2025-11-07 15:57:38,189 [INFO] PluginManager:220 - loadIPPluginJar : add nvic
2025-11-07 15:57:38,192 [INFO] IPUIPlugin:80 - create IPUIPlugin
2025-11-07 15:57:38,192 [INFO] PluginManager:220 - loadIPPluginJar : add fatfs
2025-11-07 15:57:38,198 [INFO] IPUIPlugin:80 - create IPUIPlugin
2025-11-07 15:57:38,198 [INFO] PluginManager:220 - loadIPPluginJar : add linkedlist
2025-11-07 15:57:38,202 [INFO] IPUIPlugin:80 - create IPUIPlugin
2025-11-07 15:57:38,202 [INFO] PluginManager:220 - loadIPPluginJar : add dma
2025-11-07 15:57:38,206 [INFO] IPUIPlugin:80 - create IPUIPlugin
2025-11-07 15:57:38,206 [INFO] PluginManager:220 - loadIPPluginJar : add fmc
2025-11-07 15:57:38,207 [INFO] IPUIPlugin:80 - create IPUIPlugin
2025-11-07 15:57:38,207 [INFO] PluginManager:220 - loadIPPluginJar : add i2s
2025-11-07 15:57:38,209 [INFO] IPUIPlugin:80 - create IPUIPlugin
2025-11-07 15:57:38,210 [INFO] PluginManager:220 - loadIPPluginJar : add ucpd
2025-11-07 15:57:38,212 [INFO] IPUIPlugin:80 - create IPUIPlugin
2025-11-07 15:57:38,212 [INFO] PluginManager:220 - loadIPPluginJar : add lorawan
2025-11-07 15:57:38,214 [INFO] IPUIPlugin:80 - create IPUIPlugin
2025-11-07 15:57:38,215 [INFO] PluginManager:220 - loadIPPluginJar : add opamp
2025-11-07 15:57:38,216 [INFO] IPUIPlugin:80 - create IPUIPlugin
2025-11-07 15:57:38,217 [INFO] PluginManager:220 - loadIPPluginJar : add i3c
2025-11-07 15:57:38,219 [INFO] IPUIPlugin:80 - create IPUIPlugin
2025-11-07 15:57:38,221 [INFO] PluginManager:220 - loadIPPluginJar : add touchsensing
2025-11-07 15:57:38,224 [INFO] IPUIPlugin:80 - create IPUIPlugin
2025-11-07 15:57:38,224 [INFO] PluginManager:220 - loadIPPluginJar : add i2c
2025-11-07 15:57:38,227 [INFO] IPUIPlugin:80 - create IPUIPlugin
2025-11-07 15:57:38,227 [INFO] PluginManager:220 - loadIPPluginJar : add resmgrutility
2025-11-07 15:57:38,229 [INFO] IPUIPlugin:80 - create IPUIPlugin
2025-11-07 15:57:38,229 [INFO] PluginManager:220 - loadIPPluginJar : add sai
2025-11-07 15:57:38,231 [INFO] IPUIPlugin:80 - create IPUIPlugin
2025-11-07 15:57:38,232 [INFO] PluginManager:220 - loadIPPluginJar : add usbx
2025-11-07 15:57:38,357 [FATAL] Updater:351 - Updater called before beeing initialized
2025-11-07 15:57:38,472 [INFO] RulesReader:64 - Compatibility file has been processed (317 Rules)
2025-11-07 15:57:38,502 [INFO] RulesReader:64 - Compatibility file has been processed (317 Rules)
2025-11-07 15:57:38,512 [INFO] CADModel:165 - CPN selected for project level
2025-11-07 15:57:38,512 [INFO] CADModel:114 - Register for checkConnection events
2025-11-07 15:57:38,512 [FATAL] Updater:351 - Updater called before beeing initialized
2025-11-07 15:57:38,512 [ERROR] CADModel:125 - Updater not yet initialized, retry later 
2025-11-07 15:57:38,754 [FATAL] Updater:351 - Updater called before beeing initialized
2025-11-07 15:57:38,756 [INFO] CADModel:165 - CPN selected for project level
2025-11-07 15:57:38,756 [INFO] CADModel:114 - Register for checkConnection events
2025-11-07 15:57:38,756 [FATAL] Updater:351 - Updater called before beeing initialized
2025-11-07 15:57:38,756 [ERROR] CADModel:125 - Updater not yet initialized, retry later 
2025-11-07 15:57:38,759 [FATAL] Updater:351 - Updater called before beeing initialized
2025-11-07 15:57:38,928 [FATAL] Updater:351 - Updater called before beeing initialized
2025-11-07 15:57:38,933 [INFO] DbMcusAds:53 - JSON generation date=Thu Oct 02 04:36:05 CDT 2025 (1759397765645)
2025-11-07 15:57:38,934 [FATAL] Updater:351 - Updater called before beeing initialized
2025-11-07 15:57:38,986 [WARN] DetailPanel:346 - Failed to get advertising image, set to default
2025-11-07 15:57:39,062 [FATAL] Updater:351 - Updater called before beeing initialized
2025-11-07 15:57:39,065 [FATAL] Updater:351 - Updater called before beeing initialized
2025-11-07 15:57:39,065 [FATAL] Updater:351 - Updater called before beeing initialized
2025-11-07 15:57:39,066 [WARN] DetailPanel:346 - Failed to get advertising image, set to default
2025-11-07 15:57:39,068 [FATAL] Updater:351 - Updater called before beeing initialized
2025-11-07 15:57:39,135 [ERROR] Updater:1198 - MainUpdater not yet initialized. External WinMGr cannot be set.
2025-11-07 15:57:39,137 [INFO] Updater:1134 - Updater Version found : 6.15.0
2025-11-07 15:57:39,151 [INFO] ApplicationProperties:184 - Using Application install path: /Applications/STM32CubeIDE.app/Contents/Eclipse/plugins/com.st.stm32cube.common.mx_6.15.0.202507011659
2025-11-07 15:57:39,498 [INFO] MainUpdater:2872 - connection check result : 10
2025-11-07 15:57:39,499 [INFO] MainUpdater:289 - Updater Check For Update Now.
2025-11-07 15:57:39,499 [INFO] MicroXplorer:498 - Change Database Version : DB.6.0.150
2025-11-07 15:57:39,507 [INFO] McuFinderGlobals:63 - Set McuFinder mode to 2 (CubeIDE integrated)
2025-11-07 15:57:39,507 [INFO] UserAuth:171 - activating auth plugin
2025-11-07 15:57:39,525 [INFO] UserAuth:487 - Internet connection configuration mode: 1
2025-11-07 15:57:39,567 [INFO] JxBrowserEngine:152 - Initiate JxBrowser Engine with user profile folder
2025-11-07 15:57:39,805 [INFO] CheckServerUpdateThread:120 - End of CheckServer Thread
2025-11-07 15:57:40,719 [WARN] PackLoader:240 - Cannot read IP mode file for STMicroelectronics.FP-SNS-MOTENVWB1.1.4.0
2025-11-07 15:57:40,763 [WARN] PackLoader:240 - Cannot read IP mode file for STMicroelectronics.FP-ATR-ASTRA1.2.0.2
2025-11-07 15:57:40,781 [WARN] PackLoader:240 - Cannot read IP mode file for STMicroelectronics.X-CUBE-SMBUS.2.1.0
2025-11-07 15:57:40,791 [WARN] PackLoader:240 - Cannot read IP mode file for STMicroelectronics.X-CUBE-ST60.1.0.0
2025-11-07 15:57:40,843 [WARN] PackLoader:240 - Cannot read IP mode file for STMicroelectronics.X-CUBE-AZRTOS-F7.1.1.0
2025-11-07 15:57:40,883 [WARN] PackLoader:240 - Cannot read IP mode file for STMicroelectronics.FP-SNS-MOTENV1.5.1.0
2025-11-07 15:57:40,943 [WARN] PackLoader:240 - Cannot read IP mode file for WES.I-CUBE-Cesium.1.4.0
2025-11-07 15:57:40,999 [WARN] PackLoader:240 - Cannot read IP mode file for Infineon.AIROC-Wi-Fi-Bluetooth-STM32.1.7.1
2025-11-07 15:57:41,059 [WARN] PackLoader:240 - Cannot read IP mode file for STMicroelectronics.X-CUBE-AZRTOS-H7.3.4.0
2025-11-07 15:57:41,096 [WARN] PackLoader:240 - Cannot read IP mode file for STMicroelectronics.X-CUBE-DISPLAY.3.0.0
2025-11-07 15:57:41,126 [WARN] PackLoader:240 - Cannot read IP mode file for STMicroelectronics.X-CUBE-NFC10.1.0.0
2025-11-07 15:57:41,144 [WARN] PackLoader:240 - Cannot read IP mode file for STMicroelectronics.X-CUBE-ST60.1.1.0
2025-11-07 15:57:41,153 [WARN] PackLoader:240 - Cannot read IP mode file for emotas.I-CUBE-CANOPEN.1.3.0
2025-11-07 15:57:41,168 [WARN] PackLoader:240 - Cannot read IP mode file for STMicroelectronics.X-CUBE-GNSS1.7.1.0
2025-11-07 15:57:41,186 [WARN] PackLoader:240 - Cannot read IP mode file for STMicroelectronics.FP-SNS-STBOX1.2.1.0
2025-11-07 15:57:41,198 [WARN] PackLoader:240 - Cannot read IP mode file for STMicroelectronics.FP-SNS-SMARTAG2.1.2.0
2025-11-07 15:57:41,227 [WARN] PackLoader:240 - Cannot read IP mode file for STMicroelectronics.FP-SNS-FLIGHT1.5.1.0
2025-11-07 15:57:41,257 [INFO] LogOutputStream:77 - [STDOUT_REDIRECT] 1 : Invalid condition id : UX_CORESTACK_Condition cause : null
2025-11-07 15:57:41,259 [INFO] LogOutputStream:77 - [STDOUT_REDIRECT] 1 : Invalid condition id : UX_CORESTACK_Condition cause : null
2025-11-07 15:57:41,260 [INFO] LogOutputStream:77 - [STDOUT_REDIRECT] 1 : Invalid condition id : UX_CORESTACK_Condition cause : null
2025-11-07 15:57:41,260 [INFO] LogOutputStream:77 - [STDOUT_REDIRECT] 1 : Invalid condition id : UX_CORESTACK_Condition cause : null
2025-11-07 15:57:41,260 [INFO] LogOutputStream:77 - [STDOUT_REDIRECT] 1 : Invalid condition id : UX_CORESTACK_Condition cause : null
2025-11-07 15:57:41,267 [WARN] PackLoader:240 - Cannot read IP mode file for STMicroelectronics.X-CUBE-AZRTOS-WL.2.0.0
2025-11-07 15:57:41,292 [WARN] PackLoader:240 - Cannot read IP mode file for STMicroelectronics.FP-SNS-MOTENV1.5.0.0
2025-11-07 15:57:41,308 [WARN] PackLoader:240 - Cannot read IP mode file for STMicroelectronics.X-CUBE-BLE2.3.3.0
2025-11-07 15:57:41,360 [WARN] PackLoader:240 - Cannot read IP mode file for STMicroelectronics.X-CUBE-NFC9.1.0.0
2025-11-07 15:57:41,374 [WARN] PackLoader:240 - Cannot read IP mode file for wolfSSL.I-CUBE-wolfSSL.5.8.2
2025-11-07 15:57:41,394 [WARN] PackLoader:240 - Cannot read IP mode file for STMicroelectronics.X-CUBE-BLE1.7.1.0
2025-11-07 15:57:41,399 [WARN] PackLoader:240 - Cannot read IP mode file for wolfSSL.I-CUBE-wolfMQTT.1.19.2
2025-11-07 15:57:41,407 [WARN] PackLoader:240 - Cannot read IP mode file for STMicroelectronics.X-CUBE-EEPRMA1.5.2.0
2025-11-07 15:57:41,420 [WARN] PackLoader:240 - Cannot read IP mode file for STMicroelectronics.X-CUBE-ST67W61.1.1.0
2025-11-07 15:57:41,734 [WARN] PackLoader:240 - Cannot read IP mode file for STMicroelectronics.X-CUBE-AZRTOS-G0.1.1.0
2025-11-07 15:57:41,930 [WARN] PackLoader:240 - Cannot read IP mode file for STMicroelectronics.X-CUBE-SAFEA1.1.2.2
2025-11-07 15:57:41,952 [WARN] PackLoader:240 - Cannot read IP mode file for STMicroelectronics.X-CUBE-NFC4.3.0.0
2025-11-07 15:57:41,976 [WARN] PackLoader:240 - Cannot read IP mode file for EmbeddedOffice.I-CUBE-FS-RTOS.1.0.1
2025-11-07 15:57:41,993 [WARN] PackLoader:240 - Cannot read IP mode file for STMicroelectronics.X-CUBE-WB05N.2.0.0
2025-11-07 15:57:42,004 [WARN] PackLoader:240 - Cannot read IP mode file for wolfSSL.I-CUBE-wolfTPM.3.8.0
2025-11-07 15:57:42,010 [WARN] PackLoader:240 - Cannot read IP mode file for STMicroelectronics.X-CUBE-TCPP.4.2.0
2025-11-07 15:57:42,019 [WARN] PackLoader:240 - Cannot read IP mode file for RealThread.X-CUBE-RT-Thread_Nano.4.1.1
2025-11-07 15:57:42,029 [WARN] PackLoader:240 - Cannot read IP mode file for STMicroelectronics.FP-ATR-SIGFOX1.3.2.0
2025-11-07 15:57:42,042 [WARN] PackLoader:240 - Cannot read IP mode file for ITTIA_DB.I-CUBE-ITTIADB.8.9.0
2025-11-07 15:57:42,068 [WARN] PackLoader:240 - Cannot read IP mode file for STMicroelectronics.X-CUBE-ST67W61.1.0.0
2025-11-07 15:57:42,080 [WARN] PackLoader:240 - Cannot read IP mode file for STMicroelectronics.X-CUBE-AI.10.2.0
2025-11-07 15:57:42,169 [WARN] PackLoader:240 - Cannot read IP mode file for SEGGER.I-CUBE-embOS.1.3.1
2025-11-07 15:57:42,285 [WARN] PackLoader:240 - Cannot read IP mode file for STMicroelectronics.X-CUBE-ALGOBUILD.1.4.0
2025-11-07 15:57:42,405 [WARN] PackLoader:240 - Cannot read IP mode file for STMicroelectronics.X-CUBE-MEMS1.11.3.0
2025-11-07 15:57:42,516 [WARN] PackLoader:240 - Cannot read IP mode file for STMicroelectronics.X-CUBE-PM33A1.1.0.0
2025-11-07 15:57:42,542 [WARN] PackLoader:240 - Cannot read IP mode file for STMicroelectronics.X-CUBE-AZRTOS-F4.1.1.0
2025-11-07 15:57:42,553 [WARN] PackLoader:240 - Cannot read IP mode file for Avnet-IotConnect.X-CUBE-IoTC-DA16k-PMOD.1.0.0
2025-11-07 15:57:42,558 [WARN] PackLoader:240 - Cannot read IP mode file for STMicroelectronics.X-CUBE-ISPU.2.1.0
2025-11-07 15:57:42,575 [WARN] PackLoader:240 - Cannot read IP mode file for STMicroelectronics.X-CUBE-IPS.3.2.0
2025-11-07 15:57:42,591 [WARN] PackLoader:240 - Cannot read IP mode file for STMicroelectronics.X-CUBE-NFC12.1.0.0
2025-11-07 15:57:42,621 [WARN] PackLoader:240 - Cannot read IP mode file for STMicroelectronics.X-CUBE-AZRTOS-L5.2.0.0
2025-11-07 15:57:42,644 [WARN] PackLoader:240 - Cannot read IP mode file for STMicroelectronics.X-CUBE-NFC6.3.1.0
2025-11-07 15:57:42,653 [WARN] PackLoader:240 - Cannot read IP mode file for STMicroelectronics.X-CUBE-FREERTOS.1.3.1
2025-11-07 15:57:42,662 [WARN] PackLoader:240 - Cannot read IP mode file for STMicroelectronics.X-CUBE-TOUCHGFX.4.26.0
2025-11-07 15:57:42,668 [WARN] PackLoader:240 - Cannot read IP mode file for STMicroelectronics.FP-SNS-STAIOTCFT.1.0.0
2025-11-07 15:57:42,674 [WARN] PackLoader:240 - Cannot read IP mode file for STMicroelectronics.X-CUBE-DPower.1.3.0
2025-11-07 15:57:42,697 [WARN] ConditionMgr:438 - getConditionDescription Invalid condition id : LAN8742 Phy interface Condition cause : null
2025-11-07 15:57:42,699 [WARN] PackLoader:240 - Cannot read IP mode file for STMicroelectronics.X-CUBE-AZRTOS-L4.2.0.0
2025-11-07 15:57:42,710 [WARN] ConditionMgr:1044 - genDependencies : Invalid condition id : LAN8742 Phy interface Condition cause : null
2025-11-07 15:57:42,711 [WARN] ConditionMgr:1044 - genDependencies : Invalid condition id : LAN8742 Phy interface Condition cause : null
2025-11-07 15:57:42,712 [WARN] ConditionMgr:1044 - genDependencies : Invalid condition id : LAN8742 Phy interface Condition cause : null
2025-11-07 15:57:42,729 [WARN] PackLoader:240 - Cannot read IP mode file for STMicroelectronics.X-CUBE-SFXS2LP1.4.0.0
2025-11-07 15:57:42,749 [WARN] PackLoader:240 - Cannot read IP mode file for STMicroelectronics.X-CUBE-BLEMGR.4.1.0
2025-11-07 15:57:42,768 [WARN] ConditionMgr:438 - getConditionDescription Invalid condition id : UX DEVICE CLASS RTOS Condition cause : null
2025-11-07 15:57:42,769 [WARN] ConditionMgr:438 - getConditionDescription Invalid condition id : UX DEVICE CLASS RTOS Condition cause : null
2025-11-07 15:57:42,772 [WARN] PackLoader:240 - Cannot read IP mode file for STMicroelectronics.X-CUBE-AZRTOS-WB.2.0.0
2025-11-07 15:57:42,773 [WARN] ConditionMgr:1044 - genDependencies : Invalid condition id : UX DEVICE CLASS RTOS Condition cause : null
2025-11-07 15:57:42,773 [WARN] ConditionMgr:1044 - genDependencies : Invalid condition id : UX DEVICE CLASS RTOS Condition cause : null
2025-11-07 15:57:42,774 [WARN] ConditionMgr:1044 - genDependencies : Invalid condition id : UX DEVICE CLASS RTOS Condition cause : null
2025-11-07 15:57:42,774 [WARN] ConditionMgr:1044 - genDependencies : Invalid condition id : UX DEVICE CLASS RTOS Condition cause : null
2025-11-07 15:57:42,774 [WARN] ConditionMgr:1044 - genDependencies : Invalid condition id : UX DEVICE CLASS RTOS Condition cause : null
2025-11-07 15:57:42,783 [WARN] PackLoader:240 - Cannot read IP mode file for STMicroelectronics.X-CUBE-GNSS1.7.0.1
2025-11-07 15:57:42,788 [WARN] PackLoader:240 - Cannot read IP mode file for STMicroelectronics.X-CUBE-TOUCHGFX.4.25.0
2025-11-07 15:57:42,793 [WARN] ConditionMgr:438 - getConditionDescription Invalid condition id : Cortex-A Device cause : null
2025-11-07 15:57:42,820 [WARN] ConditionMgr:1044 - genDependencies : Invalid condition id : Cortex-A Device cause : null
2025-11-07 15:57:42,820 [WARN] ConditionMgr:1044 - genDependencies : Invalid condition id : Cortex-A Device cause : null
2025-11-07 15:57:42,820 [WARN] ConditionMgr:1044 - genDependencies : Invalid condition id : Cortex-A Device cause : null
2025-11-07 15:57:42,831 [WARN] PackLoader:240 - Cannot read IP mode file for STMicroelectronics.X-CUBE-SUBG2.5.0.0
2025-11-07 15:57:42,859 [WARN] PackLoader:240 - Cannot read IP mode file for STMicroelectronics.X-CUBE-AZRTOS-H7RS.1.1.0
2025-11-07 15:57:42,867 [WARN] PackLoader:240 - Cannot read IP mode file for Cesanta.I-CUBE-Mongoose.7.13.0
2025-11-07 15:57:42,886 [WARN] PackLoader:240 - Cannot read IP mode file for STMicroelectronics.X-CUBE-AZRTOS-G4.2.0.0
2025-11-07 15:57:42,894 [WARN] PackLoader:240 - Cannot read IP mode file for wolfSSL.I-CUBE-wolfSSH.1.4.20
2025-11-07 15:57:42,897 [WARN] PackLoader:240 - Cannot read IP mode file for STMicroelectronics.X-CUBE-NFC7.2.0.0
2025-11-07 15:57:42,907 [WARN] PackLoader:240 - Cannot read IP mode file for STMicroelectronics.X-CUBE-IPS.3.1.0
2025-11-07 15:57:42,915 [WARN] PackLoader:240 - Cannot read IP mode file for STMicroelectronics.X-CUBE-ALS.1.0.2
2025-11-07 15:57:42,921 [WARN] PackLoader:240 - Cannot read IP mode file for STMicroelectronics.X-CUBE-STSE01.1.0.0
2025-11-07 15:57:42,935 [WARN] PackLoader:240 - Cannot read IP mode file for STMicroelectronics.X-CUBE-TOF1.3.4.3
2025-11-07 15:57:42,961 [INFO] ThirdParty:978 - Integrity check success = true
2025-11-07 15:57:42,961 [INFO] IntegrityCheckThread:100 - exiting critical section [integrity check]
2025-11-07 15:57:42,961 [INFO] IntegrityCheckThread:103 - End integrity checks thread
2025-11-07 15:57:44,553 [INFO] WebApp:169 - Instantiating new browser for Auth
2025-11-07 15:57:46,479 [INFO] WebApp:463 - Apply proxy settings
2025-11-07 15:57:46,501 [INFO] WebApp:508 - Chromium authenticates against Manually configured proxy
2025-11-07 15:57:46,525 [INFO] WebApp:516 - Username used for proxy authentication: 
2025-11-07 15:57:46,586 [INFO] WebApp:900 - Register for checkConnection events
2025-11-07 15:57:46,587 [INFO] WebApp:463 - Apply proxy settings
2025-11-07 15:57:46,596 [INFO] WebApp:508 - Chromium authenticates against Manually configured proxy
2025-11-07 15:57:46,597 [INFO] WebApp:516 - Username used for proxy authentication: 
2025-11-07 15:57:47,135 [INFO] WebApp:225 - Starting web application
2025-11-07 15:57:47,145 [INFO] WebApp:593 - Web application path used /Applications/STM32CubeIDE.app/Contents/Eclipse/plugins/com.st.stm32cube.common.mx_6.15.0.202507011659/db/plugins/mcufinder/reactClient1/index.html
2025-11-07 15:57:47,673 [INFO] WebApp:191 - Connection restablished
2025-11-07 15:59:30,910 [INFO] McuFinderGlobals:63 - Set McuFinder mode to 2 (CubeIDE integrated)
2025-11-07 15:59:30,927 [INFO] MainUpdater:2872 - connection check result : 10
2025-11-07 15:59:30,936 [INFO] McuFinderGlobals:76 - Set McuFinderConnectedMode to true
2025-11-07 15:59:31,485 [INFO] ServerAccessManage:452 - Complete download http(s) 200
2025-11-07 15:59:31,494 [INFO] ServerAccessManage:509 - Download File mcusAds.json._tmp_
2025-11-07 15:59:31,612 [INFO] LoadUrlFilesThread:156 - End of LoadUrlFiles Thread
2025-11-07 15:59:31,858 [INFO] ServerAccessManage:452 - Complete download http(s) 200
2025-11-07 15:59:31,860 [INFO] ServerAccessManage:509 - Download File cube-finder-db.zip
2025-11-07 15:59:34,667 [INFO] FileExtend:248 - Unzip File : cube-finder-db.zip
2025-11-07 15:59:34,670 [INFO] FileExtend:263 - Standard Zip Deflate
2025-11-07 15:59:35,646 [INFO] LoadUrlFilesThread:156 - End of LoadUrlFiles Thread
2025-11-07 15:59:36,723 [INFO] ServerAccessManage:452 - Complete download http(s) 200
2025-11-07 15:59:36,741 [INFO] ServerAccessManage:509 - Download File crdb.zip
2025-11-07 15:59:37,538 [INFO] FileExtend:248 - Unzip File : crdb.zip
2025-11-07 15:59:37,538 [INFO] FileExtend:263 - Standard Zip Deflate
2025-11-07 15:59:37,667 [INFO] LoadUrlFilesThread:156 - End of LoadUrlFiles Thread
2025-11-07 15:59:37,839 [INFO] ServerAccessManage:452 - Complete download http(s) 200
2025-11-07 15:59:37,846 [INFO] ServerAccessManage:509 - Download File tutoVideoDB.zip
2025-11-07 15:59:37,859 [INFO] FileExtend:248 - Unzip File : tutoVideoDB.zip
2025-11-07 15:59:37,860 [INFO] FileExtend:263 - Standard Zip Deflate
2025-11-07 15:59:37,974 [INFO] LoadUrlFilesThread:156 - End of LoadUrlFiles Thread
2025-11-07 15:59:37,985 [WARN] DbFile:41 - Overriding database path with different value: /Users/karthikkurapati/.stmcufinder/plugins/mcufinder/ => /Users/karthikkurapati/.stmcufinder/plugins/mcufinder
2025-11-07 15:59:38,135 [INFO] ServerAccessManage:452 - Complete download http(s) 200
2025-11-07 15:59:38,136 [INFO] ServerAccessManage:509 - Download File api_config.json
2025-11-07 15:59:38,245 [INFO] LoadUrlFilesThread:156 - End of LoadUrlFiles Thread
2025-11-07 15:59:38,247 [INFO] DbMcusAds:53 - JSON generation date=Fri Nov 07 05:13:48 CST 2025 (1762514028714)
2025-11-07 15:59:38,405 [INFO] ServerAccessManage:452 - Complete download http(s) 200
2025-11-07 15:59:38,405 [INFO] ServerAccessManage:509 - Download File 
2025-11-07 15:59:38,420 [INFO] LoadUrlFilesThread:185 - End of LoadServerUrlFiles without Thread
2025-11-07 15:59:38,424 [INFO] TargetSelectorAdapter:259 - Refresh data is successful
2025-11-07 15:59:39,249 [INFO] ApiDb:581 - Connected to CubeFinder SQLite database (/Users/karthikkurapati/.stmcufinder/plugins/mcufinder/mcu/cube-finder-db.db)
2025-11-07 15:59:39,321 [INFO] ApiDb:668 - CubeFinder database Data Model version=2.1
2025-11-07 15:59:39,322 [INFO] ApiDb:669 - CubeFinder database Configuration version=3.0.39
2025-11-07 15:59:39,323 [INFO] ApiDb:670 - CubeFinder database generation date=2025-10-27 (1761571959)
2025-11-07 15:59:39,323 [INFO] ApiDb:671 - CubeFinder database FW Pack versions=[FP-ATR-ASTRA1_V2.0.0, FP-SNS-FLIGHT1_V5.1.0, FP-SNS-MOTENV1_V5.0.0, FP-SNS-MOTENVWB1_V1.4.0, FP-SNS-SMARTAG2_V1.2.0, FP-SNS-STBOX1_V2.1.0, STM32Cube_FW_C0_V1.4.0, STM32Cube_FW_F4_V1.28.3, STM32Cube_FW_F7_V1.17.4, STM32Cube_FW_G0_V1.6.2, STM32Cube_FW_G4_V1.6.1, STM32Cube_FW_H5_V1.5.0, STM32Cube_FW_H7RS_V1.2.0, STM32Cube_FW_H7_V1.12.1, STM32Cube_FW_L0_V1.12.2, STM32Cube_FW_L4_V1.18.1, STM32Cube_FW_L5_V1.5.1, STM32Cube_FW_N6_V1.2.0, STM32Cube_FW_U0_V1.3.0, STM32Cube_FW_U3_V1.2.1, STM32Cube_FW_U5_V1.8.0, STM32Cube_FW_WB0_V1.3.0, STM32Cube_FW_WBA_V1.7.0, STM32Cube_FW_WB_V1.23.0, STM32Cube_FW_WL3_V1.2.0, STM32Cube_FW_WL_V1.3.1, X-CUBE-ALGOBUILD_V1.4.0, X-CUBE-ALS_V1.0.2, X-CUBE-AZRTOS-F4_V1.1.0, X-CUBE-AZRTOS-F7_V1.1.0, X-CUBE-AZRTOS-G0_V1.1.0, X-CUBE-AZRTOS-G4_V2.0.0, X-CUBE-AZRTOS-H7RS_V1.1.0, X-CUBE-AZRTOS-H7_V3.4.0, X-CUBE-AZRTOS-L4_V2.0.0, X-CUBE-AZRTOS-L5_V2.0.0, X-CUBE-AZRTOS-WB_V2.0.0, X-CUBE-AZRTOS-WL_V2.0.0, X-CUBE-BLE1_V7.1.0, X-CUBE-BLE2_V3.3.0, X-CUBE-BLEMGR_V4.1.0, X-CUBE-EEPRMA1_V5.2.0, X-CUBE-FREERTOS_V1.3.1, X-CUBE-GNSS1_V6.0.0, X-CUBE-MEMS1_V11.3.0, X-CUBE-NFC4_V3.0.0, X-CUBE-NFC7_V2.0.0, X-CUBE-SFXS2LP1_V4.0.0, X-CUBE-ST67W61_V1.1.0, X-CUBE-SUBG2_V5.0.0, X-CUBE-TOF1_V3.4.3]
2025-11-07 15:59:40,980 [INFO] ApiDb:240 - Found 880 in-development CPN: [B-G473E-ZEST1S, B-WB1M-WPAN1, B-WBA5M-WPAN, B-WL5M-SUBG1, NUCLEO-C031C6, NUCLEO-C051C8, NUCLEO-C071RB, NUCLEO-C092RC, NUCLEO-H503RB, NUCLEO-H533RE, NUCLEO-H563ZI, NUCLEO-H7S3L8, NUCLEO-N657X0-Q, NUCLEO-U031R8, NUCLEO-U083RC, NUCLEO-U385RG-Q, NUCLEO-U545RE-Q, NUCLEO-U5A5ZJ-Q, NUCLEO-WB05KZ, NUCLEO-WB07CC, NUCLEO-WB09KE, NUCLEO-WBA52CG, NUCLEO-WBA55CG, NUCLEO-WL33CC1, NUCLEO-WL33CC2, STEVAL-PROTEUS1, STEVAL-SMARTAG2, STEVAL-STWINBX1, STM320518-EVAL, STM32C0116-DK, STM32C011D6Y3TR, STM32C011D6Y6TR, STM32C011F4P3, STM32C011F4P6, STM32C011F4U3, STM32C011F4U6TR, STM32C011F6P3, STM32C011F6P6, STM32C011F6U3, STM32C011F6U6TR, STM32C011J4M3, STM32C011J4M6, STM32C011J6M3, STM32C011J6M6, STM32C0316-DK, STM32C031C4T3, STM32C031C4T6, STM32C031C4U3, STM32C031C4U6, STM32C031C6T3, STM32C031C6T6, STM32C031C6U3, STM32C031C6U6, STM32C031F4P3, STM32C031F4P6, STM32C031F6P3, STM32C031F6P6, STM32C031G4U3, STM32C031G4U6, STM32C031G6U3, STM32C031G6U6, STM32C031K4T3, STM32C031K4T6, STM32C031K4U3, STM32C031K4U6, STM32C031K6T3, STM32C031K6T6, STM32C031K6U3, STM32C031K6U6, STM32C051C6T6, STM32C051C6U6, STM32C051C8T6, STM32C051C8U6, STM32C051D8Y6TR, STM32C051F6P6, STM32C051F8P6, STM32C051G6U6, STM32C051G8U6, STM32C051K6T6, STM32C051K6U6, STM32C051K8T6, STM32C071C8T6, STM32C071C8T6N, STM32C071C8U6, STM32C071C8U6N, STM32C071CBT6, STM32C071CBT6N, STM32C071CBU6, STM32C071CBU6N, STM32C071F8P6, STM32C071F8P6N, STM32C071FBP6, STM32C071FBP6N, STM32C071FBY6TR, STM32C071G8U6, STM32C071G8U6N, STM32C071GBU6, STM32C071GBU6N, STM32C071K8T6, STM32C071K8T6N, STM32C071K8U6, STM32C071K8U6N, STM32C071KBT6, STM32C071KBT6N, STM32C071KBU6, STM32C071KBU6N, STM32C071R8T6, STM32C071R8T6N, STM32C071RBI6N, STM32C071RBT6, STM32C071RBT6N, STM32C091CBT6, STM32C091CBU6, STM32C091CCT6, STM32C091CCU6, STM32C091ECY6TR, STM32C091FBP6, STM32C091FCP6, STM32C091GBU6, STM32C091GCU6, STM32C091KBT6, STM32C091KBU6, STM32C091KCT6, STM32C091KCU6, STM32C091RBT6, STM32C091RCI6, STM32C091RCT6, STM32C092CBT6, STM32C092CBU6, STM32C092CCT6, STM32C092CCU6, STM32C092ECY6TR, STM32C092FBP6, STM32C092FCP6, STM32C092GBU6, STM32C092GCU6, STM32C092KBT6, STM32C092KBU6, STM32C092KCT6, STM32C092KCU6, STM32C092RBT6, STM32C092RCI6, STM32C092RCT6, STM32G071K8TXN, STM32G071K8UXN, STM32G081GBU6N, STM32G081KBT6N, STM32G081KBUXN, STM32G0B1CCT6N, STM32G0B1KCT6, STM32G0B1NEY6TR, STM32G0B1RCT6N, STM32G0C1CCT6, STM32G0C1CCT6N, STM32G0C1CCU6N, STM32G0C1CET6N, STM32G0C1CEU6N, STM32G0C1KCT6, STM32G0C1NEY6TR, STM32G0C1RCI6N, STM32G0C1RCT6N, STM32G0C1REI6N, STM32G0C1RET6N, STM32G0C1VCI6, STM32G0C1VEI6, STM32G411C6T3, STM32G411C6T6, STM32G411C6U3, STM32G411C6U6, STM32G411C8T3, STM32G411C8T6, STM32G411C8U3, STM32G411C8U6, STM32G411CBT3, STM32G411CBT6, STM32G411CBU3, STM32G411CBU6, STM32G411K6T3, STM32G411K6T6, STM32G411K6U3, STM32G411K6U6, STM32G411K8T3, STM32G411K8T6, STM32G411K8U3, STM32G411K8U6, STM32G411KBT3, STM32G411KBT6, STM32G411KBU3, STM32G411KBU6, STM32G411M6T3, STM32G411M6T6, STM32G411M8T3, STM32G411M8T6, STM32G411MBT3, STM32G411MBT6, STM32G411R6T3, STM32G411R6T6, STM32G411R8T3, STM32G411R8T6, STM32G411RBT3, STM32G411RBT6, STM32G414CBT3, STM32G414CBT6, STM32G414CBU3, STM32G414CBU6, STM32G414CCT3, STM32G414CCT6, STM32G414CCU3, STM32G414CCU6, STM32G414MBT3, STM32G414MBT6, STM32G414MCT3, STM32G414MCT6, STM32G414RBT3, STM32G414RBT6, STM32G414RCT3, STM32G414RCT6, STM32G414VBT3, STM32G414VBT6, STM32G414VCT3, STM32G414VCT6, STM32G431CBT3Z, STM32G431RBT3Z, STM32G471CCT6, STM32G471CCU6, STM32G471CET3, STM32G471CET6, STM32G471CEU3, STM32G471CEU6, STM32G471MCT6, STM32G471MET3, STM32G471MET6, STM32G471MEY6TR, STM32G471QCT6, STM32G471QET3, STM32G471RCT6, STM32G471RET3, STM32G471RET6, STM32G471VCH6, STM32G471VCI6, STM32G471VCT6, STM32G471VEH3, STM32G471VEH6, STM32G471VEI3, STM32G471VEI6, STM32G471VET3, STM32G471VET6, STM32G473QET3Z, STM32G473RET3Z, STM32G474CCT6, STM32G491RET3Z, STM32H503CBT6, STM32H503CBU6, STM32H503EBY6TR, STM32H503KBU6, STM32H503RBT6, STM32H523CCT6, STM32H523CCU6, STM32H523CET6, STM32H523CEU6, STM32H523HEY6TR, STM32H523RCT6, STM32H523RET6, STM32H523VCI6, STM32H523VCT6, STM32H523VEI6, STM32H523VET6, STM32H523ZCJ6, STM32H523ZCT6, STM32H523ZEJ6, STM32H523ZET6, STM32H533CET6, STM32H533CEU6, STM32H533HEY6TR, STM32H533RET6, STM32H533VEI6, STM32H533VET6, STM32H533ZEJ6, STM32H533ZET6, STM32H562AGI6, STM32H562AII6, STM32H562IGK6, STM32H562IGT6, STM32H562IIK6, STM32H562IIT6, STM32H562RGT6, STM32H562RGV6, STM32H562RIT6, STM32H562RIV6, STM32H562VGT6, STM32H562VIT6, STM32H562ZGT6, STM32H562ZIT6, STM32H563AGI6, STM32H563AII3Q, STM32H563AII6, STM32H563IGK6, STM32H563IGT6, STM32H563IIK3Q, STM32H563IIK6, STM32H563IIT3Q, STM32H563IIT6, STM32H563MIY3QTR, STM32H563RGT6, STM32H563RGV6, STM32H563RIT6, STM32H563RIV6, STM32H563VGT6, STM32H563VIT3Q, STM32H563VIT6, STM32H563ZGT6, STM32H563ZIT3Q, STM32H563ZIT6, STM32H573AII3Q, STM32H573AII6, STM32H573I-DK, STM32H573IIK3Q, STM32H573IIK6, STM32H573IIT3Q, STM32H573IIT6, STM32H573MIY3QTR, STM32H573RIT6, STM32H573RIV6, STM32H573VIT3Q, STM32H573VIT6, STM32H573ZIT3Q, STM32H573ZIT6, STM32H7R3A8I6, STM32H7R3I8K6, STM32H7R3I8T6, STM32H7R3L8H6, STM32H7R3L8H6H, STM32H7R3R8V6, STM32H7R3V8H6, STM32H7R3V8T6, STM32H7R3V8Y6TR, STM32H7R3Z8J6, STM32H7R3Z8T6, STM32H7R7A8I6, STM32H7R7I8K6, STM32H7R7I8T6, STM32H7R7L8H6, STM32H7R7L8H6H, STM32H7R7Z8J6, STM32H7S3A8I6, STM32H7S3I8K6, STM32H7S3I8T6, STM32H7S3L8H6, STM32H7S3L8H6H, STM32H7S3R8V6, STM32H7S3V8H6, STM32H7S3V8T6, STM32H7S3V8Y6TR, STM32H7S3Z8J6, STM32H7S3Z8T6, STM32H7S78-DK, STM32H7S7A8I6, STM32H7S7I8K6, STM32H7S7I8T6, STM32H7S7L8H6, STM32H7S7L8H6H, STM32H7S7Z8J6, STM32L4R5QGI6STR, STM32MP131AAE3, STM32MP131AAF3, STM32MP131AAG3, STM32MP131CAE3, STM32MP131CAF3, STM32MP131CAG3, STM32MP131DAE7, STM32MP131DAF7, STM32MP131DAG7, STM32MP131FAE7, STM32MP131FAF7, STM32MP131FAG7, STM32MP133AAE3, STM32MP133AAF3, STM32MP133AAG3, STM32MP133CAE3, STM32MP133CAF3, STM32MP133CAG3, STM32MP133DAE7, STM32MP133DAF7, STM32MP133DAG7, STM32MP133FAE7, STM32MP133FAF7, STM32MP133FAG7, STM32MP135AAE3, STM32MP135AAF3, STM32MP135AAG3, STM32MP135CAE3, STM32MP135CAF3, STM32MP135CAG3, STM32MP135DAE7, STM32MP135DAF7, STM32MP135DAG7, STM32MP135F-DK, STM32MP135FAE7, STM32MP135FAF7, STM32MP135FAF7T, STM32MP135FAF7U, STM32MP135FAG7, STM32MP211AAL3, STM32MP211AAM3, STM32MP211AAN3, STM32MP211AAO3, STM32MP211CAL3, STM32MP211CAM3, STM32MP211CAN3, STM32MP211CAO3, STM32MP211DAL3, STM32MP211DAM3, STM32MP211DAN3, STM32MP211DAO3, STM32MP211FAL3, STM32MP211FAM3, STM32MP211FAN3, STM32MP211FAO3, STM32MP213AAL3, STM32MP213AAM3, STM32MP213AAN3, STM32MP213AAO3, STM32MP213CAL3, STM32MP213CAM3, STM32MP213CAN3, STM32MP213CAO3, STM32MP213DAL3, STM32MP213DAM3, STM32MP213DAN3, STM32MP213DAO3, STM32MP213FAL3, STM32MP213FAM3, STM32MP213FAN3, STM32MP213FAO3, STM32MP215AAL3, STM32MP215AAM3, STM32MP215AAN3, STM32MP215AAO3, STM32MP215CAL3, STM32MP215CAM3, STM32MP215CAN3, STM32MP215CAO3, STM32MP215DAL3, STM32MP215DAM3, STM32MP215DAN3, STM32MP215DAO3, STM32MP215F-DK, STM32MP215FAL3, STM32MP215FAM3, STM32MP215FAN3, STM32MP215FAO3, STM32MP231AAJ3, STM32MP231AAK3, STM32MP231AAL3, STM32MP231CAJ3, STM32MP231CAK3, STM32MP231CAL3, STM32MP231DAJ3, STM32MP231DAK3, STM32MP231DAL3, STM32MP231FAJ3, STM32MP231FAK3, STM32MP231FAL3, STM32MP233AAJ3, STM32MP233AAK3, STM32MP233AAL3, STM32MP233CAJ3, STM32MP233CAK3, STM32MP233CAL3, STM32MP233DAJ3, STM32MP233DAK3, STM32MP233DAL3, STM32MP233FAJ3, STM32MP233FAK3, STM32MP233FAL3, STM32MP235AAJ3, STM32MP235AAK3, STM32MP235AAL3, STM32MP235CAJ3, STM32MP235CAK3, STM32MP235CAL3, STM32MP235DAJ3, STM32MP235DAK3, STM32MP235DAL3, STM32MP235FAJ3, STM32MP235FAK3, STM32MP235FAL3, STM32MP251AAI3, STM32MP251AAK3, STM32MP251AAL3, STM32MP251CAI3, STM32MP251CAK3, STM32MP251CAL3, STM32MP251DAI3, STM32MP251DAK3, STM32MP251DAL3, STM32MP251FAI3, STM32MP251FAK3, STM32MP251FAL3, STM32MP253AAI3, STM32MP253AAK3, STM32MP253AAL3, STM32MP253CAI3, STM32MP253CAK3, STM32MP253CAL3, STM32MP253DAI3, STM32MP253DAK3, STM32MP253DAL3, STM32MP253FAI3, STM32MP253FAK3, STM32MP253FAL3, STM32MP255AAI3, STM32MP255AAK3, STM32MP255AAL3, STM32MP255CAI3, STM32MP255CAK3, STM32MP255CAL3, STM32MP255DAI3, STM32MP255DAK3, STM32MP255DAL3, STM32MP255FAI3, STM32MP255FAK3, STM32MP255FAL3, STM32MP257AAI3, STM32MP257AAK3, STM32MP257AAL3, STM32MP257CAI3, STM32MP257CAK3, STM32MP257CAL3, STM32MP257DAI3, STM32MP257DAK3, STM32MP257DAL3, STM32MP257F-DK, STM32MP257F-EV1, STM32MP257FAI3, STM32MP257FAK3, STM32MP257FAL3, STM32N645A0H3Q, STM32N645B0H3Q, STM32N645I0H3Q, STM32N645L0H3Q, STM32N645X0H3Q, STM32N645Z0H3Q, STM32N647A0H3Q, STM32N647B0H3Q, STM32N647I0H3Q, STM32N647L0H3Q, STM32N647X0H3Q, STM32N647Z0H3Q, STM32N655A0H3Q, STM32N655B0H3Q, STM32N655I0H3Q, STM32N655L0H3Q, STM32N655X0H3Q, STM32N655Z0H3Q, STM32N6570-DK, STM32N657A0H3Q, STM32N657B0H3Q, STM32N657I0H3Q, STM32N657L0H3Q, STM32N657X0H3Q, STM32N657Z0H3Q, STM32U031C6T6, STM32U031C6U6, STM32U031C8T6, STM32U031C8U6, STM32U031F4P6, STM32U031F6P6, STM32U031F8P6, STM32U031G6Y6TR, STM32U031G8Y6TR, STM32U031K4U6, STM32U031K6U6, STM32U031K8U6, STM32U031R6I6, STM32U031R6T6, STM32U031R8I6, STM32U031R8T6, STM32U073C8T6, STM32U073C8U6, STM32U073CBT6, STM32U073CBU6, STM32U073CCT6, STM32U073CCU6, STM32U073H8Y6TR, STM32U073HBY6TR, STM32U073HCY6TR, STM32U073K8U6, STM32U073KBU6, STM32U073KCU6, STM32U073M8I6, STM32U073M8T6, STM32U073MBI6, STM32U073MBT6, STM32U073MCI6, STM32U073MCT6, STM32U073R8I6, STM32U073R8T6, STM32U073RBI6, STM32U073RBT6, STM32U073RCI6, STM32U073RCT6, STM32U083C-DK, STM32U083CCT6, STM32U083CCU6, STM32U083HCY6TR, STM32U083KCU6, STM32U083MCI6, STM32U083MCT6, STM32U083RCI6, STM32U083RCT6, STM32U375CET6, STM32U375CET6Q, STM32U375CEU6, STM32U375CEU6Q, STM32U375CEY6QTR, STM32U375CGT6, STM32U375CGT6Q, STM32U375CGU6, STM32U375CGU6Q, STM32U375CGY6QTR, STM32U375KEU6, STM32U375KGU6, STM32U375REI6, STM32U375REI6Q, STM32U375RET6, STM32U375RET6Q, STM32U375REY6GTR, STM32U375REY6QTR, STM32U375RGI6, STM32U375RGI6Q, STM32U375RGT6, STM32U375RGT6Q, STM32U375RGY6GTR, STM32U375RGY6QTR, STM32U375VEI6, STM32U375VEI6Q, STM32U375VET6, STM32U375VET6Q, STM32U375VGI6, STM32U375VGI6Q, STM32U375VGT6, STM32U375VGT6Q, STM32U385CGT6, STM32U385CGT6Q, STM32U385CGU6, STM32U385CGU6Q, STM32U385CGY6QTR, STM32U385KGU6, STM32U385RGI6, STM32U385RGI6Q, STM32U385RGT6, STM32U385RGT6Q, STM32U385RGY6GTR, STM32U385RGY6QTR, STM32U385VGI6, STM32U385VGI6Q, STM32U385VGT6, STM32U385VGT6Q, STM32U535CBT6, STM32U535CBT6Q, STM32U535CBU6, STM32U535CBU6Q, STM32U535CCT6, STM32U535CCT6Q, STM32U535CCU6, STM32U535CCU6Q, STM32U535CET6, STM32U535CET6Q, STM32U535CEU6, STM32U535CEU6Q, STM32U535JEY6QTR, STM32U535NCY6QTR, STM32U535NEY6QTR, STM32U535RBI6, STM32U535RBI6Q, STM32U535RBT6, STM32U535RBT6Q, STM32U535RCI6, STM32U535RCI6Q, STM32U535RCT6, STM32U535RCT6Q, STM32U535REI6, STM32U535REI6Q, STM32U535RET6, STM32U535RET6Q, STM32U535VCI6, STM32U535VCI6Q, STM32U535VCT6, STM32U535VCT6Q, STM32U535VEI6, STM32U535VEI6Q, STM32U535VET6, STM32U535VET6Q, STM32U545CET6, STM32U545CET6Q, STM32U545CEU6, STM32U545CEU6Q, STM32U545JEY6QTR, STM32U545NEY6QTR, STM32U545REI6, STM32U545REI6Q, STM32U545RET6, STM32U545RET6Q, STM32U545VEI6, STM32U545VEI6Q, STM32U545VET6, STM32U545VET6Q, STM32U595AIH6, STM32U595AIH6Q, STM32U595AJH6, STM32U595AJH6Q, STM32U595QII6, STM32U595QII6Q, STM32U595QJI6, STM32U595QJI6Q, STM32U595RIT6, STM32U595RIT6Q, STM32U595RJT6, STM32U595RJT6Q, STM32U595VIT6, STM32U595VIT6Q, STM32U595VJT6, STM32U595VJT6Q, STM32U595ZIT6, STM32U595ZIT6Q, STM32U595ZIY6QTR, STM32U595ZJT6, STM32U595ZJT6Q, STM32U595ZJY6QTR, STM32U599BJY6QTR, STM32U599NIH6Q, STM32U599NJH6Q, STM32U599VIT6Q, STM32U599VJT6, STM32U599VJT6Q, STM32U599ZIT6Q, STM32U599ZIY6QTR, STM32U599ZJT6Q, STM32U599ZJY6QTR, STM32U5A5AJH6, STM32U5A5AJH6Q, STM32U5A5QII3Q , STM32U5A5QJI6, STM32U5A5QJI6Q, STM32U5A5RJT6, STM32U5A5RJT6Q, STM32U5A5VJT6, STM32U5A5VJT6Q, STM32U5A5ZJT6, STM32U5A5ZJT6Q, STM32U5A5ZJY6QTR, STM32U5A9BJY6QTR, STM32U5A9J-DK, STM32U5A9NJH6Q, STM32U5A9VJT6Q, STM32U5A9ZJT6Q, STM32U5A9ZJY6QTR, STM32U5F7VIT6, STM32U5F7VIT6Q, STM32U5F7VJT6, STM32U5F7VJT6Q, STM32U5F9BJY6QTR, STM32U5F9NJH6Q, STM32U5F9VIT6Q, STM32U5F9VJT6Q, STM32U5F9ZIJ6QTR, STM32U5F9ZIT6Q, STM32U5F9ZJJ6QTR, STM32U5F9ZJT6Q, STM32U5G7VJT6, STM32U5G7VJT6Q, STM32U5G9BJY6QTR, STM32U5G9J-DK1, STM32U5G9J-DK2, STM32U5G9NJH6Q, STM32U5G9VJT6Q, STM32U5G9ZJJ6QTR, STM32U5G9ZJT6Q, STM32WB05KZV6TR, STM32WB05KZV7TR, STM32WB05TZF6TR, STM32WB05TZF7TR, STM32WB06CCF6TR, STM32WB06CCF7TR, STM32WB06CCV6TR, STM32WB06CCV7TR, STM32WB06KCV6TR, STM32WB06KCV7TR, STM32WB07CCF6TR, STM32WB07CCF7TR, STM32WB07CCV6TR, STM32WB07CCV7TR, STM32WB07KCV6TR, STM32WB07KCV7TR, STM32WB09KEV6TR, STM32WB09KEV7TR, STM32WB09TEF6TR, STM32WB09TEF7TR, STM32WB1MMCH6, STM32WBA50KGU6, STM32WBA50KGU6TR, STM32WBA52CEU6, STM32WBA52CEU6TR, STM32WBA52CEU7, STM32WBA52CEU7TR, STM32WBA52CGU6, STM32WBA52CGU6TR, STM32WBA52CGU6U, STM32WBA52CGU7, STM32WBA52CGU7TR, STM32WBA52KEU6, STM32WBA52KEU6TR, STM32WBA52KGU6, STM32WBA52KGU6TR, STM32WBA54CEU6, STM32WBA54CEU6TR, STM32WBA54CEU7, STM32WBA54CEU7TR, STM32WBA54CGU6, STM32WBA54CGU6TR, STM32WBA54CGU7, STM32WBA54CGU7TR, STM32WBA54KEU6, STM32WBA54KEU6TR, STM32WBA54KEU7, STM32WBA54KEU7TR, STM32WBA54KGU6, STM32WBA54KGU6TR, STM32WBA54KGU7, STM32WBA54KGU7TR, STM32WBA55CEU6, STM32WBA55CEU6TR, STM32WBA55CEU7, STM32WBA55CEU7TR, STM32WBA55CGU6, STM32WBA55CGU6TR, STM32WBA55CGU6U, STM32WBA55CGU7, STM32WBA55CGU7TR, STM32WBA55G-DK1, STM32WBA55HEF6, STM32WBA55HEF7, STM32WBA55HGF6, STM32WBA55HGF7, STM32WBA55UEI6, STM32WBA55UEI6TR, STM32WBA55UEI7, STM32WBA55UEI7TR, STM32WBA55UGI6, STM32WBA55UGI6TR, STM32WBA55UGI7, STM32WBA55UGI7TR, STM32WBA5MMGH6TR, STM32WBA62MGF6, STM32WBA62MIF6, STM32WBA65MGF7, STM32WBA65MIF6, STM32WBA65MIF7, STM32WL30K8V6, STM32WL30KBV6, STM32WL31C8V6, STM32WL31CBV6, STM32WL31K8V6, STM32WL31KBV6, STM32WL33C8V6, STM32WL33C8V6X, STM32WL33CBV6, STM32WL33CBV6X, STM32WL33CCV6, STM32WL33CCV6A, STM32WL33CCV6X, STM32WL33K8V7, STM32WL33K8V7X, STM32WL33KBV7 , STM32WL33KBV7X, STM32WL33KCV7, STM32WL33KCV7X, STM32WL5MOCH6, STM32WL5MOCH6TR]
2025-11-07 15:59:40,991 [INFO] DbMcus:218 - Found 4801 MCUs, 4801 are supported
2025-11-07 15:59:40,992 [INFO] ApiDb:423 - Load user favorites file /Users/karthikkurapati/.stm32cubeide/favorites.mcus.txt: 0 item(s)
2025-11-07 15:59:40,992 [INFO] ApiDb:427 - User favorites MCUs=[]
2025-11-07 15:59:40,992 [INFO] DbMcus:224 - Set 0 / 0 favorites MCUs
2025-11-07 15:59:41,371 [INFO] ApiDb:668 - CubeFinder database Data Model version=2.1
2025-11-07 15:59:41,371 [INFO] ApiDb:669 - CubeFinder database Configuration version=3.0.39
2025-11-07 15:59:41,371 [INFO] ApiDb:670 - CubeFinder database generation date=2025-10-27 (1761571959)
2025-11-07 15:59:41,371 [INFO] ApiDb:671 - CubeFinder database FW Pack versions=[FP-ATR-ASTRA1_V2.0.0, FP-SNS-FLIGHT1_V5.1.0, FP-SNS-MOTENV1_V5.0.0, FP-SNS-MOTENVWB1_V1.4.0, FP-SNS-SMARTAG2_V1.2.0, FP-SNS-STBOX1_V2.1.0, STM32Cube_FW_C0_V1.4.0, STM32Cube_FW_F4_V1.28.3, STM32Cube_FW_F7_V1.17.4, STM32Cube_FW_G0_V1.6.2, STM32Cube_FW_G4_V1.6.1, STM32Cube_FW_H5_V1.5.0, STM32Cube_FW_H7RS_V1.2.0, STM32Cube_FW_H7_V1.12.1, STM32Cube_FW_L0_V1.12.2, STM32Cube_FW_L4_V1.18.1, STM32Cube_FW_L5_V1.5.1, STM32Cube_FW_N6_V1.2.0, STM32Cube_FW_U0_V1.3.0, STM32Cube_FW_U3_V1.2.1, STM32Cube_FW_U5_V1.8.0, STM32Cube_FW_WB0_V1.3.0, STM32Cube_FW_WBA_V1.7.0, STM32Cube_FW_WB_V1.23.0, STM32Cube_FW_WL3_V1.2.0, STM32Cube_FW_WL_V1.3.1, X-CUBE-ALGOBUILD_V1.4.0, X-CUBE-ALS_V1.0.2, X-CUBE-AZRTOS-F4_V1.1.0, X-CUBE-AZRTOS-F7_V1.1.0, X-CUBE-AZRTOS-G0_V1.1.0, X-CUBE-AZRTOS-G4_V2.0.0, X-CUBE-AZRTOS-H7RS_V1.1.0, X-CUBE-AZRTOS-H7_V3.4.0, X-CUBE-AZRTOS-L4_V2.0.0, X-CUBE-AZRTOS-L5_V2.0.0, X-CUBE-AZRTOS-WB_V2.0.0, X-CUBE-AZRTOS-WL_V2.0.0, X-CUBE-BLE1_V7.1.0, X-CUBE-BLE2_V3.3.0, X-CUBE-BLEMGR_V4.1.0, X-CUBE-EEPRMA1_V5.2.0, X-CUBE-FREERTOS_V1.3.1, X-CUBE-GNSS1_V6.0.0, X-CUBE-MEMS1_V11.3.0, X-CUBE-NFC4_V3.0.0, X-CUBE-NFC7_V2.0.0, X-CUBE-SFXS2LP1_V4.0.0, X-CUBE-ST67W61_V1.1.0, X-CUBE-SUBG2_V5.0.0, X-CUBE-TOF1_V3.4.3]
2025-11-07 15:59:41,428 [INFO] DbBoardsSqlite:226 - include board P-NUCLEO-WB55-NUCLEO as a kit item of type 'Nucleo-64'
2025-11-07 15:59:41,428 [INFO] DbBoardsSqlite:226 - include board P-NUCLEO-WB55-USBDONGLE as a kit item of type 'Nucleo USB Dongle'
2025-11-07 15:59:41,429 [INFO] DbBoardsSqlite:226 - include board STEVAL-IDP005V1 as a kit item of type 'Evaluation Board'
2025-11-07 15:59:41,429 [INFO] DbBoardsSqlite:226 - include board STEVAL-IDP005V2 as a kit item of type 'Evaluation Board'
2025-11-07 15:59:41,536 [INFO] ApiDb:240 - Found 880 in-development CPN: [B-G473E-ZEST1S, B-WB1M-WPAN1, B-WBA5M-WPAN, B-WL5M-SUBG1, NUCLEO-C031C6, NUCLEO-C051C8, NUCLEO-C071RB, NUCLEO-C092RC, NUCLEO-H503RB, NUCLEO-H533RE, NUCLEO-H563ZI, NUCLEO-H7S3L8, NUCLEO-N657X0-Q, NUCLEO-U031R8, NUCLEO-U083RC, NUCLEO-U385RG-Q, NUCLEO-U545RE-Q, NUCLEO-U5A5ZJ-Q, NUCLEO-WB05KZ, NUCLEO-WB07CC, NUCLEO-WB09KE, NUCLEO-WBA52CG, NUCLEO-WBA55CG, NUCLEO-WL33CC1, NUCLEO-WL33CC2, STEVAL-PROTEUS1, STEVAL-SMARTAG2, STEVAL-STWINBX1, STM320518-EVAL, STM32C0116-DK, STM32C011D6Y3TR, STM32C011D6Y6TR, STM32C011F4P3, STM32C011F4P6, STM32C011F4U3, STM32C011F4U6TR, STM32C011F6P3, STM32C011F6P6, STM32C011F6U3, STM32C011F6U6TR, STM32C011J4M3, STM32C011J4M6, STM32C011J6M3, STM32C011J6M6, STM32C0316-DK, STM32C031C4T3, STM32C031C4T6, STM32C031C4U3, STM32C031C4U6, STM32C031C6T3, STM32C031C6T6, STM32C031C6U3, STM32C031C6U6, STM32C031F4P3, STM32C031F4P6, STM32C031F6P3, STM32C031F6P6, STM32C031G4U3, STM32C031G4U6, STM32C031G6U3, STM32C031G6U6, STM32C031K4T3, STM32C031K4T6, STM32C031K4U3, STM32C031K4U6, STM32C031K6T3, STM32C031K6T6, STM32C031K6U3, STM32C031K6U6, STM32C051C6T6, STM32C051C6U6, STM32C051C8T6, STM32C051C8U6, STM32C051D8Y6TR, STM32C051F6P6, STM32C051F8P6, STM32C051G6U6, STM32C051G8U6, STM32C051K6T6, STM32C051K6U6, STM32C051K8T6, STM32C071C8T6, STM32C071C8T6N, STM32C071C8U6, STM32C071C8U6N, STM32C071CBT6, STM32C071CBT6N, STM32C071CBU6, STM32C071CBU6N, STM32C071F8P6, STM32C071F8P6N, STM32C071FBP6, STM32C071FBP6N, STM32C071FBY6TR, STM32C071G8U6, STM32C071G8U6N, STM32C071GBU6, STM32C071GBU6N, STM32C071K8T6, STM32C071K8T6N, STM32C071K8U6, STM32C071K8U6N, STM32C071KBT6, STM32C071KBT6N, STM32C071KBU6, STM32C071KBU6N, STM32C071R8T6, STM32C071R8T6N, STM32C071RBI6N, STM32C071RBT6, STM32C071RBT6N, STM32C091CBT6, STM32C091CBU6, STM32C091CCT6, STM32C091CCU6, STM32C091ECY6TR, STM32C091FBP6, STM32C091FCP6, STM32C091GBU6, STM32C091GCU6, STM32C091KBT6, STM32C091KBU6, STM32C091KCT6, STM32C091KCU6, STM32C091RBT6, STM32C091RCI6, STM32C091RCT6, STM32C092CBT6, STM32C092CBU6, STM32C092CCT6, STM32C092CCU6, STM32C092ECY6TR, STM32C092FBP6, STM32C092FCP6, STM32C092GBU6, STM32C092GCU6, STM32C092KBT6, STM32C092KBU6, STM32C092KCT6, STM32C092KCU6, STM32C092RBT6, STM32C092RCI6, STM32C092RCT6, STM32G071K8TXN, STM32G071K8UXN, STM32G081GBU6N, STM32G081KBT6N, STM32G081KBUXN, STM32G0B1CCT6N, STM32G0B1KCT6, STM32G0B1NEY6TR, STM32G0B1RCT6N, STM32G0C1CCT6, STM32G0C1CCT6N, STM32G0C1CCU6N, STM32G0C1CET6N, STM32G0C1CEU6N, STM32G0C1KCT6, STM32G0C1NEY6TR, STM32G0C1RCI6N, STM32G0C1RCT6N, STM32G0C1REI6N, STM32G0C1RET6N, STM32G0C1VCI6, STM32G0C1VEI6, STM32G411C6T3, STM32G411C6T6, STM32G411C6U3, STM32G411C6U6, STM32G411C8T3, STM32G411C8T6, STM32G411C8U3, STM32G411C8U6, STM32G411CBT3, STM32G411CBT6, STM32G411CBU3, STM32G411CBU6, STM32G411K6T3, STM32G411K6T6, STM32G411K6U3, STM32G411K6U6, STM32G411K8T3, STM32G411K8T6, STM32G411K8U3, STM32G411K8U6, STM32G411KBT3, STM32G411KBT6, STM32G411KBU3, STM32G411KBU6, STM32G411M6T3, STM32G411M6T6, STM32G411M8T3, STM32G411M8T6, STM32G411MBT3, STM32G411MBT6, STM32G411R6T3, STM32G411R6T6, STM32G411R8T3, STM32G411R8T6, STM32G411RBT3, STM32G411RBT6, STM32G414CBT3, STM32G414CBT6, STM32G414CBU3, STM32G414CBU6, STM32G414CCT3, STM32G414CCT6, STM32G414CCU3, STM32G414CCU6, STM32G414MBT3, STM32G414MBT6, STM32G414MCT3, STM32G414MCT6, STM32G414RBT3, STM32G414RBT6, STM32G414RCT3, STM32G414RCT6, STM32G414VBT3, STM32G414VBT6, STM32G414VCT3, STM32G414VCT6, STM32G431CBT3Z, STM32G431RBT3Z, STM32G471CCT6, STM32G471CCU6, STM32G471CET3, STM32G471CET6, STM32G471CEU3, STM32G471CEU6, STM32G471MCT6, STM32G471MET3, STM32G471MET6, STM32G471MEY6TR, STM32G471QCT6, STM32G471QET3, STM32G471RCT6, STM32G471RET3, STM32G471RET6, STM32G471VCH6, STM32G471VCI6, STM32G471VCT6, STM32G471VEH3, STM32G471VEH6, STM32G471VEI3, STM32G471VEI6, STM32G471VET3, STM32G471VET6, STM32G473QET3Z, STM32G473RET3Z, STM32G474CCT6, STM32G491RET3Z, STM32H503CBT6, STM32H503CBU6, STM32H503EBY6TR, STM32H503KBU6, STM32H503RBT6, STM32H523CCT6, STM32H523CCU6, STM32H523CET6, STM32H523CEU6, STM32H523HEY6TR, STM32H523RCT6, STM32H523RET6, STM32H523VCI6, STM32H523VCT6, STM32H523VEI6, STM32H523VET6, STM32H523ZCJ6, STM32H523ZCT6, STM32H523ZEJ6, STM32H523ZET6, STM32H533CET6, STM32H533CEU6, STM32H533HEY6TR, STM32H533RET6, STM32H533VEI6, STM32H533VET6, STM32H533ZEJ6, STM32H533ZET6, STM32H562AGI6, STM32H562AII6, STM32H562IGK6, STM32H562IGT6, STM32H562IIK6, STM32H562IIT6, STM32H562RGT6, STM32H562RGV6, STM32H562RIT6, STM32H562RIV6, STM32H562VGT6, STM32H562VIT6, STM32H562ZGT6, STM32H562ZIT6, STM32H563AGI6, STM32H563AII3Q, STM32H563AII6, STM32H563IGK6, STM32H563IGT6, STM32H563IIK3Q, STM32H563IIK6, STM32H563IIT3Q, STM32H563IIT6, STM32H563MIY3QTR, STM32H563RGT6, STM32H563RGV6, STM32H563RIT6, STM32H563RIV6, STM32H563VGT6, STM32H563VIT3Q, STM32H563VIT6, STM32H563ZGT6, STM32H563ZIT3Q, STM32H563ZIT6, STM32H573AII3Q, STM32H573AII6, STM32H573I-DK, STM32H573IIK3Q, STM32H573IIK6, STM32H573IIT3Q, STM32H573IIT6, STM32H573MIY3QTR, STM32H573RIT6, STM32H573RIV6, STM32H573VIT3Q, STM32H573VIT6, STM32H573ZIT3Q, STM32H573ZIT6, STM32H7R3A8I6, STM32H7R3I8K6, STM32H7R3I8T6, STM32H7R3L8H6, STM32H7R3L8H6H, STM32H7R3R8V6, STM32H7R3V8H6, STM32H7R3V8T6, STM32H7R3V8Y6TR, STM32H7R3Z8J6, STM32H7R3Z8T6, STM32H7R7A8I6, STM32H7R7I8K6, STM32H7R7I8T6, STM32H7R7L8H6, STM32H7R7L8H6H, STM32H7R7Z8J6, STM32H7S3A8I6, STM32H7S3I8K6, STM32H7S3I8T6, STM32H7S3L8H6, STM32H7S3L8H6H, STM32H7S3R8V6, STM32H7S3V8H6, STM32H7S3V8T6, STM32H7S3V8Y6TR, STM32H7S3Z8J6, STM32H7S3Z8T6, STM32H7S78-DK, STM32H7S7A8I6, STM32H7S7I8K6, STM32H7S7I8T6, STM32H7S7L8H6, STM32H7S7L8H6H, STM32H7S7Z8J6, STM32L4R5QGI6STR, STM32MP131AAE3, STM32MP131AAF3, STM32MP131AAG3, STM32MP131CAE3, STM32MP131CAF3, STM32MP131CAG3, STM32MP131DAE7, STM32MP131DAF7, STM32MP131DAG7, STM32MP131FAE7, STM32MP131FAF7, STM32MP131FAG7, STM32MP133AAE3, STM32MP133AAF3, STM32MP133AAG3, STM32MP133CAE3, STM32MP133CAF3, STM32MP133CAG3, STM32MP133DAE7, STM32MP133DAF7, STM32MP133DAG7, STM32MP133FAE7, STM32MP133FAF7, STM32MP133FAG7, STM32MP135AAE3, STM32MP135AAF3, STM32MP135AAG3, STM32MP135CAE3, STM32MP135CAF3, STM32MP135CAG3, STM32MP135DAE7, STM32MP135DAF7, STM32MP135DAG7, STM32MP135F-DK, STM32MP135FAE7, STM32MP135FAF7, STM32MP135FAF7T, STM32MP135FAF7U, STM32MP135FAG7, STM32MP211AAL3, STM32MP211AAM3, STM32MP211AAN3, STM32MP211AAO3, STM32MP211CAL3, STM32MP211CAM3, STM32MP211CAN3, STM32MP211CAO3, STM32MP211DAL3, STM32MP211DAM3, STM32MP211DAN3, STM32MP211DAO3, STM32MP211FAL3, STM32MP211FAM3, STM32MP211FAN3, STM32MP211FAO3, STM32MP213AAL3, STM32MP213AAM3, STM32MP213AAN3, STM32MP213AAO3, STM32MP213CAL3, STM32MP213CAM3, STM32MP213CAN3, STM32MP213CAO3, STM32MP213DAL3, STM32MP213DAM3, STM32MP213DAN3, STM32MP213DAO3, STM32MP213FAL3, STM32MP213FAM3, STM32MP213FAN3, STM32MP213FAO3, STM32MP215AAL3, STM32MP215AAM3, STM32MP215AAN3, STM32MP215AAO3, STM32MP215CAL3, STM32MP215CAM3, STM32MP215CAN3, STM32MP215CAO3, STM32MP215DAL3, STM32MP215DAM3, STM32MP215DAN3, STM32MP215DAO3, STM32MP215F-DK, STM32MP215FAL3, STM32MP215FAM3, STM32MP215FAN3, STM32MP215FAO3, STM32MP231AAJ3, STM32MP231AAK3, STM32MP231AAL3, STM32MP231CAJ3, STM32MP231CAK3, STM32MP231CAL3, STM32MP231DAJ3, STM32MP231DAK3, STM32MP231DAL3, STM32MP231FAJ3, STM32MP231FAK3, STM32MP231FAL3, STM32MP233AAJ3, STM32MP233AAK3, STM32MP233AAL3, STM32MP233CAJ3, STM32MP233CAK3, STM32MP233CAL3, STM32MP233DAJ3, STM32MP233DAK3, STM32MP233DAL3, STM32MP233FAJ3, STM32MP233FAK3, STM32MP233FAL3, STM32MP235AAJ3, STM32MP235AAK3, STM32MP235AAL3, STM32MP235CAJ3, STM32MP235CAK3, STM32MP235CAL3, STM32MP235DAJ3, STM32MP235DAK3, STM32MP235DAL3, STM32MP235FAJ3, STM32MP235FAK3, STM32MP235FAL3, STM32MP251AAI3, STM32MP251AAK3, STM32MP251AAL3, STM32MP251CAI3, STM32MP251CAK3, STM32MP251CAL3, STM32MP251DAI3, STM32MP251DAK3, STM32MP251DAL3, STM32MP251FAI3, STM32MP251FAK3, STM32MP251FAL3, STM32MP253AAI3, STM32MP253AAK3, STM32MP253AAL3, STM32MP253CAI3, STM32MP253CAK3, STM32MP253CAL3, STM32MP253DAI3, STM32MP253DAK3, STM32MP253DAL3, STM32MP253FAI3, STM32MP253FAK3, STM32MP253FAL3, STM32MP255AAI3, STM32MP255AAK3, STM32MP255AAL3, STM32MP255CAI3, STM32MP255CAK3, STM32MP255CAL3, STM32MP255DAI3, STM32MP255DAK3, STM32MP255DAL3, STM32MP255FAI3, STM32MP255FAK3, STM32MP255FAL3, STM32MP257AAI3, STM32MP257AAK3, STM32MP257AAL3, STM32MP257CAI3, STM32MP257CAK3, STM32MP257CAL3, STM32MP257DAI3, STM32MP257DAK3, STM32MP257DAL3, STM32MP257F-DK, STM32MP257F-EV1, STM32MP257FAI3, STM32MP257FAK3, STM32MP257FAL3, STM32N645A0H3Q, STM32N645B0H3Q, STM32N645I0H3Q, STM32N645L0H3Q, STM32N645X0H3Q, STM32N645Z0H3Q, STM32N647A0H3Q, STM32N647B0H3Q, STM32N647I0H3Q, STM32N647L0H3Q, STM32N647X0H3Q, STM32N647Z0H3Q, STM32N655A0H3Q, STM32N655B0H3Q, STM32N655I0H3Q, STM32N655L0H3Q, STM32N655X0H3Q, STM32N655Z0H3Q, STM32N6570-DK, STM32N657A0H3Q, STM32N657B0H3Q, STM32N657I0H3Q, STM32N657L0H3Q, STM32N657X0H3Q, STM32N657Z0H3Q, STM32U031C6T6, STM32U031C6U6, STM32U031C8T6, STM32U031C8U6, STM32U031F4P6, STM32U031F6P6, STM32U031F8P6, STM32U031G6Y6TR, STM32U031G8Y6TR, STM32U031K4U6, STM32U031K6U6, STM32U031K8U6, STM32U031R6I6, STM32U031R6T6, STM32U031R8I6, STM32U031R8T6, STM32U073C8T6, STM32U073C8U6, STM32U073CBT6, STM32U073CBU6, STM32U073CCT6, STM32U073CCU6, STM32U073H8Y6TR, STM32U073HBY6TR, STM32U073HCY6TR, STM32U073K8U6, STM32U073KBU6, STM32U073KCU6, STM32U073M8I6, STM32U073M8T6, STM32U073MBI6, STM32U073MBT6, STM32U073MCI6, STM32U073MCT6, STM32U073R8I6, STM32U073R8T6, STM32U073RBI6, STM32U073RBT6, STM32U073RCI6, STM32U073RCT6, STM32U083C-DK, STM32U083CCT6, STM32U083CCU6, STM32U083HCY6TR, STM32U083KCU6, STM32U083MCI6, STM32U083MCT6, STM32U083RCI6, STM32U083RCT6, STM32U375CET6, STM32U375CET6Q, STM32U375CEU6, STM32U375CEU6Q, STM32U375CEY6QTR, STM32U375CGT6, STM32U375CGT6Q, STM32U375CGU6, STM32U375CGU6Q, STM32U375CGY6QTR, STM32U375KEU6, STM32U375KGU6, STM32U375REI6, STM32U375REI6Q, STM32U375RET6, STM32U375RET6Q, STM32U375REY6GTR, STM32U375REY6QTR, STM32U375RGI6, STM32U375RGI6Q, STM32U375RGT6, STM32U375RGT6Q, STM32U375RGY6GTR, STM32U375RGY6QTR, STM32U375VEI6, STM32U375VEI6Q, STM32U375VET6, STM32U375VET6Q, STM32U375VGI6, STM32U375VGI6Q, STM32U375VGT6, STM32U375VGT6Q, STM32U385CGT6, STM32U385CGT6Q, STM32U385CGU6, STM32U385CGU6Q, STM32U385CGY6QTR, STM32U385KGU6, STM32U385RGI6, STM32U385RGI6Q, STM32U385RGT6, STM32U385RGT6Q, STM32U385RGY6GTR, STM32U385RGY6QTR, STM32U385VGI6, STM32U385VGI6Q, STM32U385VGT6, STM32U385VGT6Q, STM32U535CBT6, STM32U535CBT6Q, STM32U535CBU6, STM32U535CBU6Q, STM32U535CCT6, STM32U535CCT6Q, STM32U535CCU6, STM32U535CCU6Q, STM32U535CET6, STM32U535CET6Q, STM32U535CEU6, STM32U535CEU6Q, STM32U535JEY6QTR, STM32U535NCY6QTR, STM32U535NEY6QTR, STM32U535RBI6, STM32U535RBI6Q, STM32U535RBT6, STM32U535RBT6Q, STM32U535RCI6, STM32U535RCI6Q, STM32U535RCT6, STM32U535RCT6Q, STM32U535REI6, STM32U535REI6Q, STM32U535RET6, STM32U535RET6Q, STM32U535VCI6, STM32U535VCI6Q, STM32U535VCT6, STM32U535VCT6Q, STM32U535VEI6, STM32U535VEI6Q, STM32U535VET6, STM32U535VET6Q, STM32U545CET6, STM32U545CET6Q, STM32U545CEU6, STM32U545CEU6Q, STM32U545JEY6QTR, STM32U545NEY6QTR, STM32U545REI6, STM32U545REI6Q, STM32U545RET6, STM32U545RET6Q, STM32U545VEI6, STM32U545VEI6Q, STM32U545VET6, STM32U545VET6Q, STM32U595AIH6, STM32U595AIH6Q, STM32U595AJH6, STM32U595AJH6Q, STM32U595QII6, STM32U595QII6Q, STM32U595QJI6, STM32U595QJI6Q, STM32U595RIT6, STM32U595RIT6Q, STM32U595RJT6, STM32U595RJT6Q, STM32U595VIT6, STM32U595VIT6Q, STM32U595VJT6, STM32U595VJT6Q, STM32U595ZIT6, STM32U595ZIT6Q, STM32U595ZIY6QTR, STM32U595ZJT6, STM32U595ZJT6Q, STM32U595ZJY6QTR, STM32U599BJY6QTR, STM32U599NIH6Q, STM32U599NJH6Q, STM32U599VIT6Q, STM32U599VJT6, STM32U599VJT6Q, STM32U599ZIT6Q, STM32U599ZIY6QTR, STM32U599ZJT6Q, STM32U599ZJY6QTR, STM32U5A5AJH6, STM32U5A5AJH6Q, STM32U5A5QII3Q , STM32U5A5QJI6, STM32U5A5QJI6Q, STM32U5A5RJT6, STM32U5A5RJT6Q, STM32U5A5VJT6, STM32U5A5VJT6Q, STM32U5A5ZJT6, STM32U5A5ZJT6Q, STM32U5A5ZJY6QTR, STM32U5A9BJY6QTR, STM32U5A9J-DK, STM32U5A9NJH6Q, STM32U5A9VJT6Q, STM32U5A9ZJT6Q, STM32U5A9ZJY6QTR, STM32U5F7VIT6, STM32U5F7VIT6Q, STM32U5F7VJT6, STM32U5F7VJT6Q, STM32U5F9BJY6QTR, STM32U5F9NJH6Q, STM32U5F9VIT6Q, STM32U5F9VJT6Q, STM32U5F9ZIJ6QTR, STM32U5F9ZIT6Q, STM32U5F9ZJJ6QTR, STM32U5F9ZJT6Q, STM32U5G7VJT6, STM32U5G7VJT6Q, STM32U5G9BJY6QTR, STM32U5G9J-DK1, STM32U5G9J-DK2, STM32U5G9NJH6Q, STM32U5G9VJT6Q, STM32U5G9ZJJ6QTR, STM32U5G9ZJT6Q, STM32WB05KZV6TR, STM32WB05KZV7TR, STM32WB05TZF6TR, STM32WB05TZF7TR, STM32WB06CCF6TR, STM32WB06CCF7TR, STM32WB06CCV6TR, STM32WB06CCV7TR, STM32WB06KCV6TR, STM32WB06KCV7TR, STM32WB07CCF6TR, STM32WB07CCF7TR, STM32WB07CCV6TR, STM32WB07CCV7TR, STM32WB07KCV6TR, STM32WB07KCV7TR, STM32WB09KEV6TR, STM32WB09KEV7TR, STM32WB09TEF6TR, STM32WB09TEF7TR, STM32WB1MMCH6, STM32WBA50KGU6, STM32WBA50KGU6TR, STM32WBA52CEU6, STM32WBA52CEU6TR, STM32WBA52CEU7, STM32WBA52CEU7TR, STM32WBA52CGU6, STM32WBA52CGU6TR, STM32WBA52CGU6U, STM32WBA52CGU7, STM32WBA52CGU7TR, STM32WBA52KEU6, STM32WBA52KEU6TR, STM32WBA52KGU6, STM32WBA52KGU6TR, STM32WBA54CEU6, STM32WBA54CEU6TR, STM32WBA54CEU7, STM32WBA54CEU7TR, STM32WBA54CGU6, STM32WBA54CGU6TR, STM32WBA54CGU7, STM32WBA54CGU7TR, STM32WBA54KEU6, STM32WBA54KEU6TR, STM32WBA54KEU7, STM32WBA54KEU7TR, STM32WBA54KGU6, STM32WBA54KGU6TR, STM32WBA54KGU7, STM32WBA54KGU7TR, STM32WBA55CEU6, STM32WBA55CEU6TR, STM32WBA55CEU7, STM32WBA55CEU7TR, STM32WBA55CGU6, STM32WBA55CGU6TR, STM32WBA55CGU6U, STM32WBA55CGU7, STM32WBA55CGU7TR, STM32WBA55G-DK1, STM32WBA55HEF6, STM32WBA55HEF7, STM32WBA55HGF6, STM32WBA55HGF7, STM32WBA55UEI6, STM32WBA55UEI6TR, STM32WBA55UEI7, STM32WBA55UEI7TR, STM32WBA55UGI6, STM32WBA55UGI6TR, STM32WBA55UGI7, STM32WBA55UGI7TR, STM32WBA5MMGH6TR, STM32WBA62MGF6, STM32WBA62MIF6, STM32WBA65MGF7, STM32WBA65MIF6, STM32WBA65MIF7, STM32WL30K8V6, STM32WL30KBV6, STM32WL31C8V6, STM32WL31CBV6, STM32WL31K8V6, STM32WL31KBV6, STM32WL33C8V6, STM32WL33C8V6X, STM32WL33CBV6, STM32WL33CBV6X, STM32WL33CCV6, STM32WL33CCV6A, STM32WL33CCV6X, STM32WL33K8V7, STM32WL33K8V7X, STM32WL33KBV7 , STM32WL33KBV7X, STM32WL33KCV7, STM32WL33KCV7X, STM32WL5MOCH6, STM32WL5MOCH6TR]
2025-11-07 15:59:41,739 [INFO] BoardInfo:889 - No configuration file found for board P-NUCLEO-WB55
2025-11-07 15:59:41,740 [INFO] DbBoards:161 - Kit is not supported: P-NUCLEO-WB55
2025-11-07 15:59:41,746 [INFO] BoardInfo:889 - No configuration file found for board STEVAL-BFA001V1B
2025-11-07 15:59:41,746 [INFO] DbBoards:161 - Kit is not supported: STEVAL-BFA001V1B
2025-11-07 15:59:41,747 [INFO] BoardInfo:889 - No configuration file found for board STEVAL-BFA001V2B
2025-11-07 15:59:41,747 [INFO] DbBoards:161 - Kit is not supported: STEVAL-BFA001V2B
2025-11-07 15:59:41,913 [INFO] DbBoards:168 - Found 212 boards, 209 are supported
2025-11-07 15:59:41,913 [INFO] DbBoards:169 - Found 212 boards, 43 of them is supported for  Bsp
2025-11-07 15:59:41,917 [INFO] ApiDb:423 - Load user favorites file /Users/karthikkurapati/.stm32cubeide/favorites.boards.txt: 0 item(s)
2025-11-07 15:59:41,917 [INFO] ApiDb:427 - User favorites Boards=[]
2025-11-07 15:59:41,917 [INFO] DbBoards:198 - Set 0 / 0 favorites Boards
2025-11-07 15:59:41,920 [INFO] ApiDb:668 - CubeFinder database Data Model version=2.1
2025-11-07 15:59:41,920 [INFO] ApiDb:669 - CubeFinder database Configuration version=3.0.39
2025-11-07 15:59:41,920 [INFO] ApiDb:670 - CubeFinder database generation date=2025-10-27 (1761571959)
2025-11-07 15:59:41,920 [INFO] ApiDb:671 - CubeFinder database FW Pack versions=[FP-ATR-ASTRA1_V2.0.0, FP-SNS-FLIGHT1_V5.1.0, FP-SNS-MOTENV1_V5.0.0, FP-SNS-MOTENVWB1_V1.4.0, FP-SNS-SMARTAG2_V1.2.0, FP-SNS-STBOX1_V2.1.0, STM32Cube_FW_C0_V1.4.0, STM32Cube_FW_F4_V1.28.3, STM32Cube_FW_F7_V1.17.4, STM32Cube_FW_G0_V1.6.2, STM32Cube_FW_G4_V1.6.1, STM32Cube_FW_H5_V1.5.0, STM32Cube_FW_H7RS_V1.2.0, STM32Cube_FW_H7_V1.12.1, STM32Cube_FW_L0_V1.12.2, STM32Cube_FW_L4_V1.18.1, STM32Cube_FW_L5_V1.5.1, STM32Cube_FW_N6_V1.2.0, STM32Cube_FW_U0_V1.3.0, STM32Cube_FW_U3_V1.2.1, STM32Cube_FW_U5_V1.8.0, STM32Cube_FW_WB0_V1.3.0, STM32Cube_FW_WBA_V1.7.0, STM32Cube_FW_WB_V1.23.0, STM32Cube_FW_WL3_V1.2.0, STM32Cube_FW_WL_V1.3.1, X-CUBE-ALGOBUILD_V1.4.0, X-CUBE-ALS_V1.0.2, X-CUBE-AZRTOS-F4_V1.1.0, X-CUBE-AZRTOS-F7_V1.1.0, X-CUBE-AZRTOS-G0_V1.1.0, X-CUBE-AZRTOS-G4_V2.0.0, X-CUBE-AZRTOS-H7RS_V1.1.0, X-CUBE-AZRTOS-H7_V3.4.0, X-CUBE-AZRTOS-L4_V2.0.0, X-CUBE-AZRTOS-L5_V2.0.0, X-CUBE-AZRTOS-WB_V2.0.0, X-CUBE-AZRTOS-WL_V2.0.0, X-CUBE-BLE1_V7.1.0, X-CUBE-BLE2_V3.3.0, X-CUBE-BLEMGR_V4.1.0, X-CUBE-EEPRMA1_V5.2.0, X-CUBE-FREERTOS_V1.3.1, X-CUBE-GNSS1_V6.0.0, X-CUBE-MEMS1_V11.3.0, X-CUBE-NFC4_V3.0.0, X-CUBE-NFC7_V2.0.0, X-CUBE-SFXS2LP1_V4.0.0, X-CUBE-ST67W61_V1.1.0, X-CUBE-SUBG2_V5.0.0, X-CUBE-TOF1_V3.4.3]
2025-11-07 15:59:42,715 [ERROR] DbExamplesSqlite:437 - Missing JSON key: board_cpn
2025-11-07 15:59:42,716 [ERROR] DbExamplesSqlite:437 - Missing JSON key: board_cpn
2025-11-07 15:59:42,716 [ERROR] DbExamplesSqlite:437 - Missing JSON key: board_cpn
2025-11-07 15:59:42,716 [ERROR] DbExamplesSqlite:437 - Missing JSON key: board_cpn
2025-11-07 15:59:43,094 [ERROR] DbExamplesSqlite:437 - Missing JSON key: board_cpn
2025-11-07 15:59:43,094 [ERROR] DbExamplesSqlite:437 - Missing JSON key: board_cpn
2025-11-07 15:59:43,098 [INFO] DbExamplesSqlite:395 - Ignored 33 examples not supported by CubeIDE
2025-11-07 15:59:43,098 [INFO] DbExamplesSqlite:396 - Found 10875 examples active
2025-11-07 15:59:43,098 [INFO] DbExamplesSqlite:397 - Found 0 examples obsolete
2025-11-07 15:59:43,099 [INFO] DbExamplesSqlite:398 - Found 0 examples under development
2025-11-07 15:59:43,100 [INFO] DbExamplesSqlite:399 - Found 65 examples not building
2025-11-07 15:59:43,102 [INFO] DbExamples:125 - Found 10907 examples
2025-11-07 15:59:43,131 [INFO] DbExamples:222 - Found 134 boards with related examples
2025-11-07 15:59:43,133 [INFO] DbExamples:235 - Found 111 MCUs with related examples
2025-11-07 15:59:43,154 [INFO] ApiDb:414 - User favorites file not found: /Users/karthikkurapati/.stm32cubeide/favorites.examples.txt
2025-11-07 15:59:43,154 [INFO] DbExamples:250 - Set 0 / 0 favorites Examples
2025-11-07 15:59:43,810 [INFO] McuFinderGlobals:76 - Set McuFinderConnectedMode to true
2025-11-07 15:59:43,824 [INFO] MultiScanPanel:200 - Auto-refresh data requested => check proxy status ongoing
2025-11-07 15:59:43,827 [INFO] FinderPluginLoader:96 - Searching for filters in installed packs
2025-11-07 15:59:45,614 [INFO] LoadUrlFilesThread:185 - End of LoadServerUrlFiles without Thread
2025-11-07 15:59:45,634 [INFO] DetailPanel:341 - Set advertising image to /Users/karthikkurapati/STM32Cube/Repository//en.mcu-finder-preevent.jpg
2025-11-07 15:59:53,975 [INFO] McuFinderGlobals:76 - Set McuFinderConnectedMode to true
2025-11-07 15:59:54,751 [INFO] ApiDb:448 - Save user favorites file /Users/karthikkurapati/.stm32cubeide/favorites.mcus.txt: 0 item(s)
2025-11-07 15:59:54,753 [INFO] ApiDb:452 - User favorites MCUs=[]
2025-11-07 16:00:03,337 [INFO] MainUpdater:2872 - connection check result : 10
2025-11-07 16:00:03,747 [INFO] McuFinderGlobals:76 - Set McuFinderConnectedMode to true
2025-11-07 16:00:03,771 [INFO] MultiScanPanel:200 - Auto-refresh data requested => check proxy status ongoing
2025-11-07 16:00:03,777 [INFO] FinderPluginLoader:96 - Searching for filters in installed packs
2025-11-07 16:00:04,702 [INFO] LoadUrlFilesThread:185 - End of LoadServerUrlFiles without Thread
2025-11-07 16:00:04,703 [INFO] DetailPanel:341 - Set advertising image to /Users/karthikkurapati/STM32Cube/Repository//en.mcu-finder-preevent.jpg
2025-11-07 16:00:16,015 [INFO] MainUpdater:2872 - connection check result : 10
2025-11-07 16:00:16,021 [INFO] MainUpdater:2872 - connection check result : 10
2025-11-07 16:00:16,514 [INFO] MicroXplorer:468 - Change Database Path : 
2025-11-07 16:00:16,515 [INFO] MicroXplorer:498 - Change Database Version : DB.6.0.150
2025-11-07 16:00:16,521 [WARN] ThirdParty:871 - waiting for thirdparty lock release [close project]
2025-11-07 16:00:16,521 [INFO] ThirdParty:873 - entering critical section [close project]
2025-11-07 16:00:16,529 [INFO] ThirdParty:883 - exiting critical section [close project]
2025-11-07 16:00:16,535 [INFO] PinOutPanel:1589 - setPackage(No Configuration,No Configuration)
2025-11-07 16:00:16,537 [INFO] UtilMem:75 - Begin LoadConfig() Used Memory: 779991008 Bytes (1073741824)
2025-11-07 16:00:16,539 [INFO] MicroXplorer:468 - Change Database Path : 
2025-11-07 16:00:16,539 [INFO] MicroXplorer:498 - Change Database Version : DB.6.0.150
2025-11-07 16:00:16,539 [INFO] OpenFileManager:355 - Change cursor
2025-11-07 16:00:16,728 [INFO] Mcu:2029 - Initializing MCU STM32L431C(B-C)Tx STM32L431CBTx STM32L431CBT6
2025-11-07 16:00:18,814 [INFO] Context:786 - Trying to add GPIOservice into a context  which must be forbidden
2025-11-07 16:00:19,627 [INFO] ImportTextPane:234 - (OptionalMessage_ERROR) Pin12 (VP_RIF_VS_RIF1) cannot be retrieved for this MCU
2025-11-07 16:00:19,842 [INFO] RtosManager:558 - Registered RTOS mode: class=CMSIS, group=RTOS, mode=CMSIS_V1, owner=FREERTOS
2025-11-07 16:00:19,843 [INFO] RtosManager:558 - Registered RTOS mode: class=CMSIS, group=RTOS2, mode=CMSIS_V2, owner=FREERTOS
2025-11-07 16:00:19,843 [INFO] RtosManager:558 - Registered RTOS mode: class=RTOS, group=Core, mode=CMSIS_V1, owner=FREERTOS
2025-11-07 16:00:19,843 [INFO] RtosManager:558 - Registered RTOS mode: class=RTOS, group=Core, mode=CMSIS_V2, owner=FREERTOS
2025-11-07 16:00:19,843 [WARN] ModelIntegratedComponent:184 - Missing modes for component STMicroelectronics:FreeRTOS:0.0.1:STMicroelectronics:RTOS:FreeRTOS:Core:::10.2.0:
2025-11-07 16:00:19,881 [WARN] ModelIntegratedComponent:63 - No mode defined for component null
2025-11-07 16:00:19,881 [WARN] ModelIntegratedComponent:63 - No mode defined for component null
2025-11-07 16:00:19,881 [WARN] ModelIntegratedComponent:63 - No mode defined for component null
2025-11-07 16:00:19,881 [WARN] ModelIntegratedComponent:63 - No mode defined for component null
2025-11-07 16:00:19,881 [WARN] ModelIntegratedComponent:63 - No mode defined for component null
2025-11-07 16:00:19,881 [WARN] ModelIntegratedComponent:63 - No mode defined for component null
2025-11-07 16:00:19,881 [WARN] ModelIntegratedComponent:63 - No mode defined for component null
2025-11-07 16:00:19,881 [WARN] ModelIntegratedComponent:63 - No mode defined for component null
2025-11-07 16:00:19,882 [WARN] ModelIntegratedComponent:63 - No mode defined for component null
2025-11-07 16:00:19,882 [WARN] ModelIntegratedComponent:63 - No mode defined for component null
2025-11-07 16:00:19,882 [WARN] ModelIntegratedComponent:63 - No mode defined for component null
2025-11-07 16:00:19,882 [WARN] ModelIntegratedComponent:63 - No mode defined for component null
2025-11-07 16:00:19,882 [WARN] ModelIntegratedComponent:63 - No mode defined for component null
2025-11-07 16:00:19,882 [WARN] ModelIntegratedComponent:63 - No mode defined for component null
2025-11-07 16:00:19,882 [WARN] ModelIntegratedComponent:63 - No mode defined for component null
2025-11-07 16:00:19,882 [WARN] ModelIntegratedComponent:63 - No mode defined for component null
2025-11-07 16:00:19,882 [WARN] ModelIntegratedComponent:63 - No mode defined for component null
2025-11-07 16:00:19,882 [WARN] ModelIntegratedComponent:63 - No mode defined for component null
2025-11-07 16:00:19,882 [WARN] ModelIntegratedComponent:63 - No mode defined for component null
2025-11-07 16:00:19,882 [WARN] ModelIntegratedComponent:63 - No mode defined for component null
2025-11-07 16:00:19,882 [WARN] ModelIntegratedComponent:63 - No mode defined for component null
2025-11-07 16:00:19,882 [WARN] ModelIntegratedComponent:63 - No mode defined for component null
2025-11-07 16:00:19,882 [WARN] ModelIntegratedComponent:63 - No mode defined for component null
2025-11-07 16:00:19,882 [WARN] ModelIntegratedComponent:63 - No mode defined for component null
2025-11-07 16:00:19,882 [WARN] ModelIntegratedComponent:63 - No mode defined for component null
2025-11-07 16:00:19,882 [WARN] ModelIntegratedComponent:63 - No mode defined for component null
2025-11-07 16:00:19,882 [WARN] ModelIntegratedComponent:63 - No mode defined for component null
2025-11-07 16:00:19,882 [WARN] ModelIntegratedComponent:63 - No mode defined for component null
2025-11-07 16:00:19,882 [WARN] ModelIntegratedComponent:63 - No mode defined for component null
2025-11-07 16:00:19,882 [WARN] ModelIntegratedComponent:63 - No mode defined for component null
2025-11-07 16:00:19,882 [WARN] ModelIntegratedComponent:63 - No mode defined for component null
2025-11-07 16:00:19,882 [WARN] ModelIntegratedComponent:63 - No mode defined for component null
2025-11-07 16:00:19,882 [WARN] ModelIntegratedComponent:63 - No mode defined for component null
2025-11-07 16:00:19,882 [WARN] ModelIntegratedComponent:63 - No mode defined for component null
2025-11-07 16:00:19,882 [WARN] ModelIntegratedComponent:63 - No mode defined for component null
2025-11-07 16:00:19,883 [WARN] ModelPack:524 - Component already loaded: STMicroelectronics:HAL Drivers:0.0.0:STMicroelectronics:Device:STMicro_Driver:XSPI:HAL::0.0.1:HAL_XSPI
2025-11-07 16:00:20,086 [INFO] ThirdPartyModel:298 - Start build external matchings
2025-11-07 16:00:20,568 [INFO] ThirdPartyModel:316 - End build external matchings
2025-11-07 16:00:20,602 [INFO] ImportTextPane:234 - (OptionalMessage_ERROR) IP (ADC1) : Parameter (CommonPathInternal) has invalid value (null|null|null|null)
2025-11-07 16:00:21,264 [INFO] UtilMem:75 - End LoadConfig() Used Memory: 594987408 Bytes (1073741824)
2025-11-07 16:00:21,451 [INFO] ApiDb:581 - Connected to CubeFinder SQLite database (/Users/karthikkurapati/.stmcufinder/plugins/mcufinder/mcu/cube-finder-db.db)
2025-11-07 16:00:21,708 [WARN] ThirdParty:833 - waiting for thirdparty lock release [change project]
2025-11-07 16:00:21,709 [INFO] ThirdParty:835 - entering critical section [change project]
2025-11-07 16:00:21,710 [INFO] ThirdParty:1030 - CMSIS Pack Vendor :STMicroelectronics X-CUBE-PM33A1 1.0.0
2025-11-07 16:00:21,711 [INFO] ThirdParty:1030 - CMSIS Pack Vendor :STMicroelectronics USBPD 4.1
2025-11-07 16:00:21,711 [INFO] ThirdParty:1030 - CMSIS Pack Vendor :STMicroelectronics X-CUBE-NFC9 1.0.0
2025-11-07 16:00:21,711 [INFO] ThirdParty:1030 - CMSIS Pack Vendor :STMicroelectronics USB_HOST 2.0.0
2025-11-07 16:00:21,711 [INFO] ThirdParty:1030 - CMSIS Pack Vendor :STMicroelectronics FP-SNS-MOTENVWB1 1.4.0
2025-11-07 16:00:21,711 [INFO] ThirdParty:1030 - CMSIS Pack Vendor :STMicroelectronics X-CUBE-AZRTOS-F4 1.1.0
2025-11-07 16:00:21,711 [INFO] ThirdParty:1030 - CMSIS Pack Vendor :STMicroelectronics LIBJPEG 8.0.0
2025-11-07 16:00:21,711 [INFO] ThirdParty:1030 - CMSIS Pack Vendor :STMicroelectronics FP-ATR-ASTRA1 2.0.2
2025-11-07 16:00:21,711 [INFO] ThirdParty:1030 - CMSIS Pack Vendor :wolfSSL I-CUBE-wolfSSL 5.8.2
2025-11-07 16:00:21,711 [INFO] ThirdParty:1030 - CMSIS Pack Vendor :STMicroelectronics X-CUBE-BLE1 7.1.0
2025-11-07 16:00:21,711 [INFO] ThirdParty:1030 - CMSIS Pack Vendor :Avnet-IotConnect X-CUBE-IoTC-DA16k-PMOD 1.0.0
2025-11-07 16:00:21,711 [INFO] ThirdParty:1030 - CMSIS Pack Vendor :STMicroelectronics X-CUBE-SMBUS 2.1.0
2025-11-07 16:00:21,712 [INFO] ThirdParty:1030 - CMSIS Pack Vendor :wolfSSL I-CUBE-wolfMQTT 1.19.2
2025-11-07 16:00:21,712 [INFO] ThirdParty:1030 - CMSIS Pack Vendor :STMicroelectronics USB_DEVICE 3.0.0
2025-11-07 16:00:21,712 [INFO] ThirdParty:1030 - CMSIS Pack Vendor :STMicroelectronics X-CUBE-ISPU 2.1.0
2025-11-07 16:00:21,712 [INFO] ThirdParty:1030 - CMSIS Pack Vendor :STMicroelectronics X-CUBE-EEPRMA1 5.2.0
2025-11-07 16:00:21,712 [INFO] ThirdParty:1030 - CMSIS Pack Vendor :STMicroelectronics X-CUBE-IPS 3.2.0
2025-11-07 16:00:21,712 [INFO] ThirdParty:1030 - CMSIS Pack Vendor :STMicroelectronics X-CUBE-BLEMGR 4.1.0
2025-11-07 16:00:21,712 [INFO] ThirdParty:1030 - CMSIS Pack Vendor :STMicroelectronics X-CUBE-AZRTOS-WB 2.0.0
2025-11-07 16:00:21,712 [INFO] ThirdParty:1030 - CMSIS Pack Vendor :STMicroelectronics X-CUBE-ST60 1.0.0
2025-11-07 16:00:21,712 [INFO] ThirdParty:1030 - CMSIS Pack Vendor :STMicroelectronics X-CUBE-GNSS1 7.0.1
2025-11-07 16:00:21,712 [INFO] ThirdParty:1030 - CMSIS Pack Vendor :STMicroelectronics X-CUBE-NFC12 1.0.0
2025-11-07 16:00:21,712 [INFO] ThirdParty:1030 - CMSIS Pack Vendor :STMicroelectronics X-CUBE-AZRTOS-F7 1.1.0
2025-11-07 16:00:21,712 [INFO] ThirdParty:1030 - CMSIS Pack Vendor :STMicroelectronics X-CUBE-AZRTOS-L5 2.0.0
2025-11-07 16:00:21,712 [INFO] ThirdParty:1030 - CMSIS Pack Vendor :STMicroelectronics X-CUBE-TOUCHGFX 4.25.0
2025-11-07 16:00:21,712 [INFO] ThirdParty:1030 - CMSIS Pack Vendor :STMicroelectronics USB_DEVICE 2.0.0
2025-11-07 16:00:21,712 [INFO] ThirdParty:1030 - CMSIS Pack Vendor :STMicroelectronics X-CUBE-NFC6 3.1.0
2025-11-07 16:00:21,712 [INFO] ThirdParty:1030 - CMSIS Pack Vendor :STMicroelectronics X-CUBE-ST67W61 1.1.0
2025-11-07 16:00:21,712 [INFO] ThirdParty:1030 - CMSIS Pack Vendor :quantropi X-CUBE-qispace-sdk-base 2.1.0
2025-11-07 16:00:21,712 [INFO] ThirdParty:1030 - CMSIS Pack Vendor :STMicroelectronics FP-SNS-MOTENV1 5.1.0
2025-11-07 16:00:21,712 [INFO] ThirdParty:1030 - CMSIS Pack Vendor :STMicroelectronics FreeRTOS 0.0.1
2025-11-07 16:00:21,712 [INFO] ThirdParty:1030 - CMSIS Pack Vendor :STMicroelectronics X-CUBE-AZRTOS-G0 1.1.0
2025-11-07 16:00:21,712 [INFO] ThirdParty:1030 - CMSIS Pack Vendor :STMicroelectronics X-CUBE-SAFEA1 1.2.2
2025-11-07 16:00:21,712 [INFO] ThirdParty:1030 - CMSIS Pack Vendor :STMicroelectronics X-CUBE-NFC4 3.0.0
2025-11-07 16:00:21,712 [INFO] ThirdParty:1030 - CMSIS Pack Vendor :STMicroelectronics X-CUBE-SUBG2 5.0.0
2025-11-07 16:00:21,712 [INFO] ThirdParty:1030 - CMSIS Pack Vendor :STMicroelectronics X-CUBE-AZRTOS-H7RS 1.1.0
2025-11-07 16:00:21,712 [INFO] ThirdParty:1030 - CMSIS Pack Vendor :STMicroelectronics STM32_WPAN 1.0.0
2025-11-07 16:00:21,712 [INFO] ThirdParty:1030 - CMSIS Pack Vendor :EmbeddedOffice I-CUBE-FS-RTOS 1.0.1
2025-11-07 16:00:21,712 [INFO] ThirdParty:1030 - CMSIS Pack Vendor :STMicroelectronics lwIP 2.0.3
2025-11-07 16:00:21,712 [INFO] ThirdParty:1030 - CMSIS Pack Vendor :WES I-CUBE-Cesium 1.4.0
2025-11-07 16:00:21,712 [INFO] ThirdParty:1030 - CMSIS Pack Vendor :Cesanta I-CUBE-Mongoose 7.13.0
2025-11-07 16:00:21,712 [INFO] ThirdParty:1030 - CMSIS Pack Vendor :STMicroelectronics USB_HOST 1.0.0
2025-11-07 16:00:21,713 [INFO] ThirdParty:1030 - CMSIS Pack Vendor :Infineon AIROC-Wi-Fi-Bluetooth-STM32 1.7.1
2025-11-07 16:00:21,713 [INFO] ThirdParty:1030 - CMSIS Pack Vendor :STMicroelectronics X-CUBE-AZRTOS-G4 2.0.0
2025-11-07 16:00:21,713 [INFO] ThirdParty:1030 - CMSIS Pack Vendor :STMicroelectronics X-CUBE-WB05N 2.0.0
2025-11-07 16:00:21,713 [INFO] ThirdParty:1030 - CMSIS Pack Vendor :STMicroelectronics PDM2PCM 3.1.0
2025-11-07 16:00:21,713 [INFO] ThirdParty:1030 - CMSIS Pack Vendor :STMicroelectronics PDM2PCM 3.3.0
2025-11-07 16:00:21,713 [INFO] ThirdParty:1030 - CMSIS Pack Vendor :wolfSSL I-CUBE-wolfTPM 3.8.0
2025-11-07 16:00:21,713 [INFO] ThirdParty:1030 - CMSIS Pack Vendor :STMicroelectronics X-CUBE-AZRTOS-H7 3.4.0
2025-11-07 16:00:21,713 [INFO] ThirdParty:1030 - CMSIS Pack Vendor :STMicroelectronics X-CUBE-DISPLAY 3.0.0
2025-11-07 16:00:21,713 [INFO] ThirdParty:1030 - CMSIS Pack Vendor :wolfSSL I-CUBE-wolfSSH 1.4.20
2025-11-07 16:00:21,713 [INFO] ThirdParty:1030 - CMSIS Pack Vendor :STMicroelectronics X-CUBE-NFC7 2.0.0
2025-11-07 16:00:21,713 [INFO] ThirdParty:1030 - CMSIS Pack Vendor :STMicroelectronics X-CUBE-TCPP 4.2.0
2025-11-07 16:00:21,713 [INFO] ThirdParty:1030 - CMSIS Pack Vendor :RealThread X-CUBE-RT-Thread_Nano 4.1.1
2025-11-07 16:00:21,713 [INFO] ThirdParty:1030 - CMSIS Pack Vendor :STMicroelectronics FP-ATR-SIGFOX1 3.2.0
2025-11-07 16:00:21,713 [INFO] ThirdParty:1030 - CMSIS Pack Vendor :STMicroelectronics X-CUBE-NFC10 1.0.0
2025-11-07 16:00:21,713 [INFO] ThirdParty:1030 - CMSIS Pack Vendor :STMicroelectronics X-CUBE-FREERTOS 1.3.1
2025-11-07 16:00:21,713 [INFO] ThirdParty:1030 - CMSIS Pack Vendor :STMicroelectronics HAL Drivers 0.0.0
2025-11-07 16:00:21,713 [INFO] ThirdParty:1030 - CMSIS Pack Vendor :STMicroelectronics MBEDTLS 2.16.2
2025-11-07 16:00:21,713 [INFO] ThirdParty:1030 - CMSIS Pack Vendor :STMicroelectronics X-CUBE-ST60 1.1.0
2025-11-07 16:00:21,713 [INFO] ThirdParty:1030 - CMSIS Pack Vendor :STMicroelectronics X-CUBE-IPS 3.1.0
2025-11-07 16:00:21,714 [INFO] ThirdParty:1030 - CMSIS Pack Vendor :STMicroelectronics X-CUBE-ALS 1.0.2
2025-11-07 16:00:21,714 [INFO] ThirdParty:1030 - CMSIS Pack Vendor :emotas I-CUBE-CANOPEN 1.3.0
2025-11-07 16:00:21,714 [INFO] ThirdParty:1030 - CMSIS Pack Vendor :STMicroelectronics MBEDTLS 2.14.1
2025-11-07 16:00:21,714 [INFO] ThirdParty:1030 - CMSIS Pack Vendor :STMicroelectronics X-CUBE-GNSS1 7.1.0
2025-11-07 16:00:21,714 [INFO] ThirdParty:1030 - CMSIS Pack Vendor :ITTIA_DB I-CUBE-ITTIADB 8.9.0
2025-11-07 16:00:21,714 [INFO] ThirdParty:1030 - CMSIS Pack Vendor :STMicroelectronics X-CUBE-TOUCHGFX 4.26.0
2025-11-07 16:00:21,714 [INFO] ThirdParty:1030 - CMSIS Pack Vendor :STMicroelectronics X-CUBE-STSE01 1.0.0
2025-11-07 16:00:21,714 [INFO] ThirdParty:1030 - CMSIS Pack Vendor :STMicroelectronics X-CUBE-ST67W61 1.0.0
2025-11-07 16:00:21,714 [INFO] ThirdParty:1030 - CMSIS Pack Vendor :STMicroelectronics FP-SNS-STBOX1 2.1.0
2025-11-07 16:00:21,714 [INFO] ThirdParty:1030 - CMSIS Pack Vendor :STMicroelectronics X-CUBE-AI 10.2.0
2025-11-07 16:00:21,716 [INFO] ThirdParty:1030 - CMSIS Pack Vendor :STMicroelectronics FP-SNS-STAIOTCFT 1.0.0
2025-11-07 16:00:21,717 [INFO] ThirdParty:1030 - CMSIS Pack Vendor :STMicroelectronics ThreadX 1.0.0
2025-11-07 16:00:21,718 [INFO] ThirdParty:1030 - CMSIS Pack Vendor :STMicroelectronics FP-SNS-SMARTAG2 1.2.0
2025-11-07 16:00:21,718 [INFO] ThirdParty:1030 - CMSIS Pack Vendor :STMicroelectronics FP-SNS-FLIGHT1 5.1.0
2025-11-07 16:00:21,719 [INFO] ThirdParty:1030 - CMSIS Pack Vendor :STMicroelectronics X-CUBE-AZRTOS-WL 2.0.0
2025-11-07 16:00:21,720 [INFO] ThirdParty:1030 - CMSIS Pack Vendor :SEGGER I-CUBE-embOS 1.3.1
2025-11-07 16:00:21,720 [INFO] ThirdParty:1030 - CMSIS Pack Vendor :STMicroelectronics X-CUBE-ALGOBUILD 1.4.0
2025-11-07 16:00:21,720 [INFO] ThirdParty:1030 - CMSIS Pack Vendor :STMicroelectronics X-CUBE-DPower 1.3.0
2025-11-07 16:00:21,720 [INFO] ThirdParty:1030 - CMSIS Pack Vendor :STMicroelectronics X-CUBE-MEMS1 11.3.0
2025-11-07 16:00:21,720 [INFO] ThirdParty:1030 - CMSIS Pack Vendor :STMicroelectronics FP-SNS-MOTENV1 5.0.0
2025-11-07 16:00:21,720 [INFO] ThirdParty:1030 - CMSIS Pack Vendor :STMicroelectronics USB_DEVICE 1.0.0
2025-11-07 16:00:21,720 [INFO] ThirdParty:1030 - CMSIS Pack Vendor :STMicroelectronics X-CUBE-AZRTOS-L4 2.0.0
2025-11-07 16:00:21,720 [INFO] ThirdParty:1030 - CMSIS Pack Vendor :STMicroelectronics ThreadX 0.0.2
2025-11-07 16:00:21,720 [INFO] ThirdParty:1030 - CMSIS Pack Vendor :STMicroelectronics lwIP 2.1.2
2025-11-07 16:00:21,720 [INFO] ThirdParty:1030 - CMSIS Pack Vendor :STMicroelectronics X-CUBE-SFXS2LP1 4.0.0
2025-11-07 16:00:21,720 [INFO] ThirdParty:1030 - CMSIS Pack Vendor :STMicroelectronics X-CUBE-BLE2 3.3.0
2025-11-07 16:00:21,720 [INFO] ThirdParty:1030 - CMSIS Pack Vendor :Avnet-IOTCONNECT X-CUBE-iotc-st67-sdk 1.0.0
2025-11-07 16:00:21,720 [INFO] ThirdParty:1030 - CMSIS Pack Vendor :STMicroelectronics X-CUBE-TOF1 3.4.3
2025-11-07 16:00:21,720 [INFO] ThirdParty:1030 - CMSIS Pack Vendor :STMicroelectronics PDM2PCM 3.2.0
2025-11-07 16:00:21,723 [INFO] ThirdParty:841 - exiting critical section [change project]
2025-11-07 16:00:22,629 [INFO] PinOutPanel:1589 - setPackage(No Configuration,No Configuration)
2025-11-07 16:00:22,636 [INFO] PinOutPanel:1589 - setPackage(STM32L431CBTx,LQFP48)
2025-11-07 16:00:23,399 [INFO] UtilMem:75 - Before build in PCC Used Memory: 822208272 Bytes (1073741824)
2025-11-07 16:00:24,511 [INFO] UtilMem:75 - After build in PCC Used Memory: 676903656 Bytes (1073741824)
2025-11-07 16:00:24,578 [INFO] IPUIPlugin:80 - create IPUIPlugin
2025-11-07 16:00:24,581 [INFO] IPUIPlugin:80 - create IPUIPlugin
2025-11-07 16:00:24,582 [INFO] IPUIPlugin:80 - create IPUIPlugin
2025-11-07 16:00:24,582 [INFO] IPUIPlugin:80 - create IPUIPlugin
2025-11-07 16:00:24,582 [INFO] IPUIPlugin:80 - create IPUIPlugin
2025-11-07 16:00:24,582 [INFO] IPUIPlugin:80 - create IPUIPlugin
2025-11-07 16:00:24,583 [INFO] IPUIPlugin:80 - create IPUIPlugin
2025-11-07 16:00:24,583 [INFO] IPUIPlugin:80 - create IPUIPlugin
2025-11-07 16:00:24,583 [INFO] IPUIPlugin:80 - create IPUIPlugin
2025-11-07 16:00:24,583 [INFO] IPUIPlugin:80 - create IPUIPlugin
2025-11-07 16:00:24,584 [INFO] IPUIPlugin:80 - create IPUIPlugin
2025-11-07 16:00:24,584 [INFO] IPUIPlugin:80 - create IPUIPlugin
2025-11-07 16:00:24,584 [INFO] IPUIPlugin:80 - create IPUIPlugin
2025-11-07 16:00:24,584 [INFO] IPUIPlugin:80 - create IPUIPlugin
2025-11-07 16:00:24,584 [INFO] IPUIPlugin:80 - create IPUIPlugin
2025-11-07 16:00:24,585 [INFO] IPUIPlugin:80 - create IPUIPlugin
2025-11-07 16:00:24,585 [INFO] IPUIPlugin:80 - create IPUIPlugin
2025-11-07 16:00:24,585 [INFO] IPUIPlugin:80 - create IPUIPlugin
2025-11-07 16:00:24,585 [INFO] IPUIPlugin:80 - create IPUIPlugin
2025-11-07 16:00:24,586 [INFO] IPUIPlugin:80 - create IPUIPlugin
2025-11-07 16:00:24,587 [INFO] IPUIPlugin:80 - create IPUIPlugin
2025-11-07 16:00:24,587 [INFO] IPUIPlugin:80 - create IPUIPlugin
2025-11-07 16:00:24,587 [INFO] IPUIPlugin:80 - create IPUIPlugin
2025-11-07 16:00:24,587 [INFO] IPUIPlugin:80 - create IPUIPlugin
2025-11-07 16:00:24,587 [INFO] IPUIPlugin:80 - create IPUIPlugin
2025-11-07 16:00:24,587 [INFO] IPUIPlugin:80 - create IPUIPlugin
2025-11-07 16:00:24,587 [INFO] IPUIPlugin:80 - create IPUIPlugin
2025-11-07 16:00:24,587 [INFO] IPUIPlugin:80 - create IPUIPlugin
2025-11-07 16:00:24,587 [INFO] IPUIPlugin:80 - create IPUIPlugin
2025-11-07 16:00:24,588 [INFO] IPUIPlugin:80 - create IPUIPlugin
2025-11-07 16:00:24,588 [INFO] IPUIPlugin:80 - create IPUIPlugin
2025-11-07 16:00:24,588 [INFO] IPUIPlugin:80 - create IPUIPlugin
2025-11-07 16:00:24,588 [INFO] IPUIPlugin:80 - create IPUIPlugin
2025-11-07 16:00:24,588 [INFO] IPUIPlugin:80 - create IPUIPlugin
2025-11-07 16:00:24,588 [INFO] IPUIPlugin:80 - create IPUIPlugin
2025-11-07 16:00:24,588 [INFO] IPUIPlugin:80 - create IPUIPlugin
2025-11-07 16:00:24,588 [INFO] IPUIPlugin:80 - create IPUIPlugin
2025-11-07 16:00:24,589 [INFO] IPUIPlugin:80 - create IPUIPlugin
2025-11-07 16:00:24,589 [INFO] IPUIPlugin:80 - create IPUIPlugin
2025-11-07 16:00:24,589 [INFO] IPUIPlugin:80 - create IPUIPlugin
2025-11-07 16:00:24,590 [INFO] IPUIPlugin:80 - create IPUIPlugin
2025-11-07 16:00:24,590 [INFO] IPUIPlugin:80 - create IPUIPlugin
2025-11-07 16:00:24,858 [INFO] CADModel:165 - CPN selected for project levelSTM32L431CBT6
2025-11-07 16:00:24,858 [INFO] CADModel:114 - Register for checkConnection events
2025-11-07 16:00:24,904 [INFO] OpenFileManager:386 - Restore cursor
2025-11-07 16:00:26,171 [INFO] UtilMem:75 - End SaveConfig() Used Memory: 847295208 Bytes (1073741824)
2025-11-07 16:00:44,172 [INFO] McuFinderGlobals:76 - Set McuFinderConnectedMode to true
2025-11-07 16:00:44,521 [INFO] ApiDb:448 - Save user favorites file /Users/karthikkurapati/.stm32cubeide/favorites.mcus.txt: 0 item(s)
2025-11-07 16:00:44,521 [INFO] ApiDb:452 - User favorites MCUs=[]
2025-11-07 16:04:38,754 [INFO] I2cTimingTraitement:330 - 0x00100D14
2025-11-07 16:06:05,765 [INFO] I2cTimingTraitement:330 - 0x00100D14
2025-11-07 16:06:46,024 [INFO] Can:71 - Can Add PropertyChangeListener com.st.microxplorer.plugins.ip.can.Can@7baa755b
2025-11-07 16:08:27,162 [INFO] I2cTimingTraitement:330 - 0x00100D14
2025-11-07 16:08:50,124 [INFO] I2cTimingTraitement:330 - 0x00100D14
2025-11-07 16:08:50,376 [INFO] I2cTimingTraitement:330 - 0x00100D14
2025-11-07 16:08:50,589 [INFO] I2cTimingTraitement:330 - 0x00100D14
2025-11-07 16:08:51,093 [INFO] I2cTimingTraitement:330 - 0x00100D14
2025-11-07 16:08:58,728 [INFO] NvicIntPanel:101 - NVIC parent = com.st.microxplorer.plugins.ip.nvic.MultiNvicIntPanel[,0,0,0x0,invalid,layout=javax.swing.BoxLayout,alignmentX=0.0,alignmentY=0.0,border=,flags=9,maximumSize=,minimumSize=,preferredSize=]
2025-11-07 16:08:58,963 [INFO] I2cTimingTraitement:330 - 0x00100D14
2025-11-07 16:08:59,346 [INFO] I2cTimingTraitement:330 - 0x00100D14
2025-11-07 16:09:07,686 [INFO] I2cTimingTraitement:330 - 0x00100D14
2025-11-07 16:09:08,223 [INFO] I2cTimingTraitement:330 - 0x00100D14
2025-11-07 16:09:15,175 [INFO] I2cTimingTraitement:330 - 0x00100D14
2025-11-07 16:09:15,690 [INFO] I2cTimingTraitement:330 - 0x00100D14
2025-11-07 16:13:20,919 [INFO] ADCParametersView:116 -                Rank 1 : false
2025-11-07 16:13:21,051 [INFO] ADCParametersView:116 -                Rank 1 : false
2025-11-07 16:13:21,053 [INFO] ADCParametersView:116 -                Rank 1 : false
2025-11-07 16:13:21,053 [INFO] ADCParametersView:116 -                Rank 1 : false
2025-11-07 16:13:21,054 [INFO] ADCParametersView:116 -                Rank 1 : false
2025-11-07 16:13:21,054 [INFO] ADCParametersView:116 -                Rank 1 : false
2025-11-07 16:13:21,054 [INFO] ADCParametersView:116 -                Rank 1 : false
2025-11-07 16:13:21,055 [INFO] ADCParametersView:116 -                Rank 1 : false
2025-11-07 16:13:21,055 [INFO] ADCParametersView:116 -                Rank 1 : false
2025-11-07 16:13:21,055 [INFO] ADCParametersView:116 -                Rank 1 : false
2025-11-07 16:13:21,055 [INFO] ADCParametersView:116 -                Rank 1 : false
2025-11-07 16:13:21,055 [INFO] ADCParametersView:116 -                Rank 1 : false
2025-11-07 16:13:21,056 [INFO] ADCParametersView:116 -                Rank 1 : false
2025-11-07 16:13:21,056 [INFO] ADCParametersView:116 -                Rank 1 : false
2025-11-07 16:13:21,056 [INFO] ADCParametersView:116 -                Rank 1 : false
2025-11-07 16:13:21,056 [INFO] ADCParametersView:116 -                Rank 1 : false
2025-11-07 16:13:21,056 [INFO] ADCParametersView:116 -                Rank 1 : false
2025-11-07 16:13:21,056 [INFO] ADCParametersView:116 -                Rank 1 : false
2025-11-07 16:13:21,056 [INFO] ADCParametersView:116 -                Rank 1 : false
2025-11-07 16:13:21,056 [INFO] ADCParametersView:116 -                Rank 1 : false
2025-11-07 16:13:21,089 [INFO] ADCParametersView:116 -                Rank 1 : false
2025-11-07 16:15:41,304 [INFO] ADCParametersView:116 -                Rank 1 : false
2025-11-07 16:15:41,335 [INFO] ADCParametersView:116 -                Rank 1 : false
2025-11-07 16:15:41,339 [INFO] ADCParametersView:116 -                Rank 1 : false
2025-11-07 16:15:41,340 [INFO] ADCParametersView:116 -                Rank 1 : false
2025-11-07 16:15:41,340 [INFO] ADCParametersView:116 -                Rank 1 : false
2025-11-07 16:15:41,341 [INFO] ADCParametersView:116 -                Rank 1 : false
2025-11-07 16:15:41,341 [INFO] ADCParametersView:116 -                Rank 1 : false
2025-11-07 16:15:41,341 [INFO] ADCParametersView:116 -                Rank 1 : false
2025-11-07 16:15:41,342 [INFO] ADCParametersView:116 -                Rank 1 : false
2025-11-07 16:15:41,342 [INFO] ADCParametersView:116 -                Rank 1 : false
2025-11-07 16:15:41,342 [INFO] ADCParametersView:116 -                Rank 1 : false
2025-11-07 16:15:41,343 [INFO] ADCParametersView:116 -                Rank 1 : false
2025-11-07 16:15:41,343 [INFO] ADCParametersView:116 -                Rank 1 : false
2025-11-07 16:15:41,343 [INFO] ADCParametersView:116 -                Rank 1 : false
2025-11-07 16:15:41,343 [INFO] ADCParametersView:116 -                Rank 1 : false
2025-11-07 16:15:41,343 [INFO] ADCParametersView:116 -                Rank 1 : false
2025-11-07 16:15:41,344 [INFO] ADCParametersView:116 -                Rank 1 : false
2025-11-07 16:15:41,344 [INFO] ADCParametersView:116 -                Rank 1 : false
2025-11-07 16:15:41,344 [INFO] ADCParametersView:116 -                Rank 1 : false
2025-11-07 16:15:41,494 [INFO] ADCParametersView:116 -                Rank 1 : false
2025-11-07 16:15:41,731 [INFO] ADCParametersView:116 -                Rank 1 : false
2025-11-07 16:15:41,732 [INFO] ADCParametersView:116 -                Rank 1 : false
2025-11-07 16:15:41,732 [INFO] ADCParametersView:116 -                Rank 1 : false
2025-11-07 16:15:41,732 [INFO] ADCParametersView:116 -                Rank 1 : false
2025-11-07 16:15:41,733 [INFO] ADCParametersView:116 -                Rank 1 : false
2025-11-07 16:15:41,733 [INFO] ADCParametersView:116 -                Rank 1 : false
2025-11-07 16:15:41,734 [INFO] ADCParametersView:116 -                Rank 1 : false
2025-11-07 16:15:41,734 [INFO] ADCParametersView:116 -                Rank 1 : false
2025-11-07 16:15:41,734 [INFO] ADCParametersView:116 -                Rank 1 : false
2025-11-07 16:15:41,735 [INFO] ADCParametersView:116 -                Rank 1 : false
2025-11-07 16:15:41,736 [INFO] ADCParametersView:116 -                Rank 1 : false
2025-11-07 16:15:41,736 [INFO] ADCParametersView:116 -                Rank 1 : false
2025-11-07 16:15:41,736 [INFO] ADCParametersView:116 -                Rank 1 : false
2025-11-07 16:15:41,737 [INFO] ADCParametersView:116 -                Rank 1 : false
2025-11-07 16:15:41,739 [INFO] ADCParametersView:116 -                Rank 1 : false
2025-11-07 16:15:41,739 [INFO] ADCParametersView:116 -                Rank 1 : false
2025-11-07 16:15:41,739 [INFO] ADCParametersView:116 -                Rank 1 : false
2025-11-07 16:15:41,739 [INFO] ADCParametersView:116 -                Rank 1 : false
2025-11-07 16:15:41,739 [INFO] ADCParametersView:116 -                Rank 1 : false
2025-11-07 16:15:41,814 [INFO] ADCParametersView:116 -                Rank 1 : false
2025-11-07 16:15:42,265 [INFO] ADCParametersView:116 -                Rank 1 : false
2025-11-07 16:15:42,267 [INFO] ADCParametersView:116 -                Rank 1 : false
2025-11-07 16:15:42,267 [INFO] ADCParametersView:116 -                Rank 1 : false
2025-11-07 16:15:42,267 [INFO] ADCParametersView:116 -                Rank 1 : false
2025-11-07 16:15:42,268 [INFO] ADCParametersView:116 -                Rank 1 : false
2025-11-07 16:15:42,268 [INFO] ADCParametersView:116 -                Rank 1 : false
2025-11-07 16:15:42,269 [INFO] ADCParametersView:116 -                Rank 1 : false
2025-11-07 16:15:42,269 [INFO] ADCParametersView:116 -                Rank 1 : false
2025-11-07 16:15:42,269 [INFO] ADCParametersView:116 -                Rank 1 : false
2025-11-07 16:15:42,269 [INFO] ADCParametersView:116 -                Rank 1 : false
2025-11-07 16:15:42,270 [INFO] ADCParametersView:116 -                Rank 1 : false
2025-11-07 16:15:42,270 [INFO] ADCParametersView:116 -                Rank 1 : false
2025-11-07 16:15:42,270 [INFO] ADCParametersView:116 -                Rank 1 : false
2025-11-07 16:15:42,270 [INFO] ADCParametersView:116 -                Rank 1 : false
2025-11-07 16:15:42,270 [INFO] ADCParametersView:116 -                Rank 1 : false
2025-11-07 16:15:42,270 [INFO] ADCParametersView:116 -                Rank 1 : false
2025-11-07 16:15:42,271 [INFO] ADCParametersView:116 -                Rank 1 : false
2025-11-07 16:15:42,271 [INFO] ADCParametersView:116 -                Rank 1 : false
2025-11-07 16:15:42,271 [INFO] ADCParametersView:116 -                Rank 1 : false
2025-11-07 16:15:42,310 [INFO] ADCParametersView:116 -                Rank 1 : false
2025-11-07 16:15:42,354 [INFO] ADCParametersView:116 -                Rank 1 : false
2025-11-07 16:15:42,354 [INFO] ADCParametersView:116 -                Rank 1 : false
2025-11-07 16:15:42,355 [INFO] ADCParametersView:116 -                Rank 1 : false
2025-11-07 16:15:42,355 [INFO] ADCParametersView:116 -                Rank 1 : false
2025-11-07 16:15:42,356 [INFO] ADCParametersView:116 -                Rank 1 : false
2025-11-07 16:15:42,356 [INFO] ADCParametersView:116 -                Rank 1 : false
2025-11-07 16:15:42,356 [INFO] ADCParametersView:116 -                Rank 1 : false
2025-11-07 16:15:42,356 [INFO] ADCParametersView:116 -                Rank 1 : false
2025-11-07 16:15:42,357 [INFO] ADCParametersView:116 -                Rank 1 : false
2025-11-07 16:15:42,357 [INFO] ADCParametersView:116 -                Rank 1 : false
2025-11-07 16:15:42,357 [INFO] ADCParametersView:116 -                Rank 1 : false
2025-11-07 16:15:42,357 [INFO] ADCParametersView:116 -                Rank 1 : false
2025-11-07 16:15:42,357 [INFO] ADCParametersView:116 -                Rank 1 : false
2025-11-07 16:15:42,357 [INFO] ADCParametersView:116 -                Rank 1 : false
2025-11-07 16:15:42,358 [INFO] ADCParametersView:116 -                Rank 1 : false
2025-11-07 16:15:42,358 [INFO] ADCParametersView:116 -                Rank 1 : false
2025-11-07 16:15:42,358 [INFO] ADCParametersView:116 -                Rank 1 : false
2025-11-07 16:15:42,358 [INFO] ADCParametersView:116 -                Rank 1 : false
2025-11-07 16:15:42,358 [INFO] ADCParametersView:116 -                Rank 1 : false
2025-11-07 16:15:42,409 [INFO] ADCParametersView:116 -                Rank 1 : false
2025-11-07 16:15:50,329 [INFO] ADCParametersView:116 -                Rank 1 : false
2025-11-07 16:15:50,359 [INFO] ADCParametersView:116 -                Rank 1 : false
2025-11-07 16:15:50,364 [INFO] ADCParametersView:116 -                Rank 1 : false
2025-11-07 16:15:50,364 [INFO] ADCParametersView:116 -                Rank 1 : false
2025-11-07 16:15:50,364 [INFO] ADCParametersView:116 -                Rank 1 : false
2025-11-07 16:15:50,364 [INFO] ADCParametersView:116 -                Rank 1 : false
2025-11-07 16:15:50,365 [INFO] ADCParametersView:116 -                Rank 1 : false
2025-11-07 16:15:50,365 [INFO] ADCParametersView:116 -                Rank 1 : false
2025-11-07 16:15:50,365 [INFO] ADCParametersView:116 -                Rank 1 : false
2025-11-07 16:15:50,365 [INFO] ADCParametersView:116 -                Rank 1 : false
2025-11-07 16:15:50,366 [INFO] ADCParametersView:116 -                Rank 1 : false
2025-11-07 16:15:50,366 [INFO] ADCParametersView:116 -                Rank 1 : false
2025-11-07 16:15:50,366 [INFO] ADCParametersView:116 -                Rank 1 : false
2025-11-07 16:15:50,366 [INFO] ADCParametersView:116 -                Rank 1 : false
2025-11-07 16:15:50,366 [INFO] ADCParametersView:116 -                Rank 1 : false
2025-11-07 16:15:50,367 [INFO] ADCParametersView:116 -                Rank 1 : false
2025-11-07 16:15:50,367 [INFO] ADCParametersView:116 -                Rank 1 : false
2025-11-07 16:15:50,367 [INFO] ADCParametersView:116 -                Rank 1 : false
2025-11-07 16:15:50,367 [INFO] ADCParametersView:116 -                Rank 1 : false
2025-11-07 16:15:50,529 [INFO] ADCParametersView:116 -                Rank 1 : false
2025-11-07 16:15:50,741 [INFO] ADCParametersView:116 -                Rank 1 : false
2025-11-07 16:15:50,742 [INFO] ADCParametersView:116 -                Rank 1 : false
2025-11-07 16:15:50,742 [INFO] ADCParametersView:116 -                Rank 1 : false
2025-11-07 16:15:50,742 [INFO] ADCParametersView:116 -                Rank 1 : false
2025-11-07 16:15:50,742 [INFO] ADCParametersView:116 -                Rank 1 : false
2025-11-07 16:15:50,743 [INFO] ADCParametersView:116 -                Rank 1 : false
2025-11-07 16:15:50,743 [INFO] ADCParametersView:116 -                Rank 1 : false
2025-11-07 16:15:50,743 [INFO] ADCParametersView:116 -                Rank 1 : false
2025-11-07 16:15:50,743 [INFO] ADCParametersView:116 -                Rank 1 : false
2025-11-07 16:15:50,743 [INFO] ADCParametersView:116 -                Rank 1 : false
2025-11-07 16:15:50,744 [INFO] ADCParametersView:116 -                Rank 1 : false
2025-11-07 16:15:50,744 [INFO] ADCParametersView:116 -                Rank 1 : false
2025-11-07 16:15:50,744 [INFO] ADCParametersView:116 -                Rank 1 : false
2025-11-07 16:15:50,744 [INFO] ADCParametersView:116 -                Rank 1 : false
2025-11-07 16:15:50,744 [INFO] ADCParametersView:116 -                Rank 1 : false
2025-11-07 16:15:50,744 [INFO] ADCParametersView:116 -                Rank 1 : false
2025-11-07 16:15:50,744 [INFO] ADCParametersView:116 -                Rank 1 : false
2025-11-07 16:15:50,745 [INFO] ADCParametersView:116 -                Rank 1 : false
2025-11-07 16:15:50,745 [INFO] ADCParametersView:116 -                Rank 1 : false
2025-11-07 16:15:50,774 [INFO] ADCParametersView:116 -                Rank 1 : false
2025-11-07 16:15:50,879 [INFO] ADCParametersView:116 -                Rank 1 : false
2025-11-07 16:15:50,879 [INFO] ADCParametersView:116 -                Rank 1 : false
2025-11-07 16:15:50,879 [INFO] ADCParametersView:116 -                Rank 1 : false
2025-11-07 16:15:50,880 [INFO] ADCParametersView:116 -                Rank 1 : false
2025-11-07 16:15:50,880 [INFO] ADCParametersView:116 -                Rank 1 : false
2025-11-07 16:15:50,880 [INFO] ADCParametersView:116 -                Rank 1 : false
2025-11-07 16:15:50,880 [INFO] ADCParametersView:116 -                Rank 1 : false
2025-11-07 16:15:50,881 [INFO] ADCParametersView:116 -                Rank 1 : false
2025-11-07 16:15:50,881 [INFO] ADCParametersView:116 -                Rank 1 : false
2025-11-07 16:15:50,881 [INFO] ADCParametersView:116 -                Rank 1 : false
2025-11-07 16:15:50,881 [INFO] ADCParametersView:116 -                Rank 1 : false
2025-11-07 16:15:50,882 [INFO] ADCParametersView:116 -                Rank 1 : false
2025-11-07 16:15:50,882 [INFO] ADCParametersView:116 -                Rank 1 : false
2025-11-07 16:15:50,882 [INFO] ADCParametersView:116 -                Rank 1 : false
2025-11-07 16:15:50,883 [INFO] ADCParametersView:116 -                Rank 1 : false
2025-11-07 16:15:50,883 [INFO] ADCParametersView:116 -                Rank 1 : false
2025-11-07 16:15:50,883 [INFO] ADCParametersView:116 -                Rank 1 : false
2025-11-07 16:15:50,883 [INFO] ADCParametersView:116 -                Rank 1 : false
2025-11-07 16:15:50,884 [INFO] ADCParametersView:116 -                Rank 1 : false
2025-11-07 16:15:50,918 [INFO] ADCParametersView:116 -                Rank 1 : false
2025-11-07 16:15:50,964 [INFO] ADCParametersView:116 -                Rank 1 : false
2025-11-07 16:15:50,966 [INFO] ADCParametersView:116 -                Rank 1 : false
2025-11-07 16:15:50,966 [INFO] ADCParametersView:116 -                Rank 1 : false
2025-11-07 16:15:50,967 [INFO] ADCParametersView:116 -                Rank 1 : false
2025-11-07 16:15:50,967 [INFO] ADCParametersView:116 -                Rank 1 : false
2025-11-07 16:15:50,967 [INFO] ADCParametersView:116 -                Rank 1 : false
2025-11-07 16:15:50,967 [INFO] ADCParametersView:116 -                Rank 1 : false
2025-11-07 16:15:50,968 [INFO] ADCParametersView:116 -                Rank 1 : false
2025-11-07 16:15:50,968 [INFO] ADCParametersView:116 -                Rank 1 : false
2025-11-07 16:15:50,968 [INFO] ADCParametersView:116 -                Rank 1 : false
2025-11-07 16:15:50,968 [INFO] ADCParametersView:116 -                Rank 1 : false
2025-11-07 16:15:50,969 [INFO] ADCParametersView:116 -                Rank 1 : false
2025-11-07 16:15:50,969 [INFO] ADCParametersView:116 -                Rank 1 : false
2025-11-07 16:15:50,969 [INFO] ADCParametersView:116 -                Rank 1 : false
2025-11-07 16:15:50,969 [INFO] ADCParametersView:116 -                Rank 1 : false
2025-11-07 16:15:50,969 [INFO] ADCParametersView:116 -                Rank 1 : false
2025-11-07 16:15:50,969 [INFO] ADCParametersView:116 -                Rank 1 : false
2025-11-07 16:15:50,969 [INFO] ADCParametersView:116 -                Rank 1 : false
2025-11-07 16:15:50,970 [INFO] ADCParametersView:116 -                Rank 1 : false
2025-11-07 16:15:50,998 [INFO] ADCParametersView:116 -                Rank 1 : false
2025-11-07 16:15:51,300 [INFO] ADCParametersView:116 -                Rank 1 : false
2025-11-07 16:15:51,302 [INFO] ADCParametersView:116 -                Rank 1 : false
2025-11-07 16:15:51,302 [INFO] ADCParametersView:116 -                Rank 1 : false
2025-11-07 16:15:51,303 [INFO] ADCParametersView:116 -                Rank 1 : false
2025-11-07 16:15:51,303 [INFO] ADCParametersView:116 -                Rank 1 : false
2025-11-07 16:15:51,303 [INFO] ADCParametersView:116 -                Rank 1 : false
2025-11-07 16:15:51,303 [INFO] ADCParametersView:116 -                Rank 1 : false
2025-11-07 16:15:51,304 [INFO] ADCParametersView:116 -                Rank 1 : false
2025-11-07 16:15:51,304 [INFO] ADCParametersView:116 -                Rank 1 : false
2025-11-07 16:15:51,304 [INFO] ADCParametersView:116 -                Rank 1 : false
2025-11-07 16:15:51,304 [INFO] ADCParametersView:116 -                Rank 1 : false
2025-11-07 16:15:51,304 [INFO] ADCParametersView:116 -                Rank 1 : false
2025-11-07 16:15:51,305 [INFO] ADCParametersView:116 -                Rank 1 : false
2025-11-07 16:15:51,305 [INFO] ADCParametersView:116 -                Rank 1 : false
2025-11-07 16:15:51,305 [INFO] ADCParametersView:116 -                Rank 1 : false
2025-11-07 16:15:51,305 [INFO] ADCParametersView:116 -                Rank 1 : false
2025-11-07 16:15:51,305 [INFO] ADCParametersView:116 -                Rank 1 : false
2025-11-07 16:15:51,306 [INFO] ADCParametersView:116 -                Rank 1 : false
2025-11-07 16:15:51,306 [INFO] ADCParametersView:116 -                Rank 1 : false
2025-11-07 16:15:51,341 [INFO] ADCParametersView:116 -                Rank 1 : false
2025-11-07 16:15:51,384 [INFO] ADCParametersView:116 -                Rank 1 : false
2025-11-07 16:15:51,384 [INFO] ADCParametersView:116 -                Rank 1 : false
2025-11-07 16:15:51,385 [INFO] ADCParametersView:116 -                Rank 1 : false
2025-11-07 16:15:51,385 [INFO] ADCParametersView:116 -                Rank 1 : false
2025-11-07 16:15:51,385 [INFO] ADCParametersView:116 -                Rank 1 : false
2025-11-07 16:15:51,385 [INFO] ADCParametersView:116 -                Rank 1 : false
2025-11-07 16:15:51,386 [INFO] ADCParametersView:116 -                Rank 1 : false
2025-11-07 16:15:51,386 [INFO] ADCParametersView:116 -                Rank 1 : false
2025-11-07 16:15:51,386 [INFO] ADCParametersView:116 -                Rank 1 : false
2025-11-07 16:15:51,386 [INFO] ADCParametersView:116 -                Rank 1 : false
2025-11-07 16:15:51,386 [INFO] ADCParametersView:116 -                Rank 1 : false
2025-11-07 16:15:51,387 [INFO] ADCParametersView:116 -                Rank 1 : false
2025-11-07 16:15:51,387 [INFO] ADCParametersView:116 -                Rank 1 : false
2025-11-07 16:15:51,387 [INFO] ADCParametersView:116 -                Rank 1 : false
2025-11-07 16:15:51,387 [INFO] ADCParametersView:116 -                Rank 1 : false
2025-11-07 16:15:51,387 [INFO] ADCParametersView:116 -                Rank 1 : false
2025-11-07 16:15:51,387 [INFO] ADCParametersView:116 -                Rank 1 : false
2025-11-07 16:15:51,388 [INFO] ADCParametersView:116 -                Rank 1 : false
2025-11-07 16:15:51,388 [INFO] ADCParametersView:116 -                Rank 1 : false
2025-11-07 16:15:51,416 [INFO] ADCParametersView:116 -                Rank 1 : false
2025-11-07 16:16:11,539 [INFO] ADCParametersView:116 -                Rank 1 : false
2025-11-07 16:16:11,569 [INFO] ADCParametersView:116 -                Rank 1 : false
2025-11-07 16:16:11,574 [INFO] ADCParametersView:116 -                Rank 1 : false
2025-11-07 16:16:11,574 [INFO] ADCParametersView:116 -                Rank 1 : false
2025-11-07 16:16:11,575 [INFO] ADCParametersView:116 -                Rank 1 : false
2025-11-07 16:16:11,575 [INFO] ADCParametersView:116 -                Rank 1 : false
2025-11-07 16:16:11,575 [INFO] ADCParametersView:116 -                Rank 1 : false
2025-11-07 16:16:11,575 [INFO] ADCParametersView:116 -                Rank 1 : false
2025-11-07 16:16:11,576 [INFO] ADCParametersView:116 -                Rank 1 : false
2025-11-07 16:16:11,576 [INFO] ADCParametersView:116 -                Rank 1 : false
2025-11-07 16:16:11,576 [INFO] ADCParametersView:116 -                Rank 1 : false
2025-11-07 16:16:11,576 [INFO] ADCParametersView:116 -                Rank 1 : false
2025-11-07 16:16:11,576 [INFO] ADCParametersView:116 -                Rank 1 : false
2025-11-07 16:16:11,576 [INFO] ADCParametersView:116 -                Rank 1 : false
2025-11-07 16:16:11,577 [INFO] ADCParametersView:116 -                Rank 1 : false
2025-11-07 16:16:11,577 [INFO] ADCParametersView:116 -                Rank 1 : false
2025-11-07 16:16:11,577 [INFO] ADCParametersView:116 -                Rank 1 : false
2025-11-07 16:16:11,577 [INFO] ADCParametersView:116 -                Rank 1 : false
2025-11-07 16:16:11,577 [INFO] ADCParametersView:116 -                Rank 1 : false
2025-11-07 16:16:11,728 [INFO] ADCParametersView:116 -                Rank 1 : false
2025-11-07 16:16:11,921 [INFO] ADCParametersView:116 -                Rank 1 : false
2025-11-07 16:16:11,921 [INFO] ADCParametersView:116 -                Rank 1 : false
2025-11-07 16:16:11,922 [INFO] ADCParametersView:116 -                Rank 1 : false
2025-11-07 16:16:11,922 [INFO] ADCParametersView:116 -                Rank 1 : false
2025-11-07 16:16:11,922 [INFO] ADCParametersView:116 -                Rank 1 : false
2025-11-07 16:16:11,922 [INFO] ADCParametersView:116 -                Rank 1 : false
2025-11-07 16:16:11,923 [INFO] ADCParametersView:116 -                Rank 1 : false
2025-11-07 16:16:11,923 [INFO] ADCParametersView:116 -                Rank 1 : false
2025-11-07 16:16:11,923 [INFO] ADCParametersView:116 -                Rank 1 : false
2025-11-07 16:16:11,923 [INFO] ADCParametersView:116 -                Rank 1 : false
2025-11-07 16:16:11,923 [INFO] ADCParametersView:116 -                Rank 1 : false
2025-11-07 16:16:11,924 [INFO] ADCParametersView:116 -                Rank 1 : false
2025-11-07 16:16:11,924 [INFO] ADCParametersView:116 -                Rank 1 : false
2025-11-07 16:16:11,924 [INFO] ADCParametersView:116 -                Rank 1 : false
2025-11-07 16:16:11,924 [INFO] ADCParametersView:116 -                Rank 1 : false
2025-11-07 16:16:11,924 [INFO] ADCParametersView:116 -                Rank 1 : false
2025-11-07 16:16:11,924 [INFO] ADCParametersView:116 -                Rank 1 : false
2025-11-07 16:16:11,924 [INFO] ADCParametersView:116 -                Rank 1 : false
2025-11-07 16:16:11,924 [INFO] ADCParametersView:116 -                Rank 1 : false
2025-11-07 16:16:11,953 [INFO] ADCParametersView:116 -                Rank 1 : false
2025-11-07 16:16:12,258 [INFO] ADCParametersView:116 -                Rank 1 : false
2025-11-07 16:16:12,258 [INFO] ADCParametersView:116 -                Rank 1 : false
2025-11-07 16:16:12,258 [INFO] ADCParametersView:116 -                Rank 1 : false
2025-11-07 16:16:12,259 [INFO] ADCParametersView:116 -                Rank 1 : false
2025-11-07 16:16:12,260 [INFO] ADCParametersView:116 -                Rank 1 : false
2025-11-07 16:16:12,261 [INFO] ADCParametersView:116 -                Rank 1 : false
2025-11-07 16:16:12,261 [INFO] ADCParametersView:116 -                Rank 1 : false
2025-11-07 16:16:12,261 [INFO] ADCParametersView:116 -                Rank 1 : false
2025-11-07 16:16:12,261 [INFO] ADCParametersView:116 -                Rank 1 : false
2025-11-07 16:16:12,261 [INFO] ADCParametersView:116 -                Rank 1 : false
2025-11-07 16:16:12,262 [INFO] ADCParametersView:116 -                Rank 1 : false
2025-11-07 16:16:12,262 [INFO] ADCParametersView:116 -                Rank 1 : false
2025-11-07 16:16:12,262 [INFO] ADCParametersView:116 -                Rank 1 : false
2025-11-07 16:16:12,262 [INFO] ADCParametersView:116 -                Rank 1 : false
2025-11-07 16:16:12,262 [INFO] ADCParametersView:116 -                Rank 1 : false
2025-11-07 16:16:12,262 [INFO] ADCParametersView:116 -                Rank 1 : false
2025-11-07 16:16:12,263 [INFO] ADCParametersView:116 -                Rank 1 : false
2025-11-07 16:16:12,263 [INFO] ADCParametersView:116 -                Rank 1 : false
2025-11-07 16:16:12,263 [INFO] ADCParametersView:116 -                Rank 1 : false
2025-11-07 16:16:12,297 [INFO] ADCParametersView:116 -                Rank 1 : false
2025-11-07 16:16:12,337 [INFO] ADCParametersView:116 -                Rank 1 : false
2025-11-07 16:16:12,338 [INFO] ADCParametersView:116 -                Rank 1 : false
2025-11-07 16:16:12,338 [INFO] ADCParametersView:116 -                Rank 1 : false
2025-11-07 16:16:12,338 [INFO] ADCParametersView:116 -                Rank 1 : false
2025-11-07 16:16:12,339 [INFO] ADCParametersView:116 -                Rank 1 : false
2025-11-07 16:16:12,339 [INFO] ADCParametersView:116 -                Rank 1 : false
2025-11-07 16:16:12,339 [INFO] ADCParametersView:116 -                Rank 1 : false
2025-11-07 16:16:12,339 [INFO] ADCParametersView:116 -                Rank 1 : false
2025-11-07 16:16:12,340 [INFO] ADCParametersView:116 -                Rank 1 : false
2025-11-07 16:16:12,340 [INFO] ADCParametersView:116 -                Rank 1 : false
2025-11-07 16:16:12,340 [INFO] ADCParametersView:116 -                Rank 1 : false
2025-11-07 16:16:12,340 [INFO] ADCParametersView:116 -                Rank 1 : false
2025-11-07 16:16:12,340 [INFO] ADCParametersView:116 -                Rank 1 : false
2025-11-07 16:16:12,340 [INFO] ADCParametersView:116 -                Rank 1 : false
2025-11-07 16:16:12,340 [INFO] ADCParametersView:116 -                Rank 1 : false
2025-11-07 16:16:12,341 [INFO] ADCParametersView:116 -                Rank 1 : false
2025-11-07 16:16:12,341 [INFO] ADCParametersView:116 -                Rank 1 : false
2025-11-07 16:16:12,341 [INFO] ADCParametersView:116 -                Rank 1 : false
2025-11-07 16:16:12,341 [INFO] ADCParametersView:116 -                Rank 1 : false
2025-11-07 16:16:12,369 [INFO] ADCParametersView:116 -                Rank 1 : false
2025-11-07 16:17:55,862 [INFO] ADCParametersView:116 -                Rank 1 : false
2025-11-07 16:17:55,891 [INFO] ADCParametersView:116 -                Rank 1 : false
2025-11-07 16:17:55,894 [INFO] ADCParametersView:116 -                Rank 1 : false
2025-11-07 16:17:55,896 [INFO] ADCParametersView:116 -                Rank 1 : false
2025-11-07 16:17:55,896 [INFO] ADCParametersView:116 -                Rank 1 : false
2025-11-07 16:17:55,896 [INFO] ADCParametersView:116 -                Rank 1 : false
2025-11-07 16:17:55,896 [INFO] ADCParametersView:116 -                Rank 1 : false
2025-11-07 16:17:55,897 [INFO] ADCParametersView:116 -                Rank 1 : false
2025-11-07 16:17:55,897 [INFO] ADCParametersView:116 -                Rank 1 : false
2025-11-07 16:17:55,898 [INFO] ADCParametersView:116 -                Rank 1 : false
2025-11-07 16:17:55,898 [INFO] ADCParametersView:116 -                Rank 1 : false
2025-11-07 16:17:55,898 [INFO] ADCParametersView:116 -                Rank 1 : false
2025-11-07 16:17:55,898 [INFO] ADCParametersView:116 -                Rank 1 : false
2025-11-07 16:17:55,898 [INFO] ADCParametersView:116 -                Rank 1 : false
2025-11-07 16:17:55,899 [INFO] ADCParametersView:116 -                Rank 1 : false
2025-11-07 16:17:55,899 [INFO] ADCParametersView:116 -                Rank 1 : false
2025-11-07 16:17:55,899 [INFO] ADCParametersView:116 -                Rank 1 : false
2025-11-07 16:17:55,899 [INFO] ADCParametersView:116 -                Rank 1 : false
2025-11-07 16:17:55,899 [INFO] ADCParametersView:116 -                Rank 1 : false
2025-11-07 16:17:55,964 [INFO] ADCParametersView:116 -                Rank 1 : false
2025-11-07 16:17:56,155 [INFO] ADCParametersView:116 -                Rank 1 : false
2025-11-07 16:17:56,155 [INFO] ADCParametersView:116 -                Rank 1 : false
2025-11-07 16:17:56,156 [INFO] ADCParametersView:116 -                Rank 1 : false
2025-11-07 16:17:56,156 [INFO] ADCParametersView:116 -                Rank 1 : false
2025-11-07 16:17:56,156 [INFO] ADCParametersView:116 -                Rank 1 : false
2025-11-07 16:17:56,156 [INFO] ADCParametersView:116 -                Rank 1 : false
2025-11-07 16:17:56,157 [INFO] ADCParametersView:116 -                Rank 1 : false
2025-11-07 16:17:56,157 [INFO] ADCParametersView:116 -                Rank 1 : false
2025-11-07 16:17:56,157 [INFO] ADCParametersView:116 -                Rank 1 : false
2025-11-07 16:17:56,157 [INFO] ADCParametersView:116 -                Rank 1 : false
2025-11-07 16:17:56,157 [INFO] ADCParametersView:116 -                Rank 1 : false
2025-11-07 16:17:56,157 [INFO] ADCParametersView:116 -                Rank 1 : false
2025-11-07 16:17:56,158 [INFO] ADCParametersView:116 -                Rank 1 : false
2025-11-07 16:17:56,158 [INFO] ADCParametersView:116 -                Rank 1 : false
2025-11-07 16:17:56,158 [INFO] ADCParametersView:116 -                Rank 1 : false
2025-11-07 16:17:56,158 [INFO] ADCParametersView:116 -                Rank 1 : false
2025-11-07 16:17:56,158 [INFO] ADCParametersView:116 -                Rank 1 : false
2025-11-07 16:17:56,158 [INFO] ADCParametersView:116 -                Rank 1 : false
2025-11-07 16:17:56,158 [INFO] ADCParametersView:116 -                Rank 1 : false
2025-11-07 16:17:56,185 [INFO] ADCParametersView:116 -                Rank 1 : false
2025-11-07 16:18:03,392 [INFO] ADCParametersView:116 -                Rank 1 : false
2025-11-07 16:18:03,423 [INFO] ADCParametersView:116 -                Rank 1 : false
2025-11-07 16:18:03,427 [INFO] ADCParametersView:116 -                Rank 1 : false
2025-11-07 16:18:03,428 [INFO] ADCParametersView:116 -                Rank 1 : false
2025-11-07 16:18:03,428 [INFO] ADCParametersView:116 -                Rank 1 : false
2025-11-07 16:18:03,429 [INFO] ADCParametersView:116 -                Rank 1 : false
2025-11-07 16:18:03,429 [INFO] ADCParametersView:116 -                Rank 1 : false
2025-11-07 16:18:03,429 [INFO] ADCParametersView:116 -                Rank 1 : false
2025-11-07 16:18:03,429 [INFO] ADCParametersView:116 -                Rank 1 : false
2025-11-07 16:18:03,429 [INFO] ADCParametersView:116 -                Rank 1 : false
2025-11-07 16:18:03,430 [INFO] ADCParametersView:116 -                Rank 1 : false
2025-11-07 16:18:03,430 [INFO] ADCParametersView:116 -                Rank 1 : false
2025-11-07 16:18:03,430 [INFO] ADCParametersView:116 -                Rank 1 : false
2025-11-07 16:18:03,430 [INFO] ADCParametersView:116 -                Rank 1 : false
2025-11-07 16:18:03,430 [INFO] ADCParametersView:116 -                Rank 1 : false
2025-11-07 16:18:03,430 [INFO] ADCParametersView:116 -                Rank 1 : false
2025-11-07 16:18:03,430 [INFO] ADCParametersView:116 -                Rank 1 : false
2025-11-07 16:18:03,431 [INFO] ADCParametersView:116 -                Rank 1 : false
2025-11-07 16:18:03,431 [INFO] ADCParametersView:116 -                Rank 1 : false
2025-11-07 16:18:03,595 [INFO] ADCParametersView:116 -                Rank 1 : false
2025-11-07 16:18:03,822 [INFO] ADCParametersView:116 -                Rank 1 : false
2025-11-07 16:18:03,822 [INFO] ADCParametersView:116 -                Rank 1 : false
2025-11-07 16:18:03,823 [INFO] ADCParametersView:116 -                Rank 1 : false
2025-11-07 16:18:03,823 [INFO] ADCParametersView:116 -                Rank 1 : false
2025-11-07 16:18:03,823 [INFO] ADCParametersView:116 -                Rank 1 : false
2025-11-07 16:18:03,823 [INFO] ADCParametersView:116 -                Rank 1 : false
2025-11-07 16:18:03,823 [INFO] ADCParametersView:116 -                Rank 1 : false
2025-11-07 16:18:03,824 [INFO] ADCParametersView:116 -                Rank 1 : false
2025-11-07 16:18:03,824 [INFO] ADCParametersView:116 -                Rank 1 : false
2025-11-07 16:18:03,824 [INFO] ADCParametersView:116 -                Rank 1 : false
2025-11-07 16:18:03,824 [INFO] ADCParametersView:116 -                Rank 1 : false
2025-11-07 16:18:03,824 [INFO] ADCParametersView:116 -                Rank 1 : false
2025-11-07 16:18:03,825 [INFO] ADCParametersView:116 -                Rank 1 : false
2025-11-07 16:18:03,825 [INFO] ADCParametersView:116 -                Rank 1 : false
2025-11-07 16:18:03,825 [INFO] ADCParametersView:116 -                Rank 1 : false
2025-11-07 16:18:03,825 [INFO] ADCParametersView:116 -                Rank 1 : false
2025-11-07 16:18:03,825 [INFO] ADCParametersView:116 -                Rank 1 : false
2025-11-07 16:18:03,825 [INFO] ADCParametersView:116 -                Rank 1 : false
2025-11-07 16:18:03,825 [INFO] ADCParametersView:116 -                Rank 1 : false
2025-11-07 16:18:03,857 [INFO] ADCParametersView:116 -                Rank 1 : false
2025-11-07 16:18:04,194 [INFO] ADCParametersView:116 -                Rank 1 : false
2025-11-07 16:18:04,195 [INFO] ADCParametersView:116 -                Rank 1 : false
2025-11-07 16:18:04,196 [INFO] ADCParametersView:116 -                Rank 1 : false
2025-11-07 16:18:04,196 [INFO] ADCParametersView:116 -                Rank 1 : false
2025-11-07 16:18:04,196 [INFO] ADCParametersView:116 -                Rank 1 : false
2025-11-07 16:18:04,196 [INFO] ADCParametersView:116 -                Rank 1 : false
2025-11-07 16:18:04,197 [INFO] ADCParametersView:116 -                Rank 1 : false
2025-11-07 16:18:04,197 [INFO] ADCParametersView:116 -                Rank 1 : false
2025-11-07 16:18:04,197 [INFO] ADCParametersView:116 -                Rank 1 : false
2025-11-07 16:18:04,198 [INFO] ADCParametersView:116 -                Rank 1 : false
2025-11-07 16:18:04,198 [INFO] ADCParametersView:116 -                Rank 1 : false
2025-11-07 16:18:04,198 [INFO] ADCParametersView:116 -                Rank 1 : false
2025-11-07 16:18:04,198 [INFO] ADCParametersView:116 -                Rank 1 : false
2025-11-07 16:18:04,198 [INFO] ADCParametersView:116 -                Rank 1 : false
2025-11-07 16:18:04,198 [INFO] ADCParametersView:116 -                Rank 1 : false
2025-11-07 16:18:04,199 [INFO] ADCParametersView:116 -                Rank 1 : false
2025-11-07 16:18:04,199 [INFO] ADCParametersView:116 -                Rank 1 : false
2025-11-07 16:18:04,199 [INFO] ADCParametersView:116 -                Rank 1 : false
2025-11-07 16:18:04,199 [INFO] ADCParametersView:116 -                Rank 1 : false
2025-11-07 16:18:04,232 [INFO] ADCParametersView:116 -                Rank 1 : false
2025-11-07 16:18:04,276 [INFO] ADCParametersView:116 -                Rank 1 : false
2025-11-07 16:18:04,277 [INFO] ADCParametersView:116 -                Rank 1 : false
2025-11-07 16:18:04,277 [INFO] ADCParametersView:116 -                Rank 1 : false
2025-11-07 16:18:04,277 [INFO] ADCParametersView:116 -                Rank 1 : false
2025-11-07 16:18:04,277 [INFO] ADCParametersView:116 -                Rank 1 : false
2025-11-07 16:18:04,278 [INFO] ADCParametersView:116 -                Rank 1 : false
2025-11-07 16:18:04,279 [INFO] ADCParametersView:116 -                Rank 1 : false
2025-11-07 16:18:04,282 [INFO] ADCParametersView:116 -                Rank 1 : false
2025-11-07 16:18:04,283 [INFO] ADCParametersView:116 -                Rank 1 : false
2025-11-07 16:18:04,284 [INFO] ADCParametersView:116 -                Rank 1 : false
2025-11-07 16:18:04,285 [INFO] ADCParametersView:116 -                Rank 1 : false
2025-11-07 16:18:04,285 [INFO] ADCParametersView:116 -                Rank 1 : false
2025-11-07 16:18:04,286 [INFO] ADCParametersView:116 -                Rank 1 : false
2025-11-07 16:18:04,286 [INFO] ADCParametersView:116 -                Rank 1 : false
2025-11-07 16:18:04,286 [INFO] ADCParametersView:116 -                Rank 1 : false
2025-11-07 16:18:04,286 [INFO] ADCParametersView:116 -                Rank 1 : false
2025-11-07 16:18:04,286 [INFO] ADCParametersView:116 -                Rank 1 : false
2025-11-07 16:18:04,286 [INFO] ADCParametersView:116 -                Rank 1 : false
2025-11-07 16:18:04,286 [INFO] ADCParametersView:116 -                Rank 1 : false
2025-11-07 16:18:04,335 [INFO] ADCParametersView:116 -                Rank 1 : false
2025-11-07 16:19:04,798 [INFO] ADCParametersView:116 -                Rank 1 : false
2025-11-07 16:19:04,833 [INFO] ADCParametersView:116 -                Rank 1 : false
2025-11-07 16:19:04,839 [INFO] ADCParametersView:116 -                Rank 1 : false
2025-11-07 16:19:04,839 [INFO] ADCParametersView:116 -                Rank 1 : false
2025-11-07 16:19:04,839 [INFO] ADCParametersView:116 -                Rank 1 : false
2025-11-07 16:19:04,839 [INFO] ADCParametersView:116 -                Rank 1 : false
2025-11-07 16:19:04,840 [INFO] ADCParametersView:116 -                Rank 1 : false
2025-11-07 16:19:04,840 [INFO] ADCParametersView:116 -                Rank 1 : false
2025-11-07 16:19:04,840 [INFO] ADCParametersView:116 -                Rank 1 : false
2025-11-07 16:19:04,840 [INFO] ADCParametersView:116 -                Rank 1 : false
2025-11-07 16:19:04,841 [INFO] ADCParametersView:116 -                Rank 1 : false
2025-11-07 16:19:04,841 [INFO] ADCParametersView:116 -                Rank 1 : false
2025-11-07 16:19:04,841 [INFO] ADCParametersView:116 -                Rank 1 : false
2025-11-07 16:19:04,841 [INFO] ADCParametersView:116 -                Rank 1 : false
2025-11-07 16:19:04,841 [INFO] ADCParametersView:116 -                Rank 1 : false
2025-11-07 16:19:04,842 [INFO] ADCParametersView:116 -                Rank 1 : false
2025-11-07 16:19:04,842 [INFO] ADCParametersView:116 -                Rank 1 : false
2025-11-07 16:19:04,842 [INFO] ADCParametersView:116 -                Rank 1 : false
2025-11-07 16:19:04,842 [INFO] ADCParametersView:116 -                Rank 1 : false
2025-11-07 16:19:05,343 [INFO] ADCParametersView:116 -                Rank 1 : false
2025-11-07 16:19:05,590 [INFO] ADCParametersView:116 -                Rank 1 : false
2025-11-07 16:19:05,594 [INFO] ADCParametersView:116 -                Rank 1 : false
2025-11-07 16:19:05,595 [INFO] ADCParametersView:116 -                Rank 1 : false
2025-11-07 16:19:05,595 [INFO] ADCParametersView:116 -                Rank 1 : false
2025-11-07 16:19:05,595 [INFO] ADCParametersView:116 -                Rank 1 : false
2025-11-07 16:19:05,595 [INFO] ADCParametersView:116 -                Rank 1 : false
2025-11-07 16:19:05,596 [INFO] ADCParametersView:116 -                Rank 1 : false
2025-11-07 16:19:05,596 [INFO] ADCParametersView:116 -                Rank 1 : false
2025-11-07 16:19:05,596 [INFO] ADCParametersView:116 -                Rank 1 : false
2025-11-07 16:19:05,596 [INFO] ADCParametersView:116 -                Rank 1 : false
2025-11-07 16:19:05,596 [INFO] ADCParametersView:116 -                Rank 1 : false
2025-11-07 16:19:05,596 [INFO] ADCParametersView:116 -                Rank 1 : false
2025-11-07 16:19:05,597 [INFO] ADCParametersView:116 -                Rank 1 : false
2025-11-07 16:19:05,597 [INFO] ADCParametersView:116 -                Rank 1 : false
2025-11-07 16:19:05,597 [INFO] ADCParametersView:116 -                Rank 1 : false
2025-11-07 16:19:05,597 [INFO] ADCParametersView:116 -                Rank 1 : false
2025-11-07 16:19:05,597 [INFO] ADCParametersView:116 -                Rank 1 : false
2025-11-07 16:19:05,597 [INFO] ADCParametersView:116 -                Rank 1 : false
2025-11-07 16:19:05,597 [INFO] ADCParametersView:116 -                Rank 1 : false
2025-11-07 16:19:05,623 [INFO] ADCParametersView:116 -                Rank 1 : false
2025-11-07 16:19:06,035 [INFO] ADCParametersView:116 -                Rank 1 : false
2025-11-07 16:19:06,036 [INFO] ADCParametersView:116 -                Rank 1 : false
2025-11-07 16:19:06,036 [INFO] ADCParametersView:116 -                Rank 1 : false
2025-11-07 16:19:06,036 [INFO] ADCParametersView:116 -                Rank 1 : false
2025-11-07 16:19:06,037 [INFO] ADCParametersView:116 -                Rank 1 : false
2025-11-07 16:19:06,037 [INFO] ADCParametersView:116 -                Rank 1 : false
2025-11-07 16:19:06,037 [INFO] ADCParametersView:116 -                Rank 1 : false
2025-11-07 16:19:06,037 [INFO] ADCParametersView:116 -                Rank 1 : false
2025-11-07 16:19:06,038 [INFO] ADCParametersView:116 -                Rank 1 : false
2025-11-07 16:19:06,038 [INFO] ADCParametersView:116 -                Rank 1 : false
2025-11-07 16:19:06,038 [INFO] ADCParametersView:116 -                Rank 1 : false
2025-11-07 16:19:06,038 [INFO] ADCParametersView:116 -                Rank 1 : false
2025-11-07 16:19:06,038 [INFO] ADCParametersView:116 -                Rank 1 : false
2025-11-07 16:19:06,039 [INFO] ADCParametersView:116 -                Rank 1 : false
2025-11-07 16:19:06,039 [INFO] ADCParametersView:116 -                Rank 1 : false
2025-11-07 16:19:06,039 [INFO] ADCParametersView:116 -                Rank 1 : false
2025-11-07 16:19:06,039 [INFO] ADCParametersView:116 -                Rank 1 : false
2025-11-07 16:19:06,039 [INFO] ADCParametersView:116 -                Rank 1 : false
2025-11-07 16:19:06,039 [INFO] ADCParametersView:116 -                Rank 1 : false
2025-11-07 16:19:06,077 [INFO] ADCParametersView:116 -                Rank 1 : false
2025-11-07 16:19:06,122 [INFO] ADCParametersView:116 -                Rank 1 : false
2025-11-07 16:19:06,122 [INFO] ADCParametersView:116 -                Rank 1 : false
2025-11-07 16:19:06,122 [INFO] ADCParametersView:116 -                Rank 1 : false
2025-11-07 16:19:06,122 [INFO] ADCParametersView:116 -                Rank 1 : false
2025-11-07 16:19:06,123 [INFO] ADCParametersView:116 -                Rank 1 : false
2025-11-07 16:19:06,123 [INFO] ADCParametersView:116 -                Rank 1 : false
2025-11-07 16:19:06,123 [INFO] ADCParametersView:116 -                Rank 1 : false
2025-11-07 16:19:06,123 [INFO] ADCParametersView:116 -                Rank 1 : false
2025-11-07 16:19:06,124 [INFO] ADCParametersView:116 -                Rank 1 : false
2025-11-07 16:19:06,124 [INFO] ADCParametersView:116 -                Rank 1 : false
2025-11-07 16:19:06,124 [INFO] ADCParametersView:116 -                Rank 1 : false
2025-11-07 16:19:06,124 [INFO] ADCParametersView:116 -                Rank 1 : false
2025-11-07 16:19:06,124 [INFO] ADCParametersView:116 -                Rank 1 : false
2025-11-07 16:19:06,125 [INFO] ADCParametersView:116 -                Rank 1 : false
2025-11-07 16:19:06,125 [INFO] ADCParametersView:116 -                Rank 1 : false
2025-11-07 16:19:06,125 [INFO] ADCParametersView:116 -                Rank 1 : false
2025-11-07 16:19:06,125 [INFO] ADCParametersView:116 -                Rank 1 : false
2025-11-07 16:19:06,125 [INFO] ADCParametersView:116 -                Rank 1 : false
2025-11-07 16:19:06,126 [INFO] ADCParametersView:116 -                Rank 1 : false
2025-11-07 16:19:06,154 [INFO] ADCParametersView:116 -                Rank 1 : false
2025-11-07 16:20:02,989 [INFO] ADCParametersView:116 -                Rank 1 : false
2025-11-07 16:20:03,029 [INFO] ADCParametersView:116 -                Rank 1 : false
2025-11-07 16:20:03,033 [INFO] ADCParametersView:116 -                Rank 1 : false
2025-11-07 16:20:03,033 [INFO] ADCParametersView:116 -                Rank 1 : false
2025-11-07 16:20:03,034 [INFO] ADCParametersView:116 -                Rank 1 : false
2025-11-07 16:20:03,034 [INFO] ADCParametersView:116 -                Rank 1 : false
2025-11-07 16:20:03,034 [INFO] ADCParametersView:116 -                Rank 1 : false
2025-11-07 16:20:03,034 [INFO] ADCParametersView:116 -                Rank 1 : false
2025-11-07 16:20:03,035 [INFO] ADCParametersView:116 -                Rank 1 : false
2025-11-07 16:20:03,035 [INFO] ADCParametersView:116 -                Rank 1 : false
2025-11-07 16:20:03,035 [INFO] ADCParametersView:116 -                Rank 1 : false
2025-11-07 16:20:03,035 [INFO] ADCParametersView:116 -                Rank 1 : false
2025-11-07 16:20:03,035 [INFO] ADCParametersView:116 -                Rank 1 : false
2025-11-07 16:20:03,035 [INFO] ADCParametersView:116 -                Rank 1 : false
2025-11-07 16:20:03,036 [INFO] ADCParametersView:116 -                Rank 1 : false
2025-11-07 16:20:03,036 [INFO] ADCParametersView:116 -                Rank 1 : false
2025-11-07 16:20:03,036 [INFO] ADCParametersView:116 -                Rank 1 : false
2025-11-07 16:20:03,036 [INFO] ADCParametersView:116 -                Rank 1 : false
2025-11-07 16:20:03,036 [INFO] ADCParametersView:116 -                Rank 1 : false
2025-11-07 16:20:03,214 [INFO] ADCParametersView:116 -                Rank 1 : false
2025-11-07 16:20:03,412 [INFO] ADCParametersView:116 -                Rank 1 : false
2025-11-07 16:20:03,412 [INFO] ADCParametersView:116 -                Rank 1 : false
2025-11-07 16:20:03,413 [INFO] ADCParametersView:116 -                Rank 1 : false
2025-11-07 16:20:03,413 [INFO] ADCParametersView:116 -                Rank 1 : false
2025-11-07 16:20:03,413 [INFO] ADCParametersView:116 -                Rank 1 : false
2025-11-07 16:20:03,413 [INFO] ADCParametersView:116 -                Rank 1 : false
2025-11-07 16:20:03,414 [INFO] ADCParametersView:116 -                Rank 1 : false
2025-11-07 16:20:03,414 [INFO] ADCParametersView:116 -                Rank 1 : false
2025-11-07 16:20:03,414 [INFO] ADCParametersView:116 -                Rank 1 : false
2025-11-07 16:20:03,414 [INFO] ADCParametersView:116 -                Rank 1 : false
2025-11-07 16:20:03,414 [INFO] ADCParametersView:116 -                Rank 1 : false
2025-11-07 16:20:03,414 [INFO] ADCParametersView:116 -                Rank 1 : false
2025-11-07 16:20:03,415 [INFO] ADCParametersView:116 -                Rank 1 : false
2025-11-07 16:20:03,415 [INFO] ADCParametersView:116 -                Rank 1 : false
2025-11-07 16:20:03,415 [INFO] ADCParametersView:116 -                Rank 1 : false
2025-11-07 16:20:03,415 [INFO] ADCParametersView:116 -                Rank 1 : false
2025-11-07 16:20:03,415 [INFO] ADCParametersView:116 -                Rank 1 : false
2025-11-07 16:20:03,415 [INFO] ADCParametersView:116 -                Rank 1 : false
2025-11-07 16:20:03,415 [INFO] ADCParametersView:116 -                Rank 1 : false
2025-11-07 16:20:03,445 [INFO] ADCParametersView:116 -                Rank 1 : false
2025-11-07 16:20:03,732 [INFO] ADCParametersView:116 -                Rank 1 : false
2025-11-07 16:20:03,733 [INFO] ADCParametersView:116 -                Rank 1 : false
2025-11-07 16:20:03,733 [INFO] ADCParametersView:116 -                Rank 1 : false
2025-11-07 16:20:03,733 [INFO] ADCParametersView:116 -                Rank 1 : false
2025-11-07 16:20:03,734 [INFO] ADCParametersView:116 -                Rank 1 : false
2025-11-07 16:20:03,734 [INFO] ADCParametersView:116 -                Rank 1 : false
2025-11-07 16:20:03,734 [INFO] ADCParametersView:116 -                Rank 1 : false
2025-11-07 16:20:03,734 [INFO] ADCParametersView:116 -                Rank 1 : false
2025-11-07 16:20:03,735 [INFO] ADCParametersView:116 -                Rank 1 : false
2025-11-07 16:20:03,735 [INFO] ADCParametersView:116 -                Rank 1 : false
2025-11-07 16:20:03,735 [INFO] ADCParametersView:116 -                Rank 1 : false
2025-11-07 16:20:03,735 [INFO] ADCParametersView:116 -                Rank 1 : false
2025-11-07 16:20:03,735 [INFO] ADCParametersView:116 -                Rank 1 : false
2025-11-07 16:20:03,735 [INFO] ADCParametersView:116 -                Rank 1 : false
2025-11-07 16:20:03,736 [INFO] ADCParametersView:116 -                Rank 1 : false
2025-11-07 16:20:03,736 [INFO] ADCParametersView:116 -                Rank 1 : false
2025-11-07 16:20:03,736 [INFO] ADCParametersView:116 -                Rank 1 : false
2025-11-07 16:20:03,736 [INFO] ADCParametersView:116 -                Rank 1 : false
2025-11-07 16:20:03,736 [INFO] ADCParametersView:116 -                Rank 1 : false
2025-11-07 16:20:03,766 [INFO] ADCParametersView:116 -                Rank 1 : false
2025-11-07 16:20:03,801 [INFO] ADCParametersView:116 -                Rank 1 : false
2025-11-07 16:20:03,801 [INFO] ADCParametersView:116 -                Rank 1 : false
2025-11-07 16:20:03,801 [INFO] ADCParametersView:116 -                Rank 1 : false
2025-11-07 16:20:03,801 [INFO] ADCParametersView:116 -                Rank 1 : false
2025-11-07 16:20:03,802 [INFO] ADCParametersView:116 -                Rank 1 : false
2025-11-07 16:20:03,802 [INFO] ADCParametersView:116 -                Rank 1 : false
2025-11-07 16:20:03,802 [INFO] ADCParametersView:116 -                Rank 1 : false
2025-11-07 16:20:03,803 [INFO] ADCParametersView:116 -                Rank 1 : false
2025-11-07 16:20:03,803 [INFO] ADCParametersView:116 -                Rank 1 : false
2025-11-07 16:20:03,803 [INFO] ADCParametersView:116 -                Rank 1 : false
2025-11-07 16:20:03,803 [INFO] ADCParametersView:116 -                Rank 1 : false
2025-11-07 16:20:03,803 [INFO] ADCParametersView:116 -                Rank 1 : false
2025-11-07 16:20:03,804 [INFO] ADCParametersView:116 -                Rank 1 : false
2025-11-07 16:20:03,804 [INFO] ADCParametersView:116 -                Rank 1 : false
2025-11-07 16:20:03,804 [INFO] ADCParametersView:116 -                Rank 1 : false
2025-11-07 16:20:03,804 [INFO] ADCParametersView:116 -                Rank 1 : false
2025-11-07 16:20:03,804 [INFO] ADCParametersView:116 -                Rank 1 : false
2025-11-07 16:20:03,804 [INFO] ADCParametersView:116 -                Rank 1 : false
2025-11-07 16:20:03,804 [INFO] ADCParametersView:116 -                Rank 1 : false
2025-11-07 16:20:03,829 [INFO] ADCParametersView:116 -                Rank 1 : false
2025-11-07 16:23:40,153 [INFO] UtilMem:75 - End SaveConfig() Used Memory: 280132184 Bytes (664797184)
