2026-01-06 19:05:13,389 [INFO] Activator:176 - 


2026-01-06 19:05:13,390 [INFO] Activator:177 - !SESSION log4j initialized
2026-01-06 19:05:14,181 [ERROR] LogOutputStream:75 - [STDERR_REDIRECT] 
2026-01-06 19:05:15,476 [INFO] LogOutputStream:77 - [STDOUT_REDIRECT] 
2026-01-06 19:05:16,981 [INFO] ApplicationProperties:184 - Using Application install path: /Applications/STM32CubeIDE.app/Contents/Eclipse/plugins/com.st.stm32cube.common.mx_6.15.0.202507011659
2026-01-06 19:05:16,997 [INFO] DbMcusXml:78 - Set database path to: /Applications/STM32CubeIDE.app/Contents/Eclipse/plugins/com.st.stm32cube.common.mx_6.15.0.202507011659//db//mcu/
2026-01-06 19:05:16,997 [INFO] ApiDb:274 - Set plugin database path to: /Applications/STM32CubeIDE.app/Contents/Eclipse/plugins/com.st.stm32cube.common.mx_6.15.0.202507011659//db//plugins/boardmanager/
2026-01-06 19:05:16,997 [WARN] ApiDb:259 - Overriding images path with different value:  => /Applications/STM32CubeIDE.app/Contents/Eclipse/plugins/com.st.stm32cube.common.mx_6.15.0.202507011659//db//plugins/mcufinder/images/
2026-01-06 19:05:17,002 [INFO] ApiDb:250 - Set database path to: /Users/karthikkurapati/.stmcufinder/plugins/mcufinder//mcu/
2026-01-06 19:05:17,004 [INFO] DbMcusAds:125 - Set database path to: /Users/karthikkurapati/.stmcufinder/plugins/mcufinder//mcu/
2026-01-06 19:05:17,006 [INFO] CrossReferenceDbSqlite:203 - Set database path to: /Users/karthikkurapati/.stmcufinder/plugins/mcufinder//mcu/cs/
2026-01-06 19:05:17,089 [INFO] RulesReader:64 - Compatibility file has been processed (317 Rules)
2026-01-06 19:05:17,128 [INFO] DbMcusXml:78 - Set database path to: /Applications/STM32CubeIDE.app/Contents/Eclipse/plugins/com.st.stm32cube.common.mx_6.15.0.202507011659//db//mcu/
2026-01-06 19:05:17,128 [INFO] ApiDb:274 - Set plugin database path to: /Applications/STM32CubeIDE.app/Contents/Eclipse/plugins/com.st.stm32cube.common.mx_6.15.0.202507011659//db//plugins/boardmanager/
2026-01-06 19:05:17,128 [INFO] ApiDb:261 - Set plugin images path to: /Applications/STM32CubeIDE.app/Contents/Eclipse/plugins/com.st.stm32cube.common.mx_6.15.0.202507011659//db//plugins/mcufinder/images/
2026-01-06 19:05:17,128 [WARN] DbFile:41 - Overriding database path with different value: /Users/karthikkurapati/.stmcufinder/plugins/mcufinder/ => /Users/karthikkurapati/.stmcufinder/plugins/mcufinder
2026-01-06 19:05:17,128 [INFO] ApiDb:250 - Set database path to: /Users/karthikkurapati/.stmcufinder/plugins/mcufinder//mcu/
2026-01-06 19:05:17,129 [WARN] DbFile:41 - Overriding database path with different value: /Users/karthikkurapati/.stmcufinder/plugins/mcufinder/ => /Users/karthikkurapati/.stmcufinder/plugins/mcufinder
2026-01-06 19:05:17,129 [INFO] DbMcusAds:125 - Set database path to: /Users/karthikkurapati/.stmcufinder/plugins/mcufinder//mcu/
2026-01-06 19:05:17,129 [WARN] DbFile:41 - Overriding database path with different value: /Users/karthikkurapati/.stmcufinder/plugins/mcufinder/ => /Users/karthikkurapati/.stmcufinder/plugins/mcufinder
2026-01-06 19:05:17,129 [WARN] DbFile:41 - Overriding database path with different value: /Users/karthikkurapati/.stmcufinder/plugins/mcufinder/ => /Users/karthikkurapati/.stmcufinder/plugins/mcufinder
2026-01-06 19:05:17,129 [INFO] CrossReferenceDbSqlite:203 - Set database path to: /Users/karthikkurapati/.stmcufinder/plugins/mcufinder//mcu/cs/
2026-01-06 19:05:17,192 [INFO] MainPanel:274 - HeapMemory: 268435456
2026-01-06 19:05:17,646 [INFO] DbMcusXml:78 - Set database path to: /Applications/STM32CubeIDE.app/Contents/Eclipse/plugins/com.st.stm32cube.common.mx_6.15.0.202507011659//db//mcu/
2026-01-06 19:05:17,646 [INFO] ApiDb:274 - Set plugin database path to: /Applications/STM32CubeIDE.app/Contents/Eclipse/plugins/com.st.stm32cube.common.mx_6.15.0.202507011659//db//plugins/boardmanager/
2026-01-06 19:05:17,646 [INFO] ApiDb:261 - Set plugin images path to: /Applications/STM32CubeIDE.app/Contents/Eclipse/plugins/com.st.stm32cube.common.mx_6.15.0.202507011659//db//plugins/mcufinder/images/
2026-01-06 19:05:17,646 [WARN] DbFile:41 - Overriding database path with different value: /Users/karthikkurapati/.stmcufinder/plugins/mcufinder/ => /Users/karthikkurapati/.stmcufinder/plugins/mcufinder
2026-01-06 19:05:17,646 [INFO] ApiDb:250 - Set database path to: /Users/karthikkurapati/.stmcufinder/plugins/mcufinder//mcu/
2026-01-06 19:05:17,646 [WARN] DbFile:41 - Overriding database path with different value: /Users/karthikkurapati/.stmcufinder/plugins/mcufinder/ => /Users/karthikkurapati/.stmcufinder/plugins/mcufinder
2026-01-06 19:05:17,647 [INFO] DbMcusAds:125 - Set database path to: /Users/karthikkurapati/.stmcufinder/plugins/mcufinder//mcu/
2026-01-06 19:05:17,647 [WARN] DbFile:41 - Overriding database path with different value: /Users/karthikkurapati/.stmcufinder/plugins/mcufinder/ => /Users/karthikkurapati/.stmcufinder/plugins/mcufinder
2026-01-06 19:05:17,647 [WARN] DbFile:41 - Overriding database path with different value: /Users/karthikkurapati/.stmcufinder/plugins/mcufinder/ => /Users/karthikkurapati/.stmcufinder/plugins/mcufinder
2026-01-06 19:05:17,647 [INFO] CrossReferenceDbSqlite:203 - Set database path to: /Users/karthikkurapati/.stmcufinder/plugins/mcufinder//mcu/cs/
2026-01-06 19:05:17,662 [INFO] ApplicationProperties:184 - Using Application install path: /Applications/STM32CubeIDE.app/Contents/Eclipse/plugins/com.st.stm32cube.common.mx_6.15.0.202507011659
2026-01-06 19:05:17,663 [INFO] PluginManage:196 - Search for loadable plugins [exclusion list=, ]
2026-01-06 19:05:17,664 [INFO] PluginManage:310 - Check plugin analytics
2026-01-06 19:05:17,795 [INFO] AnalyticsPlugin:253 - Accepted Software Licenses: 
2026-01-06 19:05:17,795 [INFO] AnalyticsPlugin:255 - Accepted CMSIS Pack Licenses: 
2026-01-06 19:05:17,796 [INFO] AnalyticsPlugin:257 - Accepted Firmware Licenses: 
2026-01-06 19:05:17,797 [INFO] PluginManage:359 - Loaded plugin analytics (category:tool,tabindex:-1)
2026-01-06 19:05:17,797 [INFO] PluginManage:310 - Check plugin cadmodel
2026-01-06 19:05:17,802 [INFO] CADModel:105 - Init CAD model plugin
2026-01-06 19:05:17,802 [INFO] PluginManage:359 - Loaded plugin cadmodel (category:power,tabindex:5)
2026-01-06 19:05:17,802 [INFO] PluginManage:310 - Check plugin clock
2026-01-06 19:05:17,810 [INFO] PluginManage:359 - Loaded plugin clock (category:base,tabindex:2)
2026-01-06 19:05:17,811 [INFO] PluginManage:310 - Check plugin ddr
2026-01-06 19:05:17,813 [INFO] PluginManage:359 - Loaded plugin ddr (category:tool,tabindex:6)
2026-01-06 19:05:17,813 [INFO] PluginManage:310 - Check plugin filemanager
2026-01-06 19:05:17,965 [INFO] PluginManage:359 - Loaded plugin filemanager (category:base,tabindex:10)
2026-01-06 19:05:17,965 [INFO] PluginManage:310 - Check plugin ipmanager
2026-01-06 19:05:17,971 [INFO] PluginManage:359 - Loaded plugin ipmanager (category:base,tabindex:5)
2026-01-06 19:05:17,972 [INFO] PluginManage:310 - Check plugin lpbam
2026-01-06 19:05:17,980 [INFO] PluginManage:359 - Loaded plugin lpbam (category:base,tabindex:0)
2026-01-06 19:05:17,980 [INFO] PluginManage:310 - Check plugin memorymap
2026-01-06 19:05:17,992 [INFO] PluginManage:359 - Loaded plugin memorymap (category:base,tabindex:4)
2026-01-06 19:05:17,992 [INFO] PluginManage:310 - Check plugin pinoutandconfiguration
2026-01-06 19:05:17,999 [INFO] PluginManage:359 - Loaded plugin pinoutandconfiguration (category:base,tabindex:1)
2026-01-06 19:05:17,999 [INFO] PluginManage:310 - Check plugin pinoutconfig
2026-01-06 19:05:18,069 [WARN] SupportedApi:132 - Cannot load RTOS API schema: s4s-elt-must-match.1: The content of 'definitions' must match (annotation?, (simpleType | complexType)?, (unique | key | keyref)*)). A problem was found starting at: attribute.
2026-01-06 19:05:18,167 [INFO] PluginManage:359 - Loaded plugin pinoutconfig (category:base,tabindex:0)
2026-01-06 19:05:18,167 [INFO] PluginManage:310 - Check plugin power
2026-01-06 19:05:18,174 [INFO] PluginManage:359 - Loaded plugin power (category:power,tabindex:4)
2026-01-06 19:05:18,175 [INFO] PluginManage:310 - Check plugin projectmanager
2026-01-06 19:05:18,185 [INFO] PluginManage:359 - Loaded plugin projectmanager (category:projectmanager,tabindex:4)
2026-01-06 19:05:18,186 [INFO] PluginManage:310 - Check plugin rif
2026-01-06 19:05:18,194 [INFO] PluginManage:359 - Loaded plugin rif (category:base,tabindex:3)
2026-01-06 19:05:18,194 [INFO] PluginManage:310 - Check plugin thirdparty
2026-01-06 19:05:18,282 [INFO] PluginManage:359 - Loaded plugin thirdparty (category:base,tabindex:-1)
2026-01-06 19:05:18,282 [WARN] IntegrityCheckThread:84 - waiting for thirdparty lock release [integrity check]
2026-01-06 19:05:18,282 [INFO] PluginManage:310 - Check plugin tools
2026-01-06 19:05:18,282 [INFO] IntegrityCheckThread:86 - entering critical section [integrity check]
2026-01-06 19:05:18,282 [INFO] ThirdPartyUpdaterWithRetryManager:70 - Updater plugin not ready yet. [1/15]
2026-01-06 19:05:18,284 [INFO] PluginManage:359 - Loaded plugin tools (category:base,tabindex:7)
2026-01-06 19:05:18,284 [INFO] PluginManage:310 - Check plugin tutovideos
2026-01-06 19:05:18,440 [INFO] PluginManage:359 - Loaded plugin tutovideos (category:base,tabindex:-1)
2026-01-06 19:05:18,440 [INFO] PluginManage:310 - Check plugin updater
2026-01-06 19:05:18,456 [INFO] PluginManage:359 - Loaded plugin updater (category:base,tabindex:12)
2026-01-06 19:05:18,456 [INFO] PluginManage:310 - Check plugin userauth
2026-01-06 19:05:18,459 [INFO] UserAuth:118 - Init User Auth plugin
2026-01-06 19:05:18,460 [INFO] PluginManage:359 - Loaded plugin userauth (category:base,tabindex:14)
2026-01-06 19:05:18,460 [INFO] PluginManage:283 - PluginManage : Loaded plugins [18]
2026-01-06 19:05:18,593 [INFO] PinOutPanel:1589 - setPackage(No Configuration,No Configuration)
2026-01-06 19:05:18,649 [INFO] CADModel:165 - CPN selected for project level
2026-01-06 19:05:18,650 [INFO] CADModel:114 - Register for checkConnection events
2026-01-06 19:05:18,661 [INFO] IPUIPlugin:80 - create IPUIPlugin
2026-01-06 19:05:18,661 [INFO] PluginManager:220 - loadIPPluginJar : add mdma
2026-01-06 19:05:18,666 [INFO] IPUIPlugin:80 - create IPUIPlugin
2026-01-06 19:05:18,667 [INFO] PluginManager:220 - loadIPPluginJar : add freertos
2026-01-06 19:05:18,671 [INFO] IPUIPlugin:80 - create IPUIPlugin
2026-01-06 19:05:18,671 [INFO] PluginManager:220 - loadIPPluginJar : add gic
2026-01-06 19:05:18,678 [INFO] IPUIPlugin:80 - create IPUIPlugin
2026-01-06 19:05:18,678 [INFO] PluginManager:220 - loadIPPluginJar : add adc
2026-01-06 19:05:18,680 [INFO] IPUIPlugin:80 - create IPUIPlugin
2026-01-06 19:05:18,680 [INFO] PluginManager:220 - loadIPPluginJar : add gtzc
2026-01-06 19:05:18,682 [INFO] IPUIPlugin:80 - create IPUIPlugin
2026-01-06 19:05:18,682 [INFO] PluginManager:220 - loadIPPluginJar : add quadspi
2026-01-06 19:05:18,683 [INFO] IPUIPlugin:80 - create IPUIPlugin
2026-01-06 19:05:18,684 [INFO] PluginManager:220 - loadIPPluginJar : add aes
2026-01-06 19:05:18,686 [INFO] IPUIPlugin:80 - create IPUIPlugin
2026-01-06 19:05:18,686 [INFO] PluginManager:220 - loadIPPluginJar : add pdm2pcm
2026-01-06 19:05:18,687 [INFO] IPUIPlugin:80 - create IPUIPlugin
2026-01-06 19:05:18,687 [INFO] PluginManager:220 - loadIPPluginJar : add hash
2026-01-06 19:05:18,688 [INFO] IPUIPlugin:80 - create IPUIPlugin
2026-01-06 19:05:18,689 [INFO] PluginManager:220 - loadIPPluginJar : add tim
2026-01-06 19:05:18,690 [INFO] IPUIPlugin:80 - create IPUIPlugin
2026-01-06 19:05:18,690 [INFO] PluginManager:220 - loadIPPluginJar : add tsc
2026-01-06 19:05:18,692 [INFO] IPUIPlugin:80 - create IPUIPlugin
2026-01-06 19:05:18,692 [INFO] PluginManager:220 - loadIPPluginJar : add extmemmanager
2026-01-06 19:05:18,693 [INFO] IPUIPlugin:80 - create IPUIPlugin
2026-01-06 19:05:18,693 [INFO] PluginManager:220 - loadIPPluginJar : add ts
2026-01-06 19:05:18,694 [INFO] IPUIPlugin:80 - create IPUIPlugin
2026-01-06 19:05:18,695 [INFO] PluginManager:220 - loadIPPluginJar : add radio
2026-01-06 19:05:18,697 [INFO] IPUIPlugin:80 - create IPUIPlugin
2026-01-06 19:05:18,697 [INFO] PluginManager:220 - loadIPPluginJar : add can
2026-01-06 19:05:18,698 [INFO] IPUIPlugin:80 - create IPUIPlugin
2026-01-06 19:05:18,698 [INFO] PluginManager:220 - loadIPPluginJar : add dma3
2026-01-06 19:05:18,700 [INFO] IPUIPlugin:80 - create IPUIPlugin
2026-01-06 19:05:18,700 [INFO] PluginManager:220 - loadIPPluginJar : add dfsdm
2026-01-06 19:05:18,701 [INFO] IPUIPlugin:80 - create IPUIPlugin
2026-01-06 19:05:18,701 [INFO] PluginManager:220 - loadIPPluginJar : add spi
2026-01-06 19:05:18,703 [INFO] IPUIPlugin:80 - create IPUIPlugin
2026-01-06 19:05:18,703 [INFO] PluginManager:220 - loadIPPluginJar : add gfxmmu
2026-01-06 19:05:18,704 [INFO] IPUIPlugin:80 - create IPUIPlugin
2026-01-06 19:05:18,704 [INFO] PluginManager:220 - loadIPPluginJar : add genericplugin
2026-01-06 19:05:18,705 [INFO] IPUIPlugin:80 - create IPUIPlugin
2026-01-06 19:05:18,705 [INFO] PluginManager:220 - loadIPPluginJar : add cryp
2026-01-06 19:05:18,708 [INFO] IPUIPlugin:80 - create IPUIPlugin
2026-01-06 19:05:18,709 [INFO] PluginManager:220 - loadIPPluginJar : add gpio
2026-01-06 19:05:18,711 [INFO] IPUIPlugin:80 - create IPUIPlugin
2026-01-06 19:05:18,711 [INFO] PluginManager:220 - loadIPPluginJar : add ddr_ctrl_phy
2026-01-06 19:05:18,713 [INFO] IPUIPlugin:80 - create IPUIPlugin
2026-01-06 19:05:18,713 [INFO] PluginManager:220 - loadIPPluginJar : add comp
2026-01-06 19:05:18,716 [INFO] IPUIPlugin:80 - create IPUIPlugin
2026-01-06 19:05:18,716 [INFO] PluginManager:220 - loadIPPluginJar : add tracer_emb
2026-01-06 19:05:18,718 [INFO] IPUIPlugin:80 - create IPUIPlugin
2026-01-06 19:05:18,719 [INFO] PluginManager:220 - loadIPPluginJar : add openamp
2026-01-06 19:05:18,723 [INFO] IPUIPlugin:80 - create IPUIPlugin
2026-01-06 19:05:18,723 [INFO] PluginManager:220 - loadIPPluginJar : add stm32_wpan
2026-01-06 19:05:18,728 [INFO] IPUIPlugin:80 - create IPUIPlugin
2026-01-06 19:05:18,730 [INFO] PluginManager:220 - loadIPPluginJar : add plateformsettings
2026-01-06 19:05:18,732 [INFO] IPUIPlugin:80 - create IPUIPlugin
2026-01-06 19:05:18,732 [INFO] PluginManager:220 - loadIPPluginJar : add ipddr
2026-01-06 19:05:18,734 [INFO] IPUIPlugin:80 - create IPUIPlugin
2026-01-06 19:05:18,734 [INFO] PluginManager:220 - loadIPPluginJar : add usart
2026-01-06 19:05:18,735 [INFO] IPUIPlugin:80 - create IPUIPlugin
2026-01-06 19:05:18,735 [INFO] PluginManager:220 - loadIPPluginJar : add ltdc
2026-01-06 19:05:18,738 [INFO] IPUIPlugin:80 - create IPUIPlugin
2026-01-06 19:05:18,738 [INFO] PluginManager:220 - loadIPPluginJar : add nvic
2026-01-06 19:05:18,739 [INFO] IPUIPlugin:80 - create IPUIPlugin
2026-01-06 19:05:18,739 [INFO] PluginManager:220 - loadIPPluginJar : add fatfs
2026-01-06 19:05:18,745 [INFO] IPUIPlugin:80 - create IPUIPlugin
2026-01-06 19:05:18,745 [INFO] PluginManager:220 - loadIPPluginJar : add linkedlist
2026-01-06 19:05:18,749 [INFO] IPUIPlugin:80 - create IPUIPlugin
2026-01-06 19:05:18,749 [INFO] PluginManager:220 - loadIPPluginJar : add dma
2026-01-06 19:05:18,752 [INFO] IPUIPlugin:80 - create IPUIPlugin
2026-01-06 19:05:18,752 [INFO] PluginManager:220 - loadIPPluginJar : add fmc
2026-01-06 19:05:18,754 [INFO] IPUIPlugin:80 - create IPUIPlugin
2026-01-06 19:05:18,754 [INFO] PluginManager:220 - loadIPPluginJar : add i2s
2026-01-06 19:05:18,755 [INFO] IPUIPlugin:80 - create IPUIPlugin
2026-01-06 19:05:18,756 [INFO] PluginManager:220 - loadIPPluginJar : add ucpd
2026-01-06 19:05:18,757 [INFO] IPUIPlugin:80 - create IPUIPlugin
2026-01-06 19:05:18,757 [INFO] PluginManager:220 - loadIPPluginJar : add lorawan
2026-01-06 19:05:18,759 [INFO] IPUIPlugin:80 - create IPUIPlugin
2026-01-06 19:05:18,759 [INFO] PluginManager:220 - loadIPPluginJar : add opamp
2026-01-06 19:05:18,760 [INFO] IPUIPlugin:80 - create IPUIPlugin
2026-01-06 19:05:18,761 [INFO] PluginManager:220 - loadIPPluginJar : add i3c
2026-01-06 19:05:18,763 [INFO] IPUIPlugin:80 - create IPUIPlugin
2026-01-06 19:05:18,763 [INFO] PluginManager:220 - loadIPPluginJar : add touchsensing
2026-01-06 19:05:18,765 [INFO] IPUIPlugin:80 - create IPUIPlugin
2026-01-06 19:05:18,765 [INFO] PluginManager:220 - loadIPPluginJar : add i2c
2026-01-06 19:05:18,767 [INFO] IPUIPlugin:80 - create IPUIPlugin
2026-01-06 19:05:18,768 [INFO] PluginManager:220 - loadIPPluginJar : add resmgrutility
2026-01-06 19:05:18,770 [INFO] IPUIPlugin:80 - create IPUIPlugin
2026-01-06 19:05:18,770 [INFO] PluginManager:220 - loadIPPluginJar : add sai
2026-01-06 19:05:18,773 [INFO] IPUIPlugin:80 - create IPUIPlugin
2026-01-06 19:05:18,773 [INFO] PluginManager:220 - loadIPPluginJar : add usbx
2026-01-06 19:05:18,870 [FATAL] Updater:351 - Updater called before beeing initialized
2026-01-06 19:05:18,888 [INFO] RulesReader:64 - Compatibility file has been processed (317 Rules)
2026-01-06 19:05:18,896 [INFO] RulesReader:64 - Compatibility file has been processed (317 Rules)
2026-01-06 19:05:18,902 [INFO] CADModel:165 - CPN selected for project level
2026-01-06 19:05:18,903 [INFO] CADModel:114 - Register for checkConnection events
2026-01-06 19:05:18,903 [FATAL] Updater:351 - Updater called before beeing initialized
2026-01-06 19:05:18,903 [ERROR] CADModel:125 - Updater not yet initialized, retry later 
2026-01-06 19:05:19,026 [FATAL] Updater:351 - Updater called before beeing initialized
2026-01-06 19:05:19,028 [INFO] CADModel:165 - CPN selected for project level
2026-01-06 19:05:19,028 [INFO] CADModel:114 - Register for checkConnection events
2026-01-06 19:05:19,028 [FATAL] Updater:351 - Updater called before beeing initialized
2026-01-06 19:05:19,028 [ERROR] CADModel:125 - Updater not yet initialized, retry later 
2026-01-06 19:05:19,031 [FATAL] Updater:351 - Updater called before beeing initialized
2026-01-06 19:05:19,093 [FATAL] Updater:351 - Updater called before beeing initialized
2026-01-06 19:05:19,096 [INFO] DbMcusAds:53 - JSON generation date=Mon Dec 15 17:11:46 CST 2025 (1765840306612)
2026-01-06 19:05:19,097 [FATAL] Updater:351 - Updater called before beeing initialized
2026-01-06 19:05:19,150 [WARN] DetailPanel:346 - Failed to get advertising image, set to default
2026-01-06 19:05:19,224 [FATAL] Updater:351 - Updater called before beeing initialized
2026-01-06 19:05:19,226 [FATAL] Updater:351 - Updater called before beeing initialized
2026-01-06 19:05:19,226 [FATAL] Updater:351 - Updater called before beeing initialized
2026-01-06 19:05:19,226 [WARN] DetailPanel:346 - Failed to get advertising image, set to default
2026-01-06 19:05:19,226 [FATAL] Updater:351 - Updater called before beeing initialized
2026-01-06 19:05:19,254 [ERROR] Updater:1198 - MainUpdater not yet initialized. External WinMGr cannot be set.
2026-01-06 19:05:19,256 [INFO] Updater:1134 - Updater Version found : 6.15.0
2026-01-06 19:05:19,271 [INFO] ApplicationProperties:184 - Using Application install path: /Applications/STM32CubeIDE.app/Contents/Eclipse/plugins/com.st.stm32cube.common.mx_6.15.0.202507011659
2026-01-06 19:05:19,644 [INFO] MainUpdater:2872 - connection check result : 10
2026-01-06 19:05:19,646 [INFO] MainUpdater:3604 - Updater definition file requires update
2026-01-06 19:05:19,646 [INFO] MainUpdater:289 - Updater Check For Update Now.
2026-01-06 19:05:19,647 [INFO] MicroXplorer:498 - Change Database Version : DB.6.0.150
2026-01-06 19:05:19,651 [INFO] McuFinderGlobals:63 - Set McuFinder mode to 2 (CubeIDE integrated)
2026-01-06 19:05:19,651 [INFO] UserAuth:171 - activating auth plugin
2026-01-06 19:05:19,670 [INFO] UserAuth:487 - Internet connection configuration mode: 1
2026-01-06 19:05:19,686 [INFO] JxBrowserEngine:152 - Initiate JxBrowser Engine with user profile folder
2026-01-06 19:05:19,747 [INFO] ServerAccessManage:452 - Complete download http(s) 200
2026-01-06 19:05:19,747 [INFO] ServerAccessManage:509 - Download File updaters.zip
2026-01-06 19:05:19,835 [INFO] FileExtend:248 - Unzip File : updaters.zip
2026-01-06 19:05:19,835 [INFO] FileExtend:263 - Standard Zip Deflate
2026-01-06 19:05:20,117 [INFO] ServerAccessManage:452 - Complete download http(s) 200
2026-01-06 19:05:20,117 [INFO] ServerAccessManage:509 - Download File PacksControlFlags.xml
2026-01-06 19:05:20,259 [INFO] ServerAccessManage:452 - Complete download http(s) 200
2026-01-06 19:05:20,259 [INFO] ServerAccessManage:509 - Download File cubemx.pidx
2026-01-06 19:05:20,357 [INFO] LoadServerUpdatesThread:375 - End of LoadServerUpdate Thread
2026-01-06 19:05:20,517 [INFO] CheckServerUpdateThread:120 - End of CheckServer Thread
2026-01-06 19:05:21,148 [INFO] WebApp:169 - Instantiating new browser for Auth
2026-01-06 19:05:21,973 [INFO] WebApp:463 - Apply proxy settings
2026-01-06 19:05:22,006 [INFO] WebApp:508 - Chromium authenticates against Manually configured proxy
2026-01-06 19:05:22,045 [INFO] WebApp:516 - Username used for proxy authentication: 
2026-01-06 19:05:22,100 [INFO] WebApp:900 - Register for checkConnection events
2026-01-06 19:05:22,111 [INFO] WebApp:463 - Apply proxy settings
2026-01-06 19:05:22,133 [INFO] WebApp:508 - Chromium authenticates against Manually configured proxy
2026-01-06 19:05:22,150 [INFO] WebApp:516 - Username used for proxy authentication: 
2026-01-06 19:05:22,321 [INFO] WebApp:225 - Starting web application
2026-01-06 19:05:22,339 [INFO] WebApp:593 - Web application path used /Applications/STM32CubeIDE.app/Contents/Eclipse/plugins/com.st.stm32cube.common.mx_6.15.0.202507011659/db/plugins/mcufinder/reactClient1/index.html
2026-01-06 19:05:23,040 [INFO] WebApp:191 - Connection restablished
2026-01-06 19:05:25,130 [WARN] PackLoader:240 - Cannot read IP mode file for STMicroelectronics.FP-SNS-MOTENVWB1.1.4.0
2026-01-06 19:05:25,154 [WARN] PackLoader:240 - Cannot read IP mode file for STMicroelectronics.FP-ATR-ASTRA1.2.0.2
2026-01-06 19:05:25,160 [WARN] PackLoader:240 - Cannot read IP mode file for STMicroelectronics.X-CUBE-SMBUS.2.1.0
2026-01-06 19:05:25,188 [WARN] PackLoader:240 - Cannot read IP mode file for STMicroelectronics.X-CUBE-AZRTOS-F7.1.1.0
2026-01-06 19:05:25,219 [WARN] PackLoader:240 - Cannot read IP mode file for STMicroelectronics.FP-SNS-MOTENV1.5.1.0
2026-01-06 19:05:25,251 [WARN] PackLoader:240 - Cannot read IP mode file for WES.I-CUBE-Cesium.1.4.0
2026-01-06 19:05:25,305 [WARN] PackLoader:240 - Cannot read IP mode file for STMicroelectronics.X-CUBE-AZRTOS-H7.3.4.0
2026-01-06 19:05:25,341 [WARN] PackLoader:240 - Cannot read IP mode file for STMicroelectronics.X-CUBE-DISPLAY.3.0.0
2026-01-06 19:05:25,370 [WARN] PackLoader:240 - Cannot read IP mode file for STMicroelectronics.X-CUBE-NFC10.1.0.0
2026-01-06 19:05:25,375 [WARN] PackLoader:240 - Cannot read IP mode file for STMicroelectronics.X-CUBE-ST60.1.1.0
2026-01-06 19:05:25,416 [WARN] PackLoader:240 - Cannot read IP mode file for emotas.I-CUBE-CANOPEN.1.3.0
2026-01-06 19:05:25,420 [WARN] PackLoader:240 - Cannot read IP mode file for STMicroelectronics.X-CUBE-GNSS1.7.1.0
2026-01-06 19:05:25,442 [WARN] PackLoader:240 - Cannot read IP mode file for STMicroelectronics.FP-SNS-STBOX1.2.1.0
2026-01-06 19:05:25,523 [WARN] PackLoader:240 - Cannot read IP mode file for STMicroelectronics.FP-SNS-SMARTAG2.1.2.0
2026-01-06 19:05:25,639 [WARN] PackLoader:240 - Cannot read IP mode file for STMicroelectronics.FP-SNS-FLIGHT1.5.1.0
2026-01-06 19:05:25,733 [INFO] LogOutputStream:77 - [STDOUT_REDIRECT] 1 : Invalid condition id : UX_CORESTACK_Condition cause : null
2026-01-06 19:05:25,752 [INFO] LogOutputStream:77 - [STDOUT_REDIRECT] 1 : Invalid condition id : UX_CORESTACK_Condition cause : null
2026-01-06 19:05:25,771 [INFO] LogOutputStream:77 - [STDOUT_REDIRECT] 1 : Invalid condition id : UX_CORESTACK_Condition cause : null
2026-01-06 19:05:25,790 [INFO] LogOutputStream:77 - [STDOUT_REDIRECT] 1 : Invalid condition id : UX_CORESTACK_Condition cause : null
2026-01-06 19:05:25,809 [INFO] LogOutputStream:77 - [STDOUT_REDIRECT] 1 : Invalid condition id : UX_CORESTACK_Condition cause : null
2026-01-06 19:05:25,837 [WARN] PackLoader:240 - Cannot read IP mode file for STMicroelectronics.X-CUBE-AZRTOS-WL.2.0.0
2026-01-06 19:05:25,893 [WARN] PackLoader:240 - Cannot read IP mode file for STMicroelectronics.X-CUBE-AZRTOS-H7RS.1.2.0
2026-01-06 19:05:25,961 [WARN] PackLoader:240 - Cannot read IP mode file for STMicroelectronics.X-CUBE-BLE2.3.3.0
2026-01-06 19:05:26,180 [WARN] PackLoader:240 - Cannot read IP mode file for Infineon.AIROC-Wi-Fi-Bluetooth-STM32.1.8.0
2026-01-06 19:05:26,272 [WARN] PackLoader:240 - Cannot read IP mode file for STMicroelectronics.X-CUBE-NFC9.1.0.0
2026-01-06 19:05:26,282 [WARN] PackLoader:240 - Cannot read IP mode file for STMicroelectronics.X-CUBE-BLE1.7.1.0
2026-01-06 19:05:26,288 [WARN] PackLoader:240 - Cannot read IP mode file for wolfSSL.I-CUBE-wolfMQTT.1.19.2
2026-01-06 19:05:26,316 [WARN] PackLoader:240 - Cannot read IP mode file for STMicroelectronics.X-CUBE-FREERTOS.1.4.0
2026-01-06 19:05:26,323 [WARN] PackLoader:240 - Cannot read IP mode file for STMicroelectronics.X-CUBE-EEPRMA1.5.2.0
2026-01-06 19:05:26,329 [WARN] PackLoader:240 - Cannot read IP mode file for wolfSSL.I-CUBE-wolfSSL.5.8.4
2026-01-06 19:05:26,333 [WARN] PackLoader:240 - Cannot read IP mode file for Cesanta.I-CUBE-Mongoose.7.20.0
2026-01-06 19:05:26,338 [WARN] PackLoader:240 - Cannot read IP mode file for STMicroelectronics.X-CUBE-ST67W61.1.1.0
2026-01-06 19:05:26,367 [WARN] PackLoader:240 - Cannot read IP mode file for STMicroelectronics.X-CUBE-MEMS1.12.0.0
2026-01-06 19:05:26,436 [WARN] PackLoader:240 - Cannot read IP mode file for STMicroelectronics.X-CUBE-AZRTOS-G0.1.1.0
2026-01-06 19:05:26,442 [WARN] PackLoader:240 - Cannot read IP mode file for STMicroelectronics.X-CUBE-NFC4.3.0.0
2026-01-06 19:05:26,453 [WARN] PackLoader:240 - Cannot read IP mode file for EmbeddedOffice.I-CUBE-FS-RTOS.1.0.1
2026-01-06 19:05:26,459 [WARN] PackLoader:240 - Cannot read IP mode file for STMicroelectronics.X-CUBE-WB05N.2.0.0
2026-01-06 19:05:26,463 [WARN] PackLoader:240 - Cannot read IP mode file for wolfSSL.I-CUBE-wolfTPM.3.8.0
2026-01-06 19:05:26,470 [WARN] PackLoader:240 - Cannot read IP mode file for STMicroelectronics.X-CUBE-TCPP.4.2.0
2026-01-06 19:05:26,476 [WARN] PackLoader:240 - Cannot read IP mode file for RealThread.X-CUBE-RT-Thread_Nano.4.1.1
2026-01-06 19:05:26,480 [WARN] PackLoader:240 - Cannot read IP mode file for STMicroelectronics.FP-ATR-SIGFOX1.3.2.0
2026-01-06 19:05:26,485 [WARN] PackLoader:240 - Cannot read IP mode file for ITTIA_DB.I-CUBE-ITTIADB.8.9.0
2026-01-06 19:05:26,490 [WARN] PackLoader:240 - Cannot read IP mode file for STMicroelectronics.X-CUBE-AI.10.2.0
2026-01-06 19:05:26,515 [WARN] PackLoader:240 - Cannot read IP mode file for SEGGER.I-CUBE-embOS.1.3.1
2026-01-06 19:05:26,551 [WARN] PackLoader:240 - Cannot read IP mode file for STMicroelectronics.X-CUBE-ALGOBUILD.1.4.0
2026-01-06 19:05:26,557 [WARN] PackLoader:240 - Cannot read IP mode file for STMicroelectronics.X-CUBE-PM33A1.1.0.0
2026-01-06 19:05:26,572 [WARN] PackLoader:240 - Cannot read IP mode file for STMicroelectronics.X-CUBE-AZRTOS-F4.1.1.0
2026-01-06 19:05:26,579 [WARN] PackLoader:240 - Cannot read IP mode file for STMicroelectronics.X-CUBE-ISPU.2.1.0
2026-01-06 19:05:26,593 [WARN] PackLoader:240 - Cannot read IP mode file for STMicroelectronics.X-CUBE-IPS.3.2.0
2026-01-06 19:05:26,619 [WARN] PackLoader:240 - Cannot read IP mode file for STMicroelectronics.X-CUBE-NFC12.1.0.0
2026-01-06 19:05:26,645 [WARN] PackLoader:240 - Cannot read IP mode file for STMicroelectronics.X-CUBE-AZRTOS-L5.2.0.0
2026-01-06 19:05:26,659 [WARN] PackLoader:240 - Cannot read IP mode file for STMicroelectronics.X-CUBE-NFC6.3.1.0
2026-01-06 19:05:26,665 [WARN] PackLoader:240 - Cannot read IP mode file for STMicroelectronics.X-CUBE-TOUCHGFX.4.26.0
2026-01-06 19:05:26,670 [WARN] PackLoader:240 - Cannot read IP mode file for STMicroelectronics.FP-SNS-STAIOTCFT.1.0.0
2026-01-06 19:05:26,675 [WARN] PackLoader:240 - Cannot read IP mode file for STMicroelectronics.X-CUBE-DPower.1.3.0
2026-01-06 19:05:26,696 [WARN] ConditionMgr:438 - getConditionDescription Invalid condition id : LAN8742 Phy interface Condition cause : null
2026-01-06 19:05:26,697 [WARN] PackLoader:240 - Cannot read IP mode file for STMicroelectronics.X-CUBE-AZRTOS-L4.2.0.0
2026-01-06 19:05:26,698 [WARN] ConditionMgr:1044 - genDependencies : Invalid condition id : LAN8742 Phy interface Condition cause : null
2026-01-06 19:05:26,698 [WARN] ConditionMgr:1044 - genDependencies : Invalid condition id : LAN8742 Phy interface Condition cause : null
2026-01-06 19:05:26,699 [WARN] ConditionMgr:1044 - genDependencies : Invalid condition id : LAN8742 Phy interface Condition cause : null
2026-01-06 19:05:26,716 [WARN] PackLoader:240 - Cannot read IP mode file for STMicroelectronics.X-CUBE-SFXS2LP1.4.0.0
2026-01-06 19:05:26,727 [WARN] PackLoader:240 - Cannot read IP mode file for STMicroelectronics.X-CUBE-BLEMGR.4.1.0
2026-01-06 19:05:26,740 [WARN] ConditionMgr:438 - getConditionDescription Invalid condition id : UX DEVICE CLASS RTOS Condition cause : null
2026-01-06 19:05:26,741 [WARN] ConditionMgr:438 - getConditionDescription Invalid condition id : UX DEVICE CLASS RTOS Condition cause : null
2026-01-06 19:05:26,742 [WARN] PackLoader:240 - Cannot read IP mode file for STMicroelectronics.X-CUBE-AZRTOS-WB.2.0.0
2026-01-06 19:05:26,743 [WARN] ConditionMgr:1044 - genDependencies : Invalid condition id : UX DEVICE CLASS RTOS Condition cause : null
2026-01-06 19:05:26,743 [WARN] ConditionMgr:1044 - genDependencies : Invalid condition id : UX DEVICE CLASS RTOS Condition cause : null
2026-01-06 19:05:26,743 [WARN] ConditionMgr:1044 - genDependencies : Invalid condition id : UX DEVICE CLASS RTOS Condition cause : null
2026-01-06 19:05:26,744 [WARN] ConditionMgr:1044 - genDependencies : Invalid condition id : UX DEVICE CLASS RTOS Condition cause : null
2026-01-06 19:05:26,744 [WARN] ConditionMgr:1044 - genDependencies : Invalid condition id : UX DEVICE CLASS RTOS Condition cause : null
2026-01-06 19:05:26,747 [WARN] ConditionMgr:438 - getConditionDescription Invalid condition id : Cortex-A Device cause : null
2026-01-06 19:05:26,756 [WARN] ConditionMgr:1044 - genDependencies : Invalid condition id : Cortex-A Device cause : null
2026-01-06 19:05:26,756 [WARN] ConditionMgr:1044 - genDependencies : Invalid condition id : Cortex-A Device cause : null
2026-01-06 19:05:26,756 [WARN] ConditionMgr:1044 - genDependencies : Invalid condition id : Cortex-A Device cause : null
2026-01-06 19:05:26,764 [WARN] PackLoader:240 - Cannot read IP mode file for STMicroelectronics.X-CUBE-SUBG2.5.0.0
2026-01-06 19:05:26,777 [WARN] PackLoader:240 - Cannot read IP mode file for STMicroelectronics.X-CUBE-AZRTOS-G4.2.0.0
2026-01-06 19:05:26,780 [WARN] PackLoader:240 - Cannot read IP mode file for wolfSSL.I-CUBE-wolfSSH.1.4.20
2026-01-06 19:05:26,784 [WARN] PackLoader:240 - Cannot read IP mode file for STMicroelectronics.X-CUBE-NFC7.2.0.0
2026-01-06 19:05:26,787 [WARN] PackLoader:240 - Cannot read IP mode file for STMicroelectronics.X-CUBE-ALS.1.0.2
2026-01-06 19:05:26,792 [WARN] PackLoader:240 - Cannot read IP mode file for STMicroelectronics.X-CUBE-STSE01.1.0.0
2026-01-06 19:05:26,800 [WARN] PackLoader:240 - Cannot read IP mode file for STMicroelectronics.X-CUBE-TOF1.3.4.3
2026-01-06 19:05:26,806 [INFO] ThirdParty:978 - Integrity check success = true
2026-01-06 19:05:26,806 [INFO] IntegrityCheckThread:100 - exiting critical section [integrity check]
2026-01-06 19:05:26,806 [INFO] IntegrityCheckThread:103 - End integrity checks thread
2026-01-06 19:05:37,404 [INFO] McuFinderGlobals:63 - Set McuFinder mode to 2 (CubeIDE integrated)
2026-01-06 19:05:37,406 [INFO] MainUpdater:2872 - connection check result : 10
2026-01-06 19:05:37,407 [INFO] McuFinderGlobals:76 - Set McuFinderConnectedMode to true
2026-01-06 19:05:37,664 [INFO] ServerAccessManage:452 - Complete download http(s) 200
2026-01-06 19:05:37,664 [INFO] ServerAccessManage:509 - Download File mcusAds.json._tmp_
2026-01-06 19:05:37,770 [INFO] LoadUrlFilesThread:156 - End of LoadUrlFiles Thread
2026-01-06 19:05:38,044 [INFO] ServerAccessManage:452 - Complete download http(s) 200
2026-01-06 19:05:38,044 [INFO] ServerAccessManage:509 - Download File cube-finder-db.zip
2026-01-06 19:05:40,411 [INFO] FileExtend:248 - Unzip File : cube-finder-db.zip
2026-01-06 19:05:40,411 [INFO] FileExtend:263 - Standard Zip Deflate
2026-01-06 19:05:40,925 [INFO] LoadUrlFilesThread:156 - End of LoadUrlFiles Thread
2026-01-06 19:05:41,692 [INFO] ServerAccessManage:452 - Complete download http(s) 200
2026-01-06 19:05:41,692 [INFO] ServerAccessManage:509 - Download File crdb.zip
2026-01-06 19:05:42,602 [INFO] FileExtend:248 - Unzip File : crdb.zip
2026-01-06 19:05:42,602 [INFO] FileExtend:263 - Standard Zip Deflate
2026-01-06 19:05:42,718 [INFO] LoadUrlFilesThread:156 - End of LoadUrlFiles Thread
2026-01-06 19:05:42,889 [INFO] ServerAccessManage:452 - Complete download http(s) 200
2026-01-06 19:05:42,889 [INFO] ServerAccessManage:509 - Download File tutoVideoDB.zip
2026-01-06 19:05:42,907 [INFO] FileExtend:248 - Unzip File : tutoVideoDB.zip
2026-01-06 19:05:42,908 [INFO] FileExtend:263 - Standard Zip Deflate
2026-01-06 19:05:43,011 [INFO] LoadUrlFilesThread:156 - End of LoadUrlFiles Thread
2026-01-06 19:05:43,012 [WARN] DbFile:41 - Overriding database path with different value: /Users/karthikkurapati/.stmcufinder/plugins/mcufinder/ => /Users/karthikkurapati/.stmcufinder/plugins/mcufinder
2026-01-06 19:05:43,190 [INFO] ServerAccessManage:452 - Complete download http(s) 200
2026-01-06 19:05:43,190 [INFO] ServerAccessManage:509 - Download File api_config.json
2026-01-06 19:05:43,295 [INFO] LoadUrlFilesThread:156 - End of LoadUrlFiles Thread
2026-01-06 19:05:43,295 [INFO] DbMcusAds:53 - JSON generation date=Mon Dec 15 17:11:46 CST 2025 (1765840306612)
2026-01-06 19:05:43,308 [INFO] LoadUrlFilesThread:185 - End of LoadServerUrlFiles without Thread
2026-01-06 19:05:43,308 [INFO] TargetSelectorAdapter:259 - Refresh data is successful
2026-01-06 19:05:43,725 [INFO] ApiDb:581 - Connected to CubeFinder SQLite database (/Users/karthikkurapati/.stmcufinder/plugins/mcufinder/mcu/cube-finder-db.db)
2026-01-06 19:05:43,777 [INFO] ApiDb:668 - CubeFinder database Data Model version=2.1
2026-01-06 19:05:43,777 [INFO] ApiDb:669 - CubeFinder database Configuration version=3.0.39
2026-01-06 19:05:43,777 [INFO] ApiDb:670 - CubeFinder database generation date=2025-12-22 (1766407740)
2026-01-06 19:05:43,777 [INFO] ApiDb:671 - CubeFinder database FW Pack versions=[FP-ATR-ASTRA1_V2.0.0, FP-SNS-FLIGHT1_V5.1.0, FP-SNS-MOTENV1_V5.1.0, FP-SNS-MOTENVWB1_V1.4.0, FP-SNS-SMARTAG2_V1.2.0, FP-SNS-STBOX1_V2.1.0, STM32Cube_FW_C0_V1.4.0, STM32Cube_FW_F4_V1.28.3, STM32Cube_FW_F7_V1.17.4, STM32Cube_FW_G0_V1.6.2, STM32Cube_FW_G4_V1.6.1, STM32Cube_FW_H5_V1.5.1, STM32Cube_FW_H7RS_V1.3.0, STM32Cube_FW_H7_V1.12.1, STM32Cube_FW_L0_V1.12.2, STM32Cube_FW_L4_V1.18.1, STM32Cube_FW_L5_V1.6.0, STM32Cube_FW_N6_V1.3.0, STM32Cube_FW_U0_V1.3.0, STM32Cube_FW_U3_V1.2.1, STM32Cube_FW_U5_V1.8.0, STM32Cube_FW_WB0_V1.4.0, STM32Cube_FW_WBA_V1.8.0, STM32Cube_FW_WB_V1.24.0, STM32Cube_FW_WL3_V1.3.0, STM32Cube_FW_WL_V1.4.0, X-CUBE-ALGOBUILD_V1.4.0, X-CUBE-ALS_V1.0.2, X-CUBE-AZRTOS-F4_V1.1.0, X-CUBE-AZRTOS-F7_V1.1.0, X-CUBE-AZRTOS-G0_V1.1.0, X-CUBE-AZRTOS-G4_V2.0.0, X-CUBE-AZRTOS-H7RS_V1.1.0, X-CUBE-AZRTOS-H7_V3.4.0, X-CUBE-AZRTOS-L4_V2.0.0, X-CUBE-AZRTOS-L5_V2.0.0, X-CUBE-AZRTOS-WB_V2.0.0, X-CUBE-AZRTOS-WL_V2.0.0, X-CUBE-BLE1_V7.1.0, X-CUBE-BLE2_V3.3.0, X-CUBE-BLEMGR_V4.1.0, X-CUBE-EEPRMA1_V5.2.0, X-CUBE-FREERTOS_V1.3.1, X-CUBE-GNSS1_V6.0.0, X-CUBE-MEMS1_V12.0.0, X-CUBE-NFC4_V3.0.0, X-CUBE-NFC7_V2.0.0, X-CUBE-SFXS2LP1_V4.0.0, X-CUBE-ST67W61_V1.1.0, X-CUBE-SUBG2_V5.0.0, X-CUBE-TOF1_V3.4.3]
2026-01-06 19:05:45,496 [INFO] ApiDb:240 - Found 880 in-development CPN: [B-G473E-ZEST1S, B-WB1M-WPAN1, B-WBA5M-WPAN, B-WL5M-SUBG1, NUCLEO-C031C6, NUCLEO-C051C8, NUCLEO-C071RB, NUCLEO-C092RC, NUCLEO-H503RB, NUCLEO-H533RE, NUCLEO-H563ZI, NUCLEO-H7S3L8, NUCLEO-N657X0-Q, NUCLEO-U031R8, NUCLEO-U083RC, NUCLEO-U385RG-Q, NUCLEO-U545RE-Q, NUCLEO-U5A5ZJ-Q, NUCLEO-WB05KZ, NUCLEO-WB07CC, NUCLEO-WB09KE, NUCLEO-WBA52CG, NUCLEO-WBA55CG, NUCLEO-WL33CC1, NUCLEO-WL33CC2, STEVAL-PROTEUS1, STEVAL-SMARTAG2, STEVAL-STWINBX1, STM320518-EVAL, STM32C0116-DK, STM32C011D6Y3TR, STM32C011D6Y6TR, STM32C011F4P3, STM32C011F4P6, STM32C011F4U3, STM32C011F4U6TR, STM32C011F6P3, STM32C011F6P6, STM32C011F6U3, STM32C011F6U6TR, STM32C011J4M3, STM32C011J4M6, STM32C011J6M3, STM32C011J6M6, STM32C0316-DK, STM32C031C4T3, STM32C031C4T6, STM32C031C4U3, STM32C031C4U6, STM32C031C6T3, STM32C031C6T6, STM32C031C6U3, STM32C031C6U6, STM32C031F4P3, STM32C031F4P6, STM32C031F6P3, STM32C031F6P6, STM32C031G4U3, STM32C031G4U6, STM32C031G6U3, STM32C031G6U6, STM32C031K4T3, STM32C031K4T6, STM32C031K4U3, STM32C031K4U6, STM32C031K6T3, STM32C031K6T6, STM32C031K6U3, STM32C031K6U6, STM32C051C6T6, STM32C051C6U6, STM32C051C8T6, STM32C051C8U6, STM32C051D8Y6TR, STM32C051F6P6, STM32C051F8P6, STM32C051G6U6, STM32C051G8U6, STM32C051K6T6, STM32C051K6U6, STM32C051K8T6, STM32C071C8T6, STM32C071C8T6N, STM32C071C8U6, STM32C071C8U6N, STM32C071CBT6, STM32C071CBT6N, STM32C071CBU6, STM32C071CBU6N, STM32C071F8P6, STM32C071F8P6N, STM32C071FBP6, STM32C071FBP6N, STM32C071FBY6TR, STM32C071G8U6, STM32C071G8U6N, STM32C071GBU6, STM32C071GBU6N, STM32C071K8T6, STM32C071K8T6N, STM32C071K8U6, STM32C071K8U6N, STM32C071KBT6, STM32C071KBT6N, STM32C071KBU6, STM32C071KBU6N, STM32C071R8T6, STM32C071R8T6N, STM32C071RBI6N, STM32C071RBT6, STM32C071RBT6N, STM32C091CBT6, STM32C091CBU6, STM32C091CCT6, STM32C091CCU6, STM32C091ECY6TR, STM32C091FBP6, STM32C091FCP6, STM32C091GBU6, STM32C091GCU6, STM32C091KBT6, STM32C091KBU6, STM32C091KCT6, STM32C091KCU6, STM32C091RBT6, STM32C091RCI6, STM32C091RCT6, STM32C092CBT6, STM32C092CBU6, STM32C092CCT6, STM32C092CCU6, STM32C092ECY6TR, STM32C092FBP6, STM32C092FCP6, STM32C092GBU6, STM32C092GCU6, STM32C092KBT6, STM32C092KBU6, STM32C092KCT6, STM32C092KCU6, STM32C092RBT6, STM32C092RCI6, STM32C092RCT6, STM32G071K8TXN, STM32G071K8UXN, STM32G081GBU6N, STM32G081KBT6N, STM32G081KBUXN, STM32G0B1CCT6N, STM32G0B1KCT6, STM32G0B1NEY6TR, STM32G0B1RCT6N, STM32G0C1CCT6, STM32G0C1CCT6N, STM32G0C1CCU6N, STM32G0C1CET6N, STM32G0C1CEU6N, STM32G0C1KCT6, STM32G0C1NEY6TR, STM32G0C1RCI6N, STM32G0C1RCT6N, STM32G0C1REI6N, STM32G0C1RET6N, STM32G0C1VCI6, STM32G0C1VEI6, STM32G411C6T3, STM32G411C6T6, STM32G411C6U3, STM32G411C6U6, STM32G411C8T3, STM32G411C8T6, STM32G411C8U3, STM32G411C8U6, STM32G411CBT3, STM32G411CBT6, STM32G411CBU3, STM32G411CBU6, STM32G411K6T3, STM32G411K6T6, STM32G411K6U3, STM32G411K6U6, STM32G411K8T3, STM32G411K8T6, STM32G411K8U3, STM32G411K8U6, STM32G411KBT3, STM32G411KBT6, STM32G411KBU3, STM32G411KBU6, STM32G411M6T3, STM32G411M6T6, STM32G411M8T3, STM32G411M8T6, STM32G411MBT3, STM32G411MBT6, STM32G411R6T3, STM32G411R6T6, STM32G411R8T3, STM32G411R8T6, STM32G411RBT3, STM32G411RBT6, STM32G414CBT3, STM32G414CBT6, STM32G414CBU3, STM32G414CBU6, STM32G414CCT3, STM32G414CCT6, STM32G414CCU3, STM32G414CCU6, STM32G414MBT3, STM32G414MBT6, STM32G414MCT3, STM32G414MCT6, STM32G414RBT3, STM32G414RBT6, STM32G414RCT3, STM32G414RCT6, STM32G414VBT3, STM32G414VBT6, STM32G414VCT3, STM32G414VCT6, STM32G431CBT3Z, STM32G431RBT3Z, STM32G471CCT6, STM32G471CCU6, STM32G471CET3, STM32G471CET6, STM32G471CEU3, STM32G471CEU6, STM32G471MCT6, STM32G471MET3, STM32G471MET6, STM32G471MEY6TR, STM32G471QCT6, STM32G471QET3, STM32G471RCT6, STM32G471RET3, STM32G471RET6, STM32G471VCH6, STM32G471VCI6, STM32G471VCT6, STM32G471VEH3, STM32G471VEH6, STM32G471VEI3, STM32G471VEI6, STM32G471VET3, STM32G471VET6, STM32G473QET3Z, STM32G473RET3Z, STM32G474CCT6, STM32G491RET3Z, STM32H503CBT6, STM32H503CBU6, STM32H503EBY6TR, STM32H503KBU6, STM32H503RBT6, STM32H523CCT6, STM32H523CCU6, STM32H523CET6, STM32H523CEU6, STM32H523HEY6TR, STM32H523RCT6, STM32H523RET6, STM32H523VCI6, STM32H523VCT6, STM32H523VEI6, STM32H523VET6, STM32H523ZCJ6, STM32H523ZCT6, STM32H523ZEJ6, STM32H523ZET6, STM32H533CET6, STM32H533CEU6, STM32H533HEY6TR, STM32H533RET6, STM32H533VEI6, STM32H533VET6, STM32H533ZEJ6, STM32H533ZET6, STM32H562AGI6, STM32H562AII6, STM32H562IGK6, STM32H562IGT6, STM32H562IIK6, STM32H562IIT6, STM32H562RGT6, STM32H562RGV6, STM32H562RIT6, STM32H562RIV6, STM32H562VGT6, STM32H562VIT6, STM32H562ZGT6, STM32H562ZIT6, STM32H563AGI6, STM32H563AII3Q, STM32H563AII6, STM32H563IGK6, STM32H563IGT6, STM32H563IIK3Q, STM32H563IIK6, STM32H563IIT3Q, STM32H563IIT6, STM32H563MIY3QTR, STM32H563RGT6, STM32H563RGV6, STM32H563RIT6, STM32H563RIV6, STM32H563VGT6, STM32H563VIT3Q, STM32H563VIT6, STM32H563ZGT6, STM32H563ZIT3Q, STM32H563ZIT6, STM32H573AII3Q, STM32H573AII6, STM32H573I-DK, STM32H573IIK3Q, STM32H573IIK6, STM32H573IIT3Q, STM32H573IIT6, STM32H573MIY3QTR, STM32H573RIT6, STM32H573RIV6, STM32H573VIT3Q, STM32H573VIT6, STM32H573ZIT3Q, STM32H573ZIT6, STM32H7R3A8I6, STM32H7R3I8K6, STM32H7R3I8T6, STM32H7R3L8H6, STM32H7R3L8H6H, STM32H7R3R8V6, STM32H7R3V8H6, STM32H7R3V8T6, STM32H7R3V8Y6TR, STM32H7R3Z8J6, STM32H7R3Z8T6, STM32H7R7A8I6, STM32H7R7I8K6, STM32H7R7I8T6, STM32H7R7L8H6, STM32H7R7L8H6H, STM32H7R7Z8J6, STM32H7S3A8I6, STM32H7S3I8K6, STM32H7S3I8T6, STM32H7S3L8H6, STM32H7S3L8H6H, STM32H7S3R8V6, STM32H7S3V8H6, STM32H7S3V8T6, STM32H7S3V8Y6TR, STM32H7S3Z8J6, STM32H7S3Z8T6, STM32H7S78-DK, STM32H7S7A8I6, STM32H7S7I8K6, STM32H7S7I8T6, STM32H7S7L8H6, STM32H7S7L8H6H, STM32H7S7Z8J6, STM32L4R5QGI6STR, STM32MP131AAE3, STM32MP131AAF3, STM32MP131AAG3, STM32MP131CAE3, STM32MP131CAF3, STM32MP131CAG3, STM32MP131DAE7, STM32MP131DAF7, STM32MP131DAG7, STM32MP131FAE7, STM32MP131FAF7, STM32MP131FAG7, STM32MP133AAE3, STM32MP133AAF3, STM32MP133AAG3, STM32MP133CAE3, STM32MP133CAF3, STM32MP133CAG3, STM32MP133DAE7, STM32MP133DAF7, STM32MP133DAG7, STM32MP133FAE7, STM32MP133FAF7, STM32MP133FAG7, STM32MP135AAE3, STM32MP135AAF3, STM32MP135AAG3, STM32MP135CAE3, STM32MP135CAF3, STM32MP135CAG3, STM32MP135DAE7, STM32MP135DAF7, STM32MP135DAG7, STM32MP135F-DK, STM32MP135FAE7, STM32MP135FAF7, STM32MP135FAF7T, STM32MP135FAF7U, STM32MP135FAG7, STM32MP211AAL3, STM32MP211AAM3, STM32MP211AAN3, STM32MP211AAO3, STM32MP211CAL3, STM32MP211CAM3, STM32MP211CAN3, STM32MP211CAO3, STM32MP211DAL3, STM32MP211DAM3, STM32MP211DAN3, STM32MP211DAO3, STM32MP211FAL3, STM32MP211FAM3, STM32MP211FAN3, STM32MP211FAO3, STM32MP213AAL3, STM32MP213AAM3, STM32MP213AAN3, STM32MP213AAO3, STM32MP213CAL3, STM32MP213CAM3, STM32MP213CAN3, STM32MP213CAO3, STM32MP213DAL3, STM32MP213DAM3, STM32MP213DAN3, STM32MP213DAO3, STM32MP213FAL3, STM32MP213FAM3, STM32MP213FAN3, STM32MP213FAO3, STM32MP215AAL3, STM32MP215AAM3, STM32MP215AAN3, STM32MP215AAO3, STM32MP215CAL3, STM32MP215CAM3, STM32MP215CAN3, STM32MP215CAO3, STM32MP215DAL3, STM32MP215DAM3, STM32MP215DAN3, STM32MP215DAO3, STM32MP215F-DK, STM32MP215FAL3, STM32MP215FAM3, STM32MP215FAN3, STM32MP215FAO3, STM32MP231AAJ3, STM32MP231AAK3, STM32MP231AAL3, STM32MP231CAJ3, STM32MP231CAK3, STM32MP231CAL3, STM32MP231DAJ3, STM32MP231DAK3, STM32MP231DAL3, STM32MP231FAJ3, STM32MP231FAK3, STM32MP231FAL3, STM32MP233AAJ3, STM32MP233AAK3, STM32MP233AAL3, STM32MP233CAJ3, STM32MP233CAK3, STM32MP233CAL3, STM32MP233DAJ3, STM32MP233DAK3, STM32MP233DAL3, STM32MP233FAJ3, STM32MP233FAK3, STM32MP233FAL3, STM32MP235AAJ3, STM32MP235AAK3, STM32MP235AAL3, STM32MP235CAJ3, STM32MP235CAK3, STM32MP235CAL3, STM32MP235DAJ3, STM32MP235DAK3, STM32MP235DAL3, STM32MP235FAJ3, STM32MP235FAK3, STM32MP235FAL3, STM32MP251AAI3, STM32MP251AAK3, STM32MP251AAL3, STM32MP251CAI3, STM32MP251CAK3, STM32MP251CAL3, STM32MP251DAI3, STM32MP251DAK3, STM32MP251DAL3, STM32MP251FAI3, STM32MP251FAK3, STM32MP251FAL3, STM32MP253AAI3, STM32MP253AAK3, STM32MP253AAL3, STM32MP253CAI3, STM32MP253CAK3, STM32MP253CAL3, STM32MP253DAI3, STM32MP253DAK3, STM32MP253DAL3, STM32MP253FAI3, STM32MP253FAK3, STM32MP253FAL3, STM32MP255AAI3, STM32MP255AAK3, STM32MP255AAL3, STM32MP255CAI3, STM32MP255CAK3, STM32MP255CAL3, STM32MP255DAI3, STM32MP255DAK3, STM32MP255DAL3, STM32MP255FAI3, STM32MP255FAK3, STM32MP255FAL3, STM32MP257AAI3, STM32MP257AAK3, STM32MP257AAL3, STM32MP257CAI3, STM32MP257CAK3, STM32MP257CAL3, STM32MP257DAI3, STM32MP257DAK3, STM32MP257DAL3, STM32MP257F-DK, STM32MP257F-EV1, STM32MP257FAI3, STM32MP257FAK3, STM32MP257FAL3, STM32N645A0H3Q, STM32N645B0H3Q, STM32N645I0H3Q, STM32N645L0H3Q, STM32N645X0H3Q, STM32N645Z0H3Q, STM32N647A0H3Q, STM32N647B0H3Q, STM32N647I0H3Q, STM32N647L0H3Q, STM32N647X0H3Q, STM32N647Z0H3Q, STM32N655A0H3Q, STM32N655B0H3Q, STM32N655I0H3Q, STM32N655L0H3Q, STM32N655X0H3Q, STM32N655Z0H3Q, STM32N6570-DK, STM32N657A0H3Q, STM32N657B0H3Q, STM32N657I0H3Q, STM32N657L0H3Q, STM32N657X0H3Q, STM32N657Z0H3Q, STM32U031C6T6, STM32U031C6U6, STM32U031C8T6, STM32U031C8U6, STM32U031F4P6, STM32U031F6P6, STM32U031F8P6, STM32U031G6Y6TR, STM32U031G8Y6TR, STM32U031K4U6, STM32U031K6U6, STM32U031K8U6, STM32U031R6I6, STM32U031R6T6, STM32U031R8I6, STM32U031R8T6, STM32U073C8T6, STM32U073C8U6, STM32U073CBT6, STM32U073CBU6, STM32U073CCT6, STM32U073CCU6, STM32U073H8Y6TR, STM32U073HBY6TR, STM32U073HCY6TR, STM32U073K8U6, STM32U073KBU6, STM32U073KCU6, STM32U073M8I6, STM32U073M8T6, STM32U073MBI6, STM32U073MBT6, STM32U073MCI6, STM32U073MCT6, STM32U073R8I6, STM32U073R8T6, STM32U073RBI6, STM32U073RBT6, STM32U073RCI6, STM32U073RCT6, STM32U083C-DK, STM32U083CCT6, STM32U083CCU6, STM32U083HCY6TR, STM32U083KCU6, STM32U083MCI6, STM32U083MCT6, STM32U083RCI6, STM32U083RCT6, STM32U375CET6, STM32U375CET6Q, STM32U375CEU6, STM32U375CEU6Q, STM32U375CEY6QTR, STM32U375CGT6, STM32U375CGT6Q, STM32U375CGU6, STM32U375CGU6Q, STM32U375CGY6QTR, STM32U375KEU6, STM32U375KGU6, STM32U375REI6, STM32U375REI6Q, STM32U375RET6, STM32U375RET6Q, STM32U375REY6GTR, STM32U375REY6QTR, STM32U375RGI6, STM32U375RGI6Q, STM32U375RGT6, STM32U375RGT6Q, STM32U375RGY6GTR, STM32U375RGY6QTR, STM32U375VEI6, STM32U375VEI6Q, STM32U375VET6, STM32U375VET6Q, STM32U375VGI6, STM32U375VGI6Q, STM32U375VGT6, STM32U375VGT6Q, STM32U385CGT6, STM32U385CGT6Q, STM32U385CGU6, STM32U385CGU6Q, STM32U385CGY6QTR, STM32U385KGU6, STM32U385RGI6, STM32U385RGI6Q, STM32U385RGT6, STM32U385RGT6Q, STM32U385RGY6GTR, STM32U385RGY6QTR, STM32U385VGI6, STM32U385VGI6Q, STM32U385VGT6, STM32U385VGT6Q, STM32U535CBT6, STM32U535CBT6Q, STM32U535CBU6, STM32U535CBU6Q, STM32U535CCT6, STM32U535CCT6Q, STM32U535CCU6, STM32U535CCU6Q, STM32U535CET6, STM32U535CET6Q, STM32U535CEU6, STM32U535CEU6Q, STM32U535JEY6QTR, STM32U535NCY6QTR, STM32U535NEY6QTR, STM32U535RBI6, STM32U535RBI6Q, STM32U535RBT6, STM32U535RBT6Q, STM32U535RCI6, STM32U535RCI6Q, STM32U535RCT6, STM32U535RCT6Q, STM32U535REI6, STM32U535REI6Q, STM32U535RET6, STM32U535RET6Q, STM32U535VCI6, STM32U535VCI6Q, STM32U535VCT6, STM32U535VCT6Q, STM32U535VEI6, STM32U535VEI6Q, STM32U535VET6, STM32U535VET6Q, STM32U545CET6, STM32U545CET6Q, STM32U545CEU6, STM32U545CEU6Q, STM32U545JEY6QTR, STM32U545NEY6QTR, STM32U545REI6, STM32U545REI6Q, STM32U545RET6, STM32U545RET6Q, STM32U545VEI6, STM32U545VEI6Q, STM32U545VET6, STM32U545VET6Q, STM32U595AIH6, STM32U595AIH6Q, STM32U595AJH6, STM32U595AJH6Q, STM32U595QII6, STM32U595QII6Q, STM32U595QJI6, STM32U595QJI6Q, STM32U595RIT6, STM32U595RIT6Q, STM32U595RJT6, STM32U595RJT6Q, STM32U595VIT6, STM32U595VIT6Q, STM32U595VJT6, STM32U595VJT6Q, STM32U595ZIT6, STM32U595ZIT6Q, STM32U595ZIY6QTR, STM32U595ZJT6, STM32U595ZJT6Q, STM32U595ZJY6QTR, STM32U599BJY6QTR, STM32U599NIH6Q, STM32U599NJH6Q, STM32U599VIT6Q, STM32U599VJT6, STM32U599VJT6Q, STM32U599ZIT6Q, STM32U599ZIY6QTR, STM32U599ZJT6Q, STM32U599ZJY6QTR, STM32U5A5AJH6, STM32U5A5AJH6Q, STM32U5A5QII3Q , STM32U5A5QJI6, STM32U5A5QJI6Q, STM32U5A5RJT6, STM32U5A5RJT6Q, STM32U5A5VJT6, STM32U5A5VJT6Q, STM32U5A5ZJT6, STM32U5A5ZJT6Q, STM32U5A5ZJY6QTR, STM32U5A9BJY6QTR, STM32U5A9J-DK, STM32U5A9NJH6Q, STM32U5A9VJT6Q, STM32U5A9ZJT6Q, STM32U5A9ZJY6QTR, STM32U5F7VIT6, STM32U5F7VIT6Q, STM32U5F7VJT6, STM32U5F7VJT6Q, STM32U5F9BJY6QTR, STM32U5F9NJH6Q, STM32U5F9VIT6Q, STM32U5F9VJT6Q, STM32U5F9ZIJ6QTR, STM32U5F9ZIT6Q, STM32U5F9ZJJ6QTR, STM32U5F9ZJT6Q, STM32U5G7VJT6, STM32U5G7VJT6Q, STM32U5G9BJY6QTR, STM32U5G9J-DK1, STM32U5G9J-DK2, STM32U5G9NJH6Q, STM32U5G9VJT6Q, STM32U5G9ZJJ6QTR, STM32U5G9ZJT6Q, STM32WB05KZV6TR, STM32WB05KZV7TR, STM32WB05TZF6TR, STM32WB05TZF7TR, STM32WB06CCF6TR, STM32WB06CCF7TR, STM32WB06CCV6TR, STM32WB06CCV7TR, STM32WB06KCV6TR, STM32WB06KCV7TR, STM32WB07CCF6TR, STM32WB07CCF7TR, STM32WB07CCV6TR, STM32WB07CCV7TR, STM32WB07KCV6TR, STM32WB07KCV7TR, STM32WB09KEV6TR, STM32WB09KEV7TR, STM32WB09TEF6TR, STM32WB09TEF7TR, STM32WB1MMCH6, STM32WBA50KGU6, STM32WBA50KGU6TR, STM32WBA52CEU6, STM32WBA52CEU6TR, STM32WBA52CEU7, STM32WBA52CEU7TR, STM32WBA52CGU6, STM32WBA52CGU6TR, STM32WBA52CGU6U, STM32WBA52CGU7, STM32WBA52CGU7TR, STM32WBA52KEU6, STM32WBA52KEU6TR, STM32WBA52KGU6, STM32WBA52KGU6TR, STM32WBA54CEU6, STM32WBA54CEU6TR, STM32WBA54CEU7, STM32WBA54CEU7TR, STM32WBA54CGU6, STM32WBA54CGU6TR, STM32WBA54CGU7, STM32WBA54CGU7TR, STM32WBA54KEU6, STM32WBA54KEU6TR, STM32WBA54KEU7, STM32WBA54KEU7TR, STM32WBA54KGU6, STM32WBA54KGU6TR, STM32WBA54KGU7, STM32WBA54KGU7TR, STM32WBA55CEU6, STM32WBA55CEU6TR, STM32WBA55CEU7, STM32WBA55CEU7TR, STM32WBA55CGU6, STM32WBA55CGU6TR, STM32WBA55CGU6U, STM32WBA55CGU7, STM32WBA55CGU7TR, STM32WBA55G-DK1, STM32WBA55HEF6, STM32WBA55HEF7, STM32WBA55HGF6, STM32WBA55HGF7, STM32WBA55UEI6, STM32WBA55UEI6TR, STM32WBA55UEI7, STM32WBA55UEI7TR, STM32WBA55UGI6, STM32WBA55UGI6TR, STM32WBA55UGI7, STM32WBA55UGI7TR, STM32WBA5MMGH6TR, STM32WBA62MGF6, STM32WBA62MIF6, STM32WBA65MGF7, STM32WBA65MIF6, STM32WBA65MIF7, STM32WL30K8V6, STM32WL30KBV6, STM32WL31C8V6, STM32WL31CBV6, STM32WL31K8V6, STM32WL31KBV6, STM32WL33C8V6, STM32WL33C8V6X, STM32WL33CBV6, STM32WL33CBV6X, STM32WL33CCV6, STM32WL33CCV6A, STM32WL33CCV6X, STM32WL33K8V7, STM32WL33K8V7X, STM32WL33KBV7 , STM32WL33KBV7X, STM32WL33KCV7, STM32WL33KCV7X, STM32WL5MOCH6, STM32WL5MOCH6TR]
2026-01-06 19:05:45,503 [INFO] DbMcus:218 - Found 4876 MCUs, 4876 are supported
2026-01-06 19:05:45,505 [INFO] ApiDb:423 - Load user favorites file /Users/karthikkurapati/.stm32cubeide/favorites.mcus.txt: 1 item(s)
2026-01-06 19:05:45,505 [INFO] ApiDb:427 - User favorites MCUs=[STM32F072CBT7]
2026-01-06 19:05:45,505 [INFO] DbMcus:224 - Set 1 / 1 favorites MCUs
2026-01-06 19:05:45,887 [INFO] ApiDb:668 - CubeFinder database Data Model version=2.1
2026-01-06 19:05:45,888 [INFO] ApiDb:669 - CubeFinder database Configuration version=3.0.39
2026-01-06 19:05:45,888 [INFO] ApiDb:670 - CubeFinder database generation date=2025-12-22 (1766407740)
2026-01-06 19:05:45,888 [INFO] ApiDb:671 - CubeFinder database FW Pack versions=[FP-ATR-ASTRA1_V2.0.0, FP-SNS-FLIGHT1_V5.1.0, FP-SNS-MOTENV1_V5.1.0, FP-SNS-MOTENVWB1_V1.4.0, FP-SNS-SMARTAG2_V1.2.0, FP-SNS-STBOX1_V2.1.0, STM32Cube_FW_C0_V1.4.0, STM32Cube_FW_F4_V1.28.3, STM32Cube_FW_F7_V1.17.4, STM32Cube_FW_G0_V1.6.2, STM32Cube_FW_G4_V1.6.1, STM32Cube_FW_H5_V1.5.1, STM32Cube_FW_H7RS_V1.3.0, STM32Cube_FW_H7_V1.12.1, STM32Cube_FW_L0_V1.12.2, STM32Cube_FW_L4_V1.18.1, STM32Cube_FW_L5_V1.6.0, STM32Cube_FW_N6_V1.3.0, STM32Cube_FW_U0_V1.3.0, STM32Cube_FW_U3_V1.2.1, STM32Cube_FW_U5_V1.8.0, STM32Cube_FW_WB0_V1.4.0, STM32Cube_FW_WBA_V1.8.0, STM32Cube_FW_WB_V1.24.0, STM32Cube_FW_WL3_V1.3.0, STM32Cube_FW_WL_V1.4.0, X-CUBE-ALGOBUILD_V1.4.0, X-CUBE-ALS_V1.0.2, X-CUBE-AZRTOS-F4_V1.1.0, X-CUBE-AZRTOS-F7_V1.1.0, X-CUBE-AZRTOS-G0_V1.1.0, X-CUBE-AZRTOS-G4_V2.0.0, X-CUBE-AZRTOS-H7RS_V1.1.0, X-CUBE-AZRTOS-H7_V3.4.0, X-CUBE-AZRTOS-L4_V2.0.0, X-CUBE-AZRTOS-L5_V2.0.0, X-CUBE-AZRTOS-WB_V2.0.0, X-CUBE-AZRTOS-WL_V2.0.0, X-CUBE-BLE1_V7.1.0, X-CUBE-BLE2_V3.3.0, X-CUBE-BLEMGR_V4.1.0, X-CUBE-EEPRMA1_V5.2.0, X-CUBE-FREERTOS_V1.3.1, X-CUBE-GNSS1_V6.0.0, X-CUBE-MEMS1_V12.0.0, X-CUBE-NFC4_V3.0.0, X-CUBE-NFC7_V2.0.0, X-CUBE-SFXS2LP1_V4.0.0, X-CUBE-ST67W61_V1.1.0, X-CUBE-SUBG2_V5.0.0, X-CUBE-TOF1_V3.4.3]
2026-01-06 19:05:45,923 [INFO] DbBoardsSqlite:226 - include board P-NUCLEO-WB55-NUCLEO as a kit item of type 'Nucleo-64'
2026-01-06 19:05:45,924 [INFO] DbBoardsSqlite:226 - include board P-NUCLEO-WB55-USBDONGLE as a kit item of type 'Nucleo USB Dongle'
2026-01-06 19:05:45,924 [INFO] DbBoardsSqlite:226 - include board STEVAL-IDP005V1 as a kit item of type 'Evaluation Board'
2026-01-06 19:05:45,924 [INFO] DbBoardsSqlite:226 - include board STEVAL-IDP005V2 as a kit item of type 'Evaluation Board'
2026-01-06 19:05:45,959 [INFO] ApiDb:240 - Found 880 in-development CPN: [B-G473E-ZEST1S, B-WB1M-WPAN1, B-WBA5M-WPAN, B-WL5M-SUBG1, NUCLEO-C031C6, NUCLEO-C051C8, NUCLEO-C071RB, NUCLEO-C092RC, NUCLEO-H503RB, NUCLEO-H533RE, NUCLEO-H563ZI, NUCLEO-H7S3L8, NUCLEO-N657X0-Q, NUCLEO-U031R8, NUCLEO-U083RC, NUCLEO-U385RG-Q, NUCLEO-U545RE-Q, NUCLEO-U5A5ZJ-Q, NUCLEO-WB05KZ, NUCLEO-WB07CC, NUCLEO-WB09KE, NUCLEO-WBA52CG, NUCLEO-WBA55CG, NUCLEO-WL33CC1, NUCLEO-WL33CC2, STEVAL-PROTEUS1, STEVAL-SMARTAG2, STEVAL-STWINBX1, STM320518-EVAL, STM32C0116-DK, STM32C011D6Y3TR, STM32C011D6Y6TR, STM32C011F4P3, STM32C011F4P6, STM32C011F4U3, STM32C011F4U6TR, STM32C011F6P3, STM32C011F6P6, STM32C011F6U3, STM32C011F6U6TR, STM32C011J4M3, STM32C011J4M6, STM32C011J6M3, STM32C011J6M6, STM32C0316-DK, STM32C031C4T3, STM32C031C4T6, STM32C031C4U3, STM32C031C4U6, STM32C031C6T3, STM32C031C6T6, STM32C031C6U3, STM32C031C6U6, STM32C031F4P3, STM32C031F4P6, STM32C031F6P3, STM32C031F6P6, STM32C031G4U3, STM32C031G4U6, STM32C031G6U3, STM32C031G6U6, STM32C031K4T3, STM32C031K4T6, STM32C031K4U3, STM32C031K4U6, STM32C031K6T3, STM32C031K6T6, STM32C031K6U3, STM32C031K6U6, STM32C051C6T6, STM32C051C6U6, STM32C051C8T6, STM32C051C8U6, STM32C051D8Y6TR, STM32C051F6P6, STM32C051F8P6, STM32C051G6U6, STM32C051G8U6, STM32C051K6T6, STM32C051K6U6, STM32C051K8T6, STM32C071C8T6, STM32C071C8T6N, STM32C071C8U6, STM32C071C8U6N, STM32C071CBT6, STM32C071CBT6N, STM32C071CBU6, STM32C071CBU6N, STM32C071F8P6, STM32C071F8P6N, STM32C071FBP6, STM32C071FBP6N, STM32C071FBY6TR, STM32C071G8U6, STM32C071G8U6N, STM32C071GBU6, STM32C071GBU6N, STM32C071K8T6, STM32C071K8T6N, STM32C071K8U6, STM32C071K8U6N, STM32C071KBT6, STM32C071KBT6N, STM32C071KBU6, STM32C071KBU6N, STM32C071R8T6, STM32C071R8T6N, STM32C071RBI6N, STM32C071RBT6, STM32C071RBT6N, STM32C091CBT6, STM32C091CBU6, STM32C091CCT6, STM32C091CCU6, STM32C091ECY6TR, STM32C091FBP6, STM32C091FCP6, STM32C091GBU6, STM32C091GCU6, STM32C091KBT6, STM32C091KBU6, STM32C091KCT6, STM32C091KCU6, STM32C091RBT6, STM32C091RCI6, STM32C091RCT6, STM32C092CBT6, STM32C092CBU6, STM32C092CCT6, STM32C092CCU6, STM32C092ECY6TR, STM32C092FBP6, STM32C092FCP6, STM32C092GBU6, STM32C092GCU6, STM32C092KBT6, STM32C092KBU6, STM32C092KCT6, STM32C092KCU6, STM32C092RBT6, STM32C092RCI6, STM32C092RCT6, STM32G071K8TXN, STM32G071K8UXN, STM32G081GBU6N, STM32G081KBT6N, STM32G081KBUXN, STM32G0B1CCT6N, STM32G0B1KCT6, STM32G0B1NEY6TR, STM32G0B1RCT6N, STM32G0C1CCT6, STM32G0C1CCT6N, STM32G0C1CCU6N, STM32G0C1CET6N, STM32G0C1CEU6N, STM32G0C1KCT6, STM32G0C1NEY6TR, STM32G0C1RCI6N, STM32G0C1RCT6N, STM32G0C1REI6N, STM32G0C1RET6N, STM32G0C1VCI6, STM32G0C1VEI6, STM32G411C6T3, STM32G411C6T6, STM32G411C6U3, STM32G411C6U6, STM32G411C8T3, STM32G411C8T6, STM32G411C8U3, STM32G411C8U6, STM32G411CBT3, STM32G411CBT6, STM32G411CBU3, STM32G411CBU6, STM32G411K6T3, STM32G411K6T6, STM32G411K6U3, STM32G411K6U6, STM32G411K8T3, STM32G411K8T6, STM32G411K8U3, STM32G411K8U6, STM32G411KBT3, STM32G411KBT6, STM32G411KBU3, STM32G411KBU6, STM32G411M6T3, STM32G411M6T6, STM32G411M8T3, STM32G411M8T6, STM32G411MBT3, STM32G411MBT6, STM32G411R6T3, STM32G411R6T6, STM32G411R8T3, STM32G411R8T6, STM32G411RBT3, STM32G411RBT6, STM32G414CBT3, STM32G414CBT6, STM32G414CBU3, STM32G414CBU6, STM32G414CCT3, STM32G414CCT6, STM32G414CCU3, STM32G414CCU6, STM32G414MBT3, STM32G414MBT6, STM32G414MCT3, STM32G414MCT6, STM32G414RBT3, STM32G414RBT6, STM32G414RCT3, STM32G414RCT6, STM32G414VBT3, STM32G414VBT6, STM32G414VCT3, STM32G414VCT6, STM32G431CBT3Z, STM32G431RBT3Z, STM32G471CCT6, STM32G471CCU6, STM32G471CET3, STM32G471CET6, STM32G471CEU3, STM32G471CEU6, STM32G471MCT6, STM32G471MET3, STM32G471MET6, STM32G471MEY6TR, STM32G471QCT6, STM32G471QET3, STM32G471RCT6, STM32G471RET3, STM32G471RET6, STM32G471VCH6, STM32G471VCI6, STM32G471VCT6, STM32G471VEH3, STM32G471VEH6, STM32G471VEI3, STM32G471VEI6, STM32G471VET3, STM32G471VET6, STM32G473QET3Z, STM32G473RET3Z, STM32G474CCT6, STM32G491RET3Z, STM32H503CBT6, STM32H503CBU6, STM32H503EBY6TR, STM32H503KBU6, STM32H503RBT6, STM32H523CCT6, STM32H523CCU6, STM32H523CET6, STM32H523CEU6, STM32H523HEY6TR, STM32H523RCT6, STM32H523RET6, STM32H523VCI6, STM32H523VCT6, STM32H523VEI6, STM32H523VET6, STM32H523ZCJ6, STM32H523ZCT6, STM32H523ZEJ6, STM32H523ZET6, STM32H533CET6, STM32H533CEU6, STM32H533HEY6TR, STM32H533RET6, STM32H533VEI6, STM32H533VET6, STM32H533ZEJ6, STM32H533ZET6, STM32H562AGI6, STM32H562AII6, STM32H562IGK6, STM32H562IGT6, STM32H562IIK6, STM32H562IIT6, STM32H562RGT6, STM32H562RGV6, STM32H562RIT6, STM32H562RIV6, STM32H562VGT6, STM32H562VIT6, STM32H562ZGT6, STM32H562ZIT6, STM32H563AGI6, STM32H563AII3Q, STM32H563AII6, STM32H563IGK6, STM32H563IGT6, STM32H563IIK3Q, STM32H563IIK6, STM32H563IIT3Q, STM32H563IIT6, STM32H563MIY3QTR, STM32H563RGT6, STM32H563RGV6, STM32H563RIT6, STM32H563RIV6, STM32H563VGT6, STM32H563VIT3Q, STM32H563VIT6, STM32H563ZGT6, STM32H563ZIT3Q, STM32H563ZIT6, STM32H573AII3Q, STM32H573AII6, STM32H573I-DK, STM32H573IIK3Q, STM32H573IIK6, STM32H573IIT3Q, STM32H573IIT6, STM32H573MIY3QTR, STM32H573RIT6, STM32H573RIV6, STM32H573VIT3Q, STM32H573VIT6, STM32H573ZIT3Q, STM32H573ZIT6, STM32H7R3A8I6, STM32H7R3I8K6, STM32H7R3I8T6, STM32H7R3L8H6, STM32H7R3L8H6H, STM32H7R3R8V6, STM32H7R3V8H6, STM32H7R3V8T6, STM32H7R3V8Y6TR, STM32H7R3Z8J6, STM32H7R3Z8T6, STM32H7R7A8I6, STM32H7R7I8K6, STM32H7R7I8T6, STM32H7R7L8H6, STM32H7R7L8H6H, STM32H7R7Z8J6, STM32H7S3A8I6, STM32H7S3I8K6, STM32H7S3I8T6, STM32H7S3L8H6, STM32H7S3L8H6H, STM32H7S3R8V6, STM32H7S3V8H6, STM32H7S3V8T6, STM32H7S3V8Y6TR, STM32H7S3Z8J6, STM32H7S3Z8T6, STM32H7S78-DK, STM32H7S7A8I6, STM32H7S7I8K6, STM32H7S7I8T6, STM32H7S7L8H6, STM32H7S7L8H6H, STM32H7S7Z8J6, STM32L4R5QGI6STR, STM32MP131AAE3, STM32MP131AAF3, STM32MP131AAG3, STM32MP131CAE3, STM32MP131CAF3, STM32MP131CAG3, STM32MP131DAE7, STM32MP131DAF7, STM32MP131DAG7, STM32MP131FAE7, STM32MP131FAF7, STM32MP131FAG7, STM32MP133AAE3, STM32MP133AAF3, STM32MP133AAG3, STM32MP133CAE3, STM32MP133CAF3, STM32MP133CAG3, STM32MP133DAE7, STM32MP133DAF7, STM32MP133DAG7, STM32MP133FAE7, STM32MP133FAF7, STM32MP133FAG7, STM32MP135AAE3, STM32MP135AAF3, STM32MP135AAG3, STM32MP135CAE3, STM32MP135CAF3, STM32MP135CAG3, STM32MP135DAE7, STM32MP135DAF7, STM32MP135DAG7, STM32MP135F-DK, STM32MP135FAE7, STM32MP135FAF7, STM32MP135FAF7T, STM32MP135FAF7U, STM32MP135FAG7, STM32MP211AAL3, STM32MP211AAM3, STM32MP211AAN3, STM32MP211AAO3, STM32MP211CAL3, STM32MP211CAM3, STM32MP211CAN3, STM32MP211CAO3, STM32MP211DAL3, STM32MP211DAM3, STM32MP211DAN3, STM32MP211DAO3, STM32MP211FAL3, STM32MP211FAM3, STM32MP211FAN3, STM32MP211FAO3, STM32MP213AAL3, STM32MP213AAM3, STM32MP213AAN3, STM32MP213AAO3, STM32MP213CAL3, STM32MP213CAM3, STM32MP213CAN3, STM32MP213CAO3, STM32MP213DAL3, STM32MP213DAM3, STM32MP213DAN3, STM32MP213DAO3, STM32MP213FAL3, STM32MP213FAM3, STM32MP213FAN3, STM32MP213FAO3, STM32MP215AAL3, STM32MP215AAM3, STM32MP215AAN3, STM32MP215AAO3, STM32MP215CAL3, STM32MP215CAM3, STM32MP215CAN3, STM32MP215CAO3, STM32MP215DAL3, STM32MP215DAM3, STM32MP215DAN3, STM32MP215DAO3, STM32MP215F-DK, STM32MP215FAL3, STM32MP215FAM3, STM32MP215FAN3, STM32MP215FAO3, STM32MP231AAJ3, STM32MP231AAK3, STM32MP231AAL3, STM32MP231CAJ3, STM32MP231CAK3, STM32MP231CAL3, STM32MP231DAJ3, STM32MP231DAK3, STM32MP231DAL3, STM32MP231FAJ3, STM32MP231FAK3, STM32MP231FAL3, STM32MP233AAJ3, STM32MP233AAK3, STM32MP233AAL3, STM32MP233CAJ3, STM32MP233CAK3, STM32MP233CAL3, STM32MP233DAJ3, STM32MP233DAK3, STM32MP233DAL3, STM32MP233FAJ3, STM32MP233FAK3, STM32MP233FAL3, STM32MP235AAJ3, STM32MP235AAK3, STM32MP235AAL3, STM32MP235CAJ3, STM32MP235CAK3, STM32MP235CAL3, STM32MP235DAJ3, STM32MP235DAK3, STM32MP235DAL3, STM32MP235FAJ3, STM32MP235FAK3, STM32MP235FAL3, STM32MP251AAI3, STM32MP251AAK3, STM32MP251AAL3, STM32MP251CAI3, STM32MP251CAK3, STM32MP251CAL3, STM32MP251DAI3, STM32MP251DAK3, STM32MP251DAL3, STM32MP251FAI3, STM32MP251FAK3, STM32MP251FAL3, STM32MP253AAI3, STM32MP253AAK3, STM32MP253AAL3, STM32MP253CAI3, STM32MP253CAK3, STM32MP253CAL3, STM32MP253DAI3, STM32MP253DAK3, STM32MP253DAL3, STM32MP253FAI3, STM32MP253FAK3, STM32MP253FAL3, STM32MP255AAI3, STM32MP255AAK3, STM32MP255AAL3, STM32MP255CAI3, STM32MP255CAK3, STM32MP255CAL3, STM32MP255DAI3, STM32MP255DAK3, STM32MP255DAL3, STM32MP255FAI3, STM32MP255FAK3, STM32MP255FAL3, STM32MP257AAI3, STM32MP257AAK3, STM32MP257AAL3, STM32MP257CAI3, STM32MP257CAK3, STM32MP257CAL3, STM32MP257DAI3, STM32MP257DAK3, STM32MP257DAL3, STM32MP257F-DK, STM32MP257F-EV1, STM32MP257FAI3, STM32MP257FAK3, STM32MP257FAL3, STM32N645A0H3Q, STM32N645B0H3Q, STM32N645I0H3Q, STM32N645L0H3Q, STM32N645X0H3Q, STM32N645Z0H3Q, STM32N647A0H3Q, STM32N647B0H3Q, STM32N647I0H3Q, STM32N647L0H3Q, STM32N647X0H3Q, STM32N647Z0H3Q, STM32N655A0H3Q, STM32N655B0H3Q, STM32N655I0H3Q, STM32N655L0H3Q, STM32N655X0H3Q, STM32N655Z0H3Q, STM32N6570-DK, STM32N657A0H3Q, STM32N657B0H3Q, STM32N657I0H3Q, STM32N657L0H3Q, STM32N657X0H3Q, STM32N657Z0H3Q, STM32U031C6T6, STM32U031C6U6, STM32U031C8T6, STM32U031C8U6, STM32U031F4P6, STM32U031F6P6, STM32U031F8P6, STM32U031G6Y6TR, STM32U031G8Y6TR, STM32U031K4U6, STM32U031K6U6, STM32U031K8U6, STM32U031R6I6, STM32U031R6T6, STM32U031R8I6, STM32U031R8T6, STM32U073C8T6, STM32U073C8U6, STM32U073CBT6, STM32U073CBU6, STM32U073CCT6, STM32U073CCU6, STM32U073H8Y6TR, STM32U073HBY6TR, STM32U073HCY6TR, STM32U073K8U6, STM32U073KBU6, STM32U073KCU6, STM32U073M8I6, STM32U073M8T6, STM32U073MBI6, STM32U073MBT6, STM32U073MCI6, STM32U073MCT6, STM32U073R8I6, STM32U073R8T6, STM32U073RBI6, STM32U073RBT6, STM32U073RCI6, STM32U073RCT6, STM32U083C-DK, STM32U083CCT6, STM32U083CCU6, STM32U083HCY6TR, STM32U083KCU6, STM32U083MCI6, STM32U083MCT6, STM32U083RCI6, STM32U083RCT6, STM32U375CET6, STM32U375CET6Q, STM32U375CEU6, STM32U375CEU6Q, STM32U375CEY6QTR, STM32U375CGT6, STM32U375CGT6Q, STM32U375CGU6, STM32U375CGU6Q, STM32U375CGY6QTR, STM32U375KEU6, STM32U375KGU6, STM32U375REI6, STM32U375REI6Q, STM32U375RET6, STM32U375RET6Q, STM32U375REY6GTR, STM32U375REY6QTR, STM32U375RGI6, STM32U375RGI6Q, STM32U375RGT6, STM32U375RGT6Q, STM32U375RGY6GTR, STM32U375RGY6QTR, STM32U375VEI6, STM32U375VEI6Q, STM32U375VET6, STM32U375VET6Q, STM32U375VGI6, STM32U375VGI6Q, STM32U375VGT6, STM32U375VGT6Q, STM32U385CGT6, STM32U385CGT6Q, STM32U385CGU6, STM32U385CGU6Q, STM32U385CGY6QTR, STM32U385KGU6, STM32U385RGI6, STM32U385RGI6Q, STM32U385RGT6, STM32U385RGT6Q, STM32U385RGY6GTR, STM32U385RGY6QTR, STM32U385VGI6, STM32U385VGI6Q, STM32U385VGT6, STM32U385VGT6Q, STM32U535CBT6, STM32U535CBT6Q, STM32U535CBU6, STM32U535CBU6Q, STM32U535CCT6, STM32U535CCT6Q, STM32U535CCU6, STM32U535CCU6Q, STM32U535CET6, STM32U535CET6Q, STM32U535CEU6, STM32U535CEU6Q, STM32U535JEY6QTR, STM32U535NCY6QTR, STM32U535NEY6QTR, STM32U535RBI6, STM32U535RBI6Q, STM32U535RBT6, STM32U535RBT6Q, STM32U535RCI6, STM32U535RCI6Q, STM32U535RCT6, STM32U535RCT6Q, STM32U535REI6, STM32U535REI6Q, STM32U535RET6, STM32U535RET6Q, STM32U535VCI6, STM32U535VCI6Q, STM32U535VCT6, STM32U535VCT6Q, STM32U535VEI6, STM32U535VEI6Q, STM32U535VET6, STM32U535VET6Q, STM32U545CET6, STM32U545CET6Q, STM32U545CEU6, STM32U545CEU6Q, STM32U545JEY6QTR, STM32U545NEY6QTR, STM32U545REI6, STM32U545REI6Q, STM32U545RET6, STM32U545RET6Q, STM32U545VEI6, STM32U545VEI6Q, STM32U545VET6, STM32U545VET6Q, STM32U595AIH6, STM32U595AIH6Q, STM32U595AJH6, STM32U595AJH6Q, STM32U595QII6, STM32U595QII6Q, STM32U595QJI6, STM32U595QJI6Q, STM32U595RIT6, STM32U595RIT6Q, STM32U595RJT6, STM32U595RJT6Q, STM32U595VIT6, STM32U595VIT6Q, STM32U595VJT6, STM32U595VJT6Q, STM32U595ZIT6, STM32U595ZIT6Q, STM32U595ZIY6QTR, STM32U595ZJT6, STM32U595ZJT6Q, STM32U595ZJY6QTR, STM32U599BJY6QTR, STM32U599NIH6Q, STM32U599NJH6Q, STM32U599VIT6Q, STM32U599VJT6, STM32U599VJT6Q, STM32U599ZIT6Q, STM32U599ZIY6QTR, STM32U599ZJT6Q, STM32U599ZJY6QTR, STM32U5A5AJH6, STM32U5A5AJH6Q, STM32U5A5QII3Q , STM32U5A5QJI6, STM32U5A5QJI6Q, STM32U5A5RJT6, STM32U5A5RJT6Q, STM32U5A5VJT6, STM32U5A5VJT6Q, STM32U5A5ZJT6, STM32U5A5ZJT6Q, STM32U5A5ZJY6QTR, STM32U5A9BJY6QTR, STM32U5A9J-DK, STM32U5A9NJH6Q, STM32U5A9VJT6Q, STM32U5A9ZJT6Q, STM32U5A9ZJY6QTR, STM32U5F7VIT6, STM32U5F7VIT6Q, STM32U5F7VJT6, STM32U5F7VJT6Q, STM32U5F9BJY6QTR, STM32U5F9NJH6Q, STM32U5F9VIT6Q, STM32U5F9VJT6Q, STM32U5F9ZIJ6QTR, STM32U5F9ZIT6Q, STM32U5F9ZJJ6QTR, STM32U5F9ZJT6Q, STM32U5G7VJT6, STM32U5G7VJT6Q, STM32U5G9BJY6QTR, STM32U5G9J-DK1, STM32U5G9J-DK2, STM32U5G9NJH6Q, STM32U5G9VJT6Q, STM32U5G9ZJJ6QTR, STM32U5G9ZJT6Q, STM32WB05KZV6TR, STM32WB05KZV7TR, STM32WB05TZF6TR, STM32WB05TZF7TR, STM32WB06CCF6TR, STM32WB06CCF7TR, STM32WB06CCV6TR, STM32WB06CCV7TR, STM32WB06KCV6TR, STM32WB06KCV7TR, STM32WB07CCF6TR, STM32WB07CCF7TR, STM32WB07CCV6TR, STM32WB07CCV7TR, STM32WB07KCV6TR, STM32WB07KCV7TR, STM32WB09KEV6TR, STM32WB09KEV7TR, STM32WB09TEF6TR, STM32WB09TEF7TR, STM32WB1MMCH6, STM32WBA50KGU6, STM32WBA50KGU6TR, STM32WBA52CEU6, STM32WBA52CEU6TR, STM32WBA52CEU7, STM32WBA52CEU7TR, STM32WBA52CGU6, STM32WBA52CGU6TR, STM32WBA52CGU6U, STM32WBA52CGU7, STM32WBA52CGU7TR, STM32WBA52KEU6, STM32WBA52KEU6TR, STM32WBA52KGU6, STM32WBA52KGU6TR, STM32WBA54CEU6, STM32WBA54CEU6TR, STM32WBA54CEU7, STM32WBA54CEU7TR, STM32WBA54CGU6, STM32WBA54CGU6TR, STM32WBA54CGU7, STM32WBA54CGU7TR, STM32WBA54KEU6, STM32WBA54KEU6TR, STM32WBA54KEU7, STM32WBA54KEU7TR, STM32WBA54KGU6, STM32WBA54KGU6TR, STM32WBA54KGU7, STM32WBA54KGU7TR, STM32WBA55CEU6, STM32WBA55CEU6TR, STM32WBA55CEU7, STM32WBA55CEU7TR, STM32WBA55CGU6, STM32WBA55CGU6TR, STM32WBA55CGU6U, STM32WBA55CGU7, STM32WBA55CGU7TR, STM32WBA55G-DK1, STM32WBA55HEF6, STM32WBA55HEF7, STM32WBA55HGF6, STM32WBA55HGF7, STM32WBA55UEI6, STM32WBA55UEI6TR, STM32WBA55UEI7, STM32WBA55UEI7TR, STM32WBA55UGI6, STM32WBA55UGI6TR, STM32WBA55UGI7, STM32WBA55UGI7TR, STM32WBA5MMGH6TR, STM32WBA62MGF6, STM32WBA62MIF6, STM32WBA65MGF7, STM32WBA65MIF6, STM32WBA65MIF7, STM32WL30K8V6, STM32WL30KBV6, STM32WL31C8V6, STM32WL31CBV6, STM32WL31K8V6, STM32WL31KBV6, STM32WL33C8V6, STM32WL33C8V6X, STM32WL33CBV6, STM32WL33CBV6X, STM32WL33CCV6, STM32WL33CCV6A, STM32WL33CCV6X, STM32WL33K8V7, STM32WL33K8V7X, STM32WL33KBV7 , STM32WL33KBV7X, STM32WL33KCV7, STM32WL33KCV7X, STM32WL5MOCH6, STM32WL5MOCH6TR]
2026-01-06 19:05:46,107 [INFO] BoardInfo:889 - No configuration file found for board P-NUCLEO-WB55
2026-01-06 19:05:46,107 [INFO] DbBoards:161 - Kit is not supported: P-NUCLEO-WB55
2026-01-06 19:05:46,112 [INFO] BoardInfo:889 - No configuration file found for board STEVAL-BFA001V1B
2026-01-06 19:05:46,113 [INFO] DbBoards:161 - Kit is not supported: STEVAL-BFA001V1B
2026-01-06 19:05:46,114 [INFO] BoardInfo:889 - No configuration file found for board STEVAL-BFA001V2B
2026-01-06 19:05:46,114 [INFO] DbBoards:161 - Kit is not supported: STEVAL-BFA001V2B
2026-01-06 19:05:46,300 [INFO] DbBoards:168 - Found 212 boards, 209 are supported
2026-01-06 19:05:46,300 [INFO] DbBoards:169 - Found 212 boards, 43 of them is supported for  Bsp
2026-01-06 19:05:46,302 [INFO] ApiDb:414 - User favorites file not found: /Users/karthikkurapati/.stm32cubeide/favorites.boards.txt
2026-01-06 19:05:46,303 [INFO] DbBoards:198 - Set 0 / 0 favorites Boards
2026-01-06 19:05:46,305 [INFO] ApiDb:668 - CubeFinder database Data Model version=2.1
2026-01-06 19:05:46,305 [INFO] ApiDb:669 - CubeFinder database Configuration version=3.0.39
2026-01-06 19:05:46,305 [INFO] ApiDb:670 - CubeFinder database generation date=2025-12-22 (1766407740)
2026-01-06 19:05:46,305 [INFO] ApiDb:671 - CubeFinder database FW Pack versions=[FP-ATR-ASTRA1_V2.0.0, FP-SNS-FLIGHT1_V5.1.0, FP-SNS-MOTENV1_V5.1.0, FP-SNS-MOTENVWB1_V1.4.0, FP-SNS-SMARTAG2_V1.2.0, FP-SNS-STBOX1_V2.1.0, STM32Cube_FW_C0_V1.4.0, STM32Cube_FW_F4_V1.28.3, STM32Cube_FW_F7_V1.17.4, STM32Cube_FW_G0_V1.6.2, STM32Cube_FW_G4_V1.6.1, STM32Cube_FW_H5_V1.5.1, STM32Cube_FW_H7RS_V1.3.0, STM32Cube_FW_H7_V1.12.1, STM32Cube_FW_L0_V1.12.2, STM32Cube_FW_L4_V1.18.1, STM32Cube_FW_L5_V1.6.0, STM32Cube_FW_N6_V1.3.0, STM32Cube_FW_U0_V1.3.0, STM32Cube_FW_U3_V1.2.1, STM32Cube_FW_U5_V1.8.0, STM32Cube_FW_WB0_V1.4.0, STM32Cube_FW_WBA_V1.8.0, STM32Cube_FW_WB_V1.24.0, STM32Cube_FW_WL3_V1.3.0, STM32Cube_FW_WL_V1.4.0, X-CUBE-ALGOBUILD_V1.4.0, X-CUBE-ALS_V1.0.2, X-CUBE-AZRTOS-F4_V1.1.0, X-CUBE-AZRTOS-F7_V1.1.0, X-CUBE-AZRTOS-G0_V1.1.0, X-CUBE-AZRTOS-G4_V2.0.0, X-CUBE-AZRTOS-H7RS_V1.1.0, X-CUBE-AZRTOS-H7_V3.4.0, X-CUBE-AZRTOS-L4_V2.0.0, X-CUBE-AZRTOS-L5_V2.0.0, X-CUBE-AZRTOS-WB_V2.0.0, X-CUBE-AZRTOS-WL_V2.0.0, X-CUBE-BLE1_V7.1.0, X-CUBE-BLE2_V3.3.0, X-CUBE-BLEMGR_V4.1.0, X-CUBE-EEPRMA1_V5.2.0, X-CUBE-FREERTOS_V1.3.1, X-CUBE-GNSS1_V6.0.0, X-CUBE-MEMS1_V12.0.0, X-CUBE-NFC4_V3.0.0, X-CUBE-NFC7_V2.0.0, X-CUBE-SFXS2LP1_V4.0.0, X-CUBE-ST67W61_V1.1.0, X-CUBE-SUBG2_V5.0.0, X-CUBE-TOF1_V3.4.3]
2026-01-06 19:05:46,792 [ERROR] DbExamplesSqlite:437 - Missing JSON key: board_cpn
2026-01-06 19:05:46,792 [ERROR] DbExamplesSqlite:437 - Missing JSON key: board_cpn
2026-01-06 19:05:46,792 [ERROR] DbExamplesSqlite:437 - Missing JSON key: board_cpn
2026-01-06 19:05:46,792 [ERROR] DbExamplesSqlite:437 - Missing JSON key: board_cpn
2026-01-06 19:05:47,012 [ERROR] DbExamplesSqlite:437 - Missing JSON key: board_cpn
2026-01-06 19:05:47,012 [ERROR] DbExamplesSqlite:437 - Missing JSON key: board_cpn
2026-01-06 19:05:47,022 [INFO] DbExamplesSqlite:395 - Ignored 42 examples not supported by CubeIDE
2026-01-06 19:05:47,022 [INFO] DbExamplesSqlite:396 - Found 10819 examples active
2026-01-06 19:05:47,022 [INFO] DbExamplesSqlite:397 - Found 0 examples obsolete
2026-01-06 19:05:47,022 [INFO] DbExamplesSqlite:398 - Found 0 examples under development
2026-01-06 19:05:47,023 [INFO] DbExamplesSqlite:399 - Found 85 examples not building
2026-01-06 19:05:47,025 [INFO] DbExamples:125 - Found 10862 examples
2026-01-06 19:05:47,065 [ERROR] DbExamples:208 - Found 73 examples with invalid data (board or MCU)
2026-01-06 19:05:47,065 [INFO] DbExamples:222 - Found 134 boards with related examples
2026-01-06 19:05:47,066 [INFO] DbExamples:235 - Found 111 MCUs with related examples
2026-01-06 19:05:47,088 [INFO] ApiDb:414 - User favorites file not found: /Users/karthikkurapati/.stm32cubeide/favorites.examples.txt
2026-01-06 19:05:47,088 [INFO] DbExamples:250 - Set 0 / 0 favorites Examples
2026-01-06 19:05:47,367 [INFO] McuFinderGlobals:76 - Set McuFinderConnectedMode to true
2026-01-06 19:05:47,374 [INFO] MultiScanPanel:200 - Auto-refresh data requested => check proxy status ongoing
2026-01-06 19:05:47,377 [INFO] FinderPluginLoader:96 - Searching for filters in installed packs
2026-01-06 19:05:48,589 [INFO] LoadUrlFilesThread:185 - End of LoadServerUrlFiles without Thread
2026-01-06 19:05:48,596 [INFO] DetailPanel:341 - Set advertising image to /Users/karthikkurapati/STM32Cube/Repository//en.prom-st67w-expansion-board.png
2026-01-06 19:06:15,929 [INFO] MainUpdater:2872 - connection check result : 10
2026-01-06 19:06:15,929 [INFO] MainUpdater:2872 - connection check result : 10
2026-01-06 19:06:16,256 [INFO] MicroXplorer:468 - Change Database Path : 
2026-01-06 19:06:16,256 [INFO] MicroXplorer:498 - Change Database Version : DB.6.0.150
2026-01-06 19:06:16,261 [WARN] ThirdParty:871 - waiting for thirdparty lock release [close project]
2026-01-06 19:06:16,261 [INFO] ThirdParty:873 - entering critical section [close project]
2026-01-06 19:06:16,262 [INFO] ThirdParty:883 - exiting critical section [close project]
2026-01-06 19:06:16,264 [INFO] PinOutPanel:1589 - setPackage(No Configuration,No Configuration)
2026-01-06 19:06:16,265 [INFO] UtilMem:75 - Begin LoadConfig() Used Memory: 505229960 Bytes (916455424)
2026-01-06 19:06:16,266 [INFO] MicroXplorer:468 - Change Database Path : 
2026-01-06 19:06:16,266 [INFO] MicroXplorer:498 - Change Database Version : DB.6.0.150
2026-01-06 19:06:16,266 [INFO] OpenFileManager:355 - Change cursor
2026-01-06 19:06:16,285 [INFO] Mcu:2029 - Initializing MCU STM32L431C(B-C)Tx STM32L431CBTx STM32L431CBT6
2026-01-06 19:06:17,205 [INFO] Context:786 - Trying to add GPIOservice into a context  which must be forbidden
2026-01-06 19:06:17,608 [INFO] ImportTextPane:234 - (OptionalMessage_ERROR) Pin29 (VP_RIF_VS_RIF1) cannot be retrieved for this MCU
2026-01-06 19:06:17,803 [INFO] RtosManager:558 - Registered RTOS mode: class=CMSIS, group=RTOS, mode=CMSIS_V1, owner=FREERTOS
2026-01-06 19:06:17,804 [INFO] RtosManager:558 - Registered RTOS mode: class=CMSIS, group=RTOS2, mode=CMSIS_V2, owner=FREERTOS
2026-01-06 19:06:17,804 [INFO] RtosManager:558 - Registered RTOS mode: class=RTOS, group=Core, mode=CMSIS_V1, owner=FREERTOS
2026-01-06 19:06:17,804 [INFO] RtosManager:558 - Registered RTOS mode: class=RTOS, group=Core, mode=CMSIS_V2, owner=FREERTOS
2026-01-06 19:06:17,804 [WARN] ModelIntegratedComponent:184 - Missing modes for component STMicroelectronics:FreeRTOS:0.0.1:STMicroelectronics:RTOS:FreeRTOS:Core:::10.2.0:
2026-01-06 19:06:17,825 [WARN] ModelIntegratedComponent:63 - No mode defined for component null
2026-01-06 19:06:17,825 [WARN] ModelIntegratedComponent:63 - No mode defined for component null
2026-01-06 19:06:17,825 [WARN] ModelIntegratedComponent:63 - No mode defined for component null
2026-01-06 19:06:17,825 [WARN] ModelIntegratedComponent:63 - No mode defined for component null
2026-01-06 19:06:17,825 [WARN] ModelIntegratedComponent:63 - No mode defined for component null
2026-01-06 19:06:17,825 [WARN] ModelIntegratedComponent:63 - No mode defined for component null
2026-01-06 19:06:17,825 [WARN] ModelIntegratedComponent:63 - No mode defined for component null
2026-01-06 19:06:17,825 [WARN] ModelIntegratedComponent:63 - No mode defined for component null
2026-01-06 19:06:17,825 [WARN] ModelIntegratedComponent:63 - No mode defined for component null
2026-01-06 19:06:17,825 [WARN] ModelIntegratedComponent:63 - No mode defined for component null
2026-01-06 19:06:17,825 [WARN] ModelIntegratedComponent:63 - No mode defined for component null
2026-01-06 19:06:17,825 [WARN] ModelIntegratedComponent:63 - No mode defined for component null
2026-01-06 19:06:17,825 [WARN] ModelIntegratedComponent:63 - No mode defined for component null
2026-01-06 19:06:17,825 [WARN] ModelIntegratedComponent:63 - No mode defined for component null
2026-01-06 19:06:17,825 [WARN] ModelIntegratedComponent:63 - No mode defined for component null
2026-01-06 19:06:17,825 [WARN] ModelIntegratedComponent:63 - No mode defined for component null
2026-01-06 19:06:17,825 [WARN] ModelIntegratedComponent:63 - No mode defined for component null
2026-01-06 19:06:17,825 [WARN] ModelIntegratedComponent:63 - No mode defined for component null
2026-01-06 19:06:17,826 [WARN] ModelIntegratedComponent:63 - No mode defined for component null
2026-01-06 19:06:17,826 [WARN] ModelIntegratedComponent:63 - No mode defined for component null
2026-01-06 19:06:17,826 [WARN] ModelIntegratedComponent:63 - No mode defined for component null
2026-01-06 19:06:17,826 [WARN] ModelIntegratedComponent:63 - No mode defined for component null
2026-01-06 19:06:17,826 [WARN] ModelIntegratedComponent:63 - No mode defined for component null
2026-01-06 19:06:17,826 [WARN] ModelIntegratedComponent:63 - No mode defined for component null
2026-01-06 19:06:17,826 [WARN] ModelIntegratedComponent:63 - No mode defined for component null
2026-01-06 19:06:17,826 [WARN] ModelIntegratedComponent:63 - No mode defined for component null
2026-01-06 19:06:17,826 [WARN] ModelIntegratedComponent:63 - No mode defined for component null
2026-01-06 19:06:17,826 [WARN] ModelIntegratedComponent:63 - No mode defined for component null
2026-01-06 19:06:17,826 [WARN] ModelIntegratedComponent:63 - No mode defined for component null
2026-01-06 19:06:17,826 [WARN] ModelIntegratedComponent:63 - No mode defined for component null
2026-01-06 19:06:17,826 [WARN] ModelIntegratedComponent:63 - No mode defined for component null
2026-01-06 19:06:17,826 [WARN] ModelIntegratedComponent:63 - No mode defined for component null
2026-01-06 19:06:17,826 [WARN] ModelIntegratedComponent:63 - No mode defined for component null
2026-01-06 19:06:17,826 [WARN] ModelIntegratedComponent:63 - No mode defined for component null
2026-01-06 19:06:17,826 [WARN] ModelIntegratedComponent:63 - No mode defined for component null
2026-01-06 19:06:17,827 [WARN] ModelPack:524 - Component already loaded: STMicroelectronics:HAL Drivers:0.0.0:STMicroelectronics:Device:STMicro_Driver:XSPI:HAL::0.0.1:HAL_XSPI
2026-01-06 19:06:17,879 [INFO] ThirdPartyModel:298 - Start build external matchings
2026-01-06 19:06:18,479 [INFO] ThirdPartyModel:316 - End build external matchings
2026-01-06 19:06:18,498 [INFO] ImportTextPane:234 - (OptionalMessage_ERROR) IP (ADC1) : Parameter (CommonPathInternal) has invalid value (null|null|null|null)
2026-01-06 19:06:18,499 [INFO] ImportTextPane:234 - (OptionalMessage_ERROR) IP (DMA) : Parameter (Instance) has Id (ADC1) currently not set
2026-01-06 19:06:18,499 [INFO] ImportTextPane:234 - (OptionalMessage_ERROR) IP (DMA) : Parameter (Request) has Id (ADC1) currently not set
2026-01-06 19:06:18,499 [INFO] ImportTextPane:234 - (OptionalMessage_ERROR) IP (DMA) : Parameter (Direction) has Id (ADC1) currently not set
2026-01-06 19:06:18,499 [INFO] ImportTextPane:234 - (OptionalMessage_ERROR) IP (DMA) : Parameter (PeriphInc) has Id (ADC1) currently not set
2026-01-06 19:06:18,499 [INFO] ImportTextPane:234 - (OptionalMessage_ERROR) IP (DMA) : Parameter (MemInc) has Id (ADC1) currently not set
2026-01-06 19:06:18,500 [INFO] ImportTextPane:234 - (OptionalMessage_ERROR) IP (DMA) : Parameter (PeriphDataAlignment) has Id (ADC1) currently not set
2026-01-06 19:06:18,500 [INFO] ImportTextPane:234 - (OptionalMessage_ERROR) IP (DMA) : Parameter (MemDataAlignment) has Id (ADC1) currently not set
2026-01-06 19:06:18,500 [INFO] ImportTextPane:234 - (OptionalMessage_ERROR) IP (DMA) : Parameter (Mode) has Id (ADC1) currently not set
2026-01-06 19:06:18,500 [INFO] ImportTextPane:234 - (OptionalMessage_ERROR) IP (DMA) : Parameter (Priority) has Id (ADC1) currently not set
2026-01-06 19:06:18,503 [INFO] ImportTextPane:234 - (OptionalMessage_ERROR) IP (RCC) : Invalid parameter (FamilyName)
2026-01-06 19:06:18,652 [INFO] UtilMem:75 - End LoadConfig() Used Memory: 631504704 Bytes (1073741824)
2026-01-06 19:06:18,826 [WARN] ThirdParty:833 - waiting for thirdparty lock release [change project]
2026-01-06 19:06:18,827 [INFO] ThirdParty:835 - entering critical section [change project]
2026-01-06 19:06:18,828 [INFO] ThirdParty:1030 - CMSIS Pack Vendor :STMicroelectronics X-CUBE-PM33A1 1.0.0
2026-01-06 19:06:18,828 [INFO] ThirdParty:1030 - CMSIS Pack Vendor :STMicroelectronics USBPD 4.1
2026-01-06 19:06:18,828 [INFO] ThirdParty:1030 - CMSIS Pack Vendor :STMicroelectronics X-CUBE-NFC9 1.0.0
2026-01-06 19:06:18,828 [INFO] ThirdParty:1030 - CMSIS Pack Vendor :STMicroelectronics USB_HOST 2.0.0
2026-01-06 19:06:18,828 [INFO] ThirdParty:1030 - CMSIS Pack Vendor :STMicroelectronics FP-SNS-MOTENVWB1 1.4.0
2026-01-06 19:06:18,828 [INFO] ThirdParty:1030 - CMSIS Pack Vendor :STMicroelectronics X-CUBE-AZRTOS-F4 1.1.0
2026-01-06 19:06:18,828 [INFO] ThirdParty:1030 - CMSIS Pack Vendor :STMicroelectronics LIBJPEG 8.0.0
2026-01-06 19:06:18,828 [INFO] ThirdParty:1030 - CMSIS Pack Vendor :STMicroelectronics FP-ATR-ASTRA1 2.0.2
2026-01-06 19:06:18,828 [INFO] ThirdParty:1030 - CMSIS Pack Vendor :STMicroelectronics X-CUBE-BLE1 7.1.0
2026-01-06 19:06:18,828 [INFO] ThirdParty:1030 - CMSIS Pack Vendor :STMicroelectronics X-CUBE-SMBUS 2.1.0
2026-01-06 19:06:18,828 [INFO] ThirdParty:1030 - CMSIS Pack Vendor :wolfSSL I-CUBE-wolfMQTT 1.19.2
2026-01-06 19:06:18,828 [INFO] ThirdParty:1030 - CMSIS Pack Vendor :STMicroelectronics USB_DEVICE 3.0.0
2026-01-06 19:06:18,828 [INFO] ThirdParty:1030 - CMSIS Pack Vendor :STMicroelectronics X-CUBE-ISPU 2.1.0
2026-01-06 19:06:18,828 [INFO] ThirdParty:1030 - CMSIS Pack Vendor :STMicroelectronics X-CUBE-FREERTOS 1.4.0
2026-01-06 19:06:18,828 [INFO] ThirdParty:1030 - CMSIS Pack Vendor :STMicroelectronics X-CUBE-EEPRMA1 5.2.0
2026-01-06 19:06:18,829 [INFO] ThirdParty:1030 - CMSIS Pack Vendor :STMicroelectronics X-CUBE-IPS 3.2.0
2026-01-06 19:06:18,829 [INFO] ThirdParty:1030 - CMSIS Pack Vendor :STMicroelectronics X-CUBE-BLEMGR 4.1.0
2026-01-06 19:06:18,829 [INFO] ThirdParty:1030 - CMSIS Pack Vendor :STMicroelectronics X-CUBE-AZRTOS-WB 2.0.0
2026-01-06 19:06:18,829 [INFO] ThirdParty:1030 - CMSIS Pack Vendor :wolfSSL I-CUBE-wolfSSL 5.8.4
2026-01-06 19:06:18,829 [INFO] ThirdParty:1030 - CMSIS Pack Vendor :Cesanta I-CUBE-Mongoose 7.20.0
2026-01-06 19:06:18,829 [INFO] ThirdParty:1030 - CMSIS Pack Vendor :STMicroelectronics X-CUBE-NFC12 1.0.0
2026-01-06 19:06:18,829 [INFO] ThirdParty:1030 - CMSIS Pack Vendor :STMicroelectronics X-CUBE-AZRTOS-F7 1.1.0
2026-01-06 19:06:18,829 [INFO] ThirdParty:1030 - CMSIS Pack Vendor :STMicroelectronics X-CUBE-AZRTOS-L5 2.0.0
2026-01-06 19:06:18,829 [INFO] ThirdParty:1030 - CMSIS Pack Vendor :STMicroelectronics USB_DEVICE 2.0.0
2026-01-06 19:06:18,829 [INFO] ThirdParty:1030 - CMSIS Pack Vendor :STMicroelectronics X-CUBE-NFC6 3.1.0
2026-01-06 19:06:18,829 [INFO] ThirdParty:1030 - CMSIS Pack Vendor :STMicroelectronics X-CUBE-ST67W61 1.1.0
2026-01-06 19:06:18,829 [INFO] ThirdParty:1030 - CMSIS Pack Vendor :quantropi X-CUBE-qispace-sdk-base 2.1.0
2026-01-06 19:06:18,829 [INFO] ThirdParty:1030 - CMSIS Pack Vendor :STMicroelectronics X-CUBE-MEMS1 12.0.0
2026-01-06 19:06:18,829 [INFO] ThirdParty:1030 - CMSIS Pack Vendor :STMicroelectronics FP-SNS-MOTENV1 5.1.0
2026-01-06 19:06:18,829 [INFO] ThirdParty:1030 - CMSIS Pack Vendor :STMicroelectronics FreeRTOS 0.0.1
2026-01-06 19:06:18,829 [INFO] ThirdParty:1030 - CMSIS Pack Vendor :STMicroelectronics X-CUBE-AZRTOS-G0 1.1.0
2026-01-06 19:06:18,829 [INFO] ThirdParty:1030 - CMSIS Pack Vendor :STMicroelectronics X-CUBE-NFC4 3.0.0
2026-01-06 19:06:18,829 [INFO] ThirdParty:1030 - CMSIS Pack Vendor :STMicroelectronics X-CUBE-SUBG2 5.0.0
2026-01-06 19:06:18,830 [INFO] ThirdParty:1030 - CMSIS Pack Vendor :STMicroelectronics STM32_WPAN 1.0.0
2026-01-06 19:06:18,830 [INFO] ThirdParty:1030 - CMSIS Pack Vendor :EmbeddedOffice I-CUBE-FS-RTOS 1.0.1
2026-01-06 19:06:18,830 [INFO] ThirdParty:1030 - CMSIS Pack Vendor :STMicroelectronics lwIP 2.0.3
2026-01-06 19:06:18,830 [INFO] ThirdParty:1030 - CMSIS Pack Vendor :WES I-CUBE-Cesium 1.4.0
2026-01-06 19:06:18,830 [INFO] ThirdParty:1030 - CMSIS Pack Vendor :STMicroelectronics USB_HOST 1.0.0
2026-01-06 19:06:18,830 [INFO] ThirdParty:1030 - CMSIS Pack Vendor :STMicroelectronics X-CUBE-AZRTOS-G4 2.0.0
2026-01-06 19:06:18,830 [INFO] ThirdParty:1030 - CMSIS Pack Vendor :STMicroelectronics X-CUBE-WB05N 2.0.0
2026-01-06 19:06:18,830 [INFO] ThirdParty:1030 - CMSIS Pack Vendor :STMicroelectronics PDM2PCM 3.1.0
2026-01-06 19:06:18,830 [INFO] ThirdParty:1030 - CMSIS Pack Vendor :STMicroelectronics PDM2PCM 3.3.0
2026-01-06 19:06:18,830 [INFO] ThirdParty:1030 - CMSIS Pack Vendor :wolfSSL I-CUBE-wolfTPM 3.8.0
2026-01-06 19:06:18,830 [INFO] ThirdParty:1030 - CMSIS Pack Vendor :STMicroelectronics X-CUBE-AZRTOS-H7 3.4.0
2026-01-06 19:06:18,830 [INFO] ThirdParty:1030 - CMSIS Pack Vendor :STMicroelectronics X-CUBE-DISPLAY 3.0.0
2026-01-06 19:06:18,830 [INFO] ThirdParty:1030 - CMSIS Pack Vendor :wolfSSL I-CUBE-wolfSSH 1.4.20
2026-01-06 19:06:18,830 [INFO] ThirdParty:1030 - CMSIS Pack Vendor :STMicroelectronics X-CUBE-NFC7 2.0.0
2026-01-06 19:06:18,830 [INFO] ThirdParty:1030 - CMSIS Pack Vendor :STMicroelectronics X-CUBE-TCPP 4.2.0
2026-01-06 19:06:18,830 [INFO] ThirdParty:1030 - CMSIS Pack Vendor :RealThread X-CUBE-RT-Thread_Nano 4.1.1
2026-01-06 19:06:18,830 [INFO] ThirdParty:1030 - CMSIS Pack Vendor :STMicroelectronics FP-ATR-SIGFOX1 3.2.0
2026-01-06 19:06:18,831 [INFO] ThirdParty:1030 - CMSIS Pack Vendor :STMicroelectronics X-CUBE-NFC10 1.0.0
2026-01-06 19:06:18,831 [INFO] ThirdParty:1030 - CMSIS Pack Vendor :STMicroelectronics HAL Drivers 0.0.0
2026-01-06 19:06:18,831 [INFO] ThirdParty:1030 - CMSIS Pack Vendor :STMicroelectronics MBEDTLS 2.16.2
2026-01-06 19:06:18,831 [INFO] ThirdParty:1030 - CMSIS Pack Vendor :STMicroelectronics X-CUBE-ST60 1.1.0
2026-01-06 19:06:18,831 [INFO] ThirdParty:1030 - CMSIS Pack Vendor :STMicroelectronics X-CUBE-ALS 1.0.2
2026-01-06 19:06:18,831 [INFO] ThirdParty:1030 - CMSIS Pack Vendor :emotas I-CUBE-CANOPEN 1.3.0
2026-01-06 19:06:18,831 [INFO] ThirdParty:1030 - CMSIS Pack Vendor :STMicroelectronics MBEDTLS 2.14.1
2026-01-06 19:06:18,831 [INFO] ThirdParty:1030 - CMSIS Pack Vendor :STMicroelectronics X-CUBE-GNSS1 7.1.0
2026-01-06 19:06:18,831 [INFO] ThirdParty:1030 - CMSIS Pack Vendor :ITTIA_DB I-CUBE-ITTIADB 8.9.0
2026-01-06 19:06:18,831 [INFO] ThirdParty:1030 - CMSIS Pack Vendor :STMicroelectronics X-CUBE-TOUCHGFX 4.26.0
2026-01-06 19:06:18,831 [INFO] ThirdParty:1030 - CMSIS Pack Vendor :STMicroelectronics X-CUBE-STSE01 1.0.0
2026-01-06 19:06:18,832 [INFO] ThirdParty:1030 - CMSIS Pack Vendor :STMicroelectronics FP-SNS-STBOX1 2.1.0
2026-01-06 19:06:18,832 [INFO] ThirdParty:1030 - CMSIS Pack Vendor :STMicroelectronics X-CUBE-AI 10.2.0
2026-01-06 19:06:18,832 [INFO] ThirdParty:1030 - CMSIS Pack Vendor :STMicroelectronics FP-SNS-STAIOTCFT 1.0.0
2026-01-06 19:06:18,832 [INFO] ThirdParty:1030 - CMSIS Pack Vendor :STMicroelectronics ThreadX 1.0.0
2026-01-06 19:06:18,832 [INFO] ThirdParty:1030 - CMSIS Pack Vendor :STMicroelectronics FP-SNS-SMARTAG2 1.2.0
2026-01-06 19:06:18,832 [INFO] ThirdParty:1030 - CMSIS Pack Vendor :STMicroelectronics FP-SNS-FLIGHT1 5.1.0
2026-01-06 19:06:18,832 [INFO] ThirdParty:1030 - CMSIS Pack Vendor :STMicroelectronics X-CUBE-AZRTOS-WL 2.0.0
2026-01-06 19:06:18,832 [INFO] ThirdParty:1030 - CMSIS Pack Vendor :SEGGER I-CUBE-embOS 1.3.1
2026-01-06 19:06:18,832 [INFO] ThirdParty:1030 - CMSIS Pack Vendor :STMicroelectronics X-CUBE-ALGOBUILD 1.4.0
2026-01-06 19:06:18,832 [INFO] ThirdParty:1030 - CMSIS Pack Vendor :STMicroelectronics X-CUBE-DPower 1.3.0
2026-01-06 19:06:18,832 [INFO] ThirdParty:1030 - CMSIS Pack Vendor :STMicroelectronics USB_DEVICE 1.0.0
2026-01-06 19:06:18,832 [INFO] ThirdParty:1030 - CMSIS Pack Vendor :STMicroelectronics X-CUBE-AZRTOS-H7RS 1.2.0
2026-01-06 19:06:18,832 [INFO] ThirdParty:1030 - CMSIS Pack Vendor :STMicroelectronics X-CUBE-AZRTOS-L4 2.0.0
2026-01-06 19:06:18,832 [INFO] ThirdParty:1030 - CMSIS Pack Vendor :STMicroelectronics ThreadX 0.0.2
2026-01-06 19:06:18,832 [INFO] ThirdParty:1030 - CMSIS Pack Vendor :STMicroelectronics lwIP 2.1.2
2026-01-06 19:06:18,832 [INFO] ThirdParty:1030 - CMSIS Pack Vendor :STMicroelectronics X-CUBE-SFXS2LP1 4.0.0
2026-01-06 19:06:18,832 [INFO] ThirdParty:1030 - CMSIS Pack Vendor :STMicroelectronics X-CUBE-BLE2 3.3.0
2026-01-06 19:06:18,833 [INFO] ThirdParty:1030 - CMSIS Pack Vendor :Avnet-IOTCONNECT X-CUBE-iotc-st67-sdk 1.0.0
2026-01-06 19:06:18,833 [INFO] ThirdParty:1030 - CMSIS Pack Vendor :STMicroelectronics X-CUBE-TOF1 3.4.3
2026-01-06 19:06:18,833 [INFO] ThirdParty:1030 - CMSIS Pack Vendor :Infineon AIROC-Wi-Fi-Bluetooth-STM32 1.8.0
2026-01-06 19:06:18,833 [INFO] ThirdParty:1030 - CMSIS Pack Vendor :STMicroelectronics PDM2PCM 3.2.0
2026-01-06 19:06:18,833 [INFO] ThirdParty:841 - exiting critical section [change project]
2026-01-06 19:06:19,088 [INFO] PinOutPanel:1589 - setPackage(No Configuration,No Configuration)
2026-01-06 19:06:19,089 [INFO] PinOutPanel:1589 - setPackage(STM32L431CBTx,LQFP48)
2026-01-06 19:06:19,599 [INFO] UtilMem:75 - Before build in PCC Used Memory: 879023712 Bytes (1073741824)
2026-01-06 19:06:20,309 [INFO] UtilMem:75 - After build in PCC Used Memory: 759165096 Bytes (1073741824)
2026-01-06 19:06:20,333 [INFO] IPUIPlugin:80 - create IPUIPlugin
2026-01-06 19:06:20,333 [INFO] IPUIPlugin:80 - create IPUIPlugin
2026-01-06 19:06:20,333 [INFO] IPUIPlugin:80 - create IPUIPlugin
2026-01-06 19:06:20,333 [INFO] IPUIPlugin:80 - create IPUIPlugin
2026-01-06 19:06:20,333 [INFO] IPUIPlugin:80 - create IPUIPlugin
2026-01-06 19:06:20,333 [INFO] IPUIPlugin:80 - create IPUIPlugin
2026-01-06 19:06:20,333 [INFO] IPUIPlugin:80 - create IPUIPlugin
2026-01-06 19:06:20,333 [INFO] IPUIPlugin:80 - create IPUIPlugin
2026-01-06 19:06:20,333 [INFO] IPUIPlugin:80 - create IPUIPlugin
2026-01-06 19:06:20,334 [INFO] IPUIPlugin:80 - create IPUIPlugin
2026-01-06 19:06:20,334 [INFO] IPUIPlugin:80 - create IPUIPlugin
2026-01-06 19:06:20,334 [INFO] IPUIPlugin:80 - create IPUIPlugin
2026-01-06 19:06:20,334 [INFO] IPUIPlugin:80 - create IPUIPlugin
2026-01-06 19:06:20,334 [INFO] IPUIPlugin:80 - create IPUIPlugin
2026-01-06 19:06:20,334 [INFO] IPUIPlugin:80 - create IPUIPlugin
2026-01-06 19:06:20,334 [INFO] IPUIPlugin:80 - create IPUIPlugin
2026-01-06 19:06:20,335 [INFO] IPUIPlugin:80 - create IPUIPlugin
2026-01-06 19:06:20,335 [INFO] IPUIPlugin:80 - create IPUIPlugin
2026-01-06 19:06:20,335 [INFO] IPUIPlugin:80 - create IPUIPlugin
2026-01-06 19:06:20,335 [INFO] IPUIPlugin:80 - create IPUIPlugin
2026-01-06 19:06:20,335 [INFO] IPUIPlugin:80 - create IPUIPlugin
2026-01-06 19:06:20,335 [INFO] IPUIPlugin:80 - create IPUIPlugin
2026-01-06 19:06:20,335 [INFO] IPUIPlugin:80 - create IPUIPlugin
2026-01-06 19:06:20,335 [INFO] IPUIPlugin:80 - create IPUIPlugin
2026-01-06 19:06:20,335 [INFO] IPUIPlugin:80 - create IPUIPlugin
2026-01-06 19:06:20,336 [INFO] IPUIPlugin:80 - create IPUIPlugin
2026-01-06 19:06:20,336 [INFO] IPUIPlugin:80 - create IPUIPlugin
2026-01-06 19:06:20,336 [INFO] IPUIPlugin:80 - create IPUIPlugin
2026-01-06 19:06:20,336 [INFO] IPUIPlugin:80 - create IPUIPlugin
2026-01-06 19:06:20,336 [INFO] IPUIPlugin:80 - create IPUIPlugin
2026-01-06 19:06:20,336 [INFO] IPUIPlugin:80 - create IPUIPlugin
2026-01-06 19:06:20,336 [INFO] IPUIPlugin:80 - create IPUIPlugin
2026-01-06 19:06:20,336 [INFO] IPUIPlugin:80 - create IPUIPlugin
2026-01-06 19:06:20,336 [INFO] IPUIPlugin:80 - create IPUIPlugin
2026-01-06 19:06:20,336 [INFO] IPUIPlugin:80 - create IPUIPlugin
2026-01-06 19:06:20,337 [INFO] IPUIPlugin:80 - create IPUIPlugin
2026-01-06 19:06:20,337 [INFO] IPUIPlugin:80 - create IPUIPlugin
2026-01-06 19:06:20,337 [INFO] IPUIPlugin:80 - create IPUIPlugin
2026-01-06 19:06:20,337 [INFO] IPUIPlugin:80 - create IPUIPlugin
2026-01-06 19:06:20,337 [INFO] IPUIPlugin:80 - create IPUIPlugin
2026-01-06 19:06:20,337 [INFO] IPUIPlugin:80 - create IPUIPlugin
2026-01-06 19:06:20,338 [INFO] IPUIPlugin:80 - create IPUIPlugin
2026-01-06 19:06:20,349 [INFO] Can:71 - Can Add PropertyChangeListener com.st.microxplorer.plugins.ip.can.Can@759cf79c
2026-01-06 19:06:20,491 [INFO] CADModel:165 - CPN selected for project levelSTM32L431CBT6
2026-01-06 19:06:20,491 [INFO] CADModel:114 - Register for checkConnection events
2026-01-06 19:06:20,531 [INFO] OpenFileManager:386 - Restore cursor
2026-01-06 19:06:20,962 [INFO] UtilMem:75 - End SaveConfig() Used Memory: 544460736 Bytes (1073741824)
2026-01-06 19:06:24,130 [INFO] McuFinderGlobals:76 - Set McuFinderConnectedMode to true
2026-01-06 19:06:24,227 [INFO] ApiDb:448 - Save user favorites file /Users/karthikkurapati/.stm32cubeide/favorites.mcus.txt: 1 item(s)
2026-01-06 19:06:24,227 [INFO] ApiDb:452 - User favorites MCUs=[STM32F072CBT7]
2026-01-06 19:08:12,930 [INFO] I2cTimingTraitement:330 - 0x10D19CE4
2026-01-06 19:17:55,304 [INFO] I2cTimingTraitement:330 - 0x10D19CE4
2026-01-06 19:18:14,216 [ERROR] LogOutputStream:75 - [STDERR_REDIRECT] 
2026-01-06 19:18:26,882 [INFO] Activator:176 - 


2026-01-06 19:18:26,884 [INFO] Activator:177 - !SESSION log4j initialized
2026-01-06 19:18:27,502 [INFO] LogOutputStream:77 - [STDOUT_REDIRECT] 
2026-01-06 19:18:27,548 [ERROR] ApiDbMcu:1760 - Can't use Application install path:
2026-01-06 19:18:27,550 [WARN] RulesReader:66 - Compatibility file://mcu/compatibility.xml not found
2026-01-06 19:18:28,142 [ERROR] LogOutputStream:75 - [STDERR_REDIRECT] 
2026-01-06 19:18:29,575 [INFO] LogOutputStream:77 - [STDOUT_REDIRECT] 
2026-01-06 19:18:30,897 [INFO] ApplicationProperties:184 - Using Application install path: /Applications/STM32CubeIDE.app/Contents/Eclipse/plugins/com.st.stm32cube.common.mx_6.15.0.202507011659
2026-01-06 19:18:30,902 [INFO] DbMcusXml:78 - Set database path to: /Applications/STM32CubeIDE.app/Contents/Eclipse/plugins/com.st.stm32cube.common.mx_6.15.0.202507011659//db//mcu/
2026-01-06 19:18:30,902 [INFO] ApiDb:274 - Set plugin database path to: /Applications/STM32CubeIDE.app/Contents/Eclipse/plugins/com.st.stm32cube.common.mx_6.15.0.202507011659//db//plugins/boardmanager/
2026-01-06 19:18:30,902 [WARN] ApiDb:259 - Overriding images path with different value:  => /Applications/STM32CubeIDE.app/Contents/Eclipse/plugins/com.st.stm32cube.common.mx_6.15.0.202507011659//db//plugins/mcufinder/images/
2026-01-06 19:18:30,904 [INFO] ApiDb:250 - Set database path to: /Users/karthikkurapati/.stmcufinder/plugins/mcufinder//mcu/
2026-01-06 19:18:30,905 [INFO] DbMcusAds:125 - Set database path to: /Users/karthikkurapati/.stmcufinder/plugins/mcufinder//mcu/
2026-01-06 19:18:30,906 [INFO] CrossReferenceDbSqlite:203 - Set database path to: /Users/karthikkurapati/.stmcufinder/plugins/mcufinder//mcu/cs/
2026-01-06 19:18:30,933 [INFO] DbMcusXml:78 - Set database path to: /Applications/STM32CubeIDE.app/Contents/Eclipse/plugins/com.st.stm32cube.common.mx_6.15.0.202507011659//db//mcu/
2026-01-06 19:18:30,934 [INFO] ApiDb:274 - Set plugin database path to: /Applications/STM32CubeIDE.app/Contents/Eclipse/plugins/com.st.stm32cube.common.mx_6.15.0.202507011659//db//plugins/boardmanager/
2026-01-06 19:18:30,934 [INFO] ApiDb:261 - Set plugin images path to: /Applications/STM32CubeIDE.app/Contents/Eclipse/plugins/com.st.stm32cube.common.mx_6.15.0.202507011659//db//plugins/mcufinder/images/
2026-01-06 19:18:30,934 [WARN] DbFile:41 - Overriding database path with different value: /Users/karthikkurapati/.stmcufinder/plugins/mcufinder/ => /Users/karthikkurapati/.stmcufinder/plugins/mcufinder
2026-01-06 19:18:30,934 [INFO] ApiDb:250 - Set database path to: /Users/karthikkurapati/.stmcufinder/plugins/mcufinder//mcu/
2026-01-06 19:18:30,934 [WARN] DbFile:41 - Overriding database path with different value: /Users/karthikkurapati/.stmcufinder/plugins/mcufinder/ => /Users/karthikkurapati/.stmcufinder/plugins/mcufinder
2026-01-06 19:18:30,934 [INFO] DbMcusAds:125 - Set database path to: /Users/karthikkurapati/.stmcufinder/plugins/mcufinder//mcu/
2026-01-06 19:18:30,934 [WARN] DbFile:41 - Overriding database path with different value: /Users/karthikkurapati/.stmcufinder/plugins/mcufinder/ => /Users/karthikkurapati/.stmcufinder/plugins/mcufinder
2026-01-06 19:18:30,934 [WARN] DbFile:41 - Overriding database path with different value: /Users/karthikkurapati/.stmcufinder/plugins/mcufinder/ => /Users/karthikkurapati/.stmcufinder/plugins/mcufinder
2026-01-06 19:18:30,934 [INFO] CrossReferenceDbSqlite:203 - Set database path to: /Users/karthikkurapati/.stmcufinder/plugins/mcufinder//mcu/cs/
2026-01-06 19:18:30,976 [INFO] MainPanel:274 - HeapMemory: 268435456
2026-01-06 19:18:31,183 [INFO] DbMcusXml:78 - Set database path to: /Applications/STM32CubeIDE.app/Contents/Eclipse/plugins/com.st.stm32cube.common.mx_6.15.0.202507011659//db//mcu/
2026-01-06 19:18:31,183 [INFO] ApiDb:274 - Set plugin database path to: /Applications/STM32CubeIDE.app/Contents/Eclipse/plugins/com.st.stm32cube.common.mx_6.15.0.202507011659//db//plugins/boardmanager/
2026-01-06 19:18:31,183 [INFO] ApiDb:261 - Set plugin images path to: /Applications/STM32CubeIDE.app/Contents/Eclipse/plugins/com.st.stm32cube.common.mx_6.15.0.202507011659//db//plugins/mcufinder/images/
2026-01-06 19:18:31,183 [WARN] DbFile:41 - Overriding database path with different value: /Users/karthikkurapati/.stmcufinder/plugins/mcufinder/ => /Users/karthikkurapati/.stmcufinder/plugins/mcufinder
2026-01-06 19:18:31,183 [INFO] ApiDb:250 - Set database path to: /Users/karthikkurapati/.stmcufinder/plugins/mcufinder//mcu/
2026-01-06 19:18:31,183 [WARN] DbFile:41 - Overriding database path with different value: /Users/karthikkurapati/.stmcufinder/plugins/mcufinder/ => /Users/karthikkurapati/.stmcufinder/plugins/mcufinder
2026-01-06 19:18:31,184 [INFO] DbMcusAds:125 - Set database path to: /Users/karthikkurapati/.stmcufinder/plugins/mcufinder//mcu/
2026-01-06 19:18:31,184 [WARN] DbFile:41 - Overriding database path with different value: /Users/karthikkurapati/.stmcufinder/plugins/mcufinder/ => /Users/karthikkurapati/.stmcufinder/plugins/mcufinder
2026-01-06 19:18:31,184 [WARN] DbFile:41 - Overriding database path with different value: /Users/karthikkurapati/.stmcufinder/plugins/mcufinder/ => /Users/karthikkurapati/.stmcufinder/plugins/mcufinder
2026-01-06 19:18:31,184 [INFO] CrossReferenceDbSqlite:203 - Set database path to: /Users/karthikkurapati/.stmcufinder/plugins/mcufinder//mcu/cs/
2026-01-06 19:18:31,194 [INFO] ApplicationProperties:184 - Using Application install path: /Applications/STM32CubeIDE.app/Contents/Eclipse/plugins/com.st.stm32cube.common.mx_6.15.0.202507011659
2026-01-06 19:18:31,195 [INFO] PluginManage:196 - Search for loadable plugins [exclusion list=, ]
2026-01-06 19:18:31,196 [INFO] PluginManage:310 - Check plugin analytics
2026-01-06 19:18:31,298 [INFO] AnalyticsPlugin:253 - Accepted Software Licenses: 
2026-01-06 19:18:31,298 [INFO] AnalyticsPlugin:255 - Accepted CMSIS Pack Licenses: 
2026-01-06 19:18:31,298 [INFO] AnalyticsPlugin:257 - Accepted Firmware Licenses: 
2026-01-06 19:18:31,300 [INFO] PluginManage:359 - Loaded plugin analytics (category:tool,tabindex:-1)
2026-01-06 19:18:31,300 [INFO] PluginManage:310 - Check plugin cadmodel
2026-01-06 19:18:31,303 [INFO] CADModel:105 - Init CAD model plugin
2026-01-06 19:18:31,303 [INFO] PluginManage:359 - Loaded plugin cadmodel (category:power,tabindex:5)
2026-01-06 19:18:31,303 [INFO] PluginManage:310 - Check plugin clock
2026-01-06 19:18:31,308 [INFO] PluginManage:359 - Loaded plugin clock (category:base,tabindex:2)
2026-01-06 19:18:31,309 [INFO] PluginManage:310 - Check plugin ddr
2026-01-06 19:18:31,310 [INFO] PluginManage:359 - Loaded plugin ddr (category:tool,tabindex:6)
2026-01-06 19:18:31,310 [INFO] PluginManage:310 - Check plugin filemanager
2026-01-06 19:18:31,438 [INFO] PluginManage:359 - Loaded plugin filemanager (category:base,tabindex:10)
2026-01-06 19:18:31,438 [INFO] PluginManage:310 - Check plugin ipmanager
2026-01-06 19:18:31,443 [INFO] PluginManage:359 - Loaded plugin ipmanager (category:base,tabindex:5)
2026-01-06 19:18:31,444 [INFO] PluginManage:310 - Check plugin lpbam
2026-01-06 19:18:31,449 [INFO] PluginManage:359 - Loaded plugin lpbam (category:base,tabindex:0)
2026-01-06 19:18:31,450 [INFO] PluginManage:310 - Check plugin memorymap
2026-01-06 19:18:31,457 [INFO] PluginManage:359 - Loaded plugin memorymap (category:base,tabindex:4)
2026-01-06 19:18:31,457 [INFO] PluginManage:310 - Check plugin pinoutandconfiguration
2026-01-06 19:18:31,464 [INFO] PluginManage:359 - Loaded plugin pinoutandconfiguration (category:base,tabindex:1)
2026-01-06 19:18:31,464 [INFO] PluginManage:310 - Check plugin pinoutconfig
2026-01-06 19:18:31,514 [WARN] SupportedApi:132 - Cannot load RTOS API schema: s4s-elt-must-match.1: The content of 'definitions' must match (annotation?, (simpleType | complexType)?, (unique | key | keyref)*)). A problem was found starting at: attribute.
2026-01-06 19:18:31,590 [INFO] PluginManage:359 - Loaded plugin pinoutconfig (category:base,tabindex:0)
2026-01-06 19:18:31,590 [INFO] PluginManage:310 - Check plugin power
2026-01-06 19:18:31,594 [INFO] PluginManage:359 - Loaded plugin power (category:power,tabindex:4)
2026-01-06 19:18:31,594 [INFO] PluginManage:310 - Check plugin projectmanager
2026-01-06 19:18:31,604 [INFO] PluginManage:359 - Loaded plugin projectmanager (category:projectmanager,tabindex:4)
2026-01-06 19:18:31,604 [INFO] PluginManage:310 - Check plugin rif
2026-01-06 19:18:31,609 [INFO] PluginManage:359 - Loaded plugin rif (category:base,tabindex:3)
2026-01-06 19:18:31,609 [INFO] PluginManage:310 - Check plugin thirdparty
2026-01-06 19:18:31,665 [INFO] McuFinderGlobals:63 - Set McuFinder mode to 2 (CubeIDE integrated)
2026-01-06 19:18:31,680 [WARN] IntegrityCheckThread:84 - waiting for thirdparty lock release [integrity check]
2026-01-06 19:18:31,680 [INFO] PluginManage:359 - Loaded plugin thirdparty (category:base,tabindex:-1)
2026-01-06 19:18:31,680 [INFO] IntegrityCheckThread:86 - entering critical section [integrity check]
2026-01-06 19:18:31,680 [INFO] PluginManage:310 - Check plugin tools
2026-01-06 19:18:31,680 [INFO] ThirdPartyUpdaterWithRetryManager:70 - Updater plugin not ready yet. [1/15]
2026-01-06 19:18:31,682 [INFO] PluginManage:359 - Loaded plugin tools (category:base,tabindex:7)
2026-01-06 19:18:31,682 [INFO] PluginManage:310 - Check plugin tutovideos
2026-01-06 19:18:31,790 [INFO] PluginManage:359 - Loaded plugin tutovideos (category:base,tabindex:-1)
2026-01-06 19:18:31,790 [INFO] PluginManage:310 - Check plugin updater
2026-01-06 19:18:31,802 [INFO] PluginManage:359 - Loaded plugin updater (category:base,tabindex:12)
2026-01-06 19:18:31,802 [INFO] PluginManage:310 - Check plugin userauth
2026-01-06 19:18:31,804 [INFO] UserAuth:118 - Init User Auth plugin
2026-01-06 19:18:31,805 [INFO] PluginManage:359 - Loaded plugin userauth (category:base,tabindex:14)
2026-01-06 19:18:31,805 [INFO] PluginManage:283 - PluginManage : Loaded plugins [18]
2026-01-06 19:18:34,682 [INFO] ThirdPartyUpdaterWithRetryManager:70 - Updater plugin not ready yet. [2/15]
2026-01-06 19:18:37,685 [INFO] ThirdPartyUpdaterWithRetryManager:70 - Updater plugin not ready yet. [3/15]
2026-01-06 19:18:40,690 [INFO] ThirdPartyUpdaterWithRetryManager:70 - Updater plugin not ready yet. [4/15]
2026-01-06 19:18:43,694 [INFO] ThirdPartyUpdaterWithRetryManager:70 - Updater plugin not ready yet. [5/15]
2026-01-06 19:18:46,695 [INFO] ThirdPartyUpdaterWithRetryManager:70 - Updater plugin not ready yet. [6/15]
2026-01-06 19:18:49,699 [INFO] ThirdPartyUpdaterWithRetryManager:70 - Updater plugin not ready yet. [7/15]
2026-01-06 19:18:52,704 [INFO] ThirdPartyUpdaterWithRetryManager:70 - Updater plugin not ready yet. [8/15]
2026-01-06 19:18:55,709 [INFO] ThirdPartyUpdaterWithRetryManager:70 - Updater plugin not ready yet. [9/15]
2026-01-06 19:18:58,713 [INFO] ThirdPartyUpdaterWithRetryManager:70 - Updater plugin not ready yet. [10/15]
2026-01-06 19:19:01,718 [INFO] ThirdPartyUpdaterWithRetryManager:70 - Updater plugin not ready yet. [11/15]
2026-01-06 19:19:04,723 [INFO] ThirdPartyUpdaterWithRetryManager:70 - Updater plugin not ready yet. [12/15]
2026-01-06 19:25:30,394 [INFO] Activator:176 - 


2026-01-06 19:25:30,395 [INFO] Activator:177 - !SESSION log4j initialized
2026-01-06 19:25:31,019 [INFO] LogOutputStream:77 - [STDOUT_REDIRECT] 
2026-01-06 19:25:31,063 [ERROR] ApiDbMcu:1760 - Can't use Application install path:
2026-01-06 19:25:31,065 [WARN] RulesReader:66 - Compatibility file://mcu/compatibility.xml not found
2026-01-06 19:25:31,624 [ERROR] LogOutputStream:75 - [STDERR_REDIRECT] 
2026-01-06 19:25:33,042 [INFO] LogOutputStream:77 - [STDOUT_REDIRECT] 
2026-01-06 19:25:34,258 [INFO] ApplicationProperties:184 - Using Application install path: /Applications/STM32CubeIDE.app/Contents/Eclipse/plugins/com.st.stm32cube.common.mx_6.15.0.202507011659
2026-01-06 19:25:34,264 [INFO] DbMcusXml:78 - Set database path to: /Applications/STM32CubeIDE.app/Contents/Eclipse/plugins/com.st.stm32cube.common.mx_6.15.0.202507011659//db//mcu/
2026-01-06 19:25:34,264 [INFO] ApiDb:274 - Set plugin database path to: /Applications/STM32CubeIDE.app/Contents/Eclipse/plugins/com.st.stm32cube.common.mx_6.15.0.202507011659//db//plugins/boardmanager/
2026-01-06 19:25:34,265 [WARN] ApiDb:259 - Overriding images path with different value:  => /Applications/STM32CubeIDE.app/Contents/Eclipse/plugins/com.st.stm32cube.common.mx_6.15.0.202507011659//db//plugins/mcufinder/images/
2026-01-06 19:25:34,267 [INFO] ApiDb:250 - Set database path to: /Users/karthikkurapati/.stmcufinder/plugins/mcufinder//mcu/
2026-01-06 19:25:34,267 [INFO] DbMcusAds:125 - Set database path to: /Users/karthikkurapati/.stmcufinder/plugins/mcufinder//mcu/
2026-01-06 19:25:34,268 [INFO] CrossReferenceDbSqlite:203 - Set database path to: /Users/karthikkurapati/.stmcufinder/plugins/mcufinder//mcu/cs/
2026-01-06 19:25:34,295 [INFO] DbMcusXml:78 - Set database path to: /Applications/STM32CubeIDE.app/Contents/Eclipse/plugins/com.st.stm32cube.common.mx_6.15.0.202507011659//db//mcu/
2026-01-06 19:25:34,295 [INFO] ApiDb:274 - Set plugin database path to: /Applications/STM32CubeIDE.app/Contents/Eclipse/plugins/com.st.stm32cube.common.mx_6.15.0.202507011659//db//plugins/boardmanager/
2026-01-06 19:25:34,295 [INFO] ApiDb:261 - Set plugin images path to: /Applications/STM32CubeIDE.app/Contents/Eclipse/plugins/com.st.stm32cube.common.mx_6.15.0.202507011659//db//plugins/mcufinder/images/
2026-01-06 19:25:34,295 [WARN] DbFile:41 - Overriding database path with different value: /Users/karthikkurapati/.stmcufinder/plugins/mcufinder/ => /Users/karthikkurapati/.stmcufinder/plugins/mcufinder
2026-01-06 19:25:34,295 [INFO] ApiDb:250 - Set database path to: /Users/karthikkurapati/.stmcufinder/plugins/mcufinder//mcu/
2026-01-06 19:25:34,295 [WARN] DbFile:41 - Overriding database path with different value: /Users/karthikkurapati/.stmcufinder/plugins/mcufinder/ => /Users/karthikkurapati/.stmcufinder/plugins/mcufinder
2026-01-06 19:25:34,295 [INFO] DbMcusAds:125 - Set database path to: /Users/karthikkurapati/.stmcufinder/plugins/mcufinder//mcu/
2026-01-06 19:25:34,295 [WARN] DbFile:41 - Overriding database path with different value: /Users/karthikkurapati/.stmcufinder/plugins/mcufinder/ => /Users/karthikkurapati/.stmcufinder/plugins/mcufinder
2026-01-06 19:25:34,295 [WARN] DbFile:41 - Overriding database path with different value: /Users/karthikkurapati/.stmcufinder/plugins/mcufinder/ => /Users/karthikkurapati/.stmcufinder/plugins/mcufinder
2026-01-06 19:25:34,296 [INFO] CrossReferenceDbSqlite:203 - Set database path to: /Users/karthikkurapati/.stmcufinder/plugins/mcufinder//mcu/cs/
2026-01-06 19:25:34,336 [INFO] MainPanel:274 - HeapMemory: 268435456
2026-01-06 19:25:34,531 [INFO] DbMcusXml:78 - Set database path to: /Applications/STM32CubeIDE.app/Contents/Eclipse/plugins/com.st.stm32cube.common.mx_6.15.0.202507011659//db//mcu/
2026-01-06 19:25:34,531 [INFO] ApiDb:274 - Set plugin database path to: /Applications/STM32CubeIDE.app/Contents/Eclipse/plugins/com.st.stm32cube.common.mx_6.15.0.202507011659//db//plugins/boardmanager/
2026-01-06 19:25:34,531 [INFO] ApiDb:261 - Set plugin images path to: /Applications/STM32CubeIDE.app/Contents/Eclipse/plugins/com.st.stm32cube.common.mx_6.15.0.202507011659//db//plugins/mcufinder/images/
2026-01-06 19:25:34,532 [WARN] DbFile:41 - Overriding database path with different value: /Users/karthikkurapati/.stmcufinder/plugins/mcufinder/ => /Users/karthikkurapati/.stmcufinder/plugins/mcufinder
2026-01-06 19:25:34,532 [INFO] ApiDb:250 - Set database path to: /Users/karthikkurapati/.stmcufinder/plugins/mcufinder//mcu/
2026-01-06 19:25:34,532 [WARN] DbFile:41 - Overriding database path with different value: /Users/karthikkurapati/.stmcufinder/plugins/mcufinder/ => /Users/karthikkurapati/.stmcufinder/plugins/mcufinder
2026-01-06 19:25:34,532 [INFO] DbMcusAds:125 - Set database path to: /Users/karthikkurapati/.stmcufinder/plugins/mcufinder//mcu/
2026-01-06 19:25:34,532 [WARN] DbFile:41 - Overriding database path with different value: /Users/karthikkurapati/.stmcufinder/plugins/mcufinder/ => /Users/karthikkurapati/.stmcufinder/plugins/mcufinder
2026-01-06 19:25:34,532 [WARN] DbFile:41 - Overriding database path with different value: /Users/karthikkurapati/.stmcufinder/plugins/mcufinder/ => /Users/karthikkurapati/.stmcufinder/plugins/mcufinder
2026-01-06 19:25:34,532 [INFO] CrossReferenceDbSqlite:203 - Set database path to: /Users/karthikkurapati/.stmcufinder/plugins/mcufinder//mcu/cs/
2026-01-06 19:25:34,542 [INFO] ApplicationProperties:184 - Using Application install path: /Applications/STM32CubeIDE.app/Contents/Eclipse/plugins/com.st.stm32cube.common.mx_6.15.0.202507011659
2026-01-06 19:25:34,543 [INFO] PluginManage:196 - Search for loadable plugins [exclusion list=, ]
2026-01-06 19:25:34,543 [INFO] PluginManage:310 - Check plugin analytics
2026-01-06 19:25:34,637 [INFO] AnalyticsPlugin:253 - Accepted Software Licenses: 
2026-01-06 19:25:34,638 [INFO] AnalyticsPlugin:255 - Accepted CMSIS Pack Licenses: 
2026-01-06 19:25:34,638 [INFO] AnalyticsPlugin:257 - Accepted Firmware Licenses: 
2026-01-06 19:25:34,641 [INFO] PluginManage:359 - Loaded plugin analytics (category:tool,tabindex:-1)
2026-01-06 19:25:34,641 [INFO] PluginManage:310 - Check plugin cadmodel
2026-01-06 19:25:34,643 [INFO] CADModel:105 - Init CAD model plugin
2026-01-06 19:25:34,643 [INFO] PluginManage:359 - Loaded plugin cadmodel (category:power,tabindex:5)
2026-01-06 19:25:34,644 [INFO] PluginManage:310 - Check plugin clock
2026-01-06 19:25:34,648 [INFO] PluginManage:359 - Loaded plugin clock (category:base,tabindex:2)
2026-01-06 19:25:34,648 [INFO] PluginManage:310 - Check plugin ddr
2026-01-06 19:25:34,649 [INFO] PluginManage:359 - Loaded plugin ddr (category:tool,tabindex:6)
2026-01-06 19:25:34,649 [INFO] PluginManage:310 - Check plugin filemanager
2026-01-06 19:25:34,775 [INFO] PluginManage:359 - Loaded plugin filemanager (category:base,tabindex:10)
2026-01-06 19:25:34,775 [INFO] PluginManage:310 - Check plugin ipmanager
2026-01-06 19:25:34,780 [INFO] PluginManage:359 - Loaded plugin ipmanager (category:base,tabindex:5)
2026-01-06 19:25:34,780 [INFO] PluginManage:310 - Check plugin lpbam
2026-01-06 19:25:34,785 [INFO] PluginManage:359 - Loaded plugin lpbam (category:base,tabindex:0)
2026-01-06 19:25:34,785 [INFO] PluginManage:310 - Check plugin memorymap
2026-01-06 19:25:34,792 [INFO] PluginManage:359 - Loaded plugin memorymap (category:base,tabindex:4)
2026-01-06 19:25:34,792 [INFO] PluginManage:310 - Check plugin pinoutandconfiguration
2026-01-06 19:25:34,796 [INFO] PluginManage:359 - Loaded plugin pinoutandconfiguration (category:base,tabindex:1)
2026-01-06 19:25:34,796 [INFO] PluginManage:310 - Check plugin pinoutconfig
2026-01-06 19:25:34,846 [WARN] SupportedApi:132 - Cannot load RTOS API schema: s4s-elt-must-match.1: The content of 'definitions' must match (annotation?, (simpleType | complexType)?, (unique | key | keyref)*)). A problem was found starting at: attribute.
2026-01-06 19:25:34,922 [INFO] PluginManage:359 - Loaded plugin pinoutconfig (category:base,tabindex:0)
2026-01-06 19:25:34,923 [INFO] PluginManage:310 - Check plugin power
2026-01-06 19:25:34,927 [INFO] PluginManage:359 - Loaded plugin power (category:power,tabindex:4)
2026-01-06 19:25:34,927 [INFO] PluginManage:310 - Check plugin projectmanager
2026-01-06 19:25:34,938 [INFO] PluginManage:359 - Loaded plugin projectmanager (category:projectmanager,tabindex:4)
2026-01-06 19:25:34,939 [INFO] PluginManage:310 - Check plugin rif
2026-01-06 19:25:34,945 [INFO] PluginManage:359 - Loaded plugin rif (category:base,tabindex:3)
2026-01-06 19:25:34,945 [INFO] PluginManage:310 - Check plugin thirdparty
2026-01-06 19:25:35,012 [INFO] PluginManage:359 - Loaded plugin thirdparty (category:base,tabindex:-1)
2026-01-06 19:25:35,012 [WARN] IntegrityCheckThread:84 - waiting for thirdparty lock release [integrity check]
2026-01-06 19:25:35,012 [INFO] PluginManage:310 - Check plugin tools
2026-01-06 19:25:35,012 [INFO] IntegrityCheckThread:86 - entering critical section [integrity check]
2026-01-06 19:25:35,013 [INFO] ThirdPartyUpdaterWithRetryManager:70 - Updater plugin not ready yet. [1/15]
2026-01-06 19:25:35,014 [INFO] PluginManage:359 - Loaded plugin tools (category:base,tabindex:7)
2026-01-06 19:25:35,014 [INFO] PluginManage:310 - Check plugin tutovideos
2026-01-06 19:25:35,119 [INFO] PluginManage:359 - Loaded plugin tutovideos (category:base,tabindex:-1)
2026-01-06 19:25:35,119 [INFO] PluginManage:310 - Check plugin updater
2026-01-06 19:25:35,124 [INFO] McuFinderGlobals:63 - Set McuFinder mode to 2 (CubeIDE integrated)
2026-01-06 19:25:35,133 [INFO] PluginManage:359 - Loaded plugin updater (category:base,tabindex:12)
2026-01-06 19:25:35,134 [INFO] PluginManage:310 - Check plugin userauth
2026-01-06 19:25:35,136 [INFO] UserAuth:118 - Init User Auth plugin
2026-01-06 19:25:35,136 [INFO] PluginManage:359 - Loaded plugin userauth (category:base,tabindex:14)
2026-01-06 19:25:35,136 [INFO] PluginManage:283 - PluginManage : Loaded plugins [18]
2026-01-06 19:25:38,016 [INFO] ThirdPartyUpdaterWithRetryManager:70 - Updater plugin not ready yet. [2/15]
2026-01-06 19:25:41,018 [INFO] ThirdPartyUpdaterWithRetryManager:70 - Updater plugin not ready yet. [3/15]
2026-01-06 19:25:44,023 [INFO] ThirdPartyUpdaterWithRetryManager:70 - Updater plugin not ready yet. [4/15]
2026-01-06 19:25:47,027 [INFO] ThirdPartyUpdaterWithRetryManager:70 - Updater plugin not ready yet. [5/15]
2026-01-06 19:25:58,020 [INFO] Activator:176 - 


2026-01-06 19:25:58,022 [INFO] Activator:177 - !SESSION log4j initialized
2026-01-06 19:25:58,619 [INFO] LogOutputStream:77 - [STDOUT_REDIRECT] 
2026-01-06 19:25:58,662 [ERROR] ApiDbMcu:1760 - Can't use Application install path:
2026-01-06 19:25:58,664 [WARN] RulesReader:66 - Compatibility file://mcu/compatibility.xml not found
2026-01-06 19:25:59,184 [ERROR] LogOutputStream:75 - [STDERR_REDIRECT] 
2026-01-06 19:26:00,579 [INFO] LogOutputStream:77 - [STDOUT_REDIRECT] 
2026-01-06 19:26:01,844 [INFO] ApplicationProperties:184 - Using Application install path: /Applications/STM32CubeIDE.app/Contents/Eclipse/plugins/com.st.stm32cube.common.mx_6.15.0.202507011659
2026-01-06 19:26:01,850 [INFO] DbMcusXml:78 - Set database path to: /Applications/STM32CubeIDE.app/Contents/Eclipse/plugins/com.st.stm32cube.common.mx_6.15.0.202507011659//db//mcu/
2026-01-06 19:26:01,850 [INFO] ApiDb:274 - Set plugin database path to: /Applications/STM32CubeIDE.app/Contents/Eclipse/plugins/com.st.stm32cube.common.mx_6.15.0.202507011659//db//plugins/boardmanager/
2026-01-06 19:26:01,850 [WARN] ApiDb:259 - Overriding images path with different value:  => /Applications/STM32CubeIDE.app/Contents/Eclipse/plugins/com.st.stm32cube.common.mx_6.15.0.202507011659//db//plugins/mcufinder/images/
2026-01-06 19:26:01,852 [INFO] ApiDb:250 - Set database path to: /Users/karthikkurapati/.stmcufinder/plugins/mcufinder//mcu/
2026-01-06 19:26:01,853 [INFO] DbMcusAds:125 - Set database path to: /Users/karthikkurapati/.stmcufinder/plugins/mcufinder//mcu/
2026-01-06 19:26:01,854 [INFO] CrossReferenceDbSqlite:203 - Set database path to: /Users/karthikkurapati/.stmcufinder/plugins/mcufinder//mcu/cs/
2026-01-06 19:26:01,880 [INFO] DbMcusXml:78 - Set database path to: /Applications/STM32CubeIDE.app/Contents/Eclipse/plugins/com.st.stm32cube.common.mx_6.15.0.202507011659//db//mcu/
2026-01-06 19:26:01,881 [INFO] ApiDb:274 - Set plugin database path to: /Applications/STM32CubeIDE.app/Contents/Eclipse/plugins/com.st.stm32cube.common.mx_6.15.0.202507011659//db//plugins/boardmanager/
2026-01-06 19:26:01,881 [INFO] ApiDb:261 - Set plugin images path to: /Applications/STM32CubeIDE.app/Contents/Eclipse/plugins/com.st.stm32cube.common.mx_6.15.0.202507011659//db//plugins/mcufinder/images/
2026-01-06 19:26:01,881 [WARN] DbFile:41 - Overriding database path with different value: /Users/karthikkurapati/.stmcufinder/plugins/mcufinder/ => /Users/karthikkurapati/.stmcufinder/plugins/mcufinder
2026-01-06 19:26:01,881 [INFO] ApiDb:250 - Set database path to: /Users/karthikkurapati/.stmcufinder/plugins/mcufinder//mcu/
2026-01-06 19:26:01,881 [WARN] DbFile:41 - Overriding database path with different value: /Users/karthikkurapati/.stmcufinder/plugins/mcufinder/ => /Users/karthikkurapati/.stmcufinder/plugins/mcufinder
2026-01-06 19:26:01,882 [INFO] DbMcusAds:125 - Set database path to: /Users/karthikkurapati/.stmcufinder/plugins/mcufinder//mcu/
2026-01-06 19:26:01,882 [WARN] DbFile:41 - Overriding database path with different value: /Users/karthikkurapati/.stmcufinder/plugins/mcufinder/ => /Users/karthikkurapati/.stmcufinder/plugins/mcufinder
2026-01-06 19:26:01,882 [WARN] DbFile:41 - Overriding database path with different value: /Users/karthikkurapati/.stmcufinder/plugins/mcufinder/ => /Users/karthikkurapati/.stmcufinder/plugins/mcufinder
2026-01-06 19:26:01,882 [INFO] CrossReferenceDbSqlite:203 - Set database path to: /Users/karthikkurapati/.stmcufinder/plugins/mcufinder//mcu/cs/
2026-01-06 19:26:01,921 [INFO] MainPanel:274 - HeapMemory: 268435456
2026-01-06 19:26:02,124 [INFO] DbMcusXml:78 - Set database path to: /Applications/STM32CubeIDE.app/Contents/Eclipse/plugins/com.st.stm32cube.common.mx_6.15.0.202507011659//db//mcu/
2026-01-06 19:26:02,124 [INFO] ApiDb:274 - Set plugin database path to: /Applications/STM32CubeIDE.app/Contents/Eclipse/plugins/com.st.stm32cube.common.mx_6.15.0.202507011659//db//plugins/boardmanager/
2026-01-06 19:26:02,125 [INFO] ApiDb:261 - Set plugin images path to: /Applications/STM32CubeIDE.app/Contents/Eclipse/plugins/com.st.stm32cube.common.mx_6.15.0.202507011659//db//plugins/mcufinder/images/
2026-01-06 19:26:02,125 [WARN] DbFile:41 - Overriding database path with different value: /Users/karthikkurapati/.stmcufinder/plugins/mcufinder/ => /Users/karthikkurapati/.stmcufinder/plugins/mcufinder
2026-01-06 19:26:02,125 [INFO] ApiDb:250 - Set database path to: /Users/karthikkurapati/.stmcufinder/plugins/mcufinder//mcu/
2026-01-06 19:26:02,125 [WARN] DbFile:41 - Overriding database path with different value: /Users/karthikkurapati/.stmcufinder/plugins/mcufinder/ => /Users/karthikkurapati/.stmcufinder/plugins/mcufinder
2026-01-06 19:26:02,125 [INFO] DbMcusAds:125 - Set database path to: /Users/karthikkurapati/.stmcufinder/plugins/mcufinder//mcu/
2026-01-06 19:26:02,125 [WARN] DbFile:41 - Overriding database path with different value: /Users/karthikkurapati/.stmcufinder/plugins/mcufinder/ => /Users/karthikkurapati/.stmcufinder/plugins/mcufinder
2026-01-06 19:26:02,125 [WARN] DbFile:41 - Overriding database path with different value: /Users/karthikkurapati/.stmcufinder/plugins/mcufinder/ => /Users/karthikkurapati/.stmcufinder/plugins/mcufinder
2026-01-06 19:26:02,125 [INFO] CrossReferenceDbSqlite:203 - Set database path to: /Users/karthikkurapati/.stmcufinder/plugins/mcufinder//mcu/cs/
2026-01-06 19:26:02,136 [INFO] ApplicationProperties:184 - Using Application install path: /Applications/STM32CubeIDE.app/Contents/Eclipse/plugins/com.st.stm32cube.common.mx_6.15.0.202507011659
2026-01-06 19:26:02,137 [INFO] PluginManage:196 - Search for loadable plugins [exclusion list=, ]
2026-01-06 19:26:02,137 [INFO] PluginManage:310 - Check plugin analytics
2026-01-06 19:26:02,234 [INFO] AnalyticsPlugin:253 - Accepted Software Licenses: 
2026-01-06 19:26:02,235 [INFO] AnalyticsPlugin:255 - Accepted CMSIS Pack Licenses: 
2026-01-06 19:26:02,235 [INFO] AnalyticsPlugin:257 - Accepted Firmware Licenses: 
2026-01-06 19:26:02,236 [INFO] PluginManage:359 - Loaded plugin analytics (category:tool,tabindex:-1)
2026-01-06 19:26:02,237 [INFO] PluginManage:310 - Check plugin cadmodel
2026-01-06 19:26:02,239 [INFO] CADModel:105 - Init CAD model plugin
2026-01-06 19:26:02,239 [INFO] PluginManage:359 - Loaded plugin cadmodel (category:power,tabindex:5)
2026-01-06 19:26:02,239 [INFO] PluginManage:310 - Check plugin clock
2026-01-06 19:26:02,244 [INFO] PluginManage:359 - Loaded plugin clock (category:base,tabindex:2)
2026-01-06 19:26:02,244 [INFO] PluginManage:310 - Check plugin ddr
2026-01-06 19:26:02,245 [INFO] PluginManage:359 - Loaded plugin ddr (category:tool,tabindex:6)
2026-01-06 19:26:02,245 [INFO] PluginManage:310 - Check plugin filemanager
2026-01-06 19:26:02,367 [INFO] PluginManage:359 - Loaded plugin filemanager (category:base,tabindex:10)
2026-01-06 19:26:02,368 [INFO] PluginManage:310 - Check plugin ipmanager
2026-01-06 19:26:02,372 [INFO] PluginManage:359 - Loaded plugin ipmanager (category:base,tabindex:5)
2026-01-06 19:26:02,372 [INFO] PluginManage:310 - Check plugin lpbam
2026-01-06 19:26:02,377 [INFO] PluginManage:359 - Loaded plugin lpbam (category:base,tabindex:0)
2026-01-06 19:26:02,377 [INFO] PluginManage:310 - Check plugin memorymap
2026-01-06 19:26:02,386 [INFO] PluginManage:359 - Loaded plugin memorymap (category:base,tabindex:4)
2026-01-06 19:26:02,386 [INFO] PluginManage:310 - Check plugin pinoutandconfiguration
2026-01-06 19:26:02,394 [INFO] PluginManage:359 - Loaded plugin pinoutandconfiguration (category:base,tabindex:1)
2026-01-06 19:26:02,394 [INFO] PluginManage:310 - Check plugin pinoutconfig
2026-01-06 19:26:02,418 [INFO] McuFinderGlobals:63 - Set McuFinder mode to 2 (CubeIDE integrated)
2026-01-06 19:26:02,461 [WARN] SupportedApi:132 - Cannot load RTOS API schema: s4s-elt-must-match.1: The content of 'definitions' must match (annotation?, (simpleType | complexType)?, (unique | key | keyref)*)). A problem was found starting at: attribute.
2026-01-06 19:26:02,536 [INFO] PluginManage:359 - Loaded plugin pinoutconfig (category:base,tabindex:0)
2026-01-06 19:26:02,536 [INFO] PluginManage:310 - Check plugin power
2026-01-06 19:26:02,540 [INFO] PluginManage:359 - Loaded plugin power (category:power,tabindex:4)
2026-01-06 19:26:02,540 [INFO] PluginManage:310 - Check plugin projectmanager
2026-01-06 19:26:02,549 [INFO] PluginManage:359 - Loaded plugin projectmanager (category:projectmanager,tabindex:4)
2026-01-06 19:26:02,549 [INFO] PluginManage:310 - Check plugin rif
2026-01-06 19:26:02,553 [INFO] PluginManage:359 - Loaded plugin rif (category:base,tabindex:3)
2026-01-06 19:26:02,553 [INFO] PluginManage:310 - Check plugin thirdparty
2026-01-06 19:26:02,623 [INFO] PluginManage:359 - Loaded plugin thirdparty (category:base,tabindex:-1)
2026-01-06 19:26:02,622 [WARN] IntegrityCheckThread:84 - waiting for thirdparty lock release [integrity check]
2026-01-06 19:26:02,623 [INFO] PluginManage:310 - Check plugin tools
2026-01-06 19:26:02,623 [INFO] IntegrityCheckThread:86 - entering critical section [integrity check]
2026-01-06 19:26:02,623 [INFO] ThirdPartyUpdaterWithRetryManager:70 - Updater plugin not ready yet. [1/15]
2026-01-06 19:26:02,624 [INFO] PluginManage:359 - Loaded plugin tools (category:base,tabindex:7)
2026-01-06 19:26:02,624 [INFO] PluginManage:310 - Check plugin tutovideos
2026-01-06 19:26:02,791 [INFO] PluginManage:359 - Loaded plugin tutovideos (category:base,tabindex:-1)
2026-01-06 19:26:02,791 [INFO] PluginManage:310 - Check plugin updater
2026-01-06 19:26:02,803 [INFO] PluginManage:359 - Loaded plugin updater (category:base,tabindex:12)
2026-01-06 19:26:02,803 [INFO] PluginManage:310 - Check plugin userauth
2026-01-06 19:26:02,805 [INFO] UserAuth:118 - Init User Auth plugin
2026-01-06 19:26:02,805 [INFO] PluginManage:359 - Loaded plugin userauth (category:base,tabindex:14)
2026-01-06 19:26:02,806 [INFO] PluginManage:283 - PluginManage : Loaded plugins [18]
2026-01-06 19:26:05,627 [INFO] ThirdPartyUpdaterWithRetryManager:70 - Updater plugin not ready yet. [2/15]
2026-01-06 19:26:08,632 [INFO] ThirdPartyUpdaterWithRetryManager:70 - Updater plugin not ready yet. [3/15]
2026-01-06 19:26:11,636 [INFO] ThirdPartyUpdaterWithRetryManager:70 - Updater plugin not ready yet. [4/15]
2026-01-06 19:26:14,641 [INFO] ThirdPartyUpdaterWithRetryManager:70 - Updater plugin not ready yet. [5/15]
2026-01-06 19:26:17,646 [INFO] ThirdPartyUpdaterWithRetryManager:70 - Updater plugin not ready yet. [6/15]
2026-01-06 19:38:03,014 [INFO] Activator:176 - 


2026-01-06 19:38:03,016 [INFO] Activator:177 - !SESSION log4j initialized
2026-01-06 19:38:03,618 [INFO] LogOutputStream:77 - [STDOUT_REDIRECT] 
2026-01-06 19:38:03,658 [ERROR] ApiDbMcu:1760 - Can't use Application install path:
2026-01-06 19:38:03,659 [WARN] RulesReader:66 - Compatibility file://mcu/compatibility.xml not found
2026-01-06 19:38:04,196 [ERROR] LogOutputStream:75 - [STDERR_REDIRECT] 
2026-01-06 19:38:05,606 [INFO] LogOutputStream:77 - [STDOUT_REDIRECT] 
2026-01-06 19:38:06,901 [INFO] ApplicationProperties:184 - Using Application install path: /Applications/STM32CubeIDE.app/Contents/Eclipse/plugins/com.st.stm32cube.common.mx_6.15.0.202507011659
2026-01-06 19:38:06,906 [INFO] DbMcusXml:78 - Set database path to: /Applications/STM32CubeIDE.app/Contents/Eclipse/plugins/com.st.stm32cube.common.mx_6.15.0.202507011659//db//mcu/
2026-01-06 19:38:06,907 [INFO] ApiDb:274 - Set plugin database path to: /Applications/STM32CubeIDE.app/Contents/Eclipse/plugins/com.st.stm32cube.common.mx_6.15.0.202507011659//db//plugins/boardmanager/
2026-01-06 19:38:06,907 [WARN] ApiDb:259 - Overriding images path with different value:  => /Applications/STM32CubeIDE.app/Contents/Eclipse/plugins/com.st.stm32cube.common.mx_6.15.0.202507011659//db//plugins/mcufinder/images/
2026-01-06 19:38:06,909 [INFO] ApiDb:250 - Set database path to: /Users/karthikkurapati/.stmcufinder/plugins/mcufinder//mcu/
2026-01-06 19:38:06,910 [INFO] DbMcusAds:125 - Set database path to: /Users/karthikkurapati/.stmcufinder/plugins/mcufinder//mcu/
2026-01-06 19:38:06,911 [INFO] CrossReferenceDbSqlite:203 - Set database path to: /Users/karthikkurapati/.stmcufinder/plugins/mcufinder//mcu/cs/
2026-01-06 19:38:06,945 [INFO] DbMcusXml:78 - Set database path to: /Applications/STM32CubeIDE.app/Contents/Eclipse/plugins/com.st.stm32cube.common.mx_6.15.0.202507011659//db//mcu/
2026-01-06 19:38:06,945 [INFO] ApiDb:274 - Set plugin database path to: /Applications/STM32CubeIDE.app/Contents/Eclipse/plugins/com.st.stm32cube.common.mx_6.15.0.202507011659//db//plugins/boardmanager/
2026-01-06 19:38:06,945 [INFO] ApiDb:261 - Set plugin images path to: /Applications/STM32CubeIDE.app/Contents/Eclipse/plugins/com.st.stm32cube.common.mx_6.15.0.202507011659//db//plugins/mcufinder/images/
2026-01-06 19:38:06,946 [WARN] DbFile:41 - Overriding database path with different value: /Users/karthikkurapati/.stmcufinder/plugins/mcufinder/ => /Users/karthikkurapati/.stmcufinder/plugins/mcufinder
2026-01-06 19:38:06,946 [INFO] ApiDb:250 - Set database path to: /Users/karthikkurapati/.stmcufinder/plugins/mcufinder//mcu/
2026-01-06 19:38:06,946 [WARN] DbFile:41 - Overriding database path with different value: /Users/karthikkurapati/.stmcufinder/plugins/mcufinder/ => /Users/karthikkurapati/.stmcufinder/plugins/mcufinder
2026-01-06 19:38:06,946 [INFO] DbMcusAds:125 - Set database path to: /Users/karthikkurapati/.stmcufinder/plugins/mcufinder//mcu/
2026-01-06 19:38:06,946 [WARN] DbFile:41 - Overriding database path with different value: /Users/karthikkurapati/.stmcufinder/plugins/mcufinder/ => /Users/karthikkurapati/.stmcufinder/plugins/mcufinder
2026-01-06 19:38:06,946 [WARN] DbFile:41 - Overriding database path with different value: /Users/karthikkurapati/.stmcufinder/plugins/mcufinder/ => /Users/karthikkurapati/.stmcufinder/plugins/mcufinder
2026-01-06 19:38:06,946 [INFO] CrossReferenceDbSqlite:203 - Set database path to: /Users/karthikkurapati/.stmcufinder/plugins/mcufinder//mcu/cs/
2026-01-06 19:38:06,991 [INFO] MainPanel:274 - HeapMemory: 268435456
2026-01-06 19:38:07,186 [INFO] DbMcusXml:78 - Set database path to: /Applications/STM32CubeIDE.app/Contents/Eclipse/plugins/com.st.stm32cube.common.mx_6.15.0.202507011659//db//mcu/
2026-01-06 19:38:07,186 [INFO] ApiDb:274 - Set plugin database path to: /Applications/STM32CubeIDE.app/Contents/Eclipse/plugins/com.st.stm32cube.common.mx_6.15.0.202507011659//db//plugins/boardmanager/
2026-01-06 19:38:07,186 [INFO] ApiDb:261 - Set plugin images path to: /Applications/STM32CubeIDE.app/Contents/Eclipse/plugins/com.st.stm32cube.common.mx_6.15.0.202507011659//db//plugins/mcufinder/images/
2026-01-06 19:38:07,187 [WARN] DbFile:41 - Overriding database path with different value: /Users/karthikkurapati/.stmcufinder/plugins/mcufinder/ => /Users/karthikkurapati/.stmcufinder/plugins/mcufinder
2026-01-06 19:38:07,187 [INFO] ApiDb:250 - Set database path to: /Users/karthikkurapati/.stmcufinder/plugins/mcufinder//mcu/
2026-01-06 19:38:07,187 [WARN] DbFile:41 - Overriding database path with different value: /Users/karthikkurapati/.stmcufinder/plugins/mcufinder/ => /Users/karthikkurapati/.stmcufinder/plugins/mcufinder
2026-01-06 19:38:07,187 [INFO] DbMcusAds:125 - Set database path to: /Users/karthikkurapati/.stmcufinder/plugins/mcufinder//mcu/
2026-01-06 19:38:07,187 [WARN] DbFile:41 - Overriding database path with different value: /Users/karthikkurapati/.stmcufinder/plugins/mcufinder/ => /Users/karthikkurapati/.stmcufinder/plugins/mcufinder
2026-01-06 19:38:07,187 [WARN] DbFile:41 - Overriding database path with different value: /Users/karthikkurapati/.stmcufinder/plugins/mcufinder/ => /Users/karthikkurapati/.stmcufinder/plugins/mcufinder
2026-01-06 19:38:07,187 [INFO] CrossReferenceDbSqlite:203 - Set database path to: /Users/karthikkurapati/.stmcufinder/plugins/mcufinder//mcu/cs/
2026-01-06 19:38:07,197 [INFO] ApplicationProperties:184 - Using Application install path: /Applications/STM32CubeIDE.app/Contents/Eclipse/plugins/com.st.stm32cube.common.mx_6.15.0.202507011659
2026-01-06 19:38:07,198 [INFO] PluginManage:196 - Search for loadable plugins [exclusion list=, ]
2026-01-06 19:38:07,199 [INFO] PluginManage:310 - Check plugin analytics
2026-01-06 19:38:07,384 [INFO] AnalyticsPlugin:253 - Accepted Software Licenses: 
2026-01-06 19:38:07,384 [INFO] AnalyticsPlugin:255 - Accepted CMSIS Pack Licenses: 
2026-01-06 19:38:07,385 [INFO] AnalyticsPlugin:257 - Accepted Firmware Licenses: 
2026-01-06 19:38:07,386 [INFO] PluginManage:359 - Loaded plugin analytics (category:tool,tabindex:-1)
2026-01-06 19:38:07,387 [INFO] PluginManage:310 - Check plugin cadmodel
2026-01-06 19:38:07,389 [INFO] CADModel:105 - Init CAD model plugin
2026-01-06 19:38:07,389 [INFO] PluginManage:359 - Loaded plugin cadmodel (category:power,tabindex:5)
2026-01-06 19:38:07,389 [INFO] PluginManage:310 - Check plugin clock
2026-01-06 19:38:07,395 [INFO] PluginManage:359 - Loaded plugin clock (category:base,tabindex:2)
2026-01-06 19:38:07,396 [INFO] PluginManage:310 - Check plugin ddr
2026-01-06 19:38:07,397 [INFO] PluginManage:359 - Loaded plugin ddr (category:tool,tabindex:6)
2026-01-06 19:38:07,397 [INFO] PluginManage:310 - Check plugin filemanager
2026-01-06 19:38:07,535 [INFO] PluginManage:359 - Loaded plugin filemanager (category:base,tabindex:10)
2026-01-06 19:38:07,535 [INFO] PluginManage:310 - Check plugin ipmanager
2026-01-06 19:38:07,539 [INFO] PluginManage:359 - Loaded plugin ipmanager (category:base,tabindex:5)
2026-01-06 19:38:07,539 [INFO] PluginManage:310 - Check plugin lpbam
2026-01-06 19:38:07,544 [INFO] PluginManage:359 - Loaded plugin lpbam (category:base,tabindex:0)
2026-01-06 19:38:07,544 [INFO] PluginManage:310 - Check plugin memorymap
2026-01-06 19:38:07,551 [INFO] PluginManage:359 - Loaded plugin memorymap (category:base,tabindex:4)
2026-01-06 19:38:07,551 [INFO] PluginManage:310 - Check plugin pinoutandconfiguration
2026-01-06 19:38:07,555 [INFO] PluginManage:359 - Loaded plugin pinoutandconfiguration (category:base,tabindex:1)
2026-01-06 19:38:07,556 [INFO] PluginManage:310 - Check plugin pinoutconfig
2026-01-06 19:38:07,608 [WARN] SupportedApi:132 - Cannot load RTOS API schema: s4s-elt-must-match.1: The content of 'definitions' must match (annotation?, (simpleType | complexType)?, (unique | key | keyref)*)). A problem was found starting at: attribute.
2026-01-06 19:38:07,692 [INFO] PluginManage:359 - Loaded plugin pinoutconfig (category:base,tabindex:0)
2026-01-06 19:38:07,692 [INFO] PluginManage:310 - Check plugin power
2026-01-06 19:38:07,695 [INFO] PluginManage:359 - Loaded plugin power (category:power,tabindex:4)
2026-01-06 19:38:07,695 [INFO] PluginManage:310 - Check plugin projectmanager
2026-01-06 19:38:07,705 [INFO] PluginManage:359 - Loaded plugin projectmanager (category:projectmanager,tabindex:4)
2026-01-06 19:38:07,705 [INFO] PluginManage:310 - Check plugin rif
2026-01-06 19:38:07,709 [INFO] PluginManage:359 - Loaded plugin rif (category:base,tabindex:3)
2026-01-06 19:38:07,709 [INFO] PluginManage:310 - Check plugin thirdparty
2026-01-06 19:38:07,778 [INFO] PluginManage:359 - Loaded plugin thirdparty (category:base,tabindex:-1)
2026-01-06 19:38:07,778 [WARN] IntegrityCheckThread:84 - waiting for thirdparty lock release [integrity check]
2026-01-06 19:38:07,779 [INFO] IntegrityCheckThread:86 - entering critical section [integrity check]
2026-01-06 19:38:07,779 [INFO] PluginManage:310 - Check plugin tools
2026-01-06 19:38:07,779 [INFO] ThirdPartyUpdaterWithRetryManager:70 - Updater plugin not ready yet. [1/15]
2026-01-06 19:38:07,780 [INFO] PluginManage:359 - Loaded plugin tools (category:base,tabindex:7)
2026-01-06 19:38:07,780 [INFO] PluginManage:310 - Check plugin tutovideos
2026-01-06 19:38:07,825 [INFO] McuFinderGlobals:63 - Set McuFinder mode to 2 (CubeIDE integrated)
2026-01-06 19:38:07,894 [INFO] PluginManage:359 - Loaded plugin tutovideos (category:base,tabindex:-1)
2026-01-06 19:38:07,895 [INFO] PluginManage:310 - Check plugin updater
2026-01-06 19:38:07,907 [INFO] PluginManage:359 - Loaded plugin updater (category:base,tabindex:12)
2026-01-06 19:38:07,907 [INFO] PluginManage:310 - Check plugin userauth
2026-01-06 19:38:07,909 [INFO] UserAuth:118 - Init User Auth plugin
2026-01-06 19:38:07,909 [INFO] PluginManage:359 - Loaded plugin userauth (category:base,tabindex:14)
2026-01-06 19:38:07,910 [INFO] PluginManage:283 - PluginManage : Loaded plugins [18]
2026-01-06 19:38:10,783 [INFO] ThirdPartyUpdaterWithRetryManager:70 - Updater plugin not ready yet. [2/15]
2026-01-06 19:38:13,787 [INFO] ThirdPartyUpdaterWithRetryManager:70 - Updater plugin not ready yet. [3/15]
2026-01-06 19:38:16,792 [INFO] ThirdPartyUpdaterWithRetryManager:70 - Updater plugin not ready yet. [4/15]
2026-01-06 19:38:19,793 [INFO] ThirdPartyUpdaterWithRetryManager:70 - Updater plugin not ready yet. [5/15]
